{"pid": 68332, "started": 1790158602.2282848, "script": "C:\\Users\\ljh\\tralalero Shooter\\tools\\reststop-previs\\render.py", "threads": 4, "logicalProcessors": [0, 1, 2, 3, 4, 5, 6, 7], "priority": "below-normal", "availableMemoryBytes": 20925792256}
00:01.032  blend            | Read blend: "C:\Users\ljh\tralalero Shooter\outputs\reststop-blender-300s-2026-09-23\reststop-master.blend"
00:02.766  render           | Saved: 'C:\Users\ljh\tralalero Shooter\outputs\reststop-blender-300s-2026-09-23\frames\frame-05233.jpg'
00:02.985  render           | Saved: 'C:\Users\ljh\tralalero Shooter\outputs\reststop-blender-300s-2026-09-23\frames\frame-05234.jpg'
00:03.188  render           | Saved: 'C:\Users\ljh\tralalero Shooter\outputs\reststop-blender-300s-2026-09-23\frames\frame-05235.jpg'
00:03.391  render           | Saved: 'C:\Users\ljh\tralalero Shooter\outputs\reststop-blender-300s-2026-09-23\frames\frame-05236.jpg'
00:03.578  render           | Saved: 'C:\Users\ljh\tralalero Shooter\outputs\reststop-blender-300s-2026-09-23\frames\frame-05237.jpg'
00:03.782  render           | Saved: 'C:\Users\ljh\tralalero Shooter\outputs\reststop-blender-300s-2026-09-23\frames\frame-05238.jpg'
00:04.000  render           | Saved: 'C:\Users\ljh\tralalero Shooter\outputs\reststop-blender-300s-2026-09-23\frames\frame-05239.jpg'
00:04.203  render           | Saved: 'C:\Users\ljh\tralalero Shooter\outputs\reststop-blender-300s-2026-09-23\frames\frame-05240.jpg'
00:04.422  render           | Saved: 'C:\Users\ljh\tralalero Shooter\outputs\reststop-blender-300s-2026-09-23\frames\frame-05241.jpg'
00:04.625  render           | Saved: 'C:\Users\ljh\tralalero Shooter\outputs\reststop-blender-300s-2026-09-23\frames\frame-05242.jpg'
00:04.828  render           | Saved: 'C:\Users\ljh\tralalero Shooter\outputs\reststop-blender-300s-2026-09-23\frames\frame-05243.jpg'
00:05.032  render           | Saved: 'C:\Users\ljh\tralalero Shooter\outputs\reststop-blender-300s-2026-09-23\frames\frame-05244.jpg'
00:05.235  render           | Saved: 'C:\Users\ljh\tralalero Shooter\outputs\reststop-blender-300s-2026-09-23\frames\frame-05245.jpg'
00:05.438  render           | Saved: 'C:\Users\ljh\tralalero Shooter\outputs\reststop-blender-300s-2026-09-23\frames\frame-05246.jpg'
00:05.641  render           | Saved: 'C:\Users\ljh\tralalero Shooter\outputs\reststop-blender-300s-2026-09-23\frames\frame-05247.jpg'
00:05.860  render           | Saved: 'C:\Users\ljh\tralalero Shooter\outputs\reststop-blender-300s-2026-09-23\frames\frame-05248.jpg'
00:06.078  render           | Saved: 'C:\Users\ljh\tralalero Shooter\outputs\reststop-blender-300s-2026-09-23\frames\frame-05249.jpg'
00:06.297  render           | Saved: 'C:\Users\ljh\tralalero Shooter\outputs\reststop-blender-300s-2026-09-23\frames\frame-05250.jpg'
00:06.500  render           | Saved: 'C:\Users\ljh\tralalero Shooter\outputs\reststop-blender-300s-2026-09-23\frames\frame-05251.jpg'
00:06.719  render           | Saved: 'C:\Users\ljh\tralalero Shooter\outputs\reststop-blender-300s-2026-09-23\frames\frame-05252.jpg'
00:06.907  render           | Saved: 'C:\Users\ljh\tralalero Shooter\outputs\reststop-blender-300s-2026-09-23\frames\frame-05253.jpg'
00:07.125  render           | Saved: 'C:\Users\ljh\tralalero Shooter\outputs\reststop-blender-300s-2026-09-23\frames\frame-05254.jpg'
00:07.328  render           | Saved: 'C:\Users\ljh\tralalero Shooter\outputs\reststop-blender-300s-2026-09-23\frames\frame-05255.jpg'
00:07.532  render           | Saved: 'C:\Users\ljh\tralalero Shooter\outputs\reststop-blender-300s-2026-09-23\frames\frame-05256.jpg'
PROGRESS {"mode": "native-patch", "frame": 5256, "end": 6072, "rendered": 24, "elapsed": 6.236901521682739, "width": 1280, "engine": "BLENDER_EEVEE", "step": 1}
00:07.735  render           | Saved: 'C:\Users\ljh\tralalero Shooter\outputs\reststop-blender-300s-2026-09-23\frames\frame-05257.jpg'
00:07.938  render           | Saved: 'C:\Users\ljh\tralalero Shooter\outputs\reststop-blender-300s-2026-09-23\frames\frame-05258.jpg'
00:08.141  render           | Saved: 'C:\Users\ljh\tralalero Shooter\outputs\reststop-blender-300s-2026-09-23\frames\frame-05259.jpg'
00:08.360  render           | Saved: 'C:\Users\ljh\tralalero Shooter\outputs\reststop-blender-300s-2026-09-23\frames\frame-05260.jpg'
00:08.563  render           | Saved: 'C:\Users\ljh\tralalero Shooter\outputs\reststop-blender-300s-2026-09-23\frames\frame-05261.jpg'
00:08.782  render           | Saved: 'C:\Users\ljh\tralalero Shooter\outputs\reststop-blender-300s-2026-09-23\frames\frame-05262.jpg'
00:08.985  render           | Saved: 'C:\Users\ljh\tralalero Shooter\outputs\reststop-blender-300s-2026-09-23\frames\frame-05263.jpg'
00:09.203  render           | Saved: 'C:\Users\ljh\tralalero Shooter\outputs\reststop-blender-300s-2026-09-23\frames\frame-05264.jpg'
00:09.407  render           | Saved: 'C:\Users\ljh\tralalero Shooter\outputs\reststop-blender-300s-2026-09-23\frames\frame-05265.jpg'
00:09.657  render           | Saved: 'C:\Users\ljh\tralalero Shooter\outputs\reststop-blender-300s-2026-09-23\frames\frame-05266.jpg'
00:09.844  render           | Saved: 'C:\Users\ljh\tralalero Shooter\outputs\reststop-blender-300s-2026-09-23\frames\frame-05267.jpg'
00:10.063  render           | Saved: 'C:\Users\ljh\tralalero Shooter\outputs\reststop-blender-300s-2026-09-23\frames\frame-05268.jpg'
00:10.266  render           | Saved: 'C:\Users\ljh\tralalero Shooter\outputs\reststop-blender-300s-2026-09-23\frames\frame-05269.jpg'
00:10.469  render           | Saved: 'C:\Users\ljh\tralalero Shooter\outputs\reststop-blender-300s-2026-09-23\frames\frame-05270.jpg'
00:10.672  render           | Saved: 'C:\Users\ljh\tralalero Shooter\outputs\reststop-blender-300s-2026-09-23\frames\frame-05271.jpg'
00:10.891  render           | Saved: 'C:\Users\ljh\tralalero Shooter\outputs\reststop-blender-300s-2026-09-23\frames\frame-05272.jpg'
00:11.141  render           | Saved: 'C:\Users\ljh\tralalero Shooter\outputs\reststop-blender-300s-2026-09-23\frames\frame-05273.jpg'
00:11.391  render           | Saved: 'C:\Users\ljh\tralalero Shooter\outputs\reststop-blender-300s-2026-09-23\frames\frame-05274.jpg'
00:11.594  render           | Saved: 'C:\Users\ljh\tralalero Shooter\outputs\reststop-blender-300s-2026-09-23\frames\frame-05275.jpg'
00:11.828  render           | Saved: 'C:\Users\ljh\tralalero Shooter\outputs\reststop-blender-300s-2026-09-23\frames\frame-05276.jpg'
00:12.047  render           | Saved: 'C:\Users\ljh\tralalero Shooter\outputs\reststop-blender-300s-2026-09-23\frames\frame-05277.jpg'
00:12.266  render           | Saved: 'C:\Users\ljh\tralalero Shooter\outputs\reststop-blender-300s-2026-09-23\frames\frame-05278.jpg'
00:12.469  render           | Saved: 'C:\Users\ljh\tralalero Shooter\outputs\reststop-blender-300s-2026-09-23\frames\frame-05279.jpg'
00:12.672  render           | Saved: 'C:\Users\ljh\tralalero Shooter\outputs\reststop-blender-300s-2026-09-23\frames\frame-05280.jpg'
PROGRESS {"mode": "native-patch", "frame": 5280, "end": 6072, "rendered": 48, "elapsed": 11.375255823135376, "width": 1280, "engine": "BLENDER_EEVEE", "step": 1}
00:12.875  render           | Saved: 'C:\Users\ljh\tralalero Shooter\outputs\reststop-blender-300s-2026-09-23\frames\frame-05281.jpg'
00:13.078  render           | Saved: 'C:\Users\ljh\tralalero Shooter\outputs\reststop-blender-300s-2026-09-23\frames\frame-05282.jpg'
00:13.297  render           | Saved: 'C:\Users\ljh\tralalero Shooter\outputs\reststop-blender-300s-2026-09-23\frames\frame-05283.jpg'
00:13.516  render           | Saved: 'C:\Users\ljh\tralalero Shooter\outputs\reststop-blender-300s-2026-09-23\frames\frame-05284.jpg'
00:13.735  render           | Saved: 'C:\Users\ljh\tralalero Shooter\outputs\reststop-blender-300s-2026-09-23\frames\frame-05285.jpg'
00:13.953  render           | Saved: 'C:\Users\ljh\tralalero Shooter\outputs\reststop-blender-300s-2026-09-23\frames\frame-05286.jpg'
00:14.188  render           | Saved: 'C:\Users\ljh\tralalero Shooter\outputs\reststop-blender-300s-2026-09-23\frames\frame-05287.jpg'
00:14.407  render           | Saved: 'C:\Users\ljh\tralalero Shooter\outputs\reststop-blender-300s-2026-09-23\frames\frame-05288.jpg'
00:14.610  render           | Saved: 'C:\Users\ljh\tralalero Shooter\outputs\reststop-blender-300s-2026-09-23\frames\frame-05289.jpg'
00:14.797  render           | Saved: 'C:\Users\ljh\tralalero Shooter\outputs\reststop-blender-300s-2026-09-23\frames\frame-05290.jpg'
00:15.016  render           | Saved: 'C:\Users\ljh\tralalero Shooter\outputs\reststop-blender-300s-2026-09-23\frames\frame-05291.jpg'
00:15.219  render           | Saved: 'C:\Users\ljh\tralalero Shooter\outputs\reststop-blender-300s-2026-09-23\frames\frame-05292.jpg'
00:15.422  render           | Saved: 'C:\Users\ljh\tralalero Shooter\outputs\reststop-blender-300s-2026-09-23\frames\frame-05293.jpg'
00:15.657  render           | Saved: 'C:\Users\ljh\tralalero Shooter\outputs\reststop-blender-300s-2026-09-23\frames\frame-05294.jpg'
00:15.860  render           | Saved: 'C:\Users\ljh\tralalero Shooter\outputs\reststop-blender-300s-2026-09-23\frames\frame-05295.jpg'
00:16.078  render           | Saved: 'C:\Users\ljh\tralalero Shooter\outputs\reststop-blender-300s-2026-09-23\frames\frame-05296.jpg'
00:16.297  render           | Saved: 'C:\Users\ljh\tralalero Shooter\outputs\reststop-blender-300s-2026-09-23\frames\frame-05297.jpg'
00:16.516  render           | Saved: 'C:\Users\ljh\tralalero Shooter\outputs\reststop-blender-300s-2026-09-23\frames\frame-05298.jpg'
00:16.719  render           | Saved: 'C:\Users\ljh\tralalero Shooter\outputs\reststop-blender-300s-2026-09-23\frames\frame-05299.jpg'
00:16.953  render           | Saved: 'C:\Users\ljh\tralalero Shooter\outputs\reststop-blender-300s-2026-09-23\frames\frame-05300.jpg'
00:17.157  render           | Saved: 'C:\Users\ljh\tralalero Shooter\outputs\reststop-blender-300s-2026-09-23\frames\frame-05301.jpg'
00:17.375  render           | Saved: 'C:\Users\ljh\tralalero Shooter\outputs\reststop-blender-300s-2026-09-23\frames\frame-05302.jpg'
00:17.563  render           | Saved: 'C:\Users\ljh\tralalero Shooter\outputs\reststop-blender-300s-2026-09-23\frames\frame-05303.jpg'
00:17.782  render           | Saved: 'C:\Users\ljh\tralalero Shooter\outputs\reststop-blender-300s-2026-09-23\frames\frame-05304.jpg'
PROGRESS {"mode": "native-patch", "frame": 5304, "end": 6072, "rendered": 72, "elapsed": 16.48125958442688, "width": 1280, "engine": "BLENDER_EEVEE", "step": 1}
00:17.985  render           | Saved: 'C:\Users\ljh\tralalero Shooter\outputs\reststop-blender-300s-2026-09-23\frames\frame-05305.jpg'
00:18.203  render           | Saved: 'C:\Users\ljh\tralalero Shooter\outputs\reststop-blender-300s-2026-09-23\frames\frame-05306.jpg'
00:18.422  render           | Saved: 'C:\Users\ljh\tralalero Shooter\outputs\reststop-blender-300s-2026-09-23\frames\frame-05307.jpg'
00:18.641  render           | Saved: 'C:\Users\ljh\tralalero Shooter\outputs\reststop-blender-300s-2026-09-23\frames\frame-05308.jpg'
00:18.860  render           | Saved: 'C:\Users\ljh\tralalero Shooter\outputs\reststop-blender-300s-2026-09-23\frames\frame-05309.jpg'
00:19.063  render           | Saved: 'C:\Users\ljh\tralalero Shooter\outputs\reststop-blender-300s-2026-09-23\frames\frame-05310.jpg'
00:19.266  render           | Saved: 'C:\Users\ljh\tralalero Shooter\outputs\reststop-blender-300s-2026-09-23\frames\frame-05311.jpg'
00:19.485  render           | Saved: 'C:\Users\ljh\tralalero Shooter\outputs\reststop-blender-300s-2026-09-23\frames\frame-05312.jpg'
00:19.703  render           | Saved: 'C:\Users\ljh\tralalero Shooter\outputs\reststop-blender-300s-2026-09-23\frames\frame-05313.jpg'
00:19.907  render           | Saved: 'C:\Users\ljh\tralalero Shooter\outputs\reststop-blender-300s-2026-09-23\frames\frame-05314.jpg'
00:20.110  render           | Saved: 'C:\Users\ljh\tralalero Shooter\outputs\reststop-blender-300s-2026-09-23\frames\frame-05315.jpg'
00:20.344  render           | Saved: 'C:\Users\ljh\tralalero Shooter\outputs\reststop-blender-300s-2026-09-23\frames\frame-05316.jpg'
00:20.563  render           | Saved: 'C:\Users\ljh\tralalero Shooter\outputs\reststop-blender-300s-2026-09-23\frames\frame-05317.jpg'
00:20.766  render           | Saved: 'C:\Users\ljh\tralalero Shooter\outputs\reststop-blender-300s-2026-09-23\frames\frame-05318.jpg'
00:20.969  render           | Saved: 'C:\Users\ljh\tralalero Shooter\outputs\reststop-blender-300s-2026-09-23\frames\frame-05319.jpg'
00:21.172  render           | Saved: 'C:\Users\ljh\tralalero Shooter\outputs\reststop-blender-300s-2026-09-23\frames\frame-05320.jpg'
00:21.375  render           | Saved: 'C:\Users\ljh\tralalero Shooter\outputs\reststop-blender-300s-2026-09-23\frames\frame-05321.jpg'
00:21.594  render           | Saved: 'C:\Users\ljh\tralalero Shooter\outputs\reststop-blender-300s-2026-09-23\frames\frame-05322.jpg'
00:21.797  render           | Saved: 'C:\Users\ljh\tralalero Shooter\outputs\reststop-blender-300s-2026-09-23\frames\frame-05323.jpg'
00:22.000  render           | Saved: 'C:\Users\ljh\tralalero Shooter\outputs\reststop-blender-300s-2026-09-23\frames\frame-05324.jpg'
00:22.219  render           | Saved: 'C:\Users\ljh\tralalero Shooter\outputs\reststop-blender-300s-2026-09-23\frames\frame-05325.jpg'
00:22.422  render           | Saved: 'C:\Users\ljh\tralalero Shooter\outputs\reststop-blender-300s-2026-09-23\frames\frame-05326.jpg'
00:22.625  render           | Saved: 'C:\Users\ljh\tralalero Shooter\outputs\reststop-blender-300s-2026-09-23\frames\frame-05327.jpg'
00:22.813  render           | Saved: 'C:\Users\ljh\tralalero Shooter\outputs\reststop-blender-300s-2026-09-23\frames\frame-05328.jpg'
PROGRESS {"mode": "native-patch", "frame": 5328, "end": 6072, "rendered": 96, "elapsed": 21.51760244369507, "width": 1280, "engine": "BLENDER_EEVEE", "step": 1}
00:23.016  render           | Saved: 'C:\Users\ljh\tralalero Shooter\outputs\reststop-blender-300s-2026-09-23\frames\frame-05329.jpg'
00:23.235  render           | Saved: 'C:\Users\ljh\tralalero Shooter\outputs\reststop-blender-300s-2026-09-23\frames\frame-05330.jpg'
00:23.438  render           | Saved: 'C:\Users\ljh\tralalero Shooter\outputs\reststop-blender-300s-2026-09-23\frames\frame-05331.jpg'
00:23.625  render           | Saved: 'C:\Users\ljh\tralalero Shooter\outputs\reststop-blender-300s-2026-09-23\frames\frame-05332.jpg'
00:23.828  render           | Saved: 'C:\Users\ljh\tralalero Shooter\outputs\reststop-blender-300s-2026-09-23\frames\frame-05333.jpg'
00:24.032  render           | Saved: 'C:\Users\ljh\tralalero Shooter\outputs\reststop-blender-300s-2026-09-23\frames\frame-05334.jpg'
00:24.250  render           | Saved: 'C:\Users\ljh\tralalero Shooter\outputs\reststop-blender-300s-2026-09-23\frames\frame-05335.jpg'
00:24.453  render           | Saved: 'C:\Users\ljh\tralalero Shooter\outputs\reststop-blender-300s-2026-09-23\frames\frame-05336.jpg'
00:24.672  render           | Saved: 'C:\Users\ljh\tralalero Shooter\outputs\reststop-blender-300s-2026-09-23\frames\frame-05337.jpg'
00:24.875  render           | Saved: 'C:\Users\ljh\tralalero Shooter\outputs\reststop-blender-300s-2026-09-23\frames\frame-05338.jpg'
00:25.110  render           | Saved: 'C:\Users\ljh\tralalero Shooter\outputs\reststop-blender-300s-2026-09-23\frames\frame-05339.jpg'
00:25.328  render           | Saved: 'C:\Users\ljh\tralalero Shooter\outputs\reststop-blender-300s-2026-09-23\frames\frame-05340.jpg'
00:25.547  render           | Saved: 'C:\Users\ljh\tralalero Shooter\outputs\reststop-blender-300s-2026-09-23\frames\frame-05341.jpg'
00:25.782  render           | Saved: 'C:\Users\ljh\tralalero Shooter\outputs\reststop-blender-300s-2026-09-23\frames\frame-05342.jpg'
00:25.985  render           | Saved: 'C:\Users\ljh\tralalero Shooter\outputs\reststop-blender-300s-2026-09-23\frames\frame-05343.jpg'
00:26.188  render           | Saved: 'C:\Users\ljh\tralalero Shooter\outputs\reststop-blender-300s-2026-09-23\frames\frame-05344.jpg'
00:26.391  render           | Saved: 'C:\Users\ljh\tralalero Shooter\outputs\reststop-blender-300s-2026-09-23\frames\frame-05345.jpg'
00:26.594  render           | Saved: 'C:\Users\ljh\tralalero Shooter\outputs\reststop-blender-300s-2026-09-23\frames\frame-05346.jpg'
00:26.813  render           | Saved: 'C:\Users\ljh\tralalero Shooter\outputs\reststop-blender-300s-2026-09-23\frames\frame-05347.jpg'
00:27.016  render           | Saved: 'C:\Users\ljh\tralalero Shooter\outputs\reststop-blender-300s-2026-09-23\frames\frame-05348.jpg'
00:27.235  render           | Saved: 'C:\Users\ljh\tralalero Shooter\outputs\reststop-blender-300s-2026-09-23\frames\frame-05349.jpg'
00:27.422  render           | Saved: 'C:\Users\ljh\tralalero Shooter\outputs\reststop-blender-300s-2026-09-23\frames\frame-05350.jpg'
00:27.641  render           | Saved: 'C:\Users\ljh\tralalero Shooter\outputs\reststop-blender-300s-2026-09-23\frames\frame-05351.jpg'
00:27.844  render           | Saved: 'C:\Users\ljh\tralalero Shooter\outputs\reststop-blender-300s-2026-09-23\frames\frame-05352.jpg'
PROGRESS {"mode": "native-patch", "frame": 5352, "end": 6072, "rendered": 120, "elapsed": 26.544997692108154, "width": 1280, "engine": "BLENDER_EEVEE", "step": 1}
00:28.047  render           | Saved: 'C:\Users\ljh\tralalero Shooter\outputs\reststop-blender-300s-2026-09-23\frames\frame-05353.jpg'
00:28.266  render           | Saved: 'C:\Users\ljh\tralalero Shooter\outputs\reststop-blender-300s-2026-09-23\frames\frame-05354.jpg'
00:28.485  render           | Saved: 'C:\Users\ljh\tralalero Shooter\outputs\reststop-blender-300s-2026-09-23\frames\frame-05355.jpg'
00:28.703  render           | Saved: 'C:\Users\ljh\tralalero Shooter\outputs\reststop-blender-300s-2026-09-23\frames\frame-05356.jpg'
00:28.922  render           | Saved: 'C:\Users\ljh\tralalero Shooter\outputs\reststop-blender-300s-2026-09-23\frames\frame-05357.jpg'
00:29.157  render           | Saved: 'C:\Users\ljh\tralalero Shooter\outputs\reststop-blender-300s-2026-09-23\frames\frame-05358.jpg'
00:29.360  render           | Saved: 'C:\Users\ljh\tralalero Shooter\outputs\reststop-blender-300s-2026-09-23\frames\frame-05359.jpg'
00:29.578  render           | Saved: 'C:\Users\ljh\tralalero Shooter\outputs\reststop-blender-300s-2026-09-23\frames\frame-05360.jpg'
00:29.766  render           | Saved: 'C:\Users\ljh\tralalero Shooter\outputs\reststop-blender-300s-2026-09-23\frames\frame-05361.jpg'
00:29.985  render           | Saved: 'C:\Users\ljh\tralalero Shooter\outputs\reststop-blender-300s-2026-09-23\frames\frame-05362.jpg'
00:30.203  render           | Saved: 'C:\Users\ljh\tralalero Shooter\outputs\reststop-blender-300s-2026-09-23\frames\frame-05363.jpg'
00:30.422  render           | Saved: 'C:\Users\ljh\tralalero Shooter\outputs\reststop-blender-300s-2026-09-23\frames\frame-05364.jpg'
00:30.641  render           | Saved: 'C:\Users\ljh\tralalero Shooter\outputs\reststop-blender-300s-2026-09-23\frames\frame-05365.jpg'
00:30.860  render           | Saved: 'C:\Users\ljh\tralalero Shooter\outputs\reststop-blender-300s-2026-09-23\frames\frame-05366.jpg'
00:31.063  render           | Saved: 'C:\Users\ljh\tralalero Shooter\outputs\reststop-blender-300s-2026-09-23\frames\frame-05367.jpg'
00:31.282  render           | Saved: 'C:\Users\ljh\tralalero Shooter\outputs\reststop-blender-300s-2026-09-23\frames\frame-05368.jpg'
00:31.485  render           | Saved: 'C:\Users\ljh\tralalero Shooter\outputs\reststop-blender-300s-2026-09-23\frames\frame-05369.jpg'
00:31.688  render           | Saved: 'C:\Users\ljh\tralalero Shooter\outputs\reststop-blender-300s-2026-09-23\frames\frame-05370.jpg'
00:31.891  render           | Saved: 'C:\Users\ljh\tralalero Shooter\outputs\reststop-blender-300s-2026-09-23\frames\frame-05371.jpg'
00:32.094  render           | Saved: 'C:\Users\ljh\tralalero Shooter\outputs\reststop-blender-300s-2026-09-23\frames\frame-05372.jpg'
00:32.297  render           | Saved: 'C:\Users\ljh\tralalero Shooter\outputs\reststop-blender-300s-2026-09-23\frames\frame-05373.jpg'
00:32.500  render           | Saved: 'C:\Users\ljh\tralalero Shooter\outputs\reststop-blender-300s-2026-09-23\frames\frame-05374.jpg'
00:32.703  render           | Saved: 'C:\Users\ljh\tralalero Shooter\outputs\reststop-blender-300s-2026-09-23\frames\frame-05375.jpg'
00:32.907  render           | Saved: 'C:\Users\ljh\tralalero Shooter\outputs\reststop-blender-300s-2026-09-23\frames\frame-05376.jpg'
PROGRESS {"mode": "native-patch", "frame": 5376, "end": 6072, "rendered": 144, "elapsed": 31.608598709106445, "width": 1280, "engine": "BLENDER_EEVEE", "step": 1}
00:33.125  render           | Saved: 'C:\Users\ljh\tralalero Shooter\outputs\reststop-blender-300s-2026-09-23\frames\frame-05377.jpg'
00:33.328  render           | Saved: 'C:\Users\ljh\tralalero Shooter\outputs\reststop-blender-300s-2026-09-23\frames\frame-05378.jpg'
00:33.532  render           | Saved: 'C:\Users\ljh\tralalero Shooter\outputs\reststop-blender-300s-2026-09-23\frames\frame-05379.jpg'
00:33.735  render           | Saved: 'C:\Users\ljh\tralalero Shooter\outputs\reststop-blender-300s-2026-09-23\frames\frame-05380.jpg'
00:33.922  render           | Saved: 'C:\Users\ljh\tralalero Shooter\outputs\reststop-blender-300s-2026-09-23\frames\frame-05381.jpg'
00:34.125  render           | Saved: 'C:\Users\ljh\tralalero Shooter\outputs\reststop-blender-300s-2026-09-23\frames\frame-05382.jpg'
00:34.344  render           | Saved: 'C:\Users\ljh\tralalero Shooter\outputs\reststop-blender-300s-2026-09-23\frames\frame-05383.jpg'
00:34.547  render           | Saved: 'C:\Users\ljh\tralalero Shooter\outputs\reststop-blender-300s-2026-09-23\frames\frame-05384.jpg'
00:34.750  render           | Saved: 'C:\Users\ljh\tralalero Shooter\outputs\reststop-blender-300s-2026-09-23\frames\frame-05385.jpg'
00:34.938  render           | Saved: 'C:\Users\ljh\tralalero Shooter\outputs\reststop-blender-300s-2026-09-23\frames\frame-05386.jpg'
00:35.141  render           | Saved: 'C:\Users\ljh\tralalero Shooter\outputs\reststop-blender-300s-2026-09-23\frames\frame-05387.jpg'
00:35.344  render           | Saved: 'C:\Users\ljh\tralalero Shooter\outputs\reststop-blender-300s-2026-09-23\frames\frame-05388.jpg'
00:35.547  render           | Saved: 'C:\Users\ljh\tralalero Shooter\outputs\reststop-blender-300s-2026-09-23\frames\frame-05389.jpg'
00:35.750  render           | Saved: 'C:\Users\ljh\tralalero Shooter\outputs\reststop-blender-300s-2026-09-23\frames\frame-05390.jpg'
00:35.969  render           | Saved: 'C:\Users\ljh\tralalero Shooter\outputs\reststop-blender-300s-2026-09-23\frames\frame-05391.jpg'
00:36.188  render           | Saved: 'C:\Users\ljh\tralalero Shooter\outputs\reststop-blender-300s-2026-09-23\frames\frame-05392.jpg'
00:36.407  render           | Saved: 'C:\Users\ljh\tralalero Shooter\outputs\reststop-blender-300s-2026-09-23\frames\frame-05393.jpg'
00:36.641  render           | Saved: 'C:\Users\ljh\tralalero Shooter\outputs\reststop-blender-300s-2026-09-23\frames\frame-05394.jpg'
00:36.860  render           | Saved: 'C:\Users\ljh\tralalero Shooter\outputs\reststop-blender-300s-2026-09-23\frames\frame-05395.jpg'
00:37.094  render           | Saved: 'C:\Users\ljh\tralalero Shooter\outputs\reststop-blender-300s-2026-09-23\frames\frame-05396.jpg'
00:37.313  render           | Saved: 'C:\Users\ljh\tralalero Shooter\outputs\reststop-blender-300s-2026-09-23\frames\frame-05397.jpg'
00:37.532  render           | Saved: 'C:\Users\ljh\tralalero Shooter\outputs\reststop-blender-300s-2026-09-23\frames\frame-05398.jpg'
00:37.766  render           | Saved: 'C:\Users\ljh\tralalero Shooter\outputs\reststop-blender-300s-2026-09-23\frames\frame-05399.jpg'
00:37.969  render           | Saved: 'C:\Users\ljh\tralalero Shooter\outputs\reststop-blender-300s-2026-09-23\frames\frame-05400.jpg'
PROGRESS {"mode": "native-patch", "frame": 5400, "end": 6072, "rendered": 168, "elapsed": 36.66540598869324, "width": 1280, "engine": "BLENDER_EEVEE", "step": 1}
00:38.188  render           | Saved: 'C:\Users\ljh\tralalero Shooter\outputs\reststop-blender-300s-2026-09-23\frames\frame-05401.jpg'
00:38.391  render           | Saved: 'C:\Users\ljh\tralalero Shooter\outputs\reststop-blender-300s-2026-09-23\frames\frame-05402.jpg'
00:38.594  render           | Saved: 'C:\Users\ljh\tralalero Shooter\outputs\reststop-blender-300s-2026-09-23\frames\frame-05403.jpg'
00:38.813  render           | Saved: 'C:\Users\ljh\tralalero Shooter\outputs\reststop-blender-300s-2026-09-23\frames\frame-05404.jpg'
00:39.032  render           | Saved: 'C:\Users\ljh\tralalero Shooter\outputs\reststop-blender-300s-2026-09-23\frames\frame-05405.jpg'
00:39.250  render           | Saved: 'C:\Users\ljh\tralalero Shooter\outputs\reststop-blender-300s-2026-09-23\frames\frame-05406.jpg'
00:39.453  render           | Saved: 'C:\Users\ljh\tralalero Shooter\outputs\reststop-blender-300s-2026-09-23\frames\frame-05407.jpg'
00:39.657  render           | Saved: 'C:\Users\ljh\tralalero Shooter\outputs\reststop-blender-300s-2026-09-23\frames\frame-05408.jpg'
00:39.860  render           | Saved: 'C:\Users\ljh\tralalero Shooter\outputs\reststop-blender-300s-2026-09-23\frames\frame-05409.jpg'
00:40.063  render           | Saved: 'C:\Users\ljh\tralalero Shooter\outputs\reststop-blender-300s-2026-09-23\frames\frame-05410.jpg'
00:40.282  render           | Saved: 'C:\Users\ljh\tralalero Shooter\outputs\reststop-blender-300s-2026-09-23\frames\frame-05411.jpg'
00:40.485  render           | Saved: 'C:\Users\ljh\tralalero Shooter\outputs\reststop-blender-300s-2026-09-23\frames\frame-05412.jpg'
00:40.688  render           | Saved: 'C:\Users\ljh\tralalero Shooter\outputs\reststop-blender-300s-2026-09-23\frames\frame-05413.jpg'
00:40.891  render           | Saved: 'C:\Users\ljh\tralalero Shooter\outputs\reststop-blender-300s-2026-09-23\frames\frame-05414.jpg'
00:41.110  render           | Saved: 'C:\Users\ljh\tralalero Shooter\outputs\reststop-blender-300s-2026-09-23\frames\frame-05415.jpg'
00:41.313  render           | Saved: 'C:\Users\ljh\tralalero Shooter\outputs\reststop-blender-300s-2026-09-23\frames\frame-05416.jpg'
00:41.500  render           | Saved: 'C:\Users\ljh\tralalero Shooter\outputs\reststop-blender-300s-2026-09-23\frames\frame-05417.jpg'
00:41.703  render           | Saved: 'C:\Users\ljh\tralalero Shooter\outputs\reststop-blender-300s-2026-09-23\frames\frame-05418.jpg'
00:41.907  render           | Saved: 'C:\Users\ljh\tralalero Shooter\outputs\reststop-blender-300s-2026-09-23\frames\frame-05419.jpg'
00:42.125  render           | Saved: 'C:\Users\ljh\tralalero Shooter\outputs\reststop-blender-300s-2026-09-23\frames\frame-05420.jpg'
00:42.328  render           | Saved: 'C:\Users\ljh\tralalero Shooter\outputs\reststop-blender-300s-2026-09-23\frames\frame-05421.jpg'
00:42.547  render           | Saved: 'C:\Users\ljh\tralalero Shooter\outputs\reststop-blender-300s-2026-09-23\frames\frame-05422.jpg'
00:42.750  render           | Saved: 'C:\Users\ljh\tralalero Shooter\outputs\reststop-blender-300s-2026-09-23\frames\frame-05423.jpg'
00:42.953  render           | Saved: 'C:\Users\ljh\tralalero Shooter\outputs\reststop-blender-300s-2026-09-23\frames\frame-05424.jpg'
PROGRESS {"mode": "native-patch", "frame": 5424, "end": 6072, "rendered": 192, "elapsed": 41.65429663658142, "width": 1280, "engine": "BLENDER_EEVEE", "step": 1}
00:43.157  render           | Saved: 'C:\Users\ljh\tralalero Shooter\outputs\reststop-blender-300s-2026-09-23\frames\frame-05425.jpg'
00:43.360  render           | Saved: 'C:\Users\ljh\tralalero Shooter\outputs\reststop-blender-300s-2026-09-23\frames\frame-05426.jpg'
00:43.563  render           | Saved: 'C:\Users\ljh\tralalero Shooter\outputs\reststop-blender-300s-2026-09-23\frames\frame-05427.jpg'
00:43.797  render           | Saved: 'C:\Users\ljh\tralalero Shooter\outputs\reststop-blender-300s-2026-09-23\frames\frame-05428.jpg'
00:44.000  render           | Saved: 'C:\Users\ljh\tralalero Shooter\outputs\reststop-blender-300s-2026-09-23\frames\frame-05429.jpg'
00:44.203  render           | Saved: 'C:\Users\ljh\tralalero Shooter\outputs\reststop-blender-300s-2026-09-23\frames\frame-05430.jpg'
00:44.422  render           | Saved: 'C:\Users\ljh\tralalero Shooter\outputs\reststop-blender-300s-2026-09-23\frames\frame-05431.jpg'
00:44.625  render           | Saved: 'C:\Users\ljh\tralalero Shooter\outputs\reststop-blender-300s-2026-09-23\frames\frame-05432.jpg'
00:44.844  render           | Saved: 'C:\Users\ljh\tralalero Shooter\outputs\reststop-blender-300s-2026-09-23\frames\frame-05433.jpg'
00:45.063  render           | Saved: 'C:\Users\ljh\tralalero Shooter\outputs\reststop-blender-300s-2026-09-23\frames\frame-05434.jpg'
00:45.266  render           | Saved: 'C:\Users\ljh\tralalero Shooter\outputs\reststop-blender-300s-2026-09-23\frames\frame-05435.jpg'
00:45.469  render           | Saved: 'C:\Users\ljh\tralalero Shooter\outputs\reststop-blender-300s-2026-09-23\frames\frame-05436.jpg'
00:45.672  render           | Saved: 'C:\Users\ljh\tralalero Shooter\outputs\reststop-blender-300s-2026-09-23\frames\frame-05437.jpg'
00:45.860  render           | Saved: 'C:\Users\ljh\tralalero Shooter\outputs\reststop-blender-300s-2026-09-23\frames\frame-05438.jpg'
00:46.063  render           | Saved: 'C:\Users\ljh\tralalero Shooter\outputs\reststop-blender-300s-2026-09-23\frames\frame-05439.jpg'
00:46.266  render           | Saved: 'C:\Users\ljh\tralalero Shooter\outputs\reststop-blender-300s-2026-09-23\frames\frame-05440.jpg'
00:46.453  render           | Saved: 'C:\Users\ljh\tralalero Shooter\outputs\reststop-blender-300s-2026-09-23\frames\frame-05441.jpg'
00:46.657  render           | Saved: 'C:\Users\ljh\tralalero Shooter\outputs\reststop-blender-300s-2026-09-23\frames\frame-05442.jpg'
00:46.860  render           | Saved: 'C:\Users\ljh\tralalero Shooter\outputs\reststop-blender-300s-2026-09-23\frames\frame-05443.jpg'
00:47.063  render           | Saved: 'C:\Users\ljh\tralalero Shooter\outputs\reststop-blender-300s-2026-09-23\frames\frame-05444.jpg'
00:47.266  render           | Saved: 'C:\Users\ljh\tralalero Shooter\outputs\reststop-blender-300s-2026-09-23\frames\frame-05445.jpg'
00:47.453  render           | Saved: 'C:\Users\ljh\tralalero Shooter\outputs\reststop-blender-300s-2026-09-23\frames\frame-05446.jpg'
00:47.657  render           | Saved: 'C:\Users\ljh\tralalero Shooter\outputs\reststop-blender-300s-2026-09-23\frames\frame-05447.jpg'
00:47.860  render           | Saved: 'C:\Users\ljh\tralalero Shooter\outputs\reststop-blender-300s-2026-09-23\frames\frame-05448.jpg'
PROGRESS {"mode": "native-patch", "frame": 5448, "end": 6072, "rendered": 216, "elapsed": 46.55603623390198, "width": 1280, "engine": "BLENDER_EEVEE", "step": 1}
00:48.063  render           | Saved: 'C:\Users\ljh\tralalero Shooter\outputs\reststop-blender-300s-2026-09-23\frames\frame-05449.jpg'
00:48.250  render           | Saved: 'C:\Users\ljh\tralalero Shooter\outputs\reststop-blender-300s-2026-09-23\frames\frame-05450.jpg'
00:48.453  render           | Saved: 'C:\Users\ljh\tralalero Shooter\outputs\reststop-blender-300s-2026-09-23\frames\frame-05451.jpg'
00:48.657  render           | Saved: 'C:\Users\ljh\tralalero Shooter\outputs\reststop-blender-300s-2026-09-23\frames\frame-05452.jpg'
00:48.844  render           | Saved: 'C:\Users\ljh\tralalero Shooter\outputs\reststop-blender-300s-2026-09-23\frames\frame-05453.jpg'
00:49.047  render           | Saved: 'C:\Users\ljh\tralalero Shooter\outputs\reststop-blender-300s-2026-09-23\frames\frame-05454.jpg'
00:49.297  render           | Saved: 'C:\Users\ljh\tralalero Shooter\outputs\reststop-blender-300s-2026-09-23\frames\frame-05455.jpg'
00:49.500  render           | Saved: 'C:\Users\ljh\tralalero Shooter\outputs\reststop-blender-300s-2026-09-23\frames\frame-05456.jpg'
00:49.703  render           | Saved: 'C:\Users\ljh\tralalero Shooter\outputs\reststop-blender-300s-2026-09-23\frames\frame-05457.jpg'
00:49.922  render           | Saved: 'C:\Users\ljh\tralalero Shooter\outputs\reststop-blender-300s-2026-09-23\frames\frame-05458.jpg'
00:50.125  render           | Saved: 'C:\Users\ljh\tralalero Shooter\outputs\reststop-blender-300s-2026-09-23\frames\frame-05459.jpg'
00:50.328  render           | Saved: 'C:\Users\ljh\tralalero Shooter\outputs\reststop-blender-300s-2026-09-23\frames\frame-05460.jpg'
00:50.532  render           | Saved: 'C:\Users\ljh\tralalero Shooter\outputs\reststop-blender-300s-2026-09-23\frames\frame-05461.jpg'
00:50.735  render           | Saved: 'C:\Users\ljh\tralalero Shooter\outputs\reststop-blender-300s-2026-09-23\frames\frame-05462.jpg'
00:50.985  render           | Saved: 'C:\Users\ljh\tralalero Shooter\outputs\reststop-blender-300s-2026-09-23\frames\frame-05463.jpg'
00:51.172  render           | Saved: 'C:\Users\ljh\tralalero Shooter\outputs\reststop-blender-300s-2026-09-23\frames\frame-05464.jpg'
00:51.375  render           | Saved: 'C:\Users\ljh\tralalero Shooter\outputs\reststop-blender-300s-2026-09-23\frames\frame-05465.jpg'
00:51.578  render           | Saved: 'C:\Users\ljh\tralalero Shooter\outputs\reststop-blender-300s-2026-09-23\frames\frame-05466.jpg'
00:51.782  render           | Saved: 'C:\Users\ljh\tralalero Shooter\outputs\reststop-blender-300s-2026-09-23\frames\frame-05467.jpg'
00:51.985  render           | Saved: 'C:\Users\ljh\tralalero Shooter\outputs\reststop-blender-300s-2026-09-23\frames\frame-05468.jpg'
00:52.188  render           | Saved: 'C:\Users\ljh\tralalero Shooter\outputs\reststop-blender-300s-2026-09-23\frames\frame-05469.jpg'
00:52.391  render           | Saved: 'C:\Users\ljh\tralalero Shooter\outputs\reststop-blender-300s-2026-09-23\frames\frame-05470.jpg'
00:52.594  render           | Saved: 'C:\Users\ljh\tralalero Shooter\outputs\reststop-blender-300s-2026-09-23\frames\frame-05471.jpg'
00:52.797  render           | Saved: 'C:\Users\ljh\tralalero Shooter\outputs\reststop-blender-300s-2026-09-23\frames\frame-05472.jpg'
PROGRESS {"mode": "native-patch", "frame": 5472, "end": 6072, "rendered": 240, "elapsed": 51.496336221694946, "width": 1280, "engine": "BLENDER_EEVEE", "step": 1}
00:53.000  render           | Saved: 'C:\Users\ljh\tralalero Shooter\outputs\reststop-blender-300s-2026-09-23\frames\frame-05473.jpg'
00:53.188  render           | Saved: 'C:\Users\ljh\tralalero Shooter\outputs\reststop-blender-300s-2026-09-23\frames\frame-05474.jpg'
00:53.391  render           | Saved: 'C:\Users\ljh\tralalero Shooter\outputs\reststop-blender-300s-2026-09-23\frames\frame-05475.jpg'
00:53.594  render           | Saved: 'C:\Users\ljh\tralalero Shooter\outputs\reststop-blender-300s-2026-09-23\frames\frame-05476.jpg'
00:53.813  render           | Saved: 'C:\Users\ljh\tralalero Shooter\outputs\reststop-blender-300s-2026-09-23\frames\frame-05477.jpg'
00:54.016  render           | Saved: 'C:\Users\ljh\tralalero Shooter\outputs\reststop-blender-300s-2026-09-23\frames\frame-05478.jpg'
00:54.219  render           | Saved: 'C:\Users\ljh\tralalero Shooter\outputs\reststop-blender-300s-2026-09-23\frames\frame-05479.jpg'
00:54.453  render           | Saved: 'C:\Users\ljh\tralalero Shooter\outputs\reststop-blender-300s-2026-09-23\frames\frame-05480.jpg'
00:54.657  render           | Saved: 'C:\Users\ljh\tralalero Shooter\outputs\reststop-blender-300s-2026-09-23\frames\frame-05481.jpg'
00:54.875  render           | Saved: 'C:\Users\ljh\tralalero Shooter\outputs\reststop-blender-300s-2026-09-23\frames\frame-05482.jpg'
00:55.094  render           | Saved: 'C:\Users\ljh\tralalero Shooter\outputs\reststop-blender-300s-2026-09-23\frames\frame-05483.jpg'
00:55.313  render           | Saved: 'C:\Users\ljh\tralalero Shooter\outputs\reststop-blender-300s-2026-09-23\frames\frame-05484.jpg'
00:55.516  render           | Saved: 'C:\Users\ljh\tralalero Shooter\outputs\reststop-blender-300s-2026-09-23\frames\frame-05485.jpg'
00:55.719  render           | Saved: 'C:\Users\ljh\tralalero Shooter\outputs\reststop-blender-300s-2026-09-23\frames\frame-05486.jpg'
00:55.922  render           | Saved: 'C:\Users\ljh\tralalero Shooter\outputs\reststop-blender-300s-2026-09-23\frames\frame-05487.jpg'
00:56.141  render           | Saved: 'C:\Users\ljh\tralalero Shooter\outputs\reststop-blender-300s-2026-09-23\frames\frame-05488.jpg'
00:56.344  render           | Saved: 'C:\Users\ljh\tralalero Shooter\outputs\reststop-blender-300s-2026-09-23\frames\frame-05489.jpg'
00:56.547  render           | Saved: 'C:\Users\ljh\tralalero Shooter\outputs\reststop-blender-300s-2026-09-23\frames\frame-05490.jpg'
00:56.782  render           | Saved: 'C:\Users\ljh\tralalero Shooter\outputs\reststop-blender-300s-2026-09-23\frames\frame-05491.jpg'
00:56.985  render           | Saved: 'C:\Users\ljh\tralalero Shooter\outputs\reststop-blender-300s-2026-09-23\frames\frame-05492.jpg'
00:57.203  render           | Saved: 'C:\Users\ljh\tralalero Shooter\outputs\reststop-blender-300s-2026-09-23\frames\frame-05493.jpg'
00:57.438  render           | Saved: 'C:\Users\ljh\tralalero Shooter\outputs\reststop-blender-300s-2026-09-23\frames\frame-05494.jpg'
00:57.657  render           | Saved: 'C:\Users\ljh\tralalero Shooter\outputs\reststop-blender-300s-2026-09-23\frames\frame-05495.jpg'
00:57.860  render           | Saved: 'C:\Users\ljh\tralalero Shooter\outputs\reststop-blender-300s-2026-09-23\frames\frame-05496.jpg'
PROGRESS {"mode": "native-patch", "frame": 5496, "end": 6072, "rendered": 264, "elapsed": 56.5631799697876, "width": 1280, "engine": "BLENDER_EEVEE", "step": 1}
00:58.063  render           | Saved: 'C:\Users\ljh\tralalero Shooter\outputs\reststop-blender-300s-2026-09-23\frames\frame-05497.jpg'
00:58.266  render           | Saved: 'C:\Users\ljh\tralalero Shooter\outputs\reststop-blender-300s-2026-09-23\frames\frame-05498.jpg'
00:58.485  render           | Saved: 'C:\Users\ljh\tralalero Shooter\outputs\reststop-blender-300s-2026-09-23\frames\frame-05499.jpg'
00:58.750  render           | Saved: 'C:\Users\ljh\tralalero Shooter\outputs\reststop-blender-300s-2026-09-23\frames\frame-05500.jpg'
00:58.985  render           | Saved: 'C:\Users\ljh\tralalero Shooter\outputs\reststop-blender-300s-2026-09-23\frames\frame-05501.jpg'
00:59.203  render           | Saved: 'C:\Users\ljh\tralalero Shooter\outputs\reststop-blender-300s-2026-09-23\frames\frame-05502.jpg'
00:59.422  render           | Saved: 'C:\Users\ljh\tralalero Shooter\outputs\reststop-blender-300s-2026-09-23\frames\frame-05503.jpg'
00:59.657  render           | Saved: 'C:\Users\ljh\tralalero Shooter\outputs\reststop-blender-300s-2026-09-23\frames\frame-05504.jpg'
00:59.860  render           | Saved: 'C:\Users\ljh\tralalero Shooter\outputs\reststop-blender-300s-2026-09-23\frames\frame-05505.jpg'
01:00.110  render           | Saved: 'C:\Users\ljh\tralalero Shooter\outputs\reststop-blender-300s-2026-09-23\frames\frame-05506.jpg'
01:00.313  render           | Saved: 'C:\Users\ljh\tralalero Shooter\outputs\reststop-blender-300s-2026-09-23\frames\frame-05507.jpg'
01:00.547  render           | Saved: 'C:\Users\ljh\tralalero Shooter\outputs\reststop-blender-300s-2026-09-23\frames\frame-05508.jpg'
01:00.750  render           | Saved: 'C:\Users\ljh\tralalero Shooter\outputs\reststop-blender-300s-2026-09-23\frames\frame-05509.jpg'
01:01.000  render           | Saved: 'C:\Users\ljh\tralalero Shooter\outputs\reststop-blender-300s-2026-09-23\frames\frame-05510.jpg'
01:01.219  render           | Saved: 'C:\Users\ljh\tralalero Shooter\outputs\reststop-blender-300s-2026-09-23\frames\frame-05511.jpg'
01:01.422  render           | Saved: 'C:\Users\ljh\tralalero Shooter\outputs\reststop-blender-300s-2026-09-23\frames\frame-05512.jpg'
01:01.625  render           | Saved: 'C:\Users\ljh\tralalero Shooter\outputs\reststop-blender-300s-2026-09-23\frames\frame-05513.jpg'
01:01.828  render           | Saved: 'C:\Users\ljh\tralalero Shooter\outputs\reststop-blender-300s-2026-09-23\frames\frame-05514.jpg'
01:02.047  render           | Saved: 'C:\Users\ljh\tralalero Shooter\outputs\reststop-blender-300s-2026-09-23\frames\frame-05515.jpg'
01:02.250  render           | Saved: 'C:\Users\ljh\tralalero Shooter\outputs\reststop-blender-300s-2026-09-23\frames\frame-05516.jpg'
01:02.453  render           | Saved: 'C:\Users\ljh\tralalero Shooter\outputs\reststop-blender-300s-2026-09-23\frames\frame-05517.jpg'
01:02.657  render           | Saved: 'C:\Users\ljh\tralalero Shooter\outputs\reststop-blender-300s-2026-09-23\frames\frame-05518.jpg'
01:02.875  render           | Saved: 'C:\Users\ljh\tralalero Shooter\outputs\reststop-blender-300s-2026-09-23\frames\frame-05519.jpg'
01:03.078  render           | Saved: 'C:\Users\ljh\tralalero Shooter\outputs\reststop-blender-300s-2026-09-23\frames\frame-05520.jpg'
PROGRESS {"mode": "native-patch", "frame": 5520, "end": 6072, "rendered": 288, "elapsed": 61.784257888793945, "width": 1280, "engine": "BLENDER_EEVEE", "step": 1}
01:03.313  render           | Saved: 'C:\Users\ljh\tralalero Shooter\outputs\reststop-blender-300s-2026-09-23\frames\frame-05521.jpg'
01:03.500  render           | Saved: 'C:\Users\ljh\tralalero Shooter\outputs\reststop-blender-300s-2026-09-23\frames\frame-05522.jpg'
01:03.703  render           | Saved: 'C:\Users\ljh\tralalero Shooter\outputs\reststop-blender-300s-2026-09-23\frames\frame-05523.jpg'
01:03.891  render           | Saved: 'C:\Users\ljh\tralalero Shooter\outputs\reststop-blender-300s-2026-09-23\frames\frame-05524.jpg'
01:04.094  render           | Saved: 'C:\Users\ljh\tralalero Shooter\outputs\reststop-blender-300s-2026-09-23\frames\frame-05525.jpg'
01:04.297  render           | Saved: 'C:\Users\ljh\tralalero Shooter\outputs\reststop-blender-300s-2026-09-23\frames\frame-05526.jpg'
01:04.500  render           | Saved: 'C:\Users\ljh\tralalero Shooter\outputs\reststop-blender-300s-2026-09-23\frames\frame-05527.jpg'
01:04.703  render           | Saved: 'C:\Users\ljh\tralalero Shooter\outputs\reststop-blender-300s-2026-09-23\frames\frame-05528.jpg'
01:04.922  render           | Saved: 'C:\Users\ljh\tralalero Shooter\outputs\reststop-blender-300s-2026-09-23\frames\frame-05529.jpg'
01:05.125  render           | Saved: 'C:\Users\ljh\tralalero Shooter\outputs\reststop-blender-300s-2026-09-23\frames\frame-05530.jpg'
01:05.328  render           | Saved: 'C:\Users\ljh\tralalero Shooter\outputs\reststop-blender-300s-2026-09-23\frames\frame-05531.jpg'
01:05.563  render           | Saved: 'C:\Users\ljh\tralalero Shooter\outputs\reststop-blender-300s-2026-09-23\frames\frame-05532.jpg'
01:05.766  render           | Saved: 'C:\Users\ljh\tralalero Shooter\outputs\reststop-blender-300s-2026-09-23\frames\frame-05533.jpg'
01:05.969  render           | Saved: 'C:\Users\ljh\tralalero Shooter\outputs\reststop-blender-300s-2026-09-23\frames\frame-05534.jpg'
01:06.188  render           | Saved: 'C:\Users\ljh\tralalero Shooter\outputs\reststop-blender-300s-2026-09-23\frames\frame-05535.jpg'
01:06.391  render           | Saved: 'C:\Users\ljh\tralalero Shooter\outputs\reststop-blender-300s-2026-09-23\frames\frame-05536.jpg'
01:06.610  render           | Saved: 'C:\Users\ljh\tralalero Shooter\outputs\reststop-blender-300s-2026-09-23\frames\frame-05537.jpg'
01:06.813  render           | Saved: 'C:\Users\ljh\tralalero Shooter\outputs\reststop-blender-300s-2026-09-23\frames\frame-05538.jpg'
01:07.000  render           | Saved: 'C:\Users\ljh\tralalero Shooter\outputs\reststop-blender-300s-2026-09-23\frames\frame-05539.jpg'
01:07.203  render           | Saved: 'C:\Users\ljh\tralalero Shooter\outputs\reststop-blender-300s-2026-09-23\frames\frame-05540.jpg'
01:07.391  render           | Saved: 'C:\Users\ljh\tralalero Shooter\outputs\reststop-blender-300s-2026-09-23\frames\frame-05541.jpg'
01:07.594  render           | Saved: 'C:\Users\ljh\tralalero Shooter\outputs\reststop-blender-300s-2026-09-23\frames\frame-05542.jpg'
01:07.782  render           | Saved: 'C:\Users\ljh\tralalero Shooter\outputs\reststop-blender-300s-2026-09-23\frames\frame-05543.jpg'
01:07.985  render           | Saved: 'C:\Users\ljh\tralalero Shooter\outputs\reststop-blender-300s-2026-09-23\frames\frame-05544.jpg'
PROGRESS {"mode": "native-patch", "frame": 5544, "end": 6072, "rendered": 312, "elapsed": 66.68319821357727, "width": 1280, "engine": "BLENDER_EEVEE", "step": 1}
01:08.172  render           | Saved: 'C:\Users\ljh\tralalero Shooter\outputs\reststop-blender-300s-2026-09-23\frames\frame-05545.jpg'
01:08.360  render           | Saved: 'C:\Users\ljh\tralalero Shooter\outputs\reststop-blender-300s-2026-09-23\frames\frame-05546.jpg'
01:08.547  render           | Saved: 'C:\Users\ljh\tralalero Shooter\outputs\reststop-blender-300s-2026-09-23\frames\frame-05547.jpg'
01:08.735  render           | Saved: 'C:\Users\ljh\tralalero Shooter\outputs\reststop-blender-300s-2026-09-23\frames\frame-05548.jpg'
01:08.922  render           | Saved: 'C:\Users\ljh\tralalero Shooter\outputs\reststop-blender-300s-2026-09-23\frames\frame-05549.jpg'
01:09.125  render           | Saved: 'C:\Users\ljh\tralalero Shooter\outputs\reststop-blender-300s-2026-09-23\frames\frame-05550.jpg'
01:09.313  render           | Saved: 'C:\Users\ljh\tralalero Shooter\outputs\reststop-blender-300s-2026-09-23\frames\frame-05551.jpg'
01:09.500  render           | Saved: 'C:\Users\ljh\tralalero Shooter\outputs\reststop-blender-300s-2026-09-23\frames\frame-05552.jpg'
01:09.688  render           | Saved: 'C:\Users\ljh\tralalero Shooter\outputs\reststop-blender-300s-2026-09-23\frames\frame-05553.jpg'
01:09.875  render           | Saved: 'C:\Users\ljh\tralalero Shooter\outputs\reststop-blender-300s-2026-09-23\frames\frame-05554.jpg'
01:10.078  render           | Saved: 'C:\Users\ljh\tralalero Shooter\outputs\reststop-blender-300s-2026-09-23\frames\frame-05555.jpg'
01:10.266  render           | Saved: 'C:\Users\ljh\tralalero Shooter\outputs\reststop-blender-300s-2026-09-23\frames\frame-05556.jpg'
01:10.453  render           | Saved: 'C:\Users\ljh\tralalero Shooter\outputs\reststop-blender-300s-2026-09-23\frames\frame-05557.jpg'
01:10.641  render           | Saved: 'C:\Users\ljh\tralalero Shooter\outputs\reststop-blender-300s-2026-09-23\frames\frame-05558.jpg'
01:10.828  render           | Saved: 'C:\Users\ljh\tralalero Shooter\outputs\reststop-blender-300s-2026-09-23\frames\frame-05559.jpg'
01:11.000  render           | Saved: 'C:\Users\ljh\tralalero Shooter\outputs\reststop-blender-300s-2026-09-23\frames\frame-05560.jpg'
01:11.203  render           | Saved: 'C:\Users\ljh\tralalero Shooter\outputs\reststop-blender-300s-2026-09-23\frames\frame-05561.jpg'
01:11.391  render           | Saved: 'C:\Users\ljh\tralalero Shooter\outputs\reststop-blender-300s-2026-09-23\frames\frame-05562.jpg'
01:11.578  render           | Saved: 'C:\Users\ljh\tralalero Shooter\outputs\reststop-blender-300s-2026-09-23\frames\frame-05563.jpg'
01:11.750  render           | Saved: 'C:\Users\ljh\tralalero Shooter\outputs\reststop-blender-300s-2026-09-23\frames\frame-05564.jpg'
01:11.938  render           | Saved: 'C:\Users\ljh\tralalero Shooter\outputs\reststop-blender-300s-2026-09-23\frames\frame-05565.jpg'
01:12.125  render           | Saved: 'C:\Users\ljh\tralalero Shooter\outputs\reststop-blender-300s-2026-09-23\frames\frame-05566.jpg'
01:12.328  render           | Saved: 'C:\Users\ljh\tralalero Shooter\outputs\reststop-blender-300s-2026-09-23\frames\frame-05567.jpg'
01:12.516  render           | Saved: 'C:\Users\ljh\tralalero Shooter\outputs\reststop-blender-300s-2026-09-23\frames\frame-05568.jpg'
PROGRESS {"mode": "native-patch", "frame": 5568, "end": 6072, "rendered": 336, "elapsed": 71.21346926689148, "width": 1280, "engine": "BLENDER_EEVEE", "step": 1}
01:12.703  render           | Saved: 'C:\Users\ljh\tralalero Shooter\outputs\reststop-blender-300s-2026-09-23\frames\frame-05569.jpg'
01:12.891  render           | Saved: 'C:\Users\ljh\tralalero Shooter\outputs\reststop-blender-300s-2026-09-23\frames\frame-05570.jpg'
01:13.078  render           | Saved: 'C:\Users\ljh\tralalero Shooter\outputs\reststop-blender-300s-2026-09-23\frames\frame-05571.jpg'
01:13.282  render           | Saved: 'C:\Users\ljh\tralalero Shooter\outputs\reststop-blender-300s-2026-09-23\frames\frame-05572.jpg'
01:13.485  render           | Saved: 'C:\Users\ljh\tralalero Shooter\outputs\reststop-blender-300s-2026-09-23\frames\frame-05573.jpg'
01:13.688  render           | Saved: 'C:\Users\ljh\tralalero Shooter\outputs\reststop-blender-300s-2026-09-23\frames\frame-05574.jpg'
01:13.875  render           | Saved: 'C:\Users\ljh\tralalero Shooter\outputs\reststop-blender-300s-2026-09-23\frames\frame-05575.jpg'
01:14.078  render           | Saved: 'C:\Users\ljh\tralalero Shooter\outputs\reststop-blender-300s-2026-09-23\frames\frame-05576.jpg'
01:14.282  render           | Saved: 'C:\Users\ljh\tralalero Shooter\outputs\reststop-blender-300s-2026-09-23\frames\frame-05577.jpg'
01:14.485  render           | Saved: 'C:\Users\ljh\tralalero Shooter\outputs\reststop-blender-300s-2026-09-23\frames\frame-05578.jpg'
01:14.688  render           | Saved: 'C:\Users\ljh\tralalero Shooter\outputs\reststop-blender-300s-2026-09-23\frames\frame-05579.jpg'
01:14.875  render           | Saved: 'C:\Users\ljh\tralalero Shooter\outputs\reststop-blender-300s-2026-09-23\frames\frame-05580.jpg'
01:15.063  render           | Saved: 'C:\Users\ljh\tralalero Shooter\outputs\reststop-blender-300s-2026-09-23\frames\frame-05581.jpg'
01:15.250  render           | Saved: 'C:\Users\ljh\tralalero Shooter\outputs\reststop-blender-300s-2026-09-23\frames\frame-05582.jpg'
01:15.422  render           | Saved: 'C:\Users\ljh\tralalero Shooter\outputs\reststop-blender-300s-2026-09-23\frames\frame-05583.jpg'
01:15.625  render           | Saved: 'C:\Users\ljh\tralalero Shooter\outputs\reststop-blender-300s-2026-09-23\frames\frame-05584.jpg'
01:15.813  render           | Saved: 'C:\Users\ljh\tralalero Shooter\outputs\reststop-blender-300s-2026-09-23\frames\frame-05585.jpg'
01:16.000  render           | Saved: 'C:\Users\ljh\tralalero Shooter\outputs\reststop-blender-300s-2026-09-23\frames\frame-05586.jpg'
01:16.172  render           | Saved: 'C:\Users\ljh\tralalero Shooter\outputs\reststop-blender-300s-2026-09-23\frames\frame-05587.jpg'
01:16.360  render           | Saved: 'C:\Users\ljh\tralalero Shooter\outputs\reststop-blender-300s-2026-09-23\frames\frame-05588.jpg'
01:16.532  render           | Saved: 'C:\Users\ljh\tralalero Shooter\outputs\reststop-blender-300s-2026-09-23\frames\frame-05589.jpg'
01:16.735  render           | Saved: 'C:\Users\ljh\tralalero Shooter\outputs\reststop-blender-300s-2026-09-23\frames\frame-05590.jpg'
01:16.922  render           | Saved: 'C:\Users\ljh\tralalero Shooter\outputs\reststop-blender-300s-2026-09-23\frames\frame-05591.jpg'
01:17.110  render           | Saved: 'C:\Users\ljh\tralalero Shooter\outputs\reststop-blender-300s-2026-09-23\frames\frame-05592.jpg'
PROGRESS {"mode": "native-patch", "frame": 5592, "end": 6072, "rendered": 360, "elapsed": 75.81091618537903, "width": 1280, "engine": "BLENDER_EEVEE", "step": 1}
01:17.328  render           | Saved: 'C:\Users\ljh\tralalero Shooter\outputs\reststop-blender-300s-2026-09-23\frames\frame-05593.jpg'
01:17.516  render           | Saved: 'C:\Users\ljh\tralalero Shooter\outputs\reststop-blender-300s-2026-09-23\frames\frame-05594.jpg'
01:17.735  render           | Saved: 'C:\Users\ljh\tralalero Shooter\outputs\reststop-blender-300s-2026-09-23\frames\frame-05595.jpg'
01:17.938  render           | Saved: 'C:\Users\ljh\tralalero Shooter\outputs\reststop-blender-300s-2026-09-23\frames\frame-05596.jpg'
01:18.141  render           | Saved: 'C:\Users\ljh\tralalero Shooter\outputs\reststop-blender-300s-2026-09-23\frames\frame-05597.jpg'
01:18.328  render           | Saved: 'C:\Users\ljh\tralalero Shooter\outputs\reststop-blender-300s-2026-09-23\frames\frame-05598.jpg'
01:18.532  render           | Saved: 'C:\Users\ljh\tralalero Shooter\outputs\reststop-blender-300s-2026-09-23\frames\frame-05599.jpg'
01:18.735  render           | Saved: 'C:\Users\ljh\tralalero Shooter\outputs\reststop-blender-300s-2026-09-23\frames\frame-05600.jpg'
01:18.938  render           | Saved: 'C:\Users\ljh\tralalero Shooter\outputs\reststop-blender-300s-2026-09-23\frames\frame-05601.jpg'
01:19.157  render           | Saved: 'C:\Users\ljh\tralalero Shooter\outputs\reststop-blender-300s-2026-09-23\frames\frame-05602.jpg'
01:19.344  render           | Saved: 'C:\Users\ljh\tralalero Shooter\outputs\reststop-blender-300s-2026-09-23\frames\frame-05603.jpg'
01:19.532  render           | Saved: 'C:\Users\ljh\tralalero Shooter\outputs\reststop-blender-300s-2026-09-23\frames\frame-05604.jpg'
01:19.719  render           | Saved: 'C:\Users\ljh\tralalero Shooter\outputs\reststop-blender-300s-2026-09-23\frames\frame-05605.jpg'
01:19.907  render           | Saved: 'C:\Users\ljh\tralalero Shooter\outputs\reststop-blender-300s-2026-09-23\frames\frame-05606.jpg'
01:20.125  render           | Saved: 'C:\Users\ljh\tralalero Shooter\outputs\reststop-blender-300s-2026-09-23\frames\frame-05607.jpg'
01:20.328  render           | Saved: 'C:\Users\ljh\tralalero Shooter\outputs\reststop-blender-300s-2026-09-23\frames\frame-05608.jpg'
01:20.516  render           | Saved: 'C:\Users\ljh\tralalero Shooter\outputs\reststop-blender-300s-2026-09-23\frames\frame-05609.jpg'
01:20.719  render           | Saved: 'C:\Users\ljh\tralalero Shooter\outputs\reststop-blender-300s-2026-09-23\frames\frame-05610.jpg'
01:20.922  render           | Saved: 'C:\Users\ljh\tralalero Shooter\outputs\reststop-blender-300s-2026-09-23\frames\frame-05611.jpg'
01:21.110  render           | Saved: 'C:\Users\ljh\tralalero Shooter\outputs\reststop-blender-300s-2026-09-23\frames\frame-05612.jpg'
01:21.297  render           | Saved: 'C:\Users\ljh\tralalero Shooter\outputs\reststop-blender-300s-2026-09-23\frames\frame-05613.jpg'
01:21.485  render           | Saved: 'C:\Users\ljh\tralalero Shooter\outputs\reststop-blender-300s-2026-09-23\frames\frame-05614.jpg'
01:21.672  render           | Saved: 'C:\Users\ljh\tralalero Shooter\outputs\reststop-blender-300s-2026-09-23\frames\frame-05615.jpg'
01:21.891  render           | Saved: 'C:\Users\ljh\tralalero Shooter\outputs\reststop-blender-300s-2026-09-23\frames\frame-05616.jpg'
PROGRESS {"mode": "native-patch", "frame": 5616, "end": 6072, "rendered": 384, "elapsed": 80.59409832954407, "width": 1280, "engine": "BLENDER_EEVEE", "step": 1}
01:22.094  render           | Saved: 'C:\Users\ljh\tralalero Shooter\outputs\reststop-blender-300s-2026-09-23\frames\frame-05617.jpg'
01:22.297  render           | Saved: 'C:\Users\ljh\tralalero Shooter\outputs\reststop-blender-300s-2026-09-23\frames\frame-05618.jpg'
01:22.500  render           | Saved: 'C:\Users\ljh\tralalero Shooter\outputs\reststop-blender-300s-2026-09-23\frames\frame-05619.jpg'
01:22.703  render           | Saved: 'C:\Users\ljh\tralalero Shooter\outputs\reststop-blender-300s-2026-09-23\frames\frame-05620.jpg'
01:22.891  render           | Saved: 'C:\Users\ljh\tralalero Shooter\outputs\reststop-blender-300s-2026-09-23\frames\frame-05621.jpg'
01:23.078  render           | Saved: 'C:\Users\ljh\tralalero Shooter\outputs\reststop-blender-300s-2026-09-23\frames\frame-05622.jpg'
01:23.266  render           | Saved: 'C:\Users\ljh\tralalero Shooter\outputs\reststop-blender-300s-2026-09-23\frames\frame-05623.jpg'
01:23.453  render           | Saved: 'C:\Users\ljh\tralalero Shooter\outputs\reststop-blender-300s-2026-09-23\frames\frame-05624.jpg'
01:23.641  render           | Saved: 'C:\Users\ljh\tralalero Shooter\outputs\reststop-blender-300s-2026-09-23\frames\frame-05625.jpg'
01:23.828  render           | Saved: 'C:\Users\ljh\tralalero Shooter\outputs\reststop-blender-300s-2026-09-23\frames\frame-05626.jpg'
01:24.016  render           | Saved: 'C:\Users\ljh\tralalero Shooter\outputs\reststop-blender-300s-2026-09-23\frames\frame-05627.jpg'
01:24.203  render           | Saved: 'C:\Users\ljh\tralalero Shooter\outputs\reststop-blender-300s-2026-09-23\frames\frame-05628.jpg'
01:24.375  render           | Saved: 'C:\Users\ljh\tralalero Shooter\outputs\reststop-blender-300s-2026-09-23\frames\frame-05629.jpg'
01:24.563  render           | Saved: 'C:\Users\ljh\tralalero Shooter\outputs\reststop-blender-300s-2026-09-23\frames\frame-05630.jpg'
01:24.750  render           | Saved: 'C:\Users\ljh\tralalero Shooter\outputs\reststop-blender-300s-2026-09-23\frames\frame-05631.jpg'
01:24.953  render           | Saved: 'C:\Users\ljh\tralalero Shooter\outputs\reststop-blender-300s-2026-09-23\frames\frame-05632.jpg'
01:25.141  render           | Saved: 'C:\Users\ljh\tralalero Shooter\outputs\reststop-blender-300s-2026-09-23\frames\frame-05633.jpg'
01:25.328  render           | Saved: 'C:\Users\ljh\tralalero Shooter\outputs\reststop-blender-300s-2026-09-23\frames\frame-05634.jpg'
01:25.547  render           | Saved: 'C:\Users\ljh\tralalero Shooter\outputs\reststop-blender-300s-2026-09-23\frames\frame-05635.jpg'
01:25.750  render           | Saved: 'C:\Users\ljh\tralalero Shooter\outputs\reststop-blender-300s-2026-09-23\frames\frame-05636.jpg'
01:25.953  render           | Saved: 'C:\Users\ljh\tralalero Shooter\outputs\reststop-blender-300s-2026-09-23\frames\frame-05637.jpg'
01:26.172  render           | Saved: 'C:\Users\ljh\tralalero Shooter\outputs\reststop-blender-300s-2026-09-23\frames\frame-05638.jpg'
01:26.375  render           | Saved: 'C:\Users\ljh\tralalero Shooter\outputs\reststop-blender-300s-2026-09-23\frames\frame-05639.jpg'
01:26.578  render           | Saved: 'C:\Users\ljh\tralalero Shooter\outputs\reststop-blender-300s-2026-09-23\frames\frame-05640.jpg'
PROGRESS {"mode": "native-patch", "frame": 5640, "end": 6072, "rendered": 408, "elapsed": 85.28664064407349, "width": 1280, "engine": "BLENDER_EEVEE", "step": 1}
01:26.782  render           | Saved: 'C:\Users\ljh\tralalero Shooter\outputs\reststop-blender-300s-2026-09-23\frames\frame-05641.jpg'
01:26.985  render           | Saved: 'C:\Users\ljh\tralalero Shooter\outputs\reststop-blender-300s-2026-09-23\frames\frame-05642.jpg'
01:27.188  render           | Saved: 'C:\Users\ljh\tralalero Shooter\outputs\reststop-blender-300s-2026-09-23\frames\frame-05643.jpg'
01:27.391  render           | Saved: 'C:\Users\ljh\tralalero Shooter\outputs\reststop-blender-300s-2026-09-23\frames\frame-05644.jpg'
01:27.578  render           | Saved: 'C:\Users\ljh\tralalero Shooter\outputs\reststop-blender-300s-2026-09-23\frames\frame-05645.jpg'
01:27.782  render           | Saved: 'C:\Users\ljh\tralalero Shooter\outputs\reststop-blender-300s-2026-09-23\frames\frame-05646.jpg'
01:28.016  render           | Saved: 'C:\Users\ljh\tralalero Shooter\outputs\reststop-blender-300s-2026-09-23\frames\frame-05647.jpg'
01:28.250  render           | Saved: 'C:\Users\ljh\tralalero Shooter\outputs\reststop-blender-300s-2026-09-23\frames\frame-05648.jpg'
01:28.453  render           | Saved: 'C:\Users\ljh\tralalero Shooter\outputs\reststop-blender-300s-2026-09-23\frames\frame-05649.jpg'
01:28.672  render           | Saved: 'C:\Users\ljh\tralalero Shooter\outputs\reststop-blender-300s-2026-09-23\frames\frame-05650.jpg'
01:28.875  render           | Saved: 'C:\Users\ljh\tralalero Shooter\outputs\reststop-blender-300s-2026-09-23\frames\frame-05651.jpg'
01:29.078  render           | Saved: 'C:\Users\ljh\tralalero Shooter\outputs\reststop-blender-300s-2026-09-23\frames\frame-05652.jpg'
01:29.282  render           | Saved: 'C:\Users\ljh\tralalero Shooter\outputs\reststop-blender-300s-2026-09-23\frames\frame-05653.jpg'
01:29.500  render           | Saved: 'C:\Users\ljh\tralalero Shooter\outputs\reststop-blender-300s-2026-09-23\frames\frame-05654.jpg'
01:29.719  render           | Saved: 'C:\Users\ljh\tralalero Shooter\outputs\reststop-blender-300s-2026-09-23\frames\frame-05655.jpg'
01:29.922  render           | Saved: 'C:\Users\ljh\tralalero Shooter\outputs\reststop-blender-300s-2026-09-23\frames\frame-05656.jpg'
01:30.110  render           | Saved: 'C:\Users\ljh\tralalero Shooter\outputs\reststop-blender-300s-2026-09-23\frames\frame-05657.jpg'
01:30.313  render           | Saved: 'C:\Users\ljh\tralalero Shooter\outputs\reststop-blender-300s-2026-09-23\frames\frame-05658.jpg'
01:30.485  render           | Saved: 'C:\Users\ljh\tralalero Shooter\outputs\reststop-blender-300s-2026-09-23\frames\frame-05659.jpg'
01:30.688  render           | Saved: 'C:\Users\ljh\tralalero Shooter\outputs\reststop-blender-300s-2026-09-23\frames\frame-05660.jpg'
01:30.891  render           | Saved: 'C:\Users\ljh\tralalero Shooter\outputs\reststop-blender-300s-2026-09-23\frames\frame-05661.jpg'
01:31.110  render           | Saved: 'C:\Users\ljh\tralalero Shooter\outputs\reststop-blender-300s-2026-09-23\frames\frame-05662.jpg'
01:31.297  render           | Saved: 'C:\Users\ljh\tralalero Shooter\outputs\reststop-blender-300s-2026-09-23\frames\frame-05663.jpg'
01:31.500  render           | Saved: 'C:\Users\ljh\tralalero Shooter\outputs\reststop-blender-300s-2026-09-23\frames\frame-05664.jpg'
PROGRESS {"mode": "native-patch", "frame": 5664, "end": 6072, "rendered": 432, "elapsed": 90.19287919998169, "width": 1280, "engine": "BLENDER_EEVEE", "step": 1}
01:31.703  render           | Saved: 'C:\Users\ljh\tralalero Shooter\outputs\reststop-blender-300s-2026-09-23\frames\frame-05665.jpg'
01:31.922  render           | Saved: 'C:\Users\ljh\tralalero Shooter\outputs\reststop-blender-300s-2026-09-23\frames\frame-05666.jpg'
01:32.125  render           | Saved: 'C:\Users\ljh\tralalero Shooter\outputs\reststop-blender-300s-2026-09-23\frames\frame-05667.jpg'
01:32.328  render           | Saved: 'C:\Users\ljh\tralalero Shooter\outputs\reststop-blender-300s-2026-09-23\frames\frame-05668.jpg'
01:32.547  render           | Saved: 'C:\Users\ljh\tralalero Shooter\outputs\reststop-blender-300s-2026-09-23\frames\frame-05669.jpg'
01:32.766  render           | Saved: 'C:\Users\ljh\tralalero Shooter\outputs\reststop-blender-300s-2026-09-23\frames\frame-05670.jpg'
01:32.953  render           | Saved: 'C:\Users\ljh\tralalero Shooter\outputs\reststop-blender-300s-2026-09-23\frames\frame-05671.jpg'
01:33.172  render           | Saved: 'C:\Users\ljh\tralalero Shooter\outputs\reststop-blender-300s-2026-09-23\frames\frame-05672.jpg'
01:33.407  render           | Saved: 'C:\Users\ljh\tralalero Shooter\outputs\reststop-blender-300s-2026-09-23\frames\frame-05673.jpg'
01:33.610  render           | Saved: 'C:\Users\ljh\tralalero Shooter\outputs\reststop-blender-300s-2026-09-23\frames\frame-05674.jpg'
01:33.813  render           | Saved: 'C:\Users\ljh\tralalero Shooter\outputs\reststop-blender-300s-2026-09-23\frames\frame-05675.jpg'
01:34.016  render           | Saved: 'C:\Users\ljh\tralalero Shooter\outputs\reststop-blender-300s-2026-09-23\frames\frame-05676.jpg'
01:34.219  render           | Saved: 'C:\Users\ljh\tralalero Shooter\outputs\reststop-blender-300s-2026-09-23\frames\frame-05677.jpg'
01:34.422  render           | Saved: 'C:\Users\ljh\tralalero Shooter\outputs\reststop-blender-300s-2026-09-23\frames\frame-05678.jpg'
01:34.610  render           | Saved: 'C:\Users\ljh\tralalero Shooter\outputs\reststop-blender-300s-2026-09-23\frames\frame-05679.jpg'
01:34.828  render           | Saved: 'C:\Users\ljh\tralalero Shooter\outputs\reststop-blender-300s-2026-09-23\frames\frame-05680.jpg'
01:35.047  render           | Saved: 'C:\Users\ljh\tralalero Shooter\outputs\reststop-blender-300s-2026-09-23\frames\frame-05681.jpg'
01:35.266  render           | Saved: 'C:\Users\ljh\tralalero Shooter\outputs\reststop-blender-300s-2026-09-23\frames\frame-05682.jpg'
01:35.485  render           | Saved: 'C:\Users\ljh\tralalero Shooter\outputs\reststop-blender-300s-2026-09-23\frames\frame-05683.jpg'
01:35.703  render           | Saved: 'C:\Users\ljh\tralalero Shooter\outputs\reststop-blender-300s-2026-09-23\frames\frame-05684.jpg'
01:35.922  render           | Saved: 'C:\Users\ljh\tralalero Shooter\outputs\reststop-blender-300s-2026-09-23\frames\frame-05685.jpg'
01:36.125  render           | Saved: 'C:\Users\ljh\tralalero Shooter\outputs\reststop-blender-300s-2026-09-23\frames\frame-05686.jpg'
01:36.344  render           | Saved: 'C:\Users\ljh\tralalero Shooter\outputs\reststop-blender-300s-2026-09-23\frames\frame-05687.jpg'
01:36.547  render           | Saved: 'C:\Users\ljh\tralalero Shooter\outputs\reststop-blender-300s-2026-09-23\frames\frame-05688.jpg'
PROGRESS {"mode": "native-patch", "frame": 5688, "end": 6072, "rendered": 456, "elapsed": 95.24977040290833, "width": 1280, "engine": "BLENDER_EEVEE", "step": 1}
01:36.766  render           | Saved: 'C:\Users\ljh\tralalero Shooter\outputs\reststop-blender-300s-2026-09-23\frames\frame-05689.jpg'
01:36.985  render           | Saved: 'C:\Users\ljh\tralalero Shooter\outputs\reststop-blender-300s-2026-09-23\frames\frame-05690.jpg'
01:37.188  render           | Saved: 'C:\Users\ljh\tralalero Shooter\outputs\reststop-blender-300s-2026-09-23\frames\frame-05691.jpg'
01:37.407  render           | Saved: 'C:\Users\ljh\tralalero Shooter\outputs\reststop-blender-300s-2026-09-23\frames\frame-05692.jpg'
01:37.625  render           | Saved: 'C:\Users\ljh\tralalero Shooter\outputs\reststop-blender-300s-2026-09-23\frames\frame-05693.jpg'
01:37.828  render           | Saved: 'C:\Users\ljh\tralalero Shooter\outputs\reststop-blender-300s-2026-09-23\frames\frame-05694.jpg'
01:38.047  render           | Saved: 'C:\Users\ljh\tralalero Shooter\outputs\reststop-blender-300s-2026-09-23\frames\frame-05695.jpg'
01:38.266  render           | Saved: 'C:\Users\ljh\tralalero Shooter\outputs\reststop-blender-300s-2026-09-23\frames\frame-05696.jpg'
01:38.485  render           | Saved: 'C:\Users\ljh\tralalero Shooter\outputs\reststop-blender-300s-2026-09-23\frames\frame-05697.jpg'
01:38.688  render           | Saved: 'C:\Users\ljh\tralalero Shooter\outputs\reststop-blender-300s-2026-09-23\frames\frame-05698.jpg'
01:38.922  render           | Saved: 'C:\Users\ljh\tralalero Shooter\outputs\reststop-blender-300s-2026-09-23\frames\frame-05699.jpg'
01:39.141  render           | Saved: 'C:\Users\ljh\tralalero Shooter\outputs\reststop-blender-300s-2026-09-23\frames\frame-05700.jpg'
01:39.391  render           | Saved: 'C:\Users\ljh\tralalero Shooter\outputs\reststop-blender-300s-2026-09-23\frames\frame-05701.jpg'
01:39.594  render           | Saved: 'C:\Users\ljh\tralalero Shooter\outputs\reststop-blender-300s-2026-09-23\frames\frame-05702.jpg'
01:39.813  render           | Saved: 'C:\Users\ljh\tralalero Shooter\outputs\reststop-blender-300s-2026-09-23\frames\frame-05703.jpg'
01:40.032  render           | Saved: 'C:\Users\ljh\tralalero Shooter\outputs\reststop-blender-300s-2026-09-23\frames\frame-05704.jpg'
01:40.266  render           | Saved: 'C:\Users\ljh\tralalero Shooter\outputs\reststop-blender-300s-2026-09-23\frames\frame-05705.jpg'
01:40.469  render           | Saved: 'C:\Users\ljh\tralalero Shooter\outputs\reststop-blender-300s-2026-09-23\frames\frame-05706.jpg'
01:40.703  render           | Saved: 'C:\Users\ljh\tralalero Shooter\outputs\reststop-blender-300s-2026-09-23\frames\frame-05707.jpg'
01:40.907  render           | Saved: 'C:\Users\ljh\tralalero Shooter\outputs\reststop-blender-300s-2026-09-23\frames\frame-05708.jpg'
01:41.110  render           | Saved: 'C:\Users\ljh\tralalero Shooter\outputs\reststop-blender-300s-2026-09-23\frames\frame-05709.jpg'
01:41.313  render           | Saved: 'C:\Users\ljh\tralalero Shooter\outputs\reststop-blender-300s-2026-09-23\frames\frame-05710.jpg'
01:41.547  render           | Saved: 'C:\Users\ljh\tralalero Shooter\outputs\reststop-blender-300s-2026-09-23\frames\frame-05711.jpg'
01:41.750  render           | Saved: 'C:\Users\ljh\tralalero Shooter\outputs\reststop-blender-300s-2026-09-23\frames\frame-05712.jpg'
PROGRESS {"mode": "native-patch", "frame": 5712, "end": 6072, "rendered": 480, "elapsed": 100.45241618156433, "width": 1280, "engine": "BLENDER_EEVEE", "step": 1}
01:41.953  render           | Saved: 'C:\Users\ljh\tralalero Shooter\outputs\reststop-blender-300s-2026-09-23\frames\frame-05713.jpg'
01:42.141  render           | Saved: 'C:\Users\ljh\tralalero Shooter\outputs\reststop-blender-300s-2026-09-23\frames\frame-05714.jpg'
01:42.344  render           | Saved: 'C:\Users\ljh\tralalero Shooter\outputs\reststop-blender-300s-2026-09-23\frames\frame-05715.jpg'
01:42.532  render           | Saved: 'C:\Users\ljh\tralalero Shooter\outputs\reststop-blender-300s-2026-09-23\frames\frame-05716.jpg'
01:42.735  render           | Saved: 'C:\Users\ljh\tralalero Shooter\outputs\reststop-blender-300s-2026-09-23\frames\frame-05717.jpg'
01:42.938  render           | Saved: 'C:\Users\ljh\tralalero Shooter\outputs\reststop-blender-300s-2026-09-23\frames\frame-05718.jpg'
01:43.141  render           | Saved: 'C:\Users\ljh\tralalero Shooter\outputs\reststop-blender-300s-2026-09-23\frames\frame-05719.jpg'
01:43.344  render           | Saved: 'C:\Users\ljh\tralalero Shooter\outputs\reststop-blender-300s-2026-09-23\frames\frame-05720.jpg'
01:43.547  render           | Saved: 'C:\Users\ljh\tralalero Shooter\outputs\reststop-blender-300s-2026-09-23\frames\frame-05721.jpg'
01:43.750  render           | Saved: 'C:\Users\ljh\tralalero Shooter\outputs\reststop-blender-300s-2026-09-23\frames\frame-05722.jpg'
01:43.953  render           | Saved: 'C:\Users\ljh\tralalero Shooter\outputs\reststop-blender-300s-2026-09-23\frames\frame-05723.jpg'
01:44.141  render           | Saved: 'C:\Users\ljh\tralalero Shooter\outputs\reststop-blender-300s-2026-09-23\frames\frame-05724.jpg'
01:44.344  render           | Saved: 'C:\Users\ljh\tralalero Shooter\outputs\reststop-blender-300s-2026-09-23\frames\frame-05725.jpg'
01:44.547  render           | Saved: 'C:\Users\ljh\tralalero Shooter\outputs\reststop-blender-300s-2026-09-23\frames\frame-05726.jpg'
01:44.750  render           | Saved: 'C:\Users\ljh\tralalero Shooter\outputs\reststop-blender-300s-2026-09-23\frames\frame-05727.jpg'
01:44.953  render           | Saved: 'C:\Users\ljh\tralalero Shooter\outputs\reststop-blender-300s-2026-09-23\frames\frame-05728.jpg'
01:45.157  render           | Saved: 'C:\Users\ljh\tralalero Shooter\outputs\reststop-blender-300s-2026-09-23\frames\frame-05729.jpg'
01:45.360  render           | Saved: 'C:\Users\ljh\tralalero Shooter\outputs\reststop-blender-300s-2026-09-23\frames\frame-05730.jpg'
01:45.563  render           | Saved: 'C:\Users\ljh\tralalero Shooter\outputs\reststop-blender-300s-2026-09-23\frames\frame-05731.jpg'
01:45.750  render           | Saved: 'C:\Users\ljh\tralalero Shooter\outputs\reststop-blender-300s-2026-09-23\frames\frame-05732.jpg'
01:45.953  render           | Saved: 'C:\Users\ljh\tralalero Shooter\outputs\reststop-blender-300s-2026-09-23\frames\frame-05733.jpg'
01:46.157  render           | Saved: 'C:\Users\ljh\tralalero Shooter\outputs\reststop-blender-300s-2026-09-23\frames\frame-05734.jpg'
01:46.360  render           | Saved: 'C:\Users\ljh\tralalero Shooter\outputs\reststop-blender-300s-2026-09-23\frames\frame-05735.jpg'
01:46.547  render           | Saved: 'C:\Users\ljh\tralalero Shooter\outputs\reststop-blender-300s-2026-09-23\frames\frame-05736.jpg'
PROGRESS {"mode": "native-patch", "frame": 5736, "end": 6072, "rendered": 504, "elapsed": 105.25316572189331, "width": 1280, "engine": "BLENDER_EEVEE", "step": 1}
01:46.750  render           | Saved: 'C:\Users\ljh\tralalero Shooter\outputs\reststop-blender-300s-2026-09-23\frames\frame-05737.jpg'
01:46.938  render           | Saved: 'C:\Users\ljh\tralalero Shooter\outputs\reststop-blender-300s-2026-09-23\frames\frame-05738.jpg'
01:47.157  render           | Saved: 'C:\Users\ljh\tralalero Shooter\outputs\reststop-blender-300s-2026-09-23\frames\frame-05739.jpg'
01:47.344  render           | Saved: 'C:\Users\ljh\tralalero Shooter\outputs\reststop-blender-300s-2026-09-23\frames\frame-05740.jpg'
01:47.532  render           | Saved: 'C:\Users\ljh\tralalero Shooter\outputs\reststop-blender-300s-2026-09-23\frames\frame-05741.jpg'
01:47.735  render           | Saved: 'C:\Users\ljh\tralalero Shooter\outputs\reststop-blender-300s-2026-09-23\frames\frame-05742.jpg'
01:47.938  render           | Saved: 'C:\Users\ljh\tralalero Shooter\outputs\reststop-blender-300s-2026-09-23\frames\frame-05743.jpg'
01:48.141  render           | Saved: 'C:\Users\ljh\tralalero Shooter\outputs\reststop-blender-300s-2026-09-23\frames\frame-05744.jpg'
01:48.344  render           | Saved: 'C:\Users\ljh\tralalero Shooter\outputs\reststop-blender-300s-2026-09-23\frames\frame-05745.jpg'
01:48.532  render           | Saved: 'C:\Users\ljh\tralalero Shooter\outputs\reststop-blender-300s-2026-09-23\frames\frame-05746.jpg'
01:48.735  render           | Saved: 'C:\Users\ljh\tralalero Shooter\outputs\reststop-blender-300s-2026-09-23\frames\frame-05747.jpg'
01:48.938  render           | Saved: 'C:\Users\ljh\tralalero Shooter\outputs\reststop-blender-300s-2026-09-23\frames\frame-05748.jpg'
01:49.125  render           | Saved: 'C:\Users\ljh\tralalero Shooter\outputs\reststop-blender-300s-2026-09-23\frames\frame-05749.jpg'
01:49.344  render           | Saved: 'C:\Users\ljh\tralalero Shooter\outputs\reststop-blender-300s-2026-09-23\frames\frame-05750.jpg'
01:49.532  render           | Saved: 'C:\Users\ljh\tralalero Shooter\outputs\reststop-blender-300s-2026-09-23\frames\frame-05751.jpg'
01:49.735  render           | Saved: 'C:\Users\ljh\tralalero Shooter\outputs\reststop-blender-300s-2026-09-23\frames\frame-05752.jpg'
01:49.922  render           | Saved: 'C:\Users\ljh\tralalero Shooter\outputs\reststop-blender-300s-2026-09-23\frames\frame-05753.jpg'
01:50.110  render           | Saved: 'C:\Users\ljh\tralalero Shooter\outputs\reststop-blender-300s-2026-09-23\frames\frame-05754.jpg'
01:50.297  render           | Saved: 'C:\Users\ljh\tralalero Shooter\outputs\reststop-blender-300s-2026-09-23\frames\frame-05755.jpg'
01:50.500  render           | Saved: 'C:\Users\ljh\tralalero Shooter\outputs\reststop-blender-300s-2026-09-23\frames\frame-05756.jpg'
01:50.688  render           | Saved: 'C:\Users\ljh\tralalero Shooter\outputs\reststop-blender-300s-2026-09-23\frames\frame-05757.jpg'
01:50.891  render           | Saved: 'C:\Users\ljh\tralalero Shooter\outputs\reststop-blender-300s-2026-09-23\frames\frame-05758.jpg'
01:51.094  render           | Saved: 'C:\Users\ljh\tralalero Shooter\outputs\reststop-blender-300s-2026-09-23\frames\frame-05759.jpg'
01:51.297  render           | Saved: 'C:\Users\ljh\tralalero Shooter\outputs\reststop-blender-300s-2026-09-23\frames\frame-05760.jpg'
PROGRESS {"mode": "native-patch", "frame": 5760, "end": 6072, "rendered": 528, "elapsed": 109.9959466457367, "width": 1280, "engine": "BLENDER_EEVEE", "step": 1}
01:51.532  render           | Saved: 'C:\Users\ljh\tralalero Shooter\outputs\reststop-blender-300s-2026-09-23\frames\frame-05761.jpg'
01:51.750  render           | Saved: 'C:\Users\ljh\tralalero Shooter\outputs\reststop-blender-300s-2026-09-23\frames\frame-05762.jpg'
01:51.938  render           | Saved: 'C:\Users\ljh\tralalero Shooter\outputs\reststop-blender-300s-2026-09-23\frames\frame-05763.jpg'
01:52.125  render           | Saved: 'C:\Users\ljh\tralalero Shooter\outputs\reststop-blender-300s-2026-09-23\frames\frame-05764.jpg'
01:52.360  render           | Saved: 'C:\Users\ljh\tralalero Shooter\outputs\reststop-blender-300s-2026-09-23\frames\frame-05765.jpg'
01:52.547  render           | Saved: 'C:\Users\ljh\tralalero Shooter\outputs\reststop-blender-300s-2026-09-23\frames\frame-05766.jpg'
01:52.750  render           | Saved: 'C:\Users\ljh\tralalero Shooter\outputs\reststop-blender-300s-2026-09-23\frames\frame-05767.jpg'
01:52.938  render           | Saved: 'C:\Users\ljh\tralalero Shooter\outputs\reststop-blender-300s-2026-09-23\frames\frame-05768.jpg'
01:53.141  render           | Saved: 'C:\Users\ljh\tralalero Shooter\outputs\reststop-blender-300s-2026-09-23\frames\frame-05769.jpg'
01:53.360  render           | Saved: 'C:\Users\ljh\tralalero Shooter\outputs\reststop-blender-300s-2026-09-23\frames\frame-05770.jpg'
01:53.563  render           | Saved: 'C:\Users\ljh\tralalero Shooter\outputs\reststop-blender-300s-2026-09-23\frames\frame-05771.jpg'
01:53.750  render           | Saved: 'C:\Users\ljh\tralalero Shooter\outputs\reststop-blender-300s-2026-09-23\frames\frame-05772.jpg'
01:53.938  render           | Saved: 'C:\Users\ljh\tralalero Shooter\outputs\reststop-blender-300s-2026-09-23\frames\frame-05773.jpg'
01:54.125  render           | Saved: 'C:\Users\ljh\tralalero Shooter\outputs\reststop-blender-300s-2026-09-23\frames\frame-05774.jpg'
01:54.360  render           | Saved: 'C:\Users\ljh\tralalero Shooter\outputs\reststop-blender-300s-2026-09-23\frames\frame-05775.jpg'
01:54.578  render           | Saved: 'C:\Users\ljh\tralalero Shooter\outputs\reststop-blender-300s-2026-09-23\frames\frame-05776.jpg'
01:54.766  render           | Saved: 'C:\Users\ljh\tralalero Shooter\outputs\reststop-blender-300s-2026-09-23\frames\frame-05777.jpg'
01:54.953  render           | Saved: 'C:\Users\ljh\tralalero Shooter\outputs\reststop-blender-300s-2026-09-23\frames\frame-05778.jpg'
01:55.172  render           | Saved: 'C:\Users\ljh\tralalero Shooter\outputs\reststop-blender-300s-2026-09-23\frames\frame-05779.jpg'
01:55.375  render           | Saved: 'C:\Users\ljh\tralalero Shooter\outputs\reststop-blender-300s-2026-09-23\frames\frame-05780.jpg'
01:55.563  render           | Saved: 'C:\Users\ljh\tralalero Shooter\outputs\reststop-blender-300s-2026-09-23\frames\frame-05781.jpg'
01:55.750  render           | Saved: 'C:\Users\ljh\tralalero Shooter\outputs\reststop-blender-300s-2026-09-23\frames\frame-05782.jpg'
01:55.938  render           | Saved: 'C:\Users\ljh\tralalero Shooter\outputs\reststop-blender-300s-2026-09-23\frames\frame-05783.jpg'
01:56.141  render           | Saved: 'C:\Users\ljh\tralalero Shooter\outputs\reststop-blender-300s-2026-09-23\frames\frame-05784.jpg'
PROGRESS {"mode": "native-patch", "frame": 5784, "end": 6072, "rendered": 552, "elapsed": 114.84056067466736, "width": 1280, "engine": "BLENDER_EEVEE", "step": 1}
01:56.344  render           | Saved: 'C:\Users\ljh\tralalero Shooter\outputs\reststop-blender-300s-2026-09-23\frames\frame-05785.jpg'
01:56.547  render           | Saved: 'C:\Users\ljh\tralalero Shooter\outputs\reststop-blender-300s-2026-09-23\frames\frame-05786.jpg'
01:56.735  render           | Saved: 'C:\Users\ljh\tralalero Shooter\outputs\reststop-blender-300s-2026-09-23\frames\frame-05787.jpg'
01:56.938  render           | Saved: 'C:\Users\ljh\tralalero Shooter\outputs\reststop-blender-300s-2026-09-23\frames\frame-05788.jpg'
01:57.125  render           | Saved: 'C:\Users\ljh\tralalero Shooter\outputs\reststop-blender-300s-2026-09-23\frames\frame-05789.jpg'
01:57.328  render           | Saved: 'C:\Users\ljh\tralalero Shooter\outputs\reststop-blender-300s-2026-09-23\frames\frame-05790.jpg'
01:57.532  render           | Saved: 'C:\Users\ljh\tralalero Shooter\outputs\reststop-blender-300s-2026-09-23\frames\frame-05791.jpg'
01:57.735  render           | Saved: 'C:\Users\ljh\tralalero Shooter\outputs\reststop-blender-300s-2026-09-23\frames\frame-05792.jpg'
01:57.938  render           | Saved: 'C:\Users\ljh\tralalero Shooter\outputs\reststop-blender-300s-2026-09-23\frames\frame-05793.jpg'
01:58.141  render           | Saved: 'C:\Users\ljh\tralalero Shooter\outputs\reststop-blender-300s-2026-09-23\frames\frame-05794.jpg'
01:58.344  render           | Saved: 'C:\Users\ljh\tralalero Shooter\outputs\reststop-blender-300s-2026-09-23\frames\frame-05795.jpg'
01:58.547  render           | Saved: 'C:\Users\ljh\tralalero Shooter\outputs\reststop-blender-300s-2026-09-23\frames\frame-05796.jpg'
01:58.750  render           | Saved: 'C:\Users\ljh\tralalero Shooter\outputs\reststop-blender-300s-2026-09-23\frames\frame-05797.jpg'
01:58.953  render           | Saved: 'C:\Users\ljh\tralalero Shooter\outputs\reststop-blender-300s-2026-09-23\frames\frame-05798.jpg'
01:59.141  render           | Saved: 'C:\Users\ljh\tralalero Shooter\outputs\reststop-blender-300s-2026-09-23\frames\frame-05799.jpg'
01:59.344  render           | Saved: 'C:\Users\ljh\tralalero Shooter\outputs\reststop-blender-300s-2026-09-23\frames\frame-05800.jpg'
01:59.547  render           | Saved: 'C:\Users\ljh\tralalero Shooter\outputs\reststop-blender-300s-2026-09-23\frames\frame-05801.jpg'
01:59.750  render           | Saved: 'C:\Users\ljh\tralalero Shooter\outputs\reststop-blender-300s-2026-09-23\frames\frame-05802.jpg'
01:59.953  render           | Saved: 'C:\Users\ljh\tralalero Shooter\outputs\reststop-blender-300s-2026-09-23\frames\frame-05803.jpg'
02:00.157  render           | Saved: 'C:\Users\ljh\tralalero Shooter\outputs\reststop-blender-300s-2026-09-23\frames\frame-05804.jpg'
02:00.360  render           | Saved: 'C:\Users\ljh\tralalero Shooter\outputs\reststop-blender-300s-2026-09-23\frames\frame-05805.jpg'
02:00.547  render           | Saved: 'C:\Users\ljh\tralalero Shooter\outputs\reststop-blender-300s-2026-09-23\frames\frame-05806.jpg'
02:00.735  render           | Saved: 'C:\Users\ljh\tralalero Shooter\outputs\reststop-blender-300s-2026-09-23\frames\frame-05807.jpg'
02:00.938  render           | Saved: 'C:\Users\ljh\tralalero Shooter\outputs\reststop-blender-300s-2026-09-23\frames\frame-05808.jpg'
PROGRESS {"mode": "native-patch", "frame": 5808, "end": 6072, "rendered": 576, "elapsed": 119.63396835327148, "width": 1280, "engine": "BLENDER_EEVEE", "step": 1}
02:01.125  render           | Saved: 'C:\Users\ljh\tralalero Shooter\outputs\reststop-blender-300s-2026-09-23\frames\frame-05809.jpg'
02:01.328  render           | Saved: 'C:\Users\ljh\tralalero Shooter\outputs\reststop-blender-300s-2026-09-23\frames\frame-05810.jpg'
02:01.516  render           | Saved: 'C:\Users\ljh\tralalero Shooter\outputs\reststop-blender-300s-2026-09-23\frames\frame-05811.jpg'
02:01.703  render           | Saved: 'C:\Users\ljh\tralalero Shooter\outputs\reststop-blender-300s-2026-09-23\frames\frame-05812.jpg'
02:01.891  render           | Saved: 'C:\Users\ljh\tralalero Shooter\outputs\reststop-blender-300s-2026-09-23\frames\frame-05813.jpg'
02:02.110  render           | Saved: 'C:\Users\ljh\tralalero Shooter\outputs\reststop-blender-300s-2026-09-23\frames\frame-05814.jpg'
02:02.297  render           | Saved: 'C:\Users\ljh\tralalero Shooter\outputs\reststop-blender-300s-2026-09-23\frames\frame-05815.jpg'
02:02.485  render           | Saved: 'C:\Users\ljh\tralalero Shooter\outputs\reststop-blender-300s-2026-09-23\frames\frame-05816.jpg'
02:02.672  render           | Saved: 'C:\Users\ljh\tralalero Shooter\outputs\reststop-blender-300s-2026-09-23\frames\frame-05817.jpg'
02:02.860  render           | Saved: 'C:\Users\ljh\tralalero Shooter\outputs\reststop-blender-300s-2026-09-23\frames\frame-05818.jpg'
02:03.047  render           | Saved: 'C:\Users\ljh\tralalero Shooter\outputs\reststop-blender-300s-2026-09-23\frames\frame-05819.jpg'
02:03.235  render           | Saved: 'C:\Users\ljh\tralalero Shooter\outputs\reststop-blender-300s-2026-09-23\frames\frame-05820.jpg'
02:03.469  render           | Saved: 'C:\Users\ljh\tralalero Shooter\outputs\reststop-blender-300s-2026-09-23\frames\frame-05821.jpg'
02:03.641  render           | Saved: 'C:\Users\ljh\tralalero Shooter\outputs\reststop-blender-300s-2026-09-23\frames\frame-05822.jpg'
02:03.828  render           | Saved: 'C:\Users\ljh\tralalero Shooter\outputs\reststop-blender-300s-2026-09-23\frames\frame-05823.jpg'
02:04.016  render           | Saved: 'C:\Users\ljh\tralalero Shooter\outputs\reststop-blender-300s-2026-09-23\frames\frame-05824.jpg'
02:04.203  render           | Saved: 'C:\Users\ljh\tralalero Shooter\outputs\reststop-blender-300s-2026-09-23\frames\frame-05825.jpg'
02:04.391  render           | Saved: 'C:\Users\ljh\tralalero Shooter\outputs\reststop-blender-300s-2026-09-23\frames\frame-05826.jpg'
02:04.578  render           | Saved: 'C:\Users\ljh\tralalero Shooter\outputs\reststop-blender-300s-2026-09-23\frames\frame-05827.jpg'
02:04.766  render           | Saved: 'C:\Users\ljh\tralalero Shooter\outputs\reststop-blender-300s-2026-09-23\frames\frame-05828.jpg'
02:04.969  render           | Saved: 'C:\Users\ljh\tralalero Shooter\outputs\reststop-blender-300s-2026-09-23\frames\frame-05829.jpg'
02:05.188  render           | Saved: 'C:\Users\ljh\tralalero Shooter\outputs\reststop-blender-300s-2026-09-23\frames\frame-05830.jpg'
02:05.375  render           | Saved: 'C:\Users\ljh\tralalero Shooter\outputs\reststop-blender-300s-2026-09-23\frames\frame-05831.jpg'
02:05.563  render           | Saved: 'C:\Users\ljh\tralalero Shooter\outputs\reststop-blender-300s-2026-09-23\frames\frame-05832.jpg'
PROGRESS {"mode": "native-patch", "frame": 5832, "end": 6072, "rendered": 600, "elapsed": 124.26054906845093, "width": 1280, "engine": "BLENDER_EEVEE", "step": 1}
02:05.750  render           | Saved: 'C:\Users\ljh\tralalero Shooter\outputs\reststop-blender-300s-2026-09-23\frames\frame-05833.jpg'
02:05.938  render           | Saved: 'C:\Users\ljh\tralalero Shooter\outputs\reststop-blender-300s-2026-09-23\frames\frame-05834.jpg'
02:06.125  render           | Saved: 'C:\Users\ljh\tralalero Shooter\outputs\reststop-blender-300s-2026-09-23\frames\frame-05835.jpg'
02:06.313  render           | Saved: 'C:\Users\ljh\tralalero Shooter\outputs\reststop-blender-300s-2026-09-23\frames\frame-05836.jpg'
02:06.578  render           | Saved: 'C:\Users\ljh\tralalero Shooter\outputs\reststop-blender-300s-2026-09-23\frames\frame-05837.jpg'
02:06.766  render           | Saved: 'C:\Users\ljh\tralalero Shooter\outputs\reststop-blender-300s-2026-09-23\frames\frame-05838.jpg'
02:06.953  render           | Saved: 'C:\Users\ljh\tralalero Shooter\outputs\reststop-blender-300s-2026-09-23\frames\frame-05839.jpg'
02:07.141  render           | Saved: 'C:\Users\ljh\tralalero Shooter\outputs\reststop-blender-300s-2026-09-23\frames\frame-05840.jpg'
02:07.391  render           | Saved: 'C:\Users\ljh\tralalero Shooter\outputs\reststop-blender-300s-2026-09-23\frames\frame-05841.jpg'
02:07.594  render           | Saved: 'C:\Users\ljh\tralalero Shooter\outputs\reststop-blender-300s-2026-09-23\frames\frame-05842.jpg'
02:07.782  render           | Saved: 'C:\Users\ljh\tralalero Shooter\outputs\reststop-blender-300s-2026-09-23\frames\frame-05843.jpg'
02:07.969  render           | Saved: 'C:\Users\ljh\tralalero Shooter\outputs\reststop-blender-300s-2026-09-23\frames\frame-05844.jpg'
02:08.188  render           | Saved: 'C:\Users\ljh\tralalero Shooter\outputs\reststop-blender-300s-2026-09-23\frames\frame-05845.jpg'
02:08.391  render           | Saved: 'C:\Users\ljh\tralalero Shooter\outputs\reststop-blender-300s-2026-09-23\frames\frame-05846.jpg'
02:08.641  render           | Saved: 'C:\Users\ljh\tralalero Shooter\outputs\reststop-blender-300s-2026-09-23\frames\frame-05847.jpg'
02:08.844  render           | Saved: 'C:\Users\ljh\tralalero Shooter\outputs\reststop-blender-300s-2026-09-23\frames\frame-05848.jpg'
02:09.032  render           | Saved: 'C:\Users\ljh\tralalero Shooter\outputs\reststop-blender-300s-2026-09-23\frames\frame-05849.jpg'
02:09.235  render           | Saved: 'C:\Users\ljh\tralalero Shooter\outputs\reststop-blender-300s-2026-09-23\frames\frame-05850.jpg'
02:09.438  render           | Saved: 'C:\Users\ljh\tralalero Shooter\outputs\reststop-blender-300s-2026-09-23\frames\frame-05851.jpg'
02:09.625  render           | Saved: 'C:\Users\ljh\tralalero Shooter\outputs\reststop-blender-300s-2026-09-23\frames\frame-05852.jpg'
02:09.891  render           | Saved: 'C:\Users\ljh\tralalero Shooter\outputs\reststop-blender-300s-2026-09-23\frames\frame-05853.jpg'
02:10.094  render           | Saved: 'C:\Users\ljh\tralalero Shooter\outputs\reststop-blender-300s-2026-09-23\frames\frame-05854.jpg'
02:10.297  render           | Saved: 'C:\Users\ljh\tralalero Shooter\outputs\reststop-blender-300s-2026-09-23\frames\frame-05855.jpg'
02:10.500  render           | Saved: 'C:\Users\ljh\tralalero Shooter\outputs\reststop-blender-300s-2026-09-23\frames\frame-05856.jpg'
PROGRESS {"mode": "native-patch", "frame": 5856, "end": 6072, "rendered": 624, "elapsed": 129.20259261131287, "width": 1280, "engine": "BLENDER_EEVEE", "step": 1}
02:10.703  render           | Saved: 'C:\Users\ljh\tralalero Shooter\outputs\reststop-blender-300s-2026-09-23\frames\frame-05857.jpg'
02:10.907  render           | Saved: 'C:\Users\ljh\tralalero Shooter\outputs\reststop-blender-300s-2026-09-23\frames\frame-05858.jpg'
02:11.094  render           | Saved: 'C:\Users\ljh\tralalero Shooter\outputs\reststop-blender-300s-2026-09-23\frames\frame-05859.jpg'
02:11.282  render           | Saved: 'C:\Users\ljh\tralalero Shooter\outputs\reststop-blender-300s-2026-09-23\frames\frame-05860.jpg'
02:11.485  render           | Saved: 'C:\Users\ljh\tralalero Shooter\outputs\reststop-blender-300s-2026-09-23\frames\frame-05861.jpg'
02:11.688  render           | Saved: 'C:\Users\ljh\tralalero Shooter\outputs\reststop-blender-300s-2026-09-23\frames\frame-05862.jpg'
02:11.891  render           | Saved: 'C:\Users\ljh\tralalero Shooter\outputs\reststop-blender-300s-2026-09-23\frames\frame-05863.jpg'
02:12.078  render           | Saved: 'C:\Users\ljh\tralalero Shooter\outputs\reststop-blender-300s-2026-09-23\frames\frame-05864.jpg'
02:12.282  render           | Saved: 'C:\Users\ljh\tralalero Shooter\outputs\reststop-blender-300s-2026-09-23\frames\frame-05865.jpg'
02:12.469  render           | Saved: 'C:\Users\ljh\tralalero Shooter\outputs\reststop-blender-300s-2026-09-23\frames\frame-05866.jpg'
02:12.657  render           | Saved: 'C:\Users\ljh\tralalero Shooter\outputs\reststop-blender-300s-2026-09-23\frames\frame-05867.jpg'
02:12.860  render           | Saved: 'C:\Users\ljh\tralalero Shooter\outputs\reststop-blender-300s-2026-09-23\frames\frame-05868.jpg'
02:13.032  render           | Saved: 'C:\Users\ljh\tralalero Shooter\outputs\reststop-blender-300s-2026-09-23\frames\frame-05869.jpg'
02:13.235  render           | Saved: 'C:\Users\ljh\tralalero Shooter\outputs\reststop-blender-300s-2026-09-23\frames\frame-05870.jpg'
02:13.422  render           | Saved: 'C:\Users\ljh\tralalero Shooter\outputs\reststop-blender-300s-2026-09-23\frames\frame-05871.jpg'
02:13.610  render           | Saved: 'C:\Users\ljh\tralalero Shooter\outputs\reststop-blender-300s-2026-09-23\frames\frame-05872.jpg'
02:13.797  render           | Saved: 'C:\Users\ljh\tralalero Shooter\outputs\reststop-blender-300s-2026-09-23\frames\frame-05873.jpg'
02:13.985  render           | Saved: 'C:\Users\ljh\tralalero Shooter\outputs\reststop-blender-300s-2026-09-23\frames\frame-05874.jpg'
02:14.172  render           | Saved: 'C:\Users\ljh\tralalero Shooter\outputs\reststop-blender-300s-2026-09-23\frames\frame-05875.jpg'
02:14.344  render           | Saved: 'C:\Users\ljh\tralalero Shooter\outputs\reststop-blender-300s-2026-09-23\frames\frame-05876.jpg'
02:14.532  render           | Saved: 'C:\Users\ljh\tralalero Shooter\outputs\reststop-blender-300s-2026-09-23\frames\frame-05877.jpg'
02:14.703  render           | Saved: 'C:\Users\ljh\tralalero Shooter\outputs\reststop-blender-300s-2026-09-23\frames\frame-05878.jpg'
02:14.907  render           | Saved: 'C:\Users\ljh\tralalero Shooter\outputs\reststop-blender-300s-2026-09-23\frames\frame-05879.jpg'
02:15.078  render           | Saved: 'C:\Users\ljh\tralalero Shooter\outputs\reststop-blender-300s-2026-09-23\frames\frame-05880.jpg'
PROGRESS {"mode": "native-patch", "frame": 5880, "end": 6072, "rendered": 648, "elapsed": 133.7824993133545, "width": 1280, "engine": "BLENDER_EEVEE", "step": 1}
02:15.266  render           | Saved: 'C:\Users\ljh\tralalero Shooter\outputs\reststop-blender-300s-2026-09-23\frames\frame-05881.jpg'
02:15.453  render           | Saved: 'C:\Users\ljh\tralalero Shooter\outputs\reststop-blender-300s-2026-09-23\frames\frame-05882.jpg'
02:15.625  render           | Saved: 'C:\Users\ljh\tralalero Shooter\outputs\reststop-blender-300s-2026-09-23\frames\frame-05883.jpg'
02:15.813  render           | Saved: 'C:\Users\ljh\tralalero Shooter\outputs\reststop-blender-300s-2026-09-23\frames\frame-05884.jpg'
02:16.000  render           | Saved: 'C:\Users\ljh\tralalero Shooter\outputs\reststop-blender-300s-2026-09-23\frames\frame-05885.jpg'
02:16.188  render           | Saved: 'C:\Users\ljh\tralalero Shooter\outputs\reststop-blender-300s-2026-09-23\frames\frame-05886.jpg'
02:16.360  render           | Saved: 'C:\Users\ljh\tralalero Shooter\outputs\reststop-blender-300s-2026-09-23\frames\frame-05887.jpg'
02:16.547  render           | Saved: 'C:\Users\ljh\tralalero Shooter\outputs\reststop-blender-300s-2026-09-23\frames\frame-05888.jpg'
02:16.735  render           | Saved: 'C:\Users\ljh\tralalero Shooter\outputs\reststop-blender-300s-2026-09-23\frames\frame-05889.jpg'
02:16.922  render           | Saved: 'C:\Users\ljh\tralalero Shooter\outputs\reststop-blender-300s-2026-09-23\frames\frame-05890.jpg'
02:17.110  render           | Saved: 'C:\Users\ljh\tralalero Shooter\outputs\reststop-blender-300s-2026-09-23\frames\frame-05891.jpg'
02:17.313  render           | Saved: 'C:\Users\ljh\tralalero Shooter\outputs\reststop-blender-300s-2026-09-23\frames\frame-05892.jpg'
02:17.500  render           | Saved: 'C:\Users\ljh\tralalero Shooter\outputs\reststop-blender-300s-2026-09-23\frames\frame-05893.jpg'
02:17.703  render           | Saved: 'C:\Users\ljh\tralalero Shooter\outputs\reststop-blender-300s-2026-09-23\frames\frame-05894.jpg'
02:17.907  render           | Saved: 'C:\Users\ljh\tralalero Shooter\outputs\reststop-blender-300s-2026-09-23\frames\frame-05895.jpg'
02:18.094  render           | Saved: 'C:\Users\ljh\tralalero Shooter\outputs\reststop-blender-300s-2026-09-23\frames\frame-05896.jpg'
02:18.297  render           | Saved: 'C:\Users\ljh\tralalero Shooter\outputs\reststop-blender-300s-2026-09-23\frames\frame-05897.jpg'
02:18.485  render           | Saved: 'C:\Users\ljh\tralalero Shooter\outputs\reststop-blender-300s-2026-09-23\frames\frame-05898.jpg'
02:18.703  render           | Saved: 'C:\Users\ljh\tralalero Shooter\outputs\reststop-blender-300s-2026-09-23\frames\frame-05899.jpg'
02:18.891  render           | Saved: 'C:\Users\ljh\tralalero Shooter\outputs\reststop-blender-300s-2026-09-23\frames\frame-05900.jpg'
02:19.094  render           | Saved: 'C:\Users\ljh\tralalero Shooter\outputs\reststop-blender-300s-2026-09-23\frames\frame-05901.jpg'
02:19.282  render           | Saved: 'C:\Users\ljh\tralalero Shooter\outputs\reststop-blender-300s-2026-09-23\frames\frame-05902.jpg'
02:19.485  render           | Saved: 'C:\Users\ljh\tralalero Shooter\outputs\reststop-blender-300s-2026-09-23\frames\frame-05903.jpg'
02:19.672  render           | Saved: 'C:\Users\ljh\tralalero Shooter\outputs\reststop-blender-300s-2026-09-23\frames\frame-05904.jpg'
PROGRESS {"mode": "native-patch", "frame": 5904, "end": 6072, "rendered": 672, "elapsed": 138.3651044368744, "width": 1280, "engine": "BLENDER_EEVEE", "step": 1}
02:19.860  render           | Saved: 'C:\Users\ljh\tralalero Shooter\outputs\reststop-blender-300s-2026-09-23\frames\frame-05905.jpg'
02:20.047  render           | Saved: 'C:\Users\ljh\tralalero Shooter\outputs\reststop-blender-300s-2026-09-23\frames\frame-05906.jpg'
02:20.235  render           | Saved: 'C:\Users\ljh\tralalero Shooter\outputs\reststop-blender-300s-2026-09-23\frames\frame-05907.jpg'
02:20.422  render           | Saved: 'C:\Users\ljh\tralalero Shooter\outputs\reststop-blender-300s-2026-09-23\frames\frame-05908.jpg'
02:20.610  render           | Saved: 'C:\Users\ljh\tralalero Shooter\outputs\reststop-blender-300s-2026-09-23\frames\frame-05909.jpg'
02:20.797  render           | Saved: 'C:\Users\ljh\tralalero Shooter\outputs\reststop-blender-300s-2026-09-23\frames\frame-05910.jpg'
02:20.985  render           | Saved: 'C:\Users\ljh\tralalero Shooter\outputs\reststop-blender-300s-2026-09-23\frames\frame-05911.jpg'
02:21.172  render           | Saved: 'C:\Users\ljh\tralalero Shooter\outputs\reststop-blender-300s-2026-09-23\frames\frame-05912.jpg'
02:21.360  render           | Saved: 'C:\Users\ljh\tralalero Shooter\outputs\reststop-blender-300s-2026-09-23\frames\frame-05913.jpg'
02:21.563  render           | Saved: 'C:\Users\ljh\tralalero Shooter\outputs\reststop-blender-300s-2026-09-23\frames\frame-05914.jpg'
02:21.750  render           | Saved: 'C:\Users\ljh\tralalero Shooter\outputs\reststop-blender-300s-2026-09-23\frames\frame-05915.jpg'
02:21.938  render           | Saved: 'C:\Users\ljh\tralalero Shooter\outputs\reststop-blender-300s-2026-09-23\frames\frame-05916.jpg'
02:22.125  render           | Saved: 'C:\Users\ljh\tralalero Shooter\outputs\reststop-blender-300s-2026-09-23\frames\frame-05917.jpg'
02:22.313  render           | Saved: 'C:\Users\ljh\tralalero Shooter\outputs\reststop-blender-300s-2026-09-23\frames\frame-05918.jpg'
02:22.516  render           | Saved: 'C:\Users\ljh\tralalero Shooter\outputs\reststop-blender-300s-2026-09-23\frames\frame-05919.jpg'
02:22.688  render           | Saved: 'C:\Users\ljh\tralalero Shooter\outputs\reststop-blender-300s-2026-09-23\frames\frame-05920.jpg'
02:22.891  render           | Saved: 'C:\Users\ljh\tralalero Shooter\outputs\reststop-blender-300s-2026-09-23\frames\frame-05921.jpg'
02:23.078  render           | Saved: 'C:\Users\ljh\tralalero Shooter\outputs\reststop-blender-300s-2026-09-23\frames\frame-05922.jpg'
02:23.282  render           | Saved: 'C:\Users\ljh\tralalero Shooter\outputs\reststop-blender-300s-2026-09-23\frames\frame-05923.jpg'
02:23.469  render           | Saved: 'C:\Users\ljh\tralalero Shooter\outputs\reststop-blender-300s-2026-09-23\frames\frame-05924.jpg'
02:23.657  render           | Saved: 'C:\Users\ljh\tralalero Shooter\outputs\reststop-blender-300s-2026-09-23\frames\frame-05925.jpg'
02:23.844  render           | Saved: 'C:\Users\ljh\tralalero Shooter\outputs\reststop-blender-300s-2026-09-23\frames\frame-05926.jpg'
02:24.063  render           | Saved: 'C:\Users\ljh\tralalero Shooter\outputs\reststop-blender-300s-2026-09-23\frames\frame-05927.jpg'
02:24.250  render           | Saved: 'C:\Users\ljh\tralalero Shooter\outputs\reststop-blender-300s-2026-09-23\frames\frame-05928.jpg'
PROGRESS {"mode": "native-patch", "frame": 5928, "end": 6072, "rendered": 696, "elapsed": 142.94601464271545, "width": 1280, "engine": "BLENDER_EEVEE", "step": 1}
02:24.422  render           | Saved: 'C:\Users\ljh\tralalero Shooter\outputs\reststop-blender-300s-2026-09-23\frames\frame-05929.jpg'
02:24.610  render           | Saved: 'C:\Users\ljh\tralalero Shooter\outputs\reststop-blender-300s-2026-09-23\frames\frame-05930.jpg'
02:24.766  render           | Saved: 'C:\Users\ljh\tralalero Shooter\outputs\reststop-blender-300s-2026-09-23\frames\frame-05931.jpg'
02:24.938  render           | Saved: 'C:\Users\ljh\tralalero Shooter\outputs\reststop-blender-300s-2026-09-23\frames\frame-05932.jpg'
02:25.110  render           | Saved: 'C:\Users\ljh\tralalero Shooter\outputs\reststop-blender-300s-2026-09-23\frames\frame-05933.jpg'
02:25.282  render           | Saved: 'C:\Users\ljh\tralalero Shooter\outputs\reststop-blender-300s-2026-09-23\frames\frame-05934.jpg'
02:25.469  render           | Saved: 'C:\Users\ljh\tralalero Shooter\outputs\reststop-blender-300s-2026-09-23\frames\frame-05935.jpg'
02:25.657  render           | Saved: 'C:\Users\ljh\tralalero Shooter\outputs\reststop-blender-300s-2026-09-23\frames\frame-05936.jpg'
02:25.860  render           | Saved: 'C:\Users\ljh\tralalero Shooter\outputs\reststop-blender-300s-2026-09-23\frames\frame-05937.jpg'
02:26.047  render           | Saved: 'C:\Users\ljh\tralalero Shooter\outputs\reststop-blender-300s-2026-09-23\frames\frame-05938.jpg'
02:26.250  render           | Saved: 'C:\Users\ljh\tralalero Shooter\outputs\reststop-blender-300s-2026-09-23\frames\frame-05939.jpg'
02:26.438  render           | Saved: 'C:\Users\ljh\tralalero Shooter\outputs\reststop-blender-300s-2026-09-23\frames\frame-05940.jpg'
02:26.625  render           | Saved: 'C:\Users\ljh\tralalero Shooter\outputs\reststop-blender-300s-2026-09-23\frames\frame-05941.jpg'
02:26.813  render           | Saved: 'C:\Users\ljh\tralalero Shooter\outputs\reststop-blender-300s-2026-09-23\frames\frame-05942.jpg'
02:27.000  render           | Saved: 'C:\Users\ljh\tralalero Shooter\outputs\reststop-blender-300s-2026-09-23\frames\frame-05943.jpg'
02:27.235  render           | Saved: 'C:\Users\ljh\tralalero Shooter\outputs\reststop-blender-300s-2026-09-23\frames\frame-05944.jpg'
02:27.422  render           | Saved: 'C:\Users\ljh\tralalero Shooter\outputs\reststop-blender-300s-2026-09-23\frames\frame-05945.jpg'
02:27.625  render           | Saved: 'C:\Users\ljh\tralalero Shooter\outputs\reststop-blender-300s-2026-09-23\frames\frame-05946.jpg'
02:27.813  render           | Saved: 'C:\Users\ljh\tralalero Shooter\outputs\reststop-blender-300s-2026-09-23\frames\frame-05947.jpg'
02:28.016  render           | Saved: 'C:\Users\ljh\tralalero Shooter\outputs\reststop-blender-300s-2026-09-23\frames\frame-05948.jpg'
02:28.203  render           | Saved: 'C:\Users\ljh\tralalero Shooter\outputs\reststop-blender-300s-2026-09-23\frames\frame-05949.jpg'
02:28.391  render           | Saved: 'C:\Users\ljh\tralalero Shooter\outputs\reststop-blender-300s-2026-09-23\frames\frame-05950.jpg'
02:28.594  render           | Saved: 'C:\Users\ljh\tralalero Shooter\outputs\reststop-blender-300s-2026-09-23\frames\frame-05951.jpg'
02:28.797  render           | Saved: 'C:\Users\ljh\tralalero Shooter\outputs\reststop-blender-300s-2026-09-23\frames\frame-05952.jpg'
PROGRESS {"mode": "native-patch", "frame": 5952, "end": 6072, "rendered": 720, "elapsed": 147.49044585227966, "width": 1280, "engine": "BLENDER_EEVEE", "step": 1}
02:28.969  render           | Saved: 'C:\Users\ljh\tralalero Shooter\outputs\reststop-blender-300s-2026-09-23\frames\frame-05953.jpg'
02:29.157  render           | Saved: 'C:\Users\ljh\tralalero Shooter\outputs\reststop-blender-300s-2026-09-23\frames\frame-05954.jpg'
02:29.344  render           | Saved: 'C:\Users\ljh\tralalero Shooter\outputs\reststop-blender-300s-2026-09-23\frames\frame-05955.jpg'
02:29.532  render           | Saved: 'C:\Users\ljh\tralalero Shooter\outputs\reststop-blender-300s-2026-09-23\frames\frame-05956.jpg'
02:29.719  render           | Saved: 'C:\Users\ljh\tralalero Shooter\outputs\reststop-blender-300s-2026-09-23\frames\frame-05957.jpg'
02:29.907  render           | Saved: 'C:\Users\ljh\tralalero Shooter\outputs\reststop-blender-300s-2026-09-23\frames\frame-05958.jpg'
02:30.094  render           | Saved: 'C:\Users\ljh\tralalero Shooter\outputs\reststop-blender-300s-2026-09-23\frames\frame-05959.jpg'
02:30.282  render           | Saved: 'C:\Users\ljh\tralalero Shooter\outputs\reststop-blender-300s-2026-09-23\frames\frame-05960.jpg'
02:30.469  render           | Saved: 'C:\Users\ljh\tralalero Shooter\outputs\reststop-blender-300s-2026-09-23\frames\frame-05961.jpg'
02:30.641  render           | Saved: 'C:\Users\ljh\tralalero Shooter\outputs\reststop-blender-300s-2026-09-23\frames\frame-05962.jpg'
02:30.828  render           | Saved: 'C:\Users\ljh\tralalero Shooter\outputs\reststop-blender-300s-2026-09-23\frames\frame-05963.jpg'
02:31.016  render           | Saved: 'C:\Users\ljh\tralalero Shooter\outputs\reststop-blender-300s-2026-09-23\frames\frame-05964.jpg'
02:31.203  render           | Saved: 'C:\Users\ljh\tralalero Shooter\outputs\reststop-blender-300s-2026-09-23\frames\frame-05965.jpg'
02:31.391  render           | Saved: 'C:\Users\ljh\tralalero Shooter\outputs\reststop-blender-300s-2026-09-23\frames\frame-05966.jpg'
02:31.578  render           | Saved: 'C:\Users\ljh\tralalero Shooter\outputs\reststop-blender-300s-2026-09-23\frames\frame-05967.jpg'
02:31.766  render           | Saved: 'C:\Users\ljh\tralalero Shooter\outputs\reststop-blender-300s-2026-09-23\frames\frame-05968.jpg'
02:31.953  render           | Saved: 'C:\Users\ljh\tralalero Shooter\outputs\reststop-blender-300s-2026-09-23\frames\frame-05969.jpg'
02:32.141  render           | Saved: 'C:\Users\ljh\tralalero Shooter\outputs\reststop-blender-300s-2026-09-23\frames\frame-05970.jpg'
02:32.328  render           | Saved: 'C:\Users\ljh\tralalero Shooter\outputs\reststop-blender-300s-2026-09-23\frames\frame-05971.jpg'
02:32.500  render           | Saved: 'C:\Users\ljh\tralalero Shooter\outputs\reststop-blender-300s-2026-09-23\frames\frame-05972.jpg'
02:32.672  render           | Saved: 'C:\Users\ljh\tralalero Shooter\outputs\reststop-blender-300s-2026-09-23\frames\frame-05973.jpg'
02:32.860  render           | Saved: 'C:\Users\ljh\tralalero Shooter\outputs\reststop-blender-300s-2026-09-23\frames\frame-05974.jpg'
02:33.047  render           | Saved: 'C:\Users\ljh\tralalero Shooter\outputs\reststop-blender-300s-2026-09-23\frames\frame-05975.jpg'
02:33.235  render           | Saved: 'C:\Users\ljh\tralalero Shooter\outputs\reststop-blender-300s-2026-09-23\frames\frame-05976.jpg'
PROGRESS {"mode": "native-patch", "frame": 5976, "end": 6072, "rendered": 744, "elapsed": 151.92891669273376, "width": 1280, "engine": "BLENDER_EEVEE", "step": 1}
02:33.422  render           | Saved: 'C:\Users\ljh\tralalero Shooter\outputs\reststop-blender-300s-2026-09-23\frames\frame-05977.jpg'
02:33.594  render           | Saved: 'C:\Users\ljh\tralalero Shooter\outputs\reststop-blender-300s-2026-09-23\frames\frame-05978.jpg'
02:33.766  render           | Saved: 'C:\Users\ljh\tralalero Shooter\outputs\reststop-blender-300s-2026-09-23\frames\frame-05979.jpg'
02:33.953  render           | Saved: 'C:\Users\ljh\tralalero Shooter\outputs\reststop-blender-300s-2026-09-23\frames\frame-05980.jpg'
02:34.125  render           | Saved: 'C:\Users\ljh\tralalero Shooter\outputs\reststop-blender-300s-2026-09-23\frames\frame-05981.jpg'
02:34.313  render           | Saved: 'C:\Users\ljh\tralalero Shooter\outputs\reststop-blender-300s-2026-09-23\frames\frame-05982.jpg'
02:34.500  render           | Saved: 'C:\Users\ljh\tralalero Shooter\outputs\reststop-blender-300s-2026-09-23\frames\frame-05983.jpg'
02:34.672  render           | Saved: 'C:\Users\ljh\tralalero Shooter\outputs\reststop-blender-300s-2026-09-23\frames\frame-05984.jpg'
02:34.860  render           | Saved: 'C:\Users\ljh\tralalero Shooter\outputs\reststop-blender-300s-2026-09-23\frames\frame-05985.jpg'
02:35.032  render           | Saved: 'C:\Users\ljh\tralalero Shooter\outputs\reststop-blender-300s-2026-09-23\frames\frame-05986.jpg'
02:35.203  render           | Saved: 'C:\Users\ljh\tralalero Shooter\outputs\reststop-blender-300s-2026-09-23\frames\frame-05987.jpg'
02:35.391  render           | Saved: 'C:\Users\ljh\tralalero Shooter\outputs\reststop-blender-300s-2026-09-23\frames\frame-05988.jpg'
02:35.578  render           | Saved: 'C:\Users\ljh\tralalero Shooter\outputs\reststop-blender-300s-2026-09-23\frames\frame-05989.jpg'
02:35.750  render           | Saved: 'C:\Users\ljh\tralalero Shooter\outputs\reststop-blender-300s-2026-09-23\frames\frame-05990.jpg'
02:35.938  render           | Saved: 'C:\Users\ljh\tralalero Shooter\outputs\reststop-blender-300s-2026-09-23\frames\frame-05991.jpg'
02:36.110  render           | Saved: 'C:\Users\ljh\tralalero Shooter\outputs\reststop-blender-300s-2026-09-23\frames\frame-05992.jpg'
02:36.282  render           | Saved: 'C:\Users\ljh\tralalero Shooter\outputs\reststop-blender-300s-2026-09-23\frames\frame-05993.jpg'
02:36.453  render           | Saved: 'C:\Users\ljh\tralalero Shooter\outputs\reststop-blender-300s-2026-09-23\frames\frame-05994.jpg'
02:36.641  render           | Saved: 'C:\Users\ljh\tralalero Shooter\outputs\reststop-blender-300s-2026-09-23\frames\frame-05995.jpg'
02:36.828  render           | Saved: 'C:\Users\ljh\tralalero Shooter\outputs\reststop-blender-300s-2026-09-23\frames\frame-05996.jpg'
02:37.016  render           | Saved: 'C:\Users\ljh\tralalero Shooter\outputs\reststop-blender-300s-2026-09-23\frames\frame-05997.jpg'
02:37.188  render           | Saved: 'C:\Users\ljh\tralalero Shooter\outputs\reststop-blender-300s-2026-09-23\frames\frame-05998.jpg'
02:37.360  render           | Saved: 'C:\Users\ljh\tralalero Shooter\outputs\reststop-blender-300s-2026-09-23\frames\frame-05999.jpg'
02:37.547  render           | Saved: 'C:\Users\ljh\tralalero Shooter\outputs\reststop-blender-300s-2026-09-23\frames\frame-06000.jpg'
PROGRESS {"mode": "native-patch", "frame": 6000, "end": 6072, "rendered": 768, "elapsed": 156.2433168888092, "width": 1280, "engine": "BLENDER_EEVEE", "step": 1}
02:37.719  render           | Saved: 'C:\Users\ljh\tralalero Shooter\outputs\reststop-blender-300s-2026-09-23\frames\frame-06001.jpg'
02:37.907  render           | Saved: 'C:\Users\ljh\tralalero Shooter\outputs\reststop-blender-300s-2026-09-23\frames\frame-06002.jpg'
02:38.094  render           | Saved: 'C:\Users\ljh\tralalero Shooter\outputs\reststop-blender-300s-2026-09-23\frames\frame-06003.jpg'
02:38.266  render           | Saved: 'C:\Users\ljh\tralalero Shooter\outputs\reststop-blender-300s-2026-09-23\frames\frame-06004.jpg'
02:38.453  render           | Saved: 'C:\Users\ljh\tralalero Shooter\outputs\reststop-blender-300s-2026-09-23\frames\frame-06005.jpg'
02:38.625  render           | Saved: 'C:\Users\ljh\tralalero Shooter\outputs\reststop-blender-300s-2026-09-23\frames\frame-06006.jpg'
02:38.813  render           | Saved: 'C:\Users\ljh\tralalero Shooter\outputs\reststop-blender-300s-2026-09-23\frames\frame-06007.jpg'
02:39.000  render           | Saved: 'C:\Users\ljh\tralalero Shooter\outputs\reststop-blender-300s-2026-09-23\frames\frame-06008.jpg'
02:39.172  render           | Saved: 'C:\Users\ljh\tralalero Shooter\outputs\reststop-blender-300s-2026-09-23\frames\frame-06009.jpg'
02:39.360  render           | Saved: 'C:\Users\ljh\tralalero Shooter\outputs\reststop-blender-300s-2026-09-23\frames\frame-06010.jpg'
02:39.532  render           | Saved: 'C:\Users\ljh\tralalero Shooter\outputs\reststop-blender-300s-2026-09-23\frames\frame-06011.jpg'
02:39.735  render           | Saved: 'C:\Users\ljh\tralalero Shooter\outputs\reststop-blender-300s-2026-09-23\frames\frame-06012.jpg'
02:39.922  render           | Saved: 'C:\Users\ljh\tralalero Shooter\outputs\reststop-blender-300s-2026-09-23\frames\frame-06013.jpg'
02:40.110  render           | Saved: 'C:\Users\ljh\tralalero Shooter\outputs\reststop-blender-300s-2026-09-23\frames\frame-06014.jpg'
02:40.297  render           | Saved: 'C:\Users\ljh\tralalero Shooter\outputs\reststop-blender-300s-2026-09-23\frames\frame-06015.jpg'
02:40.469  render           | Saved: 'C:\Users\ljh\tralalero Shooter\outputs\reststop-blender-300s-2026-09-23\frames\frame-06016.jpg'
02:40.657  render           | Saved: 'C:\Users\ljh\tralalero Shooter\outputs\reststop-blender-300s-2026-09-23\frames\frame-06017.jpg'
02:40.844  render           | Saved: 'C:\Users\ljh\tralalero Shooter\outputs\reststop-blender-300s-2026-09-23\frames\frame-06018.jpg'
02:41.016  render           | Saved: 'C:\Users\ljh\tralalero Shooter\outputs\reststop-blender-300s-2026-09-23\frames\frame-06019.jpg'
02:41.219  render           | Saved: 'C:\Users\ljh\tralalero Shooter\outputs\reststop-blender-300s-2026-09-23\frames\frame-06020.jpg'
02:41.407  render           | Saved: 'C:\Users\ljh\tralalero Shooter\outputs\reststop-blender-300s-2026-09-23\frames\frame-06021.jpg'
02:41.594  render           | Saved: 'C:\Users\ljh\tralalero Shooter\outputs\reststop-blender-300s-2026-09-23\frames\frame-06022.jpg'
02:41.766  render           | Saved: 'C:\Users\ljh\tralalero Shooter\outputs\reststop-blender-300s-2026-09-23\frames\frame-06023.jpg'
02:41.953  render           | Saved: 'C:\Users\ljh\tralalero Shooter\outputs\reststop-blender-300s-2026-09-23\frames\frame-06024.jpg'
PROGRESS {"mode": "native-patch", "frame": 6024, "end": 6072, "rendered": 792, "elapsed": 160.65635681152344, "width": 1280, "engine": "BLENDER_EEVEE", "step": 1}
02:42.141  render           | Saved: 'C:\Users\ljh\tralalero Shooter\outputs\reststop-blender-300s-2026-09-23\frames\frame-06025.jpg'
02:42.360  render           | Saved: 'C:\Users\ljh\tralalero Shooter\outputs\reststop-blender-300s-2026-09-23\frames\frame-06026.jpg'
02:42.563  render           | Saved: 'C:\Users\ljh\tralalero Shooter\outputs\reststop-blender-300s-2026-09-23\frames\frame-06027.jpg'
02:42.766  render           | Saved: 'C:\Users\ljh\tralalero Shooter\outputs\reststop-blender-300s-2026-09-23\frames\frame-06028.jpg'
02:42.969  render           | Saved: 'C:\Users\ljh\tralalero Shooter\outputs\reststop-blender-300s-2026-09-23\frames\frame-06029.jpg'
02:43.188  render           | Saved: 'C:\Users\ljh\tralalero Shooter\outputs\reststop-blender-300s-2026-09-23\frames\frame-06030.jpg'
02:43.407  render           | Saved: 'C:\Users\ljh\tralalero Shooter\outputs\reststop-blender-300s-2026-09-23\frames\frame-06031.jpg'
02:43.641  render           | Saved: 'C:\Users\ljh\tralalero Shooter\outputs\reststop-blender-300s-2026-09-23\frames\frame-06032.jpg'
02:43.844  render           | Saved: 'C:\Users\ljh\tralalero Shooter\outputs\reststop-blender-300s-2026-09-23\frames\frame-06033.jpg'
02:44.063  render           | Saved: 'C:\Users\ljh\tralalero Shooter\outputs\reststop-blender-300s-2026-09-23\frames\frame-06034.jpg'
02:44.266  render           | Saved: 'C:\Users\ljh\tralalero Shooter\outputs\reststop-blender-300s-2026-09-23\frames\frame-06035.jpg'
02:44.469  render           | Saved: 'C:\Users\ljh\tralalero Shooter\outputs\reststop-blender-300s-2026-09-23\frames\frame-06036.jpg'
02:44.672  render           | Saved: 'C:\Users\ljh\tralalero Shooter\outputs\reststop-blender-300s-2026-09-23\frames\frame-06037.jpg'
02:44.891  render           | Saved: 'C:\Users\ljh\tralalero Shooter\outputs\reststop-blender-300s-2026-09-23\frames\frame-06038.jpg'
02:45.094  render           | Saved: 'C:\Users\ljh\tralalero Shooter\outputs\reststop-blender-300s-2026-09-23\frames\frame-06039.jpg'
02:45.297  render           | Saved: 'C:\Users\ljh\tralalero Shooter\outputs\reststop-blender-300s-2026-09-23\frames\frame-06040.jpg'
02:45.485  render           | Saved: 'C:\Users\ljh\tralalero Shooter\outputs\reststop-blender-300s-2026-09-23\frames\frame-06041.jpg'
02:45.688  render           | Saved: 'C:\Users\ljh\tralalero Shooter\outputs\reststop-blender-300s-2026-09-23\frames\frame-06042.jpg'
02:45.891  render           | Saved: 'C:\Users\ljh\tralalero Shooter\outputs\reststop-blender-300s-2026-09-23\frames\frame-06043.jpg'
02:46.094  render           | Saved: 'C:\Users\ljh\tralalero Shooter\outputs\reststop-blender-300s-2026-09-23\frames\frame-06044.jpg'
02:46.297  render           | Saved: 'C:\Users\ljh\tralalero Shooter\outputs\reststop-blender-300s-2026-09-23\frames\frame-06045.jpg'
02:46.485  render           | Saved: 'C:\Users\ljh\tralalero Shooter\outputs\reststop-blender-300s-2026-09-23\frames\frame-06046.jpg'
02:46.688  render           | Saved: 'C:\Users\ljh\tralalero Shooter\outputs\reststop-blender-300s-2026-09-23\frames\frame-06047.jpg'
02:46.891  render           | Saved: 'C:\Users\ljh\tralalero Shooter\outputs\reststop-blender-300s-2026-09-23\frames\frame-06048.jpg'
PROGRESS {"mode": "native-patch", "frame": 6048, "end": 6072, "rendered": 816, "elapsed": 165.59812378883362, "width": 1280, "engine": "BLENDER_EEVEE", "step": 1}
02:47.110  render           | Saved: 'C:\Users\ljh\tralalero Shooter\outputs\reststop-blender-300s-2026-09-23\frames\frame-06049.jpg'
02:47.313  render           | Saved: 'C:\Users\ljh\tralalero Shooter\outputs\reststop-blender-300s-2026-09-23\frames\frame-06050.jpg'
02:47.500  render           | Saved: 'C:\Users\ljh\tralalero Shooter\outputs\reststop-blender-300s-2026-09-23\frames\frame-06051.jpg'
02:47.703  render           | Saved: 'C:\Users\ljh\tralalero Shooter\outputs\reststop-blender-300s-2026-09-23\frames\frame-06052.jpg'
02:47.891  render           | Saved: 'C:\Users\ljh\tralalero Shooter\outputs\reststop-blender-300s-2026-09-23\frames\frame-06053.jpg'
02:48.110  render           | Saved: 'C:\Users\ljh\tralalero Shooter\outputs\reststop-blender-300s-2026-09-23\frames\frame-06054.jpg'
02:48.328  render           | Saved: 'C:\Users\ljh\tralalero Shooter\outputs\reststop-blender-300s-2026-09-23\frames\frame-06055.jpg'
02:48.516  render           | Saved: 'C:\Users\ljh\tralalero Shooter\outputs\reststop-blender-300s-2026-09-23\frames\frame-06056.jpg'
02:48.719  render           | Saved: 'C:\Users\ljh\tralalero Shooter\outputs\reststop-blender-300s-2026-09-23\frames\frame-06057.jpg'
02:48.922  render           | Saved: 'C:\Users\ljh\tralalero Shooter\outputs\reststop-blender-300s-2026-09-23\frames\frame-06058.jpg'
02:49.125  render           | Saved: 'C:\Users\ljh\tralalero Shooter\outputs\reststop-blender-300s-2026-09-23\frames\frame-06059.jpg'
02:49.344  render           | Saved: 'C:\Users\ljh\tralalero Shooter\outputs\reststop-blender-300s-2026-09-23\frames\frame-06060.jpg'
02:49.547  render           | Saved: 'C:\Users\ljh\tralalero Shooter\outputs\reststop-blender-300s-2026-09-23\frames\frame-06061.jpg'
02:49.750  render           | Saved: 'C:\Users\ljh\tralalero Shooter\outputs\reststop-blender-300s-2026-09-23\frames\frame-06062.jpg'
02:49.953  render           | Saved: 'C:\Users\ljh\tralalero Shooter\outputs\reststop-blender-300s-2026-09-23\frames\frame-06063.jpg'
02:50.157  render           | Saved: 'C:\Users\ljh\tralalero Shooter\outputs\reststop-blender-300s-2026-09-23\frames\frame-06064.jpg'
02:50.375  render           | Saved: 'C:\Users\ljh\tralalero Shooter\outputs\reststop-blender-300s-2026-09-23\frames\frame-06065.jpg'
02:50.594  render           | Saved: 'C:\Users\ljh\tralalero Shooter\outputs\reststop-blender-300s-2026-09-23\frames\frame-06066.jpg'
02:50.813  render           | Saved: 'C:\Users\ljh\tralalero Shooter\outputs\reststop-blender-300s-2026-09-23\frames\frame-06067.jpg'
02:51.016  render           | Saved: 'C:\Users\ljh\tralalero Shooter\outputs\reststop-blender-300s-2026-09-23\frames\frame-06068.jpg'
02:51.235  render           | Saved: 'C:\Users\ljh\tralalero Shooter\outputs\reststop-blender-300s-2026-09-23\frames\frame-06069.jpg'
02:51.438  render           | Saved: 'C:\Users\ljh\tralalero Shooter\outputs\reststop-blender-300s-2026-09-23\frames\frame-06070.jpg'
02:51.657  render           | Saved: 'C:\Users\ljh\tralalero Shooter\outputs\reststop-blender-300s-2026-09-23\frames\frame-06071.jpg'
02:51.875  render           | Saved: 'C:\Users\ljh\tralalero Shooter\outputs\reststop-blender-300s-2026-09-23\frames\frame-06072.jpg'
PROGRESS {"mode": "native-patch", "frame": 6072, "end": 6072, "rendered": 840, "elapsed": 170.57870745658875, "width": 1280, "engine": "BLENDER_EEVEE", "step": 1}
Blender 5.2.1 LTS (hash 9e2066aef7ef built 2026-08-25 02:38:20)

Blender quit
