{"pid": 62832, "started": 1790155508.5164425, "script": "C:\\Users\\ljh\\tralalero Shooter\\tools\\reststop-previs\\render.py", "threads": 4, "logicalProcessors": [0, 1, 2, 3, 4, 5, 6, 7], "priority": "below-normal", "availableMemoryBytes": 19452846080}
00:00.984  blend            | Read blend: "C:\Users\ljh\tralalero Shooter\outputs\reststop-blender-300s-2026-09-23\reststop-master.blend"
00:02.656  render           | Saved: 'C:\Users\ljh\tralalero Shooter\outputs\reststop-blender-300s-2026-09-23\frames\frame-03791.jpg'
00:03.063  render           | Saved: 'C:\Users\ljh\tralalero Shooter\outputs\reststop-blender-300s-2026-09-23\frames\frame-03792.jpg'
00:03.500  render           | Saved: 'C:\Users\ljh\tralalero Shooter\outputs\reststop-blender-300s-2026-09-23\frames\frame-03793.jpg'
00:03.891  render           | Saved: 'C:\Users\ljh\tralalero Shooter\outputs\reststop-blender-300s-2026-09-23\frames\frame-03794.jpg'
00:04.281  render           | Saved: 'C:\Users\ljh\tralalero Shooter\outputs\reststop-blender-300s-2026-09-23\frames\frame-03795.jpg'
00:04.703  render           | Saved: 'C:\Users\ljh\tralalero Shooter\outputs\reststop-blender-300s-2026-09-23\frames\frame-03796.jpg'
00:05.125  render           | Saved: 'C:\Users\ljh\tralalero Shooter\outputs\reststop-blender-300s-2026-09-23\frames\frame-03797.jpg'
00:05.516  render           | Saved: 'C:\Users\ljh\tralalero Shooter\outputs\reststop-blender-300s-2026-09-23\frames\frame-03798.jpg'
00:05.906  render           | Saved: 'C:\Users\ljh\tralalero Shooter\outputs\reststop-blender-300s-2026-09-23\frames\frame-03799.jpg'
00:06.297  render           | Saved: 'C:\Users\ljh\tralalero Shooter\outputs\reststop-blender-300s-2026-09-23\frames\frame-03800.jpg'
00:06.703  render           | Saved: 'C:\Users\ljh\tralalero Shooter\outputs\reststop-blender-300s-2026-09-23\frames\frame-03801.jpg'
00:07.094  render           | Saved: 'C:\Users\ljh\tralalero Shooter\outputs\reststop-blender-300s-2026-09-23\frames\frame-03802.jpg'
00:07.531  render           | Saved: 'C:\Users\ljh\tralalero Shooter\outputs\reststop-blender-300s-2026-09-23\frames\frame-03803.jpg'
00:07.938  render           | Saved: 'C:\Users\ljh\tralalero Shooter\outputs\reststop-blender-300s-2026-09-23\frames\frame-03804.jpg'
00:08.328  render           | Saved: 'C:\Users\ljh\tralalero Shooter\outputs\reststop-blender-300s-2026-09-23\frames\frame-03805.jpg'
00:08.719  render           | Saved: 'C:\Users\ljh\tralalero Shooter\outputs\reststop-blender-300s-2026-09-23\frames\frame-03806.jpg'
00:09.125  render           | Saved: 'C:\Users\ljh\tralalero Shooter\outputs\reststop-blender-300s-2026-09-23\frames\frame-03807.jpg'
00:09.516  render           | Saved: 'C:\Users\ljh\tralalero Shooter\outputs\reststop-blender-300s-2026-09-23\frames\frame-03808.jpg'
00:09.906  render           | Saved: 'C:\Users\ljh\tralalero Shooter\outputs\reststop-blender-300s-2026-09-23\frames\frame-03809.jpg'
00:10.297  render           | Saved: 'C:\Users\ljh\tralalero Shooter\outputs\reststop-blender-300s-2026-09-23\frames\frame-03810.jpg'
00:10.688  render           | Saved: 'C:\Users\ljh\tralalero Shooter\outputs\reststop-blender-300s-2026-09-23\frames\frame-03811.jpg'
00:11.078  render           | Saved: 'C:\Users\ljh\tralalero Shooter\outputs\reststop-blender-300s-2026-09-23\frames\frame-03812.jpg'
00:11.484  render           | Saved: 'C:\Users\ljh\tralalero Shooter\outputs\reststop-blender-300s-2026-09-23\frames\frame-03813.jpg'
00:11.875  render           | Saved: 'C:\Users\ljh\tralalero Shooter\outputs\reststop-blender-300s-2026-09-23\frames\frame-03814.jpg'
PROGRESS {"frame": 3814, "end": 7200, "rendered": 24, "elapsed": 10.68549633026123, "last_24_mean": 0.4428291420141856, "width": 1280, "engine": "BLENDER_EEVEE", "step": 1}
00:12.266  render           | Saved: 'C:\Users\ljh\tralalero Shooter\outputs\reststop-blender-300s-2026-09-23\frames\frame-03815.jpg'
00:12.672  render           | Saved: 'C:\Users\ljh\tralalero Shooter\outputs\reststop-blender-300s-2026-09-23\frames\frame-03816.jpg'
00:13.063  render           | Saved: 'C:\Users\ljh\tralalero Shooter\outputs\reststop-blender-300s-2026-09-23\frames\frame-03817.jpg'
00:13.453  render           | Saved: 'C:\Users\ljh\tralalero Shooter\outputs\reststop-blender-300s-2026-09-23\frames\frame-03818.jpg'
00:13.844  render           | Saved: 'C:\Users\ljh\tralalero Shooter\outputs\reststop-blender-300s-2026-09-23\frames\frame-03819.jpg'
00:14.250  render           | Saved: 'C:\Users\ljh\tralalero Shooter\outputs\reststop-blender-300s-2026-09-23\frames\frame-03820.jpg'
00:14.641  render           | Saved: 'C:\Users\ljh\tralalero Shooter\outputs\reststop-blender-300s-2026-09-23\frames\frame-03821.jpg'
00:15.047  render           | Saved: 'C:\Users\ljh\tralalero Shooter\outputs\reststop-blender-300s-2026-09-23\frames\frame-03822.jpg'
00:15.438  render           | Saved: 'C:\Users\ljh\tralalero Shooter\outputs\reststop-blender-300s-2026-09-23\frames\frame-03823.jpg'
00:15.828  render           | Saved: 'C:\Users\ljh\tralalero Shooter\outputs\reststop-blender-300s-2026-09-23\frames\frame-03824.jpg'
00:16.250  render           | Saved: 'C:\Users\ljh\tralalero Shooter\outputs\reststop-blender-300s-2026-09-23\frames\frame-03825.jpg'
00:16.625  render           | Saved: 'C:\Users\ljh\tralalero Shooter\outputs\reststop-blender-300s-2026-09-23\frames\frame-03826.jpg'
00:17.031  render           | Saved: 'C:\Users\ljh\tralalero Shooter\outputs\reststop-blender-300s-2026-09-23\frames\frame-03827.jpg'
00:17.422  render           | Saved: 'C:\Users\ljh\tralalero Shooter\outputs\reststop-blender-300s-2026-09-23\frames\frame-03828.jpg'
00:17.813  render           | Saved: 'C:\Users\ljh\tralalero Shooter\outputs\reststop-blender-300s-2026-09-23\frames\frame-03829.jpg'
00:18.203  render           | Saved: 'C:\Users\ljh\tralalero Shooter\outputs\reststop-blender-300s-2026-09-23\frames\frame-03830.jpg'
00:18.594  render           | Saved: 'C:\Users\ljh\tralalero Shooter\outputs\reststop-blender-300s-2026-09-23\frames\frame-03831.jpg'
00:19.000  render           | Saved: 'C:\Users\ljh\tralalero Shooter\outputs\reststop-blender-300s-2026-09-23\frames\frame-03832.jpg'
00:19.391  render           | Saved: 'C:\Users\ljh\tralalero Shooter\outputs\reststop-blender-300s-2026-09-23\frames\frame-03833.jpg'
00:19.781  render           | Saved: 'C:\Users\ljh\tralalero Shooter\outputs\reststop-blender-300s-2026-09-23\frames\frame-03834.jpg'
00:20.172  render           | Saved: 'C:\Users\ljh\tralalero Shooter\outputs\reststop-blender-300s-2026-09-23\frames\frame-03835.jpg'
00:20.578  render           | Saved: 'C:\Users\ljh\tralalero Shooter\outputs\reststop-blender-300s-2026-09-23\frames\frame-03836.jpg'
00:20.969  render           | Saved: 'C:\Users\ljh\tralalero Shooter\outputs\reststop-blender-300s-2026-09-23\frames\frame-03837.jpg'
00:21.359  render           | Saved: 'C:\Users\ljh\tralalero Shooter\outputs\reststop-blender-300s-2026-09-23\frames\frame-03838.jpg'
PROGRESS {"frame": 3838, "end": 7200, "rendered": 48, "elapsed": 20.174806118011475, "last_24_mean": 0.3951768676439921, "width": 1280, "engine": "BLENDER_EEVEE", "step": 1}
00:21.766  render           | Saved: 'C:\Users\ljh\tralalero Shooter\outputs\reststop-blender-300s-2026-09-23\frames\frame-03839.jpg'
00:22.172  render           | Saved: 'C:\Users\ljh\tralalero Shooter\outputs\reststop-blender-300s-2026-09-23\frames\frame-03840.jpg'
00:22.563  render           | Saved: 'C:\Users\ljh\tralalero Shooter\outputs\reststop-blender-300s-2026-09-23\frames\frame-03841.jpg'
00:22.953  render           | Saved: 'C:\Users\ljh\tralalero Shooter\outputs\reststop-blender-300s-2026-09-23\frames\frame-03842.jpg'
00:23.359  render           | Saved: 'C:\Users\ljh\tralalero Shooter\outputs\reststop-blender-300s-2026-09-23\frames\frame-03843.jpg'
00:23.797  render           | Saved: 'C:\Users\ljh\tralalero Shooter\outputs\reststop-blender-300s-2026-09-23\frames\frame-03844.jpg'
00:24.250  render           | Saved: 'C:\Users\ljh\tralalero Shooter\outputs\reststop-blender-300s-2026-09-23\frames\frame-03845.jpg'
00:24.703  render           | Saved: 'C:\Users\ljh\tralalero Shooter\outputs\reststop-blender-300s-2026-09-23\frames\frame-03846.jpg'
00:25.156  render           | Saved: 'C:\Users\ljh\tralalero Shooter\outputs\reststop-blender-300s-2026-09-23\frames\frame-03847.jpg'
00:25.609  render           | Saved: 'C:\Users\ljh\tralalero Shooter\outputs\reststop-blender-300s-2026-09-23\frames\frame-03848.jpg'
00:26.063  render           | Saved: 'C:\Users\ljh\tralalero Shooter\outputs\reststop-blender-300s-2026-09-23\frames\frame-03849.jpg'
00:26.484  render           | Saved: 'C:\Users\ljh\tralalero Shooter\outputs\reststop-blender-300s-2026-09-23\frames\frame-03850.jpg'
00:26.922  render           | Saved: 'C:\Users\ljh\tralalero Shooter\outputs\reststop-blender-300s-2026-09-23\frames\frame-03851.jpg'
00:27.344  render           | Saved: 'C:\Users\ljh\tralalero Shooter\outputs\reststop-blender-300s-2026-09-23\frames\frame-03852.jpg'
00:27.766  render           | Saved: 'C:\Users\ljh\tralalero Shooter\outputs\reststop-blender-300s-2026-09-23\frames\frame-03853.jpg'
00:28.188  render           | Saved: 'C:\Users\ljh\tralalero Shooter\outputs\reststop-blender-300s-2026-09-23\frames\frame-03854.jpg'
00:28.609  render           | Saved: 'C:\Users\ljh\tralalero Shooter\outputs\reststop-blender-300s-2026-09-23\frames\frame-03855.jpg'
00:29.016  render           | Saved: 'C:\Users\ljh\tralalero Shooter\outputs\reststop-blender-300s-2026-09-23\frames\frame-03856.jpg'
00:29.406  render           | Saved: 'C:\Users\ljh\tralalero Shooter\outputs\reststop-blender-300s-2026-09-23\frames\frame-03857.jpg'
00:29.797  render           | Saved: 'C:\Users\ljh\tralalero Shooter\outputs\reststop-blender-300s-2026-09-23\frames\frame-03858.jpg'
00:30.203  render           | Saved: 'C:\Users\ljh\tralalero Shooter\outputs\reststop-blender-300s-2026-09-23\frames\frame-03859.jpg'
00:30.609  render           | Saved: 'C:\Users\ljh\tralalero Shooter\outputs\reststop-blender-300s-2026-09-23\frames\frame-03860.jpg'
00:31.000  render           | Saved: 'C:\Users\ljh\tralalero Shooter\outputs\reststop-blender-300s-2026-09-23\frames\frame-03861.jpg'
00:31.406  render           | Saved: 'C:\Users\ljh\tralalero Shooter\outputs\reststop-blender-300s-2026-09-23\frames\frame-03862.jpg'
PROGRESS {"frame": 3862, "end": 7200, "rendered": 72, "elapsed": 30.215057849884033, "last_24_mean": 0.41815218329429626, "width": 1280, "engine": "BLENDER_EEVEE", "step": 1}
00:31.797  render           | Saved: 'C:\Users\ljh\tralalero Shooter\outputs\reststop-blender-300s-2026-09-23\frames\frame-03863.jpg'
00:32.188  render           | Saved: 'C:\Users\ljh\tralalero Shooter\outputs\reststop-blender-300s-2026-09-23\frames\frame-03864.jpg'
00:32.578  render           | Saved: 'C:\Users\ljh\tralalero Shooter\outputs\reststop-blender-300s-2026-09-23\frames\frame-03865.jpg'
00:32.969  render           | Saved: 'C:\Users\ljh\tralalero Shooter\outputs\reststop-blender-300s-2026-09-23\frames\frame-03866.jpg'
00:33.359  render           | Saved: 'C:\Users\ljh\tralalero Shooter\outputs\reststop-blender-300s-2026-09-23\frames\frame-03867.jpg'
00:33.734  render           | Saved: 'C:\Users\ljh\tralalero Shooter\outputs\reststop-blender-300s-2026-09-23\frames\frame-03868.jpg'
00:34.125  render           | Saved: 'C:\Users\ljh\tralalero Shooter\outputs\reststop-blender-300s-2026-09-23\frames\frame-03869.jpg'
00:34.516  render           | Saved: 'C:\Users\ljh\tralalero Shooter\outputs\reststop-blender-300s-2026-09-23\frames\frame-03870.jpg'
00:34.891  render           | Saved: 'C:\Users\ljh\tralalero Shooter\outputs\reststop-blender-300s-2026-09-23\frames\frame-03871.jpg'
00:35.281  render           | Saved: 'C:\Users\ljh\tralalero Shooter\outputs\reststop-blender-300s-2026-09-23\frames\frame-03872.jpg'
00:35.672  render           | Saved: 'C:\Users\ljh\tralalero Shooter\outputs\reststop-blender-300s-2026-09-23\frames\frame-03873.jpg'
00:36.063  render           | Saved: 'C:\Users\ljh\tralalero Shooter\outputs\reststop-blender-300s-2026-09-23\frames\frame-03874.jpg'
00:36.469  render           | Saved: 'C:\Users\ljh\tralalero Shooter\outputs\reststop-blender-300s-2026-09-23\frames\frame-03875.jpg'
00:36.859  render           | Saved: 'C:\Users\ljh\tralalero Shooter\outputs\reststop-blender-300s-2026-09-23\frames\frame-03876.jpg'
00:37.250  render           | Saved: 'C:\Users\ljh\tralalero Shooter\outputs\reststop-blender-300s-2026-09-23\frames\frame-03877.jpg'
00:37.625  render           | Saved: 'C:\Users\ljh\tralalero Shooter\outputs\reststop-blender-300s-2026-09-23\frames\frame-03878.jpg'
00:38.031  render           | Saved: 'C:\Users\ljh\tralalero Shooter\outputs\reststop-blender-300s-2026-09-23\frames\frame-03879.jpg'
00:38.422  render           | Saved: 'C:\Users\ljh\tralalero Shooter\outputs\reststop-blender-300s-2026-09-23\frames\frame-03880.jpg'
00:38.813  render           | Saved: 'C:\Users\ljh\tralalero Shooter\outputs\reststop-blender-300s-2026-09-23\frames\frame-03881.jpg'
00:39.188  render           | Saved: 'C:\Users\ljh\tralalero Shooter\outputs\reststop-blender-300s-2026-09-23\frames\frame-03882.jpg'
00:39.563  render           | Saved: 'C:\Users\ljh\tralalero Shooter\outputs\reststop-blender-300s-2026-09-23\frames\frame-03883.jpg'
00:39.953  render           | Saved: 'C:\Users\ljh\tralalero Shooter\outputs\reststop-blender-300s-2026-09-23\frames\frame-03884.jpg'
00:40.328  render           | Saved: 'C:\Users\ljh\tralalero Shooter\outputs\reststop-blender-300s-2026-09-23\frames\frame-03885.jpg'
00:40.719  render           | Saved: 'C:\Users\ljh\tralalero Shooter\outputs\reststop-blender-300s-2026-09-23\frames\frame-03886.jpg'
PROGRESS {"frame": 3886, "end": 7200, "rendered": 96, "elapsed": 39.537225008010864, "last_24_mean": 0.3882448375225067, "width": 1280, "engine": "BLENDER_EEVEE", "step": 1}
00:41.109  render           | Saved: 'C:\Users\ljh\tralalero Shooter\outputs\reststop-blender-300s-2026-09-23\frames\frame-03887.jpg'
00:41.484  render           | Saved: 'C:\Users\ljh\tralalero Shooter\outputs\reststop-blender-300s-2026-09-23\frames\frame-03888.jpg'
00:41.859  render           | Saved: 'C:\Users\ljh\tralalero Shooter\outputs\reststop-blender-300s-2026-09-23\frames\frame-03889.jpg'
00:42.250  render           | Saved: 'C:\Users\ljh\tralalero Shooter\outputs\reststop-blender-300s-2026-09-23\frames\frame-03890.jpg'
00:42.625  render           | Saved: 'C:\Users\ljh\tralalero Shooter\outputs\reststop-blender-300s-2026-09-23\frames\frame-03891.jpg'
00:43.031  render           | Saved: 'C:\Users\ljh\tralalero Shooter\outputs\reststop-blender-300s-2026-09-23\frames\frame-03892.jpg'
00:43.422  render           | Saved: 'C:\Users\ljh\tralalero Shooter\outputs\reststop-blender-300s-2026-09-23\frames\frame-03893.jpg'
00:43.813  render           | Saved: 'C:\Users\ljh\tralalero Shooter\outputs\reststop-blender-300s-2026-09-23\frames\frame-03894.jpg'
00:44.203  render           | Saved: 'C:\Users\ljh\tralalero Shooter\outputs\reststop-blender-300s-2026-09-23\frames\frame-03895.jpg'
00:44.594  render           | Saved: 'C:\Users\ljh\tralalero Shooter\outputs\reststop-blender-300s-2026-09-23\frames\frame-03896.jpg'
00:44.984  render           | Saved: 'C:\Users\ljh\tralalero Shooter\outputs\reststop-blender-300s-2026-09-23\frames\frame-03897.jpg'
00:45.375  render           | Saved: 'C:\Users\ljh\tralalero Shooter\outputs\reststop-blender-300s-2026-09-23\frames\frame-03898.jpg'
00:45.781  render           | Saved: 'C:\Users\ljh\tralalero Shooter\outputs\reststop-blender-300s-2026-09-23\frames\frame-03899.jpg'
00:46.172  render           | Saved: 'C:\Users\ljh\tralalero Shooter\outputs\reststop-blender-300s-2026-09-23\frames\frame-03900.jpg'
00:46.563  render           | Saved: 'C:\Users\ljh\tralalero Shooter\outputs\reststop-blender-300s-2026-09-23\frames\frame-03901.jpg'
00:46.953  render           | Saved: 'C:\Users\ljh\tralalero Shooter\outputs\reststop-blender-300s-2026-09-23\frames\frame-03902.jpg'
00:47.344  render           | Saved: 'C:\Users\ljh\tralalero Shooter\outputs\reststop-blender-300s-2026-09-23\frames\frame-03903.jpg'
00:47.734  render           | Saved: 'C:\Users\ljh\tralalero Shooter\outputs\reststop-blender-300s-2026-09-23\frames\frame-03904.jpg'
00:48.125  render           | Saved: 'C:\Users\ljh\tralalero Shooter\outputs\reststop-blender-300s-2026-09-23\frames\frame-03905.jpg'
00:48.516  render           | Saved: 'C:\Users\ljh\tralalero Shooter\outputs\reststop-blender-300s-2026-09-23\frames\frame-03906.jpg'
00:48.906  render           | Saved: 'C:\Users\ljh\tralalero Shooter\outputs\reststop-blender-300s-2026-09-23\frames\frame-03907.jpg'
00:49.297  render           | Saved: 'C:\Users\ljh\tralalero Shooter\outputs\reststop-blender-300s-2026-09-23\frames\frame-03908.jpg'
00:49.703  render           | Saved: 'C:\Users\ljh\tralalero Shooter\outputs\reststop-blender-300s-2026-09-23\frames\frame-03909.jpg'
00:50.094  render           | Saved: 'C:\Users\ljh\tralalero Shooter\outputs\reststop-blender-300s-2026-09-23\frames\frame-03910.jpg'
PROGRESS {"frame": 3910, "end": 7200, "rendered": 120, "elapsed": 48.91408157348633, "last_24_mean": 0.39052628477414447, "width": 1280, "engine": "BLENDER_EEVEE", "step": 1}
00:50.484  render           | Saved: 'C:\Users\ljh\tralalero Shooter\outputs\reststop-blender-300s-2026-09-23\frames\frame-03911.jpg'
00:50.875  render           | Saved: 'C:\Users\ljh\tralalero Shooter\outputs\reststop-blender-300s-2026-09-23\frames\frame-03912.jpg'
00:51.266  render           | Saved: 'C:\Users\ljh\tralalero Shooter\outputs\reststop-blender-300s-2026-09-23\frames\frame-03913.jpg'
00:51.656  render           | Saved: 'C:\Users\ljh\tralalero Shooter\outputs\reststop-blender-300s-2026-09-23\frames\frame-03914.jpg'
00:52.047  render           | Saved: 'C:\Users\ljh\tralalero Shooter\outputs\reststop-blender-300s-2026-09-23\frames\frame-03915.jpg'
00:52.453  render           | Saved: 'C:\Users\ljh\tralalero Shooter\outputs\reststop-blender-300s-2026-09-23\frames\frame-03916.jpg'
00:52.844  render           | Saved: 'C:\Users\ljh\tralalero Shooter\outputs\reststop-blender-300s-2026-09-23\frames\frame-03917.jpg'
00:53.266  render           | Saved: 'C:\Users\ljh\tralalero Shooter\outputs\reststop-blender-300s-2026-09-23\frames\frame-03918.jpg'
00:53.672  render           | Saved: 'C:\Users\ljh\tralalero Shooter\outputs\reststop-blender-300s-2026-09-23\frames\frame-03919.jpg'
00:54.078  render           | Saved: 'C:\Users\ljh\tralalero Shooter\outputs\reststop-blender-300s-2026-09-23\frames\frame-03920.jpg'
00:54.484  render           | Saved: 'C:\Users\ljh\tralalero Shooter\outputs\reststop-blender-300s-2026-09-23\frames\frame-03921.jpg'
00:54.875  render           | Saved: 'C:\Users\ljh\tralalero Shooter\outputs\reststop-blender-300s-2026-09-23\frames\frame-03922.jpg'
00:55.266  render           | Saved: 'C:\Users\ljh\tralalero Shooter\outputs\reststop-blender-300s-2026-09-23\frames\frame-03923.jpg'
00:55.656  render           | Saved: 'C:\Users\ljh\tralalero Shooter\outputs\reststop-blender-300s-2026-09-23\frames\frame-03924.jpg'
00:56.031  render           | Saved: 'C:\Users\ljh\tralalero Shooter\outputs\reststop-blender-300s-2026-09-23\frames\frame-03925.jpg'
00:56.422  render           | Saved: 'C:\Users\ljh\tralalero Shooter\outputs\reststop-blender-300s-2026-09-23\frames\frame-03926.jpg'
00:56.813  render           | Saved: 'C:\Users\ljh\tralalero Shooter\outputs\reststop-blender-300s-2026-09-23\frames\frame-03927.jpg'
00:57.188  render           | Saved: 'C:\Users\ljh\tralalero Shooter\outputs\reststop-blender-300s-2026-09-23\frames\frame-03928.jpg'
00:57.578  render           | Saved: 'C:\Users\ljh\tralalero Shooter\outputs\reststop-blender-300s-2026-09-23\frames\frame-03929.jpg'
00:57.969  render           | Saved: 'C:\Users\ljh\tralalero Shooter\outputs\reststop-blender-300s-2026-09-23\frames\frame-03930.jpg'
00:58.359  render           | Saved: 'C:\Users\ljh\tralalero Shooter\outputs\reststop-blender-300s-2026-09-23\frames\frame-03931.jpg'
00:58.750  render           | Saved: 'C:\Users\ljh\tralalero Shooter\outputs\reststop-blender-300s-2026-09-23\frames\frame-03932.jpg'
00:59.125  render           | Saved: 'C:\Users\ljh\tralalero Shooter\outputs\reststop-blender-300s-2026-09-23\frames\frame-03933.jpg'
00:59.500  render           | Saved: 'C:\Users\ljh\tralalero Shooter\outputs\reststop-blender-300s-2026-09-23\frames\frame-03934.jpg'
PROGRESS {"frame": 3934, "end": 7200, "rendered": 144, "elapsed": 58.32306098937988, "last_24_mean": 0.39185967048009235, "width": 1280, "engine": "BLENDER_EEVEE", "step": 1}
00:59.891  render           | Saved: 'C:\Users\ljh\tralalero Shooter\outputs\reststop-blender-300s-2026-09-23\frames\frame-03935.jpg'
01:00.281  render           | Saved: 'C:\Users\ljh\tralalero Shooter\outputs\reststop-blender-300s-2026-09-23\frames\frame-03936.jpg'
01:00.672  render           | Saved: 'C:\Users\ljh\tralalero Shooter\outputs\reststop-blender-300s-2026-09-23\frames\frame-03937.jpg'
01:01.063  render           | Saved: 'C:\Users\ljh\tralalero Shooter\outputs\reststop-blender-300s-2026-09-23\frames\frame-03938.jpg'
01:01.438  render           | Saved: 'C:\Users\ljh\tralalero Shooter\outputs\reststop-blender-300s-2026-09-23\frames\frame-03939.jpg'
01:01.828  render           | Saved: 'C:\Users\ljh\tralalero Shooter\outputs\reststop-blender-300s-2026-09-23\frames\frame-03940.jpg'
01:02.219  render           | Saved: 'C:\Users\ljh\tralalero Shooter\outputs\reststop-blender-300s-2026-09-23\frames\frame-03941.jpg'
01:02.609  render           | Saved: 'C:\Users\ljh\tralalero Shooter\outputs\reststop-blender-300s-2026-09-23\frames\frame-03942.jpg'
01:03.000  render           | Saved: 'C:\Users\ljh\tralalero Shooter\outputs\reststop-blender-300s-2026-09-23\frames\frame-03943.jpg'
01:03.391  render           | Saved: 'C:\Users\ljh\tralalero Shooter\outputs\reststop-blender-300s-2026-09-23\frames\frame-03944.jpg'
01:03.781  render           | Saved: 'C:\Users\ljh\tralalero Shooter\outputs\reststop-blender-300s-2026-09-23\frames\frame-03945.jpg'
01:04.172  render           | Saved: 'C:\Users\ljh\tralalero Shooter\outputs\reststop-blender-300s-2026-09-23\frames\frame-03946.jpg'
01:04.578  render           | Saved: 'C:\Users\ljh\tralalero Shooter\outputs\reststop-blender-300s-2026-09-23\frames\frame-03947.jpg'
01:04.969  render           | Saved: 'C:\Users\ljh\tralalero Shooter\outputs\reststop-blender-300s-2026-09-23\frames\frame-03948.jpg'
01:05.344  render           | Saved: 'C:\Users\ljh\tralalero Shooter\outputs\reststop-blender-300s-2026-09-23\frames\frame-03949.jpg'
01:05.750  render           | Saved: 'C:\Users\ljh\tralalero Shooter\outputs\reststop-blender-300s-2026-09-23\frames\frame-03950.jpg'
01:06.141  render           | Saved: 'C:\Users\ljh\tralalero Shooter\outputs\reststop-blender-300s-2026-09-23\frames\frame-03951.jpg'
01:06.547  render           | Saved: 'C:\Users\ljh\tralalero Shooter\outputs\reststop-blender-300s-2026-09-23\frames\frame-03952.jpg'
01:06.938  render           | Saved: 'C:\Users\ljh\tralalero Shooter\outputs\reststop-blender-300s-2026-09-23\frames\frame-03953.jpg'
01:07.313  render           | Saved: 'C:\Users\ljh\tralalero Shooter\outputs\reststop-blender-300s-2026-09-23\frames\frame-03954.jpg'
01:07.703  render           | Saved: 'C:\Users\ljh\tralalero Shooter\outputs\reststop-blender-300s-2026-09-23\frames\frame-03955.jpg'
01:08.094  render           | Saved: 'C:\Users\ljh\tralalero Shooter\outputs\reststop-blender-300s-2026-09-23\frames\frame-03956.jpg'
01:08.484  render           | Saved: 'C:\Users\ljh\tralalero Shooter\outputs\reststop-blender-300s-2026-09-23\frames\frame-03957.jpg'
01:08.875  render           | Saved: 'C:\Users\ljh\tralalero Shooter\outputs\reststop-blender-300s-2026-09-23\frames\frame-03958.jpg'
PROGRESS {"frame": 3958, "end": 7200, "rendered": 168, "elapsed": 67.69321060180664, "last_24_mean": 0.39024365941683453, "width": 1280, "engine": "BLENDER_EEVEE", "step": 1}
01:09.266  render           | Saved: 'C:\Users\ljh\tralalero Shooter\outputs\reststop-blender-300s-2026-09-23\frames\frame-03959.jpg'
01:09.656  render           | Saved: 'C:\Users\ljh\tralalero Shooter\outputs\reststop-blender-300s-2026-09-23\frames\frame-03960.jpg'
01:10.047  render           | Saved: 'C:\Users\ljh\tralalero Shooter\outputs\reststop-blender-300s-2026-09-23\frames\frame-03961.jpg'
01:10.438  render           | Saved: 'C:\Users\ljh\tralalero Shooter\outputs\reststop-blender-300s-2026-09-23\frames\frame-03962.jpg'
01:10.844  render           | Saved: 'C:\Users\ljh\tralalero Shooter\outputs\reststop-blender-300s-2026-09-23\frames\frame-03963.jpg'
01:11.250  render           | Saved: 'C:\Users\ljh\tralalero Shooter\outputs\reststop-blender-300s-2026-09-23\frames\frame-03964.jpg'
01:11.641  render           | Saved: 'C:\Users\ljh\tralalero Shooter\outputs\reststop-blender-300s-2026-09-23\frames\frame-03965.jpg'
01:12.031  render           | Saved: 'C:\Users\ljh\tralalero Shooter\outputs\reststop-blender-300s-2026-09-23\frames\frame-03966.jpg'
01:12.422  render           | Saved: 'C:\Users\ljh\tralalero Shooter\outputs\reststop-blender-300s-2026-09-23\frames\frame-03967.jpg'
01:12.813  render           | Saved: 'C:\Users\ljh\tralalero Shooter\outputs\reststop-blender-300s-2026-09-23\frames\frame-03968.jpg'
01:13.203  render           | Saved: 'C:\Users\ljh\tralalero Shooter\outputs\reststop-blender-300s-2026-09-23\frames\frame-03969.jpg'
01:13.594  render           | Saved: 'C:\Users\ljh\tralalero Shooter\outputs\reststop-blender-300s-2026-09-23\frames\frame-03970.jpg'
01:13.984  render           | Saved: 'C:\Users\ljh\tralalero Shooter\outputs\reststop-blender-300s-2026-09-23\frames\frame-03971.jpg'
01:14.375  render           | Saved: 'C:\Users\ljh\tralalero Shooter\outputs\reststop-blender-300s-2026-09-23\frames\frame-03972.jpg'
01:14.781  render           | Saved: 'C:\Users\ljh\tralalero Shooter\outputs\reststop-blender-300s-2026-09-23\frames\frame-03973.jpg'
01:15.172  render           | Saved: 'C:\Users\ljh\tralalero Shooter\outputs\reststop-blender-300s-2026-09-23\frames\frame-03974.jpg'
01:15.547  render           | Saved: 'C:\Users\ljh\tralalero Shooter\outputs\reststop-blender-300s-2026-09-23\frames\frame-03975.jpg'
01:15.938  render           | Saved: 'C:\Users\ljh\tralalero Shooter\outputs\reststop-blender-300s-2026-09-23\frames\frame-03976.jpg'
01:16.328  render           | Saved: 'C:\Users\ljh\tralalero Shooter\outputs\reststop-blender-300s-2026-09-23\frames\frame-03977.jpg'
01:16.719  render           | Saved: 'C:\Users\ljh\tralalero Shooter\outputs\reststop-blender-300s-2026-09-23\frames\frame-03978.jpg'
01:17.109  render           | Saved: 'C:\Users\ljh\tralalero Shooter\outputs\reststop-blender-300s-2026-09-23\frames\frame-03979.jpg'
01:17.500  render           | Saved: 'C:\Users\ljh\tralalero Shooter\outputs\reststop-blender-300s-2026-09-23\frames\frame-03980.jpg'
01:17.875  render           | Saved: 'C:\Users\ljh\tralalero Shooter\outputs\reststop-blender-300s-2026-09-23\frames\frame-03981.jpg'
01:18.281  render           | Saved: 'C:\Users\ljh\tralalero Shooter\outputs\reststop-blender-300s-2026-09-23\frames\frame-03982.jpg'
PROGRESS {"frame": 3982, "end": 7200, "rendered": 192, "elapsed": 77.09269976615906, "last_24_mean": 0.3914678990840912, "width": 1280, "engine": "BLENDER_EEVEE", "step": 1}
01:18.672  render           | Saved: 'C:\Users\ljh\tralalero Shooter\outputs\reststop-blender-300s-2026-09-23\frames\frame-03983.jpg'
01:19.063  render           | Saved: 'C:\Users\ljh\tralalero Shooter\outputs\reststop-blender-300s-2026-09-23\frames\frame-03984.jpg'
01:19.438  render           | Saved: 'C:\Users\ljh\tralalero Shooter\outputs\reststop-blender-300s-2026-09-23\frames\frame-03985.jpg'
01:19.844  render           | Saved: 'C:\Users\ljh\tralalero Shooter\outputs\reststop-blender-300s-2026-09-23\frames\frame-03986.jpg'
01:20.234  render           | Saved: 'C:\Users\ljh\tralalero Shooter\outputs\reststop-blender-300s-2026-09-23\frames\frame-03987.jpg'
01:20.609  render           | Saved: 'C:\Users\ljh\tralalero Shooter\outputs\reststop-blender-300s-2026-09-23\frames\frame-03988.jpg'
01:21.016  render           | Saved: 'C:\Users\ljh\tralalero Shooter\outputs\reststop-blender-300s-2026-09-23\frames\frame-03989.jpg'
01:21.406  render           | Saved: 'C:\Users\ljh\tralalero Shooter\outputs\reststop-blender-300s-2026-09-23\frames\frame-03990.jpg'
01:21.797  render           | Saved: 'C:\Users\ljh\tralalero Shooter\outputs\reststop-blender-300s-2026-09-23\frames\frame-03991.jpg'
01:22.188  render           | Saved: 'C:\Users\ljh\tralalero Shooter\outputs\reststop-blender-300s-2026-09-23\frames\frame-03992.jpg'
01:22.578  render           | Saved: 'C:\Users\ljh\tralalero Shooter\outputs\reststop-blender-300s-2026-09-23\frames\frame-03993.jpg'
01:22.984  render           | Saved: 'C:\Users\ljh\tralalero Shooter\outputs\reststop-blender-300s-2026-09-23\frames\frame-03994.jpg'
01:23.375  render           | Saved: 'C:\Users\ljh\tralalero Shooter\outputs\reststop-blender-300s-2026-09-23\frames\frame-03995.jpg'
01:23.750  render           | Saved: 'C:\Users\ljh\tralalero Shooter\outputs\reststop-blender-300s-2026-09-23\frames\frame-03996.jpg'
01:24.141  render           | Saved: 'C:\Users\ljh\tralalero Shooter\outputs\reststop-blender-300s-2026-09-23\frames\frame-03997.jpg'
01:24.531  render           | Saved: 'C:\Users\ljh\tralalero Shooter\outputs\reststop-blender-300s-2026-09-23\frames\frame-03998.jpg'
01:24.922  render           | Saved: 'C:\Users\ljh\tralalero Shooter\outputs\reststop-blender-300s-2026-09-23\frames\frame-03999.jpg'
01:25.297  render           | Saved: 'C:\Users\ljh\tralalero Shooter\outputs\reststop-blender-300s-2026-09-23\frames\frame-04000.jpg'
01:25.688  render           | Saved: 'C:\Users\ljh\tralalero Shooter\outputs\reststop-blender-300s-2026-09-23\frames\frame-04001.jpg'
01:26.078  render           | Saved: 'C:\Users\ljh\tralalero Shooter\outputs\reststop-blender-300s-2026-09-23\frames\frame-04002.jpg'
01:26.469  render           | Saved: 'C:\Users\ljh\tralalero Shooter\outputs\reststop-blender-300s-2026-09-23\frames\frame-04003.jpg'
01:26.859  render           | Saved: 'C:\Users\ljh\tralalero Shooter\outputs\reststop-blender-300s-2026-09-23\frames\frame-04004.jpg'
01:27.234  render           | Saved: 'C:\Users\ljh\tralalero Shooter\outputs\reststop-blender-300s-2026-09-23\frames\frame-04005.jpg'
01:27.625  render           | Saved: 'C:\Users\ljh\tralalero Shooter\outputs\reststop-blender-300s-2026-09-23\frames\frame-04006.jpg'
PROGRESS {"frame": 4006, "end": 7200, "rendered": 216, "elapsed": 86.4455738067627, "last_24_mean": 0.38952332735061646, "width": 1280, "engine": "BLENDER_EEVEE", "step": 1}
01:28.016  render           | Saved: 'C:\Users\ljh\tralalero Shooter\outputs\reststop-blender-300s-2026-09-23\frames\frame-04007.jpg'
01:28.406  render           | Saved: 'C:\Users\ljh\tralalero Shooter\outputs\reststop-blender-300s-2026-09-23\frames\frame-04008.jpg'
01:28.797  render           | Saved: 'C:\Users\ljh\tralalero Shooter\outputs\reststop-blender-300s-2026-09-23\frames\frame-04009.jpg'
01:29.188  render           | Saved: 'C:\Users\ljh\tralalero Shooter\outputs\reststop-blender-300s-2026-09-23\frames\frame-04010.jpg'
01:29.578  render           | Saved: 'C:\Users\ljh\tralalero Shooter\outputs\reststop-blender-300s-2026-09-23\frames\frame-04011.jpg'
01:29.969  render           | Saved: 'C:\Users\ljh\tralalero Shooter\outputs\reststop-blender-300s-2026-09-23\frames\frame-04012.jpg'
01:30.359  render           | Saved: 'C:\Users\ljh\tralalero Shooter\outputs\reststop-blender-300s-2026-09-23\frames\frame-04013.jpg'
01:30.734  render           | Saved: 'C:\Users\ljh\tralalero Shooter\outputs\reststop-blender-300s-2026-09-23\frames\frame-04014.jpg'
01:31.125  render           | Saved: 'C:\Users\ljh\tralalero Shooter\outputs\reststop-blender-300s-2026-09-23\frames\frame-04015.jpg'
01:31.516  render           | Saved: 'C:\Users\ljh\tralalero Shooter\outputs\reststop-blender-300s-2026-09-23\frames\frame-04016.jpg'
01:31.906  render           | Saved: 'C:\Users\ljh\tralalero Shooter\outputs\reststop-blender-300s-2026-09-23\frames\frame-04017.jpg'
01:32.297  render           | Saved: 'C:\Users\ljh\tralalero Shooter\outputs\reststop-blender-300s-2026-09-23\frames\frame-04018.jpg'
01:32.688  render           | Saved: 'C:\Users\ljh\tralalero Shooter\outputs\reststop-blender-300s-2026-09-23\frames\frame-04019.jpg'
01:33.078  render           | Saved: 'C:\Users\ljh\tralalero Shooter\outputs\reststop-blender-300s-2026-09-23\frames\frame-04020.jpg'
01:33.469  render           | Saved: 'C:\Users\ljh\tralalero Shooter\outputs\reststop-blender-300s-2026-09-23\frames\frame-04021.jpg'
01:33.844  render           | Saved: 'C:\Users\ljh\tralalero Shooter\outputs\reststop-blender-300s-2026-09-23\frames\frame-04022.jpg'
01:34.234  render           | Saved: 'C:\Users\ljh\tralalero Shooter\outputs\reststop-blender-300s-2026-09-23\frames\frame-04023.jpg'
01:34.625  render           | Saved: 'C:\Users\ljh\tralalero Shooter\outputs\reststop-blender-300s-2026-09-23\frames\frame-04024.jpg'
01:35.016  render           | Saved: 'C:\Users\ljh\tralalero Shooter\outputs\reststop-blender-300s-2026-09-23\frames\frame-04025.jpg'
01:35.406  render           | Saved: 'C:\Users\ljh\tralalero Shooter\outputs\reststop-blender-300s-2026-09-23\frames\frame-04026.jpg'
01:35.797  render           | Saved: 'C:\Users\ljh\tralalero Shooter\outputs\reststop-blender-300s-2026-09-23\frames\frame-04027.jpg'
01:36.188  render           | Saved: 'C:\Users\ljh\tralalero Shooter\outputs\reststop-blender-300s-2026-09-23\frames\frame-04028.jpg'
01:36.578  render           | Saved: 'C:\Users\ljh\tralalero Shooter\outputs\reststop-blender-300s-2026-09-23\frames\frame-04029.jpg'
01:36.953  render           | Saved: 'C:\Users\ljh\tralalero Shooter\outputs\reststop-blender-300s-2026-09-23\frames\frame-04030.jpg'
PROGRESS {"frame": 4030, "end": 7200, "rendered": 240, "elapsed": 95.77820897102356, "last_24_mean": 0.38867374261220294, "width": 1280, "engine": "BLENDER_EEVEE", "step": 1}
01:37.359  render           | Saved: 'C:\Users\ljh\tralalero Shooter\outputs\reststop-blender-300s-2026-09-23\frames\frame-04031.jpg'
01:37.750  render           | Saved: 'C:\Users\ljh\tralalero Shooter\outputs\reststop-blender-300s-2026-09-23\frames\frame-04032.jpg'
01:38.125  render           | Saved: 'C:\Users\ljh\tralalero Shooter\outputs\reststop-blender-300s-2026-09-23\frames\frame-04033.jpg'
01:38.516  render           | Saved: 'C:\Users\ljh\tralalero Shooter\outputs\reststop-blender-300s-2026-09-23\frames\frame-04034.jpg'
01:38.906  render           | Saved: 'C:\Users\ljh\tralalero Shooter\outputs\reststop-blender-300s-2026-09-23\frames\frame-04035.jpg'
01:39.297  render           | Saved: 'C:\Users\ljh\tralalero Shooter\outputs\reststop-blender-300s-2026-09-23\frames\frame-04036.jpg'
01:39.703  render           | Saved: 'C:\Users\ljh\tralalero Shooter\outputs\reststop-blender-300s-2026-09-23\frames\frame-04037.jpg'
01:40.078  render           | Saved: 'C:\Users\ljh\tralalero Shooter\outputs\reststop-blender-300s-2026-09-23\frames\frame-04038.jpg'
01:40.469  render           | Saved: 'C:\Users\ljh\tralalero Shooter\outputs\reststop-blender-300s-2026-09-23\frames\frame-04039.jpg'
01:40.859  render           | Saved: 'C:\Users\ljh\tralalero Shooter\outputs\reststop-blender-300s-2026-09-23\frames\frame-04040.jpg'
01:41.250  render           | Saved: 'C:\Users\ljh\tralalero Shooter\outputs\reststop-blender-300s-2026-09-23\frames\frame-04041.jpg'
01:41.625  render           | Saved: 'C:\Users\ljh\tralalero Shooter\outputs\reststop-blender-300s-2026-09-23\frames\frame-04042.jpg'
01:42.016  render           | Saved: 'C:\Users\ljh\tralalero Shooter\outputs\reststop-blender-300s-2026-09-23\frames\frame-04043.jpg'
01:42.406  render           | Saved: 'C:\Users\ljh\tralalero Shooter\outputs\reststop-blender-300s-2026-09-23\frames\frame-04044.jpg'
01:42.781  render           | Saved: 'C:\Users\ljh\tralalero Shooter\outputs\reststop-blender-300s-2026-09-23\frames\frame-04045.jpg'
01:43.172  render           | Saved: 'C:\Users\ljh\tralalero Shooter\outputs\reststop-blender-300s-2026-09-23\frames\frame-04046.jpg'
01:43.563  render           | Saved: 'C:\Users\ljh\tralalero Shooter\outputs\reststop-blender-300s-2026-09-23\frames\frame-04047.jpg'
01:43.953  render           | Saved: 'C:\Users\ljh\tralalero Shooter\outputs\reststop-blender-300s-2026-09-23\frames\frame-04048.jpg'
01:44.344  render           | Saved: 'C:\Users\ljh\tralalero Shooter\outputs\reststop-blender-300s-2026-09-23\frames\frame-04049.jpg'
01:44.719  render           | Saved: 'C:\Users\ljh\tralalero Shooter\outputs\reststop-blender-300s-2026-09-23\frames\frame-04050.jpg'
01:45.109  render           | Saved: 'C:\Users\ljh\tralalero Shooter\outputs\reststop-blender-300s-2026-09-23\frames\frame-04051.jpg'
01:45.500  render           | Saved: 'C:\Users\ljh\tralalero Shooter\outputs\reststop-blender-300s-2026-09-23\frames\frame-04052.jpg'
01:45.875  render           | Saved: 'C:\Users\ljh\tralalero Shooter\outputs\reststop-blender-300s-2026-09-23\frames\frame-04053.jpg'
01:46.313  render           | Saved: 'C:\Users\ljh\tralalero Shooter\outputs\reststop-blender-300s-2026-09-23\frames\frame-04054.jpg'
PROGRESS {"frame": 4054, "end": 7200, "rendered": 264, "elapsed": 105.1268105506897, "last_24_mean": 0.38935088117917377, "width": 1280, "engine": "BLENDER_EEVEE", "step": 1}
01:46.703  render           | Saved: 'C:\Users\ljh\tralalero Shooter\outputs\reststop-blender-300s-2026-09-23\frames\frame-04055.jpg'
01:47.094  render           | Saved: 'C:\Users\ljh\tralalero Shooter\outputs\reststop-blender-300s-2026-09-23\frames\frame-04056.jpg'
01:47.484  render           | Saved: 'C:\Users\ljh\tralalero Shooter\outputs\reststop-blender-300s-2026-09-23\frames\frame-04057.jpg'
01:47.875  render           | Saved: 'C:\Users\ljh\tralalero Shooter\outputs\reststop-blender-300s-2026-09-23\frames\frame-04058.jpg'
01:48.266  render           | Saved: 'C:\Users\ljh\tralalero Shooter\outputs\reststop-blender-300s-2026-09-23\frames\frame-04059.jpg'
01:48.641  render           | Saved: 'C:\Users\ljh\tralalero Shooter\outputs\reststop-blender-300s-2026-09-23\frames\frame-04060.jpg'
01:49.031  render           | Saved: 'C:\Users\ljh\tralalero Shooter\outputs\reststop-blender-300s-2026-09-23\frames\frame-04061.jpg'
01:49.422  render           | Saved: 'C:\Users\ljh\tralalero Shooter\outputs\reststop-blender-300s-2026-09-23\frames\frame-04062.jpg'
01:49.813  render           | Saved: 'C:\Users\ljh\tralalero Shooter\outputs\reststop-blender-300s-2026-09-23\frames\frame-04063.jpg'
01:50.219  render           | Saved: 'C:\Users\ljh\tralalero Shooter\outputs\reststop-blender-300s-2026-09-23\frames\frame-04064.jpg'
01:50.594  render           | Saved: 'C:\Users\ljh\tralalero Shooter\outputs\reststop-blender-300s-2026-09-23\frames\frame-04065.jpg'
01:50.984  render           | Saved: 'C:\Users\ljh\tralalero Shooter\outputs\reststop-blender-300s-2026-09-23\frames\frame-04066.jpg'
01:51.391  render           | Saved: 'C:\Users\ljh\tralalero Shooter\outputs\reststop-blender-300s-2026-09-23\frames\frame-04067.jpg'
01:51.781  render           | Saved: 'C:\Users\ljh\tralalero Shooter\outputs\reststop-blender-300s-2026-09-23\frames\frame-04068.jpg'
01:52.156  render           | Saved: 'C:\Users\ljh\tralalero Shooter\outputs\reststop-blender-300s-2026-09-23\frames\frame-04069.jpg'
01:52.547  render           | Saved: 'C:\Users\ljh\tralalero Shooter\outputs\reststop-blender-300s-2026-09-23\frames\frame-04070.jpg'
01:52.938  render           | Saved: 'C:\Users\ljh\tralalero Shooter\outputs\reststop-blender-300s-2026-09-23\frames\frame-04071.jpg'
01:53.344  render           | Saved: 'C:\Users\ljh\tralalero Shooter\outputs\reststop-blender-300s-2026-09-23\frames\frame-04072.jpg'
01:53.734  render           | Saved: 'C:\Users\ljh\tralalero Shooter\outputs\reststop-blender-300s-2026-09-23\frames\frame-04073.jpg'
01:54.125  render           | Saved: 'C:\Users\ljh\tralalero Shooter\outputs\reststop-blender-300s-2026-09-23\frames\frame-04074.jpg'
01:54.516  render           | Saved: 'C:\Users\ljh\tralalero Shooter\outputs\reststop-blender-300s-2026-09-23\frames\frame-04075.jpg'
01:54.922  render           | Saved: 'C:\Users\ljh\tralalero Shooter\outputs\reststop-blender-300s-2026-09-23\frames\frame-04076.jpg'
01:55.313  render           | Saved: 'C:\Users\ljh\tralalero Shooter\outputs\reststop-blender-300s-2026-09-23\frames\frame-04077.jpg'
01:55.688  render           | Saved: 'C:\Users\ljh\tralalero Shooter\outputs\reststop-blender-300s-2026-09-23\frames\frame-04078.jpg'
PROGRESS {"frame": 4078, "end": 7200, "rendered": 288, "elapsed": 114.51273894309998, "last_24_mean": 0.3908764620621999, "width": 1280, "engine": "BLENDER_EEVEE", "step": 1}
01:56.094  render           | Saved: 'C:\Users\ljh\tralalero Shooter\outputs\reststop-blender-300s-2026-09-23\frames\frame-04079.jpg'
01:56.469  render           | Saved: 'C:\Users\ljh\tralalero Shooter\outputs\reststop-blender-300s-2026-09-23\frames\frame-04080.jpg'
01:56.859  render           | Saved: 'C:\Users\ljh\tralalero Shooter\outputs\reststop-blender-300s-2026-09-23\frames\frame-04081.jpg'
01:57.250  render           | Saved: 'C:\Users\ljh\tralalero Shooter\outputs\reststop-blender-300s-2026-09-23\frames\frame-04082.jpg'
01:57.656  render           | Saved: 'C:\Users\ljh\tralalero Shooter\outputs\reststop-blender-300s-2026-09-23\frames\frame-04083.jpg'
01:58.031  render           | Saved: 'C:\Users\ljh\tralalero Shooter\outputs\reststop-blender-300s-2026-09-23\frames\frame-04084.jpg'
01:58.422  render           | Saved: 'C:\Users\ljh\tralalero Shooter\outputs\reststop-blender-300s-2026-09-23\frames\frame-04085.jpg'
01:58.813  render           | Saved: 'C:\Users\ljh\tralalero Shooter\outputs\reststop-blender-300s-2026-09-23\frames\frame-04086.jpg'
01:59.203  render           | Saved: 'C:\Users\ljh\tralalero Shooter\outputs\reststop-blender-300s-2026-09-23\frames\frame-04087.jpg'
01:59.594  render           | Saved: 'C:\Users\ljh\tralalero Shooter\outputs\reststop-blender-300s-2026-09-23\frames\frame-04088.jpg'
01:59.984  render           | Saved: 'C:\Users\ljh\tralalero Shooter\outputs\reststop-blender-300s-2026-09-23\frames\frame-04089.jpg'
02:00.375  render           | Saved: 'C:\Users\ljh\tralalero Shooter\outputs\reststop-blender-300s-2026-09-23\frames\frame-04090.jpg'
02:00.766  render           | Saved: 'C:\Users\ljh\tralalero Shooter\outputs\reststop-blender-300s-2026-09-23\frames\frame-04091.jpg'
02:01.156  render           | Saved: 'C:\Users\ljh\tralalero Shooter\outputs\reststop-blender-300s-2026-09-23\frames\frame-04092.jpg'
02:01.531  render           | Saved: 'C:\Users\ljh\tralalero Shooter\outputs\reststop-blender-300s-2026-09-23\frames\frame-04093.jpg'
02:01.938  render           | Saved: 'C:\Users\ljh\tralalero Shooter\outputs\reststop-blender-300s-2026-09-23\frames\frame-04094.jpg'
02:02.313  render           | Saved: 'C:\Users\ljh\tralalero Shooter\outputs\reststop-blender-300s-2026-09-23\frames\frame-04095.jpg'
02:02.703  render           | Saved: 'C:\Users\ljh\tralalero Shooter\outputs\reststop-blender-300s-2026-09-23\frames\frame-04096.jpg'
02:03.094  render           | Saved: 'C:\Users\ljh\tralalero Shooter\outputs\reststop-blender-300s-2026-09-23\frames\frame-04097.jpg'
02:03.484  render           | Saved: 'C:\Users\ljh\tralalero Shooter\outputs\reststop-blender-300s-2026-09-23\frames\frame-04098.jpg'
02:03.891  render           | Saved: 'C:\Users\ljh\tralalero Shooter\outputs\reststop-blender-300s-2026-09-23\frames\frame-04099.jpg'
02:04.281  render           | Saved: 'C:\Users\ljh\tralalero Shooter\outputs\reststop-blender-300s-2026-09-23\frames\frame-04100.jpg'
02:04.672  render           | Saved: 'C:\Users\ljh\tralalero Shooter\outputs\reststop-blender-300s-2026-09-23\frames\frame-04101.jpg'
02:05.078  render           | Saved: 'C:\Users\ljh\tralalero Shooter\outputs\reststop-blender-300s-2026-09-23\frames\frame-04102.jpg'
PROGRESS {"frame": 4102, "end": 7200, "rendered": 312, "elapsed": 123.88836598396301, "last_24_mean": 0.390454759200414, "width": 1280, "engine": "BLENDER_EEVEE", "step": 1}
02:05.469  render           | Saved: 'C:\Users\ljh\tralalero Shooter\outputs\reststop-blender-300s-2026-09-23\frames\frame-04103.jpg'
02:05.859  render           | Saved: 'C:\Users\ljh\tralalero Shooter\outputs\reststop-blender-300s-2026-09-23\frames\frame-04104.jpg'
02:06.250  render           | Saved: 'C:\Users\ljh\tralalero Shooter\outputs\reststop-blender-300s-2026-09-23\frames\frame-04105.jpg'
02:06.656  render           | Saved: 'C:\Users\ljh\tralalero Shooter\outputs\reststop-blender-300s-2026-09-23\frames\frame-04106.jpg'
02:07.047  render           | Saved: 'C:\Users\ljh\tralalero Shooter\outputs\reststop-blender-300s-2026-09-23\frames\frame-04107.jpg'
02:07.438  render           | Saved: 'C:\Users\ljh\tralalero Shooter\outputs\reststop-blender-300s-2026-09-23\frames\frame-04108.jpg'
02:07.844  render           | Saved: 'C:\Users\ljh\tralalero Shooter\outputs\reststop-blender-300s-2026-09-23\frames\frame-04109.jpg'
02:08.234  render           | Saved: 'C:\Users\ljh\tralalero Shooter\outputs\reststop-blender-300s-2026-09-23\frames\frame-04110.jpg'
02:08.625  render           | Saved: 'C:\Users\ljh\tralalero Shooter\outputs\reststop-blender-300s-2026-09-23\frames\frame-04111.jpg'
02:09.031  render           | Saved: 'C:\Users\ljh\tralalero Shooter\outputs\reststop-blender-300s-2026-09-23\frames\frame-04112.jpg'
02:09.422  render           | Saved: 'C:\Users\ljh\tralalero Shooter\outputs\reststop-blender-300s-2026-09-23\frames\frame-04113.jpg'
02:09.828  render           | Saved: 'C:\Users\ljh\tralalero Shooter\outputs\reststop-blender-300s-2026-09-23\frames\frame-04114.jpg'
02:10.219  render           | Saved: 'C:\Users\ljh\tralalero Shooter\outputs\reststop-blender-300s-2026-09-23\frames\frame-04115.jpg'
02:10.609  render           | Saved: 'C:\Users\ljh\tralalero Shooter\outputs\reststop-blender-300s-2026-09-23\frames\frame-04116.jpg'
02:11.016  render           | Saved: 'C:\Users\ljh\tralalero Shooter\outputs\reststop-blender-300s-2026-09-23\frames\frame-04117.jpg'
02:11.422  render           | Saved: 'C:\Users\ljh\tralalero Shooter\outputs\reststop-blender-300s-2026-09-23\frames\frame-04118.jpg'
02:11.813  render           | Saved: 'C:\Users\ljh\tralalero Shooter\outputs\reststop-blender-300s-2026-09-23\frames\frame-04119.jpg'
02:12.203  render           | Saved: 'C:\Users\ljh\tralalero Shooter\outputs\reststop-blender-300s-2026-09-23\frames\frame-04120.jpg'
02:12.609  render           | Saved: 'C:\Users\ljh\tralalero Shooter\outputs\reststop-blender-300s-2026-09-23\frames\frame-04121.jpg'
02:13.000  render           | Saved: 'C:\Users\ljh\tralalero Shooter\outputs\reststop-blender-300s-2026-09-23\frames\frame-04122.jpg'
02:13.406  render           | Saved: 'C:\Users\ljh\tralalero Shooter\outputs\reststop-blender-300s-2026-09-23\frames\frame-04123.jpg'
02:13.813  render           | Saved: 'C:\Users\ljh\tralalero Shooter\outputs\reststop-blender-300s-2026-09-23\frames\frame-04124.jpg'
02:14.203  render           | Saved: 'C:\Users\ljh\tralalero Shooter\outputs\reststop-blender-300s-2026-09-23\frames\frame-04125.jpg'
02:14.609  render           | Saved: 'C:\Users\ljh\tralalero Shooter\outputs\reststop-blender-300s-2026-09-23\frames\frame-04126.jpg'
PROGRESS {"frame": 4126, "end": 7200, "rendered": 336, "elapsed": 133.43430423736572, "last_24_mean": 0.39757222930590314, "width": 1280, "engine": "BLENDER_EEVEE", "step": 1}
02:15.031  render           | Saved: 'C:\Users\ljh\tralalero Shooter\outputs\reststop-blender-300s-2026-09-23\frames\frame-04127.jpg'
02:15.438  render           | Saved: 'C:\Users\ljh\tralalero Shooter\outputs\reststop-blender-300s-2026-09-23\frames\frame-04128.jpg'
02:15.844  render           | Saved: 'C:\Users\ljh\tralalero Shooter\outputs\reststop-blender-300s-2026-09-23\frames\frame-04129.jpg'
02:16.234  render           | Saved: 'C:\Users\ljh\tralalero Shooter\outputs\reststop-blender-300s-2026-09-23\frames\frame-04130.jpg'
02:16.641  render           | Saved: 'C:\Users\ljh\tralalero Shooter\outputs\reststop-blender-300s-2026-09-23\frames\frame-04131.jpg'
02:17.031  render           | Saved: 'C:\Users\ljh\tralalero Shooter\outputs\reststop-blender-300s-2026-09-23\frames\frame-04132.jpg'
02:17.438  render           | Saved: 'C:\Users\ljh\tralalero Shooter\outputs\reststop-blender-300s-2026-09-23\frames\frame-04133.jpg'
02:17.875  render           | Saved: 'C:\Users\ljh\tralalero Shooter\outputs\reststop-blender-300s-2026-09-23\frames\frame-04134.jpg'
02:18.297  render           | Saved: 'C:\Users\ljh\tralalero Shooter\outputs\reststop-blender-300s-2026-09-23\frames\frame-04135.jpg'
02:18.719  render           | Saved: 'C:\Users\ljh\tralalero Shooter\outputs\reststop-blender-300s-2026-09-23\frames\frame-04136.jpg'
02:19.141  render           | Saved: 'C:\Users\ljh\tralalero Shooter\outputs\reststop-blender-300s-2026-09-23\frames\frame-04137.jpg'
02:19.547  render           | Saved: 'C:\Users\ljh\tralalero Shooter\outputs\reststop-blender-300s-2026-09-23\frames\frame-04138.jpg'
02:19.938  render           | Saved: 'C:\Users\ljh\tralalero Shooter\outputs\reststop-blender-300s-2026-09-23\frames\frame-04139.jpg'
02:20.344  render           | Saved: 'C:\Users\ljh\tralalero Shooter\outputs\reststop-blender-300s-2026-09-23\frames\frame-04140.jpg'
02:20.750  render           | Saved: 'C:\Users\ljh\tralalero Shooter\outputs\reststop-blender-300s-2026-09-23\frames\frame-04141.jpg'
02:21.141  render           | Saved: 'C:\Users\ljh\tralalero Shooter\outputs\reststop-blender-300s-2026-09-23\frames\frame-04142.jpg'
02:21.547  render           | Saved: 'C:\Users\ljh\tralalero Shooter\outputs\reststop-blender-300s-2026-09-23\frames\frame-04143.jpg'
02:21.953  render           | Saved: 'C:\Users\ljh\tralalero Shooter\outputs\reststop-blender-300s-2026-09-23\frames\frame-04144.jpg'
02:22.344  render           | Saved: 'C:\Users\ljh\tralalero Shooter\outputs\reststop-blender-300s-2026-09-23\frames\frame-04145.jpg'
02:22.750  render           | Saved: 'C:\Users\ljh\tralalero Shooter\outputs\reststop-blender-300s-2026-09-23\frames\frame-04146.jpg'
02:23.156  render           | Saved: 'C:\Users\ljh\tralalero Shooter\outputs\reststop-blender-300s-2026-09-23\frames\frame-04147.jpg'
02:23.563  render           | Saved: 'C:\Users\ljh\tralalero Shooter\outputs\reststop-blender-300s-2026-09-23\frames\frame-04148.jpg'
02:23.969  render           | Saved: 'C:\Users\ljh\tralalero Shooter\outputs\reststop-blender-300s-2026-09-23\frames\frame-04149.jpg'
02:24.375  render           | Saved: 'C:\Users\ljh\tralalero Shooter\outputs\reststop-blender-300s-2026-09-23\frames\frame-04150.jpg'
PROGRESS {"frame": 4150, "end": 7200, "rendered": 360, "elapsed": 143.19091725349426, "last_24_mean": 0.40632449587186176, "width": 1280, "engine": "BLENDER_EEVEE", "step": 1}
02:24.797  render           | Saved: 'C:\Users\ljh\tralalero Shooter\outputs\reststop-blender-300s-2026-09-23\frames\frame-04151.jpg'
02:25.219  render           | Saved: 'C:\Users\ljh\tralalero Shooter\outputs\reststop-blender-300s-2026-09-23\frames\frame-04152.jpg'
02:25.641  render           | Saved: 'C:\Users\ljh\tralalero Shooter\outputs\reststop-blender-300s-2026-09-23\frames\frame-04153.jpg'
02:26.047  render           | Saved: 'C:\Users\ljh\tralalero Shooter\outputs\reststop-blender-300s-2026-09-23\frames\frame-04154.jpg'
02:26.469  render           | Saved: 'C:\Users\ljh\tralalero Shooter\outputs\reststop-blender-300s-2026-09-23\frames\frame-04155.jpg'
02:26.891  render           | Saved: 'C:\Users\ljh\tralalero Shooter\outputs\reststop-blender-300s-2026-09-23\frames\frame-04156.jpg'
02:27.313  render           | Saved: 'C:\Users\ljh\tralalero Shooter\outputs\reststop-blender-300s-2026-09-23\frames\frame-04157.jpg'
02:27.734  render           | Saved: 'C:\Users\ljh\tralalero Shooter\outputs\reststop-blender-300s-2026-09-23\frames\frame-04158.jpg'
02:28.156  render           | Saved: 'C:\Users\ljh\tralalero Shooter\outputs\reststop-blender-300s-2026-09-23\frames\frame-04159.jpg'
02:28.578  render           | Saved: 'C:\Users\ljh\tralalero Shooter\outputs\reststop-blender-300s-2026-09-23\frames\frame-04160.jpg'
02:28.984  render           | Saved: 'C:\Users\ljh\tralalero Shooter\outputs\reststop-blender-300s-2026-09-23\frames\frame-04161.jpg'
02:29.406  render           | Saved: 'C:\Users\ljh\tralalero Shooter\outputs\reststop-blender-300s-2026-09-23\frames\frame-04162.jpg'
02:29.828  render           | Saved: 'C:\Users\ljh\tralalero Shooter\outputs\reststop-blender-300s-2026-09-23\frames\frame-04163.jpg'
02:30.234  render           | Saved: 'C:\Users\ljh\tralalero Shooter\outputs\reststop-blender-300s-2026-09-23\frames\frame-04164.jpg'
02:30.672  render           | Saved: 'C:\Users\ljh\tralalero Shooter\outputs\reststop-blender-300s-2026-09-23\frames\frame-04165.jpg'
02:31.094  render           | Saved: 'C:\Users\ljh\tralalero Shooter\outputs\reststop-blender-300s-2026-09-23\frames\frame-04166.jpg'
02:31.516  render           | Saved: 'C:\Users\ljh\tralalero Shooter\outputs\reststop-blender-300s-2026-09-23\frames\frame-04167.jpg'
02:31.938  render           | Saved: 'C:\Users\ljh\tralalero Shooter\outputs\reststop-blender-300s-2026-09-23\frames\frame-04168.jpg'
02:32.359  render           | Saved: 'C:\Users\ljh\tralalero Shooter\outputs\reststop-blender-300s-2026-09-23\frames\frame-04169.jpg'
02:32.781  render           | Saved: 'C:\Users\ljh\tralalero Shooter\outputs\reststop-blender-300s-2026-09-23\frames\frame-04170.jpg'
02:33.219  render           | Saved: 'C:\Users\ljh\tralalero Shooter\outputs\reststop-blender-300s-2026-09-23\frames\frame-04171.jpg'
02:33.641  render           | Saved: 'C:\Users\ljh\tralalero Shooter\outputs\reststop-blender-300s-2026-09-23\frames\frame-04172.jpg'
02:34.063  render           | Saved: 'C:\Users\ljh\tralalero Shooter\outputs\reststop-blender-300s-2026-09-23\frames\frame-04173.jpg'
02:34.500  render           | Saved: 'C:\Users\ljh\tralalero Shooter\outputs\reststop-blender-300s-2026-09-23\frames\frame-04174.jpg'
PROGRESS {"frame": 4174, "end": 7200, "rendered": 384, "elapsed": 153.3139157295227, "last_24_mean": 0.42159568270047504, "width": 1280, "engine": "BLENDER_EEVEE", "step": 1}
02:34.922  render           | Saved: 'C:\Users\ljh\tralalero Shooter\outputs\reststop-blender-300s-2026-09-23\frames\frame-04175.jpg'
02:35.359  render           | Saved: 'C:\Users\ljh\tralalero Shooter\outputs\reststop-blender-300s-2026-09-23\frames\frame-04176.jpg'
02:35.781  render           | Saved: 'C:\Users\ljh\tralalero Shooter\outputs\reststop-blender-300s-2026-09-23\frames\frame-04177.jpg'
02:36.203  render           | Saved: 'C:\Users\ljh\tralalero Shooter\outputs\reststop-blender-300s-2026-09-23\frames\frame-04178.jpg'
02:36.625  render           | Saved: 'C:\Users\ljh\tralalero Shooter\outputs\reststop-blender-300s-2026-09-23\frames\frame-04179.jpg'
02:37.063  render           | Saved: 'C:\Users\ljh\tralalero Shooter\outputs\reststop-blender-300s-2026-09-23\frames\frame-04180.jpg'
02:37.484  render           | Saved: 'C:\Users\ljh\tralalero Shooter\outputs\reststop-blender-300s-2026-09-23\frames\frame-04181.jpg'
02:37.922  render           | Saved: 'C:\Users\ljh\tralalero Shooter\outputs\reststop-blender-300s-2026-09-23\frames\frame-04182.jpg'
02:38.344  render           | Saved: 'C:\Users\ljh\tralalero Shooter\outputs\reststop-blender-300s-2026-09-23\frames\frame-04183.jpg'
02:38.781  render           | Saved: 'C:\Users\ljh\tralalero Shooter\outputs\reststop-blender-300s-2026-09-23\frames\frame-04184.jpg'
02:39.203  render           | Saved: 'C:\Users\ljh\tralalero Shooter\outputs\reststop-blender-300s-2026-09-23\frames\frame-04185.jpg'
02:39.641  render           | Saved: 'C:\Users\ljh\tralalero Shooter\outputs\reststop-blender-300s-2026-09-23\frames\frame-04186.jpg'
02:40.063  render           | Saved: 'C:\Users\ljh\tralalero Shooter\outputs\reststop-blender-300s-2026-09-23\frames\frame-04187.jpg'
02:40.484  render           | Saved: 'C:\Users\ljh\tralalero Shooter\outputs\reststop-blender-300s-2026-09-23\frames\frame-04188.jpg'
02:40.922  render           | Saved: 'C:\Users\ljh\tralalero Shooter\outputs\reststop-blender-300s-2026-09-23\frames\frame-04189.jpg'
02:41.344  render           | Saved: 'C:\Users\ljh\tralalero Shooter\outputs\reststop-blender-300s-2026-09-23\frames\frame-04190.jpg'
02:41.766  render           | Saved: 'C:\Users\ljh\tralalero Shooter\outputs\reststop-blender-300s-2026-09-23\frames\frame-04191.jpg'
02:42.188  render           | Saved: 'C:\Users\ljh\tralalero Shooter\outputs\reststop-blender-300s-2026-09-23\frames\frame-04192.jpg'
02:42.625  render           | Saved: 'C:\Users\ljh\tralalero Shooter\outputs\reststop-blender-300s-2026-09-23\frames\frame-04193.jpg'
02:43.063  render           | Saved: 'C:\Users\ljh\tralalero Shooter\outputs\reststop-blender-300s-2026-09-23\frames\frame-04194.jpg'
02:43.484  render           | Saved: 'C:\Users\ljh\tralalero Shooter\outputs\reststop-blender-300s-2026-09-23\frames\frame-04195.jpg'
02:43.906  render           | Saved: 'C:\Users\ljh\tralalero Shooter\outputs\reststop-blender-300s-2026-09-23\frames\frame-04196.jpg'
02:44.344  render           | Saved: 'C:\Users\ljh\tralalero Shooter\outputs\reststop-blender-300s-2026-09-23\frames\frame-04197.jpg'
02:44.766  render           | Saved: 'C:\Users\ljh\tralalero Shooter\outputs\reststop-blender-300s-2026-09-23\frames\frame-04198.jpg'
PROGRESS {"frame": 4198, "end": 7200, "rendered": 408, "elapsed": 163.5830156803131, "last_24_mean": 0.42768638332684833, "width": 1280, "engine": "BLENDER_EEVEE", "step": 1}
02:45.188  render           | Saved: 'C:\Users\ljh\tralalero Shooter\outputs\reststop-blender-300s-2026-09-23\frames\frame-04199.jpg'
02:45.625  render           | Saved: 'C:\Users\ljh\tralalero Shooter\outputs\reststop-blender-300s-2026-09-23\frames\frame-04200.jpg'
02:46.047  render           | Saved: 'C:\Users\ljh\tralalero Shooter\outputs\reststop-blender-300s-2026-09-23\frames\frame-04201.jpg'
02:46.469  render           | Saved: 'C:\Users\ljh\tralalero Shooter\outputs\reststop-blender-300s-2026-09-23\frames\frame-04202.jpg'
02:46.891  render           | Saved: 'C:\Users\ljh\tralalero Shooter\outputs\reststop-blender-300s-2026-09-23\frames\frame-04203.jpg'
02:47.313  render           | Saved: 'C:\Users\ljh\tralalero Shooter\outputs\reststop-blender-300s-2026-09-23\frames\frame-04204.jpg'
02:47.750  render           | Saved: 'C:\Users\ljh\tralalero Shooter\outputs\reststop-blender-300s-2026-09-23\frames\frame-04205.jpg'
02:48.172  render           | Saved: 'C:\Users\ljh\tralalero Shooter\outputs\reststop-blender-300s-2026-09-23\frames\frame-04206.jpg'
02:48.609  render           | Saved: 'C:\Users\ljh\tralalero Shooter\outputs\reststop-blender-300s-2026-09-23\frames\frame-04207.jpg'
02:49.047  render           | Saved: 'C:\Users\ljh\tralalero Shooter\outputs\reststop-blender-300s-2026-09-23\frames\frame-04208.jpg'
02:49.469  render           | Saved: 'C:\Users\ljh\tralalero Shooter\outputs\reststop-blender-300s-2026-09-23\frames\frame-04209.jpg'
02:49.906  render           | Saved: 'C:\Users\ljh\tralalero Shooter\outputs\reststop-blender-300s-2026-09-23\frames\frame-04210.jpg'
02:50.344  render           | Saved: 'C:\Users\ljh\tralalero Shooter\outputs\reststop-blender-300s-2026-09-23\frames\frame-04211.jpg'
02:50.766  render           | Saved: 'C:\Users\ljh\tralalero Shooter\outputs\reststop-blender-300s-2026-09-23\frames\frame-04212.jpg'
02:51.219  render           | Saved: 'C:\Users\ljh\tralalero Shooter\outputs\reststop-blender-300s-2026-09-23\frames\frame-04213.jpg'
02:51.656  render           | Saved: 'C:\Users\ljh\tralalero Shooter\outputs\reststop-blender-300s-2026-09-23\frames\frame-04214.jpg'
02:52.078  render           | Saved: 'C:\Users\ljh\tralalero Shooter\outputs\reststop-blender-300s-2026-09-23\frames\frame-04215.jpg'
02:52.516  render           | Saved: 'C:\Users\ljh\tralalero Shooter\outputs\reststop-blender-300s-2026-09-23\frames\frame-04216.jpg'
02:52.953  render           | Saved: 'C:\Users\ljh\tralalero Shooter\outputs\reststop-blender-300s-2026-09-23\frames\frame-04217.jpg'
02:53.375  render           | Saved: 'C:\Users\ljh\tralalero Shooter\outputs\reststop-blender-300s-2026-09-23\frames\frame-04218.jpg'
02:53.859  render           | Saved: 'C:\Users\ljh\tralalero Shooter\outputs\reststop-blender-300s-2026-09-23\frames\frame-04219.jpg'
02:54.313  render           | Saved: 'C:\Users\ljh\tralalero Shooter\outputs\reststop-blender-300s-2026-09-23\frames\frame-04220.jpg'
02:54.766  render           | Saved: 'C:\Users\ljh\tralalero Shooter\outputs\reststop-blender-300s-2026-09-23\frames\frame-04221.jpg'
02:55.203  render           | Saved: 'C:\Users\ljh\tralalero Shooter\outputs\reststop-blender-300s-2026-09-23\frames\frame-04222.jpg'
PROGRESS {"frame": 4222, "end": 7200, "rendered": 432, "elapsed": 174.01379895210266, "last_24_mean": 0.43443358937899273, "width": 1280, "engine": "BLENDER_EEVEE", "step": 1}
02:55.625  render           | Saved: 'C:\Users\ljh\tralalero Shooter\outputs\reststop-blender-300s-2026-09-23\frames\frame-04223.jpg'
02:56.063  render           | Saved: 'C:\Users\ljh\tralalero Shooter\outputs\reststop-blender-300s-2026-09-23\frames\frame-04224.jpg'
02:56.484  render           | Saved: 'C:\Users\ljh\tralalero Shooter\outputs\reststop-blender-300s-2026-09-23\frames\frame-04225.jpg'
02:56.906  render           | Saved: 'C:\Users\ljh\tralalero Shooter\outputs\reststop-blender-300s-2026-09-23\frames\frame-04226.jpg'
02:57.328  render           | Saved: 'C:\Users\ljh\tralalero Shooter\outputs\reststop-blender-300s-2026-09-23\frames\frame-04227.jpg'
02:57.766  render           | Saved: 'C:\Users\ljh\tralalero Shooter\outputs\reststop-blender-300s-2026-09-23\frames\frame-04228.jpg'
02:58.219  render           | Saved: 'C:\Users\ljh\tralalero Shooter\outputs\reststop-blender-300s-2026-09-23\frames\frame-04229.jpg'
02:58.641  render           | Saved: 'C:\Users\ljh\tralalero Shooter\outputs\reststop-blender-300s-2026-09-23\frames\frame-04230.jpg'
02:59.063  render           | Saved: 'C:\Users\ljh\tralalero Shooter\outputs\reststop-blender-300s-2026-09-23\frames\frame-04231.jpg'
02:59.500  render           | Saved: 'C:\Users\ljh\tralalero Shooter\outputs\reststop-blender-300s-2026-09-23\frames\frame-04232.jpg'
02:59.922  render           | Saved: 'C:\Users\ljh\tralalero Shooter\outputs\reststop-blender-300s-2026-09-23\frames\frame-04233.jpg'
03:00.359  render           | Saved: 'C:\Users\ljh\tralalero Shooter\outputs\reststop-blender-300s-2026-09-23\frames\frame-04234.jpg'
03:00.781  render           | Saved: 'C:\Users\ljh\tralalero Shooter\outputs\reststop-blender-300s-2026-09-23\frames\frame-04235.jpg'
03:01.203  render           | Saved: 'C:\Users\ljh\tralalero Shooter\outputs\reststop-blender-300s-2026-09-23\frames\frame-04236.jpg'
03:01.641  render           | Saved: 'C:\Users\ljh\tralalero Shooter\outputs\reststop-blender-300s-2026-09-23\frames\frame-04237.jpg'
03:02.063  render           | Saved: 'C:\Users\ljh\tralalero Shooter\outputs\reststop-blender-300s-2026-09-23\frames\frame-04238.jpg'
03:02.484  render           | Saved: 'C:\Users\ljh\tralalero Shooter\outputs\reststop-blender-300s-2026-09-23\frames\frame-04239.jpg'
03:02.922  render           | Saved: 'C:\Users\ljh\tralalero Shooter\outputs\reststop-blender-300s-2026-09-23\frames\frame-04240.jpg'
03:03.344  render           | Saved: 'C:\Users\ljh\tralalero Shooter\outputs\reststop-blender-300s-2026-09-23\frames\frame-04241.jpg'
03:03.766  render           | Saved: 'C:\Users\ljh\tralalero Shooter\outputs\reststop-blender-300s-2026-09-23\frames\frame-04242.jpg'
03:04.188  render           | Saved: 'C:\Users\ljh\tralalero Shooter\outputs\reststop-blender-300s-2026-09-23\frames\frame-04243.jpg'
03:04.609  render           | Saved: 'C:\Users\ljh\tralalero Shooter\outputs\reststop-blender-300s-2026-09-23\frames\frame-04244.jpg'
03:05.031  render           | Saved: 'C:\Users\ljh\tralalero Shooter\outputs\reststop-blender-300s-2026-09-23\frames\frame-04245.jpg'
03:05.469  render           | Saved: 'C:\Users\ljh\tralalero Shooter\outputs\reststop-blender-300s-2026-09-23\frames\frame-04246.jpg'
PROGRESS {"frame": 4246, "end": 7200, "rendered": 456, "elapsed": 184.2771761417389, "last_24_mean": 0.42745015025138855, "width": 1280, "engine": "BLENDER_EEVEE", "step": 1}
03:05.875  render           | Saved: 'C:\Users\ljh\tralalero Shooter\outputs\reststop-blender-300s-2026-09-23\frames\frame-04247.jpg'
03:06.313  render           | Saved: 'C:\Users\ljh\tralalero Shooter\outputs\reststop-blender-300s-2026-09-23\frames\frame-04248.jpg'
03:06.734  render           | Saved: 'C:\Users\ljh\tralalero Shooter\outputs\reststop-blender-300s-2026-09-23\frames\frame-04249.jpg'
03:07.156  render           | Saved: 'C:\Users\ljh\tralalero Shooter\outputs\reststop-blender-300s-2026-09-23\frames\frame-04250.jpg'
03:07.578  render           | Saved: 'C:\Users\ljh\tralalero Shooter\outputs\reststop-blender-300s-2026-09-23\frames\frame-04251.jpg'
03:08.000  render           | Saved: 'C:\Users\ljh\tralalero Shooter\outputs\reststop-blender-300s-2026-09-23\frames\frame-04252.jpg'
03:08.422  render           | Saved: 'C:\Users\ljh\tralalero Shooter\outputs\reststop-blender-300s-2026-09-23\frames\frame-04253.jpg'
03:08.844  render           | Saved: 'C:\Users\ljh\tralalero Shooter\outputs\reststop-blender-300s-2026-09-23\frames\frame-04254.jpg'
03:09.281  render           | Saved: 'C:\Users\ljh\tralalero Shooter\outputs\reststop-blender-300s-2026-09-23\frames\frame-04255.jpg'
03:09.703  render           | Saved: 'C:\Users\ljh\tralalero Shooter\outputs\reststop-blender-300s-2026-09-23\frames\frame-04256.jpg'
03:10.125  render           | Saved: 'C:\Users\ljh\tralalero Shooter\outputs\reststop-blender-300s-2026-09-23\frames\frame-04257.jpg'
03:10.547  render           | Saved: 'C:\Users\ljh\tralalero Shooter\outputs\reststop-blender-300s-2026-09-23\frames\frame-04258.jpg'
03:10.969  render           | Saved: 'C:\Users\ljh\tralalero Shooter\outputs\reststop-blender-300s-2026-09-23\frames\frame-04259.jpg'
03:11.391  render           | Saved: 'C:\Users\ljh\tralalero Shooter\outputs\reststop-blender-300s-2026-09-23\frames\frame-04260.jpg'
03:11.828  render           | Saved: 'C:\Users\ljh\tralalero Shooter\outputs\reststop-blender-300s-2026-09-23\frames\frame-04261.jpg'
03:12.250  render           | Saved: 'C:\Users\ljh\tralalero Shooter\outputs\reststop-blender-300s-2026-09-23\frames\frame-04262.jpg'
03:12.672  render           | Saved: 'C:\Users\ljh\tralalero Shooter\outputs\reststop-blender-300s-2026-09-23\frames\frame-04263.jpg'
03:13.094  render           | Saved: 'C:\Users\ljh\tralalero Shooter\outputs\reststop-blender-300s-2026-09-23\frames\frame-04264.jpg'
03:13.531  render           | Saved: 'C:\Users\ljh\tralalero Shooter\outputs\reststop-blender-300s-2026-09-23\frames\frame-04265.jpg'
03:13.984  render           | Saved: 'C:\Users\ljh\tralalero Shooter\outputs\reststop-blender-300s-2026-09-23\frames\frame-04266.jpg'
03:14.422  render           | Saved: 'C:\Users\ljh\tralalero Shooter\outputs\reststop-blender-300s-2026-09-23\frames\frame-04267.jpg'
03:14.844  render           | Saved: 'C:\Users\ljh\tralalero Shooter\outputs\reststop-blender-300s-2026-09-23\frames\frame-04268.jpg'
03:15.281  render           | Saved: 'C:\Users\ljh\tralalero Shooter\outputs\reststop-blender-300s-2026-09-23\frames\frame-04269.jpg'
03:15.703  render           | Saved: 'C:\Users\ljh\tralalero Shooter\outputs\reststop-blender-300s-2026-09-23\frames\frame-04270.jpg'
PROGRESS {"frame": 4270, "end": 7200, "rendered": 480, "elapsed": 194.52028608322144, "last_24_mean": 0.4266119798024495, "width": 1280, "engine": "BLENDER_EEVEE", "step": 1}
03:16.125  render           | Saved: 'C:\Users\ljh\tralalero Shooter\outputs\reststop-blender-300s-2026-09-23\frames\frame-04271.jpg'
03:16.563  render           | Saved: 'C:\Users\ljh\tralalero Shooter\outputs\reststop-blender-300s-2026-09-23\frames\frame-04272.jpg'
03:17.000  render           | Saved: 'C:\Users\ljh\tralalero Shooter\outputs\reststop-blender-300s-2026-09-23\frames\frame-04273.jpg'
03:17.422  render           | Saved: 'C:\Users\ljh\tralalero Shooter\outputs\reststop-blender-300s-2026-09-23\frames\frame-04274.jpg'
03:17.859  render           | Saved: 'C:\Users\ljh\tralalero Shooter\outputs\reststop-blender-300s-2026-09-23\frames\frame-04275.jpg'
03:18.297  render           | Saved: 'C:\Users\ljh\tralalero Shooter\outputs\reststop-blender-300s-2026-09-23\frames\frame-04276.jpg'
03:18.734  render           | Saved: 'C:\Users\ljh\tralalero Shooter\outputs\reststop-blender-300s-2026-09-23\frames\frame-04277.jpg'
03:19.172  render           | Saved: 'C:\Users\ljh\tralalero Shooter\outputs\reststop-blender-300s-2026-09-23\frames\frame-04278.jpg'
03:19.594  render           | Saved: 'C:\Users\ljh\tralalero Shooter\outputs\reststop-blender-300s-2026-09-23\frames\frame-04279.jpg'
03:20.031  render           | Saved: 'C:\Users\ljh\tralalero Shooter\outputs\reststop-blender-300s-2026-09-23\frames\frame-04280.jpg'
03:20.469  render           | Saved: 'C:\Users\ljh\tralalero Shooter\outputs\reststop-blender-300s-2026-09-23\frames\frame-04281.jpg'
03:20.891  render           | Saved: 'C:\Users\ljh\tralalero Shooter\outputs\reststop-blender-300s-2026-09-23\frames\frame-04282.jpg'
03:21.328  render           | Saved: 'C:\Users\ljh\tralalero Shooter\outputs\reststop-blender-300s-2026-09-23\frames\frame-04283.jpg'
03:21.750  render           | Saved: 'C:\Users\ljh\tralalero Shooter\outputs\reststop-blender-300s-2026-09-23\frames\frame-04284.jpg'
03:22.188  render           | Saved: 'C:\Users\ljh\tralalero Shooter\outputs\reststop-blender-300s-2026-09-23\frames\frame-04285.jpg'
03:22.625  render           | Saved: 'C:\Users\ljh\tralalero Shooter\outputs\reststop-blender-300s-2026-09-23\frames\frame-04286.jpg'
03:23.063  render           | Saved: 'C:\Users\ljh\tralalero Shooter\outputs\reststop-blender-300s-2026-09-23\frames\frame-04287.jpg'
03:23.484  render           | Saved: 'C:\Users\ljh\tralalero Shooter\outputs\reststop-blender-300s-2026-09-23\frames\frame-04288.jpg'
03:23.922  render           | Saved: 'C:\Users\ljh\tralalero Shooter\outputs\reststop-blender-300s-2026-09-23\frames\frame-04289.jpg'
03:24.359  render           | Saved: 'C:\Users\ljh\tralalero Shooter\outputs\reststop-blender-300s-2026-09-23\frames\frame-04290.jpg'
03:24.797  render           | Saved: 'C:\Users\ljh\tralalero Shooter\outputs\reststop-blender-300s-2026-09-23\frames\frame-04291.jpg'
03:25.219  render           | Saved: 'C:\Users\ljh\tralalero Shooter\outputs\reststop-blender-300s-2026-09-23\frames\frame-04292.jpg'
03:25.656  render           | Saved: 'C:\Users\ljh\tralalero Shooter\outputs\reststop-blender-300s-2026-09-23\frames\frame-04293.jpg'
03:26.109  render           | Saved: 'C:\Users\ljh\tralalero Shooter\outputs\reststop-blender-300s-2026-09-23\frames\frame-04294.jpg'
PROGRESS {"frame": 4294, "end": 7200, "rendered": 504, "elapsed": 204.9170846939087, "last_24_mean": 0.4329918622970581, "width": 1280, "engine": "BLENDER_EEVEE", "step": 1}
03:26.531  render           | Saved: 'C:\Users\ljh\tralalero Shooter\outputs\reststop-blender-300s-2026-09-23\frames\frame-04295.jpg'
03:26.984  render           | Saved: 'C:\Users\ljh\tralalero Shooter\outputs\reststop-blender-300s-2026-09-23\frames\frame-04296.jpg'
03:27.422  render           | Saved: 'C:\Users\ljh\tralalero Shooter\outputs\reststop-blender-300s-2026-09-23\frames\frame-04297.jpg'
03:27.844  render           | Saved: 'C:\Users\ljh\tralalero Shooter\outputs\reststop-blender-300s-2026-09-23\frames\frame-04298.jpg'
03:28.281  render           | Saved: 'C:\Users\ljh\tralalero Shooter\outputs\reststop-blender-300s-2026-09-23\frames\frame-04299.jpg'
03:28.719  render           | Saved: 'C:\Users\ljh\tralalero Shooter\outputs\reststop-blender-300s-2026-09-23\frames\frame-04300.jpg'
03:29.141  render           | Saved: 'C:\Users\ljh\tralalero Shooter\outputs\reststop-blender-300s-2026-09-23\frames\frame-04301.jpg'
03:29.594  render           | Saved: 'C:\Users\ljh\tralalero Shooter\outputs\reststop-blender-300s-2026-09-23\frames\frame-04302.jpg'
03:30.031  render           | Saved: 'C:\Users\ljh\tralalero Shooter\outputs\reststop-blender-300s-2026-09-23\frames\frame-04303.jpg'
03:30.469  render           | Saved: 'C:\Users\ljh\tralalero Shooter\outputs\reststop-blender-300s-2026-09-23\frames\frame-04304.jpg'
03:30.906  render           | Saved: 'C:\Users\ljh\tralalero Shooter\outputs\reststop-blender-300s-2026-09-23\frames\frame-04305.jpg'
03:31.328  render           | Saved: 'C:\Users\ljh\tralalero Shooter\outputs\reststop-blender-300s-2026-09-23\frames\frame-04306.jpg'
03:31.766  render           | Saved: 'C:\Users\ljh\tralalero Shooter\outputs\reststop-blender-300s-2026-09-23\frames\frame-04307.jpg'
03:32.203  render           | Saved: 'C:\Users\ljh\tralalero Shooter\outputs\reststop-blender-300s-2026-09-23\frames\frame-04308.jpg'
03:32.641  render           | Saved: 'C:\Users\ljh\tralalero Shooter\outputs\reststop-blender-300s-2026-09-23\frames\frame-04309.jpg'
03:33.078  render           | Saved: 'C:\Users\ljh\tralalero Shooter\outputs\reststop-blender-300s-2026-09-23\frames\frame-04310.jpg'
03:33.516  render           | Saved: 'C:\Users\ljh\tralalero Shooter\outputs\reststop-blender-300s-2026-09-23\frames\frame-04311.jpg'
03:33.953  render           | Saved: 'C:\Users\ljh\tralalero Shooter\outputs\reststop-blender-300s-2026-09-23\frames\frame-04312.jpg'
03:34.391  render           | Saved: 'C:\Users\ljh\tralalero Shooter\outputs\reststop-blender-300s-2026-09-23\frames\frame-04313.jpg'
03:34.828  render           | Saved: 'C:\Users\ljh\tralalero Shooter\outputs\reststop-blender-300s-2026-09-23\frames\frame-04314.jpg'
03:35.250  render           | Saved: 'C:\Users\ljh\tralalero Shooter\outputs\reststop-blender-300s-2026-09-23\frames\frame-04315.jpg'
03:35.688  render           | Saved: 'C:\Users\ljh\tralalero Shooter\outputs\reststop-blender-300s-2026-09-23\frames\frame-04316.jpg'
03:36.125  render           | Saved: 'C:\Users\ljh\tralalero Shooter\outputs\reststop-blender-300s-2026-09-23\frames\frame-04317.jpg'
03:36.563  render           | Saved: 'C:\Users\ljh\tralalero Shooter\outputs\reststop-blender-300s-2026-09-23\frames\frame-04318.jpg'
PROGRESS {"frame": 4318, "end": 7200, "rendered": 528, "elapsed": 215.3819854259491, "last_24_mean": 0.435846875111262, "width": 1280, "engine": "BLENDER_EEVEE", "step": 1}
03:37.000  render           | Saved: 'C:\Users\ljh\tralalero Shooter\outputs\reststop-blender-300s-2026-09-23\frames\frame-04319.jpg'
03:37.438  render           | Saved: 'C:\Users\ljh\tralalero Shooter\outputs\reststop-blender-300s-2026-09-23\frames\frame-04320.jpg'
03:37.875  render           | Saved: 'C:\Users\ljh\tralalero Shooter\outputs\reststop-blender-300s-2026-09-23\frames\frame-04321.jpg'
03:38.297  render           | Saved: 'C:\Users\ljh\tralalero Shooter\outputs\reststop-blender-300s-2026-09-23\frames\frame-04322.jpg'
03:38.750  render           | Saved: 'C:\Users\ljh\tralalero Shooter\outputs\reststop-blender-300s-2026-09-23\frames\frame-04323.jpg'
03:39.188  render           | Saved: 'C:\Users\ljh\tralalero Shooter\outputs\reststop-blender-300s-2026-09-23\frames\frame-04324.jpg'
03:39.625  render           | Saved: 'C:\Users\ljh\tralalero Shooter\outputs\reststop-blender-300s-2026-09-23\frames\frame-04325.jpg'
03:40.078  render           | Saved: 'C:\Users\ljh\tralalero Shooter\outputs\reststop-blender-300s-2026-09-23\frames\frame-04326.jpg'
03:40.500  render           | Saved: 'C:\Users\ljh\tralalero Shooter\outputs\reststop-blender-300s-2026-09-23\frames\frame-04327.jpg'
03:40.938  render           | Saved: 'C:\Users\ljh\tralalero Shooter\outputs\reststop-blender-300s-2026-09-23\frames\frame-04328.jpg'
03:41.375  render           | Saved: 'C:\Users\ljh\tralalero Shooter\outputs\reststop-blender-300s-2026-09-23\frames\frame-04329.jpg'
03:41.813  render           | Saved: 'C:\Users\ljh\tralalero Shooter\outputs\reststop-blender-300s-2026-09-23\frames\frame-04330.jpg'
03:42.250  render           | Saved: 'C:\Users\ljh\tralalero Shooter\outputs\reststop-blender-300s-2026-09-23\frames\frame-04331.jpg'
03:42.688  render           | Saved: 'C:\Users\ljh\tralalero Shooter\outputs\reststop-blender-300s-2026-09-23\frames\frame-04332.jpg'
03:43.125  render           | Saved: 'C:\Users\ljh\tralalero Shooter\outputs\reststop-blender-300s-2026-09-23\frames\frame-04333.jpg'
03:43.563  render           | Saved: 'C:\Users\ljh\tralalero Shooter\outputs\reststop-blender-300s-2026-09-23\frames\frame-04334.jpg'
03:44.000  render           | Saved: 'C:\Users\ljh\tralalero Shooter\outputs\reststop-blender-300s-2026-09-23\frames\frame-04335.jpg'
03:44.438  render           | Saved: 'C:\Users\ljh\tralalero Shooter\outputs\reststop-blender-300s-2026-09-23\frames\frame-04336.jpg'
03:44.875  render           | Saved: 'C:\Users\ljh\tralalero Shooter\outputs\reststop-blender-300s-2026-09-23\frames\frame-04337.jpg'
03:45.313  render           | Saved: 'C:\Users\ljh\tralalero Shooter\outputs\reststop-blender-300s-2026-09-23\frames\frame-04338.jpg'
03:45.750  render           | Saved: 'C:\Users\ljh\tralalero Shooter\outputs\reststop-blender-300s-2026-09-23\frames\frame-04339.jpg'
03:46.188  render           | Saved: 'C:\Users\ljh\tralalero Shooter\outputs\reststop-blender-300s-2026-09-23\frames\frame-04340.jpg'
03:46.625  render           | Saved: 'C:\Users\ljh\tralalero Shooter\outputs\reststop-blender-300s-2026-09-23\frames\frame-04341.jpg'
03:47.063  render           | Saved: 'C:\Users\ljh\tralalero Shooter\outputs\reststop-blender-300s-2026-09-23\frames\frame-04342.jpg'
PROGRESS {"frame": 4342, "end": 7200, "rendered": 552, "elapsed": 225.8802330493927, "last_24_mean": 0.4372350772221883, "width": 1280, "engine": "BLENDER_EEVEE", "step": 1}
03:47.500  render           | Saved: 'C:\Users\ljh\tralalero Shooter\outputs\reststop-blender-300s-2026-09-23\frames\frame-04343.jpg'
03:47.938  render           | Saved: 'C:\Users\ljh\tralalero Shooter\outputs\reststop-blender-300s-2026-09-23\frames\frame-04344.jpg'
03:48.391  render           | Saved: 'C:\Users\ljh\tralalero Shooter\outputs\reststop-blender-300s-2026-09-23\frames\frame-04345.jpg'
03:48.828  render           | Saved: 'C:\Users\ljh\tralalero Shooter\outputs\reststop-blender-300s-2026-09-23\frames\frame-04346.jpg'
03:49.266  render           | Saved: 'C:\Users\ljh\tralalero Shooter\outputs\reststop-blender-300s-2026-09-23\frames\frame-04347.jpg'
03:49.703  render           | Saved: 'C:\Users\ljh\tralalero Shooter\outputs\reststop-blender-300s-2026-09-23\frames\frame-04348.jpg'
03:50.141  render           | Saved: 'C:\Users\ljh\tralalero Shooter\outputs\reststop-blender-300s-2026-09-23\frames\frame-04349.jpg'
03:50.594  render           | Saved: 'C:\Users\ljh\tralalero Shooter\outputs\reststop-blender-300s-2026-09-23\frames\frame-04350.jpg'
03:51.031  render           | Saved: 'C:\Users\ljh\tralalero Shooter\outputs\reststop-blender-300s-2026-09-23\frames\frame-04351.jpg'
03:51.469  render           | Saved: 'C:\Users\ljh\tralalero Shooter\outputs\reststop-blender-300s-2026-09-23\frames\frame-04352.jpg'
03:51.906  render           | Saved: 'C:\Users\ljh\tralalero Shooter\outputs\reststop-blender-300s-2026-09-23\frames\frame-04353.jpg'
03:52.344  render           | Saved: 'C:\Users\ljh\tralalero Shooter\outputs\reststop-blender-300s-2026-09-23\frames\frame-04354.jpg'
03:52.781  render           | Saved: 'C:\Users\ljh\tralalero Shooter\outputs\reststop-blender-300s-2026-09-23\frames\frame-04355.jpg'
03:53.219  render           | Saved: 'C:\Users\ljh\tralalero Shooter\outputs\reststop-blender-300s-2026-09-23\frames\frame-04356.jpg'
03:53.656  render           | Saved: 'C:\Users\ljh\tralalero Shooter\outputs\reststop-blender-300s-2026-09-23\frames\frame-04357.jpg'
03:54.109  render           | Saved: 'C:\Users\ljh\tralalero Shooter\outputs\reststop-blender-300s-2026-09-23\frames\frame-04358.jpg'
03:54.547  render           | Saved: 'C:\Users\ljh\tralalero Shooter\outputs\reststop-blender-300s-2026-09-23\frames\frame-04359.jpg'
03:54.984  render           | Saved: 'C:\Users\ljh\tralalero Shooter\outputs\reststop-blender-300s-2026-09-23\frames\frame-04360.jpg'
03:55.438  render           | Saved: 'C:\Users\ljh\tralalero Shooter\outputs\reststop-blender-300s-2026-09-23\frames\frame-04361.jpg'
03:55.875  render           | Saved: 'C:\Users\ljh\tralalero Shooter\outputs\reststop-blender-300s-2026-09-23\frames\frame-04362.jpg'
03:56.313  render           | Saved: 'C:\Users\ljh\tralalero Shooter\outputs\reststop-blender-300s-2026-09-23\frames\frame-04363.jpg'
03:56.766  render           | Saved: 'C:\Users\ljh\tralalero Shooter\outputs\reststop-blender-300s-2026-09-23\frames\frame-04364.jpg'
03:57.188  render           | Saved: 'C:\Users\ljh\tralalero Shooter\outputs\reststop-blender-300s-2026-09-23\frames\frame-04365.jpg'
03:57.641  render           | Saved: 'C:\Users\ljh\tralalero Shooter\outputs\reststop-blender-300s-2026-09-23\frames\frame-04366.jpg'
PROGRESS {"frame": 4366, "end": 7200, "rendered": 576, "elapsed": 236.45528292655945, "last_24_mean": 0.44042519728342694, "width": 1280, "engine": "BLENDER_EEVEE", "step": 1}
03:58.078  render           | Saved: 'C:\Users\ljh\tralalero Shooter\outputs\reststop-blender-300s-2026-09-23\frames\frame-04367.jpg'
03:58.531  render           | Saved: 'C:\Users\ljh\tralalero Shooter\outputs\reststop-blender-300s-2026-09-23\frames\frame-04368.jpg'
03:58.969  render           | Saved: 'C:\Users\ljh\tralalero Shooter\outputs\reststop-blender-300s-2026-09-23\frames\frame-04369.jpg'
03:59.422  render           | Saved: 'C:\Users\ljh\tralalero Shooter\outputs\reststop-blender-300s-2026-09-23\frames\frame-04370.jpg'
03:59.875  render           | Saved: 'C:\Users\ljh\tralalero Shooter\outputs\reststop-blender-300s-2026-09-23\frames\frame-04371.jpg'
04:00.313  render           | Saved: 'C:\Users\ljh\tralalero Shooter\outputs\reststop-blender-300s-2026-09-23\frames\frame-04372.jpg'
04:00.750  render           | Saved: 'C:\Users\ljh\tralalero Shooter\outputs\reststop-blender-300s-2026-09-23\frames\frame-04373.jpg'
04:01.203  render           | Saved: 'C:\Users\ljh\tralalero Shooter\outputs\reststop-blender-300s-2026-09-23\frames\frame-04374.jpg'
04:01.656  render           | Saved: 'C:\Users\ljh\tralalero Shooter\outputs\reststop-blender-300s-2026-09-23\frames\frame-04375.jpg'
04:02.109  render           | Saved: 'C:\Users\ljh\tralalero Shooter\outputs\reststop-blender-300s-2026-09-23\frames\frame-04376.jpg'
04:02.563  render           | Saved: 'C:\Users\ljh\tralalero Shooter\outputs\reststop-blender-300s-2026-09-23\frames\frame-04377.jpg'
04:03.000  render           | Saved: 'C:\Users\ljh\tralalero Shooter\outputs\reststop-blender-300s-2026-09-23\frames\frame-04378.jpg'
04:03.438  render           | Saved: 'C:\Users\ljh\tralalero Shooter\outputs\reststop-blender-300s-2026-09-23\frames\frame-04379.jpg'
04:03.875  render           | Saved: 'C:\Users\ljh\tralalero Shooter\outputs\reststop-blender-300s-2026-09-23\frames\frame-04380.jpg'
04:04.328  render           | Saved: 'C:\Users\ljh\tralalero Shooter\outputs\reststop-blender-300s-2026-09-23\frames\frame-04381.jpg'
04:04.766  render           | Saved: 'C:\Users\ljh\tralalero Shooter\outputs\reststop-blender-300s-2026-09-23\frames\frame-04382.jpg'
04:05.219  render           | Saved: 'C:\Users\ljh\tralalero Shooter\outputs\reststop-blender-300s-2026-09-23\frames\frame-04383.jpg'
04:05.656  render           | Saved: 'C:\Users\ljh\tralalero Shooter\outputs\reststop-blender-300s-2026-09-23\frames\frame-04384.jpg'
04:06.094  render           | Saved: 'C:\Users\ljh\tralalero Shooter\outputs\reststop-blender-300s-2026-09-23\frames\frame-04385.jpg'
04:06.547  render           | Saved: 'C:\Users\ljh\tralalero Shooter\outputs\reststop-blender-300s-2026-09-23\frames\frame-04386.jpg'
04:06.984  render           | Saved: 'C:\Users\ljh\tralalero Shooter\outputs\reststop-blender-300s-2026-09-23\frames\frame-04387.jpg'
04:07.422  render           | Saved: 'C:\Users\ljh\tralalero Shooter\outputs\reststop-blender-300s-2026-09-23\frames\frame-04388.jpg'
04:07.875  render           | Saved: 'C:\Users\ljh\tralalero Shooter\outputs\reststop-blender-300s-2026-09-23\frames\frame-04389.jpg'
04:08.313  render           | Saved: 'C:\Users\ljh\tralalero Shooter\outputs\reststop-blender-300s-2026-09-23\frames\frame-04390.jpg'
PROGRESS {"frame": 4390, "end": 7200, "rendered": 600, "elapsed": 247.12690949440002, "last_24_mean": 0.44445230563481647, "width": 1280, "engine": "BLENDER_EEVEE", "step": 1}
04:08.750  render           | Saved: 'C:\Users\ljh\tralalero Shooter\outputs\reststop-blender-300s-2026-09-23\frames\frame-04391.jpg'
04:09.203  render           | Saved: 'C:\Users\ljh\tralalero Shooter\outputs\reststop-blender-300s-2026-09-23\frames\frame-04392.jpg'
04:09.656  render           | Saved: 'C:\Users\ljh\tralalero Shooter\outputs\reststop-blender-300s-2026-09-23\frames\frame-04393.jpg'
04:10.094  render           | Saved: 'C:\Users\ljh\tralalero Shooter\outputs\reststop-blender-300s-2026-09-23\frames\frame-04394.jpg'
04:10.547  render           | Saved: 'C:\Users\ljh\tralalero Shooter\outputs\reststop-blender-300s-2026-09-23\frames\frame-04395.jpg'
04:10.984  render           | Saved: 'C:\Users\ljh\tralalero Shooter\outputs\reststop-blender-300s-2026-09-23\frames\frame-04396.jpg'
04:11.438  render           | Saved: 'C:\Users\ljh\tralalero Shooter\outputs\reststop-blender-300s-2026-09-23\frames\frame-04397.jpg'
04:11.875  render           | Saved: 'C:\Users\ljh\tralalero Shooter\outputs\reststop-blender-300s-2026-09-23\frames\frame-04398.jpg'
04:12.313  render           | Saved: 'C:\Users\ljh\tralalero Shooter\outputs\reststop-blender-300s-2026-09-23\frames\frame-04399.jpg'
04:12.766  render           | Saved: 'C:\Users\ljh\tralalero Shooter\outputs\reststop-blender-300s-2026-09-23\frames\frame-04400.jpg'
04:13.203  render           | Saved: 'C:\Users\ljh\tralalero Shooter\outputs\reststop-blender-300s-2026-09-23\frames\frame-04401.jpg'
04:13.641  render           | Saved: 'C:\Users\ljh\tralalero Shooter\outputs\reststop-blender-300s-2026-09-23\frames\frame-04402.jpg'
04:14.094  render           | Saved: 'C:\Users\ljh\tralalero Shooter\outputs\reststop-blender-300s-2026-09-23\frames\frame-04403.jpg'
04:14.516  render           | Saved: 'C:\Users\ljh\tralalero Shooter\outputs\reststop-blender-300s-2026-09-23\frames\frame-04404.jpg'
04:14.969  render           | Saved: 'C:\Users\ljh\tralalero Shooter\outputs\reststop-blender-300s-2026-09-23\frames\frame-04405.jpg'
04:15.422  render           | Saved: 'C:\Users\ljh\tralalero Shooter\outputs\reststop-blender-300s-2026-09-23\frames\frame-04406.jpg'
04:15.875  render           | Saved: 'C:\Users\ljh\tralalero Shooter\outputs\reststop-blender-300s-2026-09-23\frames\frame-04407.jpg'
04:16.328  render           | Saved: 'C:\Users\ljh\tralalero Shooter\outputs\reststop-blender-300s-2026-09-23\frames\frame-04408.jpg'
04:16.781  render           | Saved: 'C:\Users\ljh\tralalero Shooter\outputs\reststop-blender-300s-2026-09-23\frames\frame-04409.jpg'
04:17.234  render           | Saved: 'C:\Users\ljh\tralalero Shooter\outputs\reststop-blender-300s-2026-09-23\frames\frame-04410.jpg'
04:17.688  render           | Saved: 'C:\Users\ljh\tralalero Shooter\outputs\reststop-blender-300s-2026-09-23\frames\frame-04411.jpg'
04:18.141  render           | Saved: 'C:\Users\ljh\tralalero Shooter\outputs\reststop-blender-300s-2026-09-23\frames\frame-04412.jpg'
04:18.594  render           | Saved: 'C:\Users\ljh\tralalero Shooter\outputs\reststop-blender-300s-2026-09-23\frames\frame-04413.jpg'
04:19.047  render           | Saved: 'C:\Users\ljh\tralalero Shooter\outputs\reststop-blender-300s-2026-09-23\frames\frame-04414.jpg'
PROGRESS {"frame": 4414, "end": 7200, "rendered": 624, "elapsed": 257.85950756073, "last_24_mean": 0.44700781504313153, "width": 1280, "engine": "BLENDER_EEVEE", "step": 1}
04:19.500  render           | Saved: 'C:\Users\ljh\tralalero Shooter\outputs\reststop-blender-300s-2026-09-23\frames\frame-04415.jpg'
04:19.953  render           | Saved: 'C:\Users\ljh\tralalero Shooter\outputs\reststop-blender-300s-2026-09-23\frames\frame-04416.jpg'
04:20.422  render           | Saved: 'C:\Users\ljh\tralalero Shooter\outputs\reststop-blender-300s-2026-09-23\frames\frame-04417.jpg'
04:20.875  render           | Saved: 'C:\Users\ljh\tralalero Shooter\outputs\reststop-blender-300s-2026-09-23\frames\frame-04418.jpg'
04:21.328  render           | Saved: 'C:\Users\ljh\tralalero Shooter\outputs\reststop-blender-300s-2026-09-23\frames\frame-04419.jpg'
04:21.797  render           | Saved: 'C:\Users\ljh\tralalero Shooter\outputs\reststop-blender-300s-2026-09-23\frames\frame-04420.jpg'
04:22.250  render           | Saved: 'C:\Users\ljh\tralalero Shooter\outputs\reststop-blender-300s-2026-09-23\frames\frame-04421.jpg'
04:22.703  render           | Saved: 'C:\Users\ljh\tralalero Shooter\outputs\reststop-blender-300s-2026-09-23\frames\frame-04422.jpg'
04:23.172  render           | Saved: 'C:\Users\ljh\tralalero Shooter\outputs\reststop-blender-300s-2026-09-23\frames\frame-04423.jpg'
04:23.625  render           | Saved: 'C:\Users\ljh\tralalero Shooter\outputs\reststop-blender-300s-2026-09-23\frames\frame-04424.jpg'
04:24.078  render           | Saved: 'C:\Users\ljh\tralalero Shooter\outputs\reststop-blender-300s-2026-09-23\frames\frame-04425.jpg'
04:24.531  render           | Saved: 'C:\Users\ljh\tralalero Shooter\outputs\reststop-blender-300s-2026-09-23\frames\frame-04426.jpg'
04:24.984  render           | Saved: 'C:\Users\ljh\tralalero Shooter\outputs\reststop-blender-300s-2026-09-23\frames\frame-04427.jpg'
04:25.438  render           | Saved: 'C:\Users\ljh\tralalero Shooter\outputs\reststop-blender-300s-2026-09-23\frames\frame-04428.jpg'
04:25.891  render           | Saved: 'C:\Users\ljh\tralalero Shooter\outputs\reststop-blender-300s-2026-09-23\frames\frame-04429.jpg'
04:26.359  render           | Saved: 'C:\Users\ljh\tralalero Shooter\outputs\reststop-blender-300s-2026-09-23\frames\frame-04430.jpg'
04:26.813  render           | Saved: 'C:\Users\ljh\tralalero Shooter\outputs\reststop-blender-300s-2026-09-23\frames\frame-04431.jpg'
04:27.266  render           | Saved: 'C:\Users\ljh\tralalero Shooter\outputs\reststop-blender-300s-2026-09-23\frames\frame-04432.jpg'
04:27.719  render           | Saved: 'C:\Users\ljh\tralalero Shooter\outputs\reststop-blender-300s-2026-09-23\frames\frame-04433.jpg'
04:28.172  render           | Saved: 'C:\Users\ljh\tralalero Shooter\outputs\reststop-blender-300s-2026-09-23\frames\frame-04434.jpg'
04:28.625  render           | Saved: 'C:\Users\ljh\tralalero Shooter\outputs\reststop-blender-300s-2026-09-23\frames\frame-04435.jpg'
04:29.094  render           | Saved: 'C:\Users\ljh\tralalero Shooter\outputs\reststop-blender-300s-2026-09-23\frames\frame-04436.jpg'
04:29.547  render           | Saved: 'C:\Users\ljh\tralalero Shooter\outputs\reststop-blender-300s-2026-09-23\frames\frame-04437.jpg'
04:29.984  render           | Saved: 'C:\Users\ljh\tralalero Shooter\outputs\reststop-blender-300s-2026-09-23\frames\frame-04438.jpg'
PROGRESS {"frame": 4438, "end": 7200, "rendered": 648, "elapsed": 268.8023021221161, "last_24_mean": 0.4557603895664215, "width": 1280, "engine": "BLENDER_EEVEE", "step": 1}
04:30.438  render           | Saved: 'C:\Users\ljh\tralalero Shooter\outputs\reststop-blender-300s-2026-09-23\frames\frame-04439.jpg'
04:30.891  render           | Saved: 'C:\Users\ljh\tralalero Shooter\outputs\reststop-blender-300s-2026-09-23\frames\frame-04440.jpg'
04:31.344  render           | Saved: 'C:\Users\ljh\tralalero Shooter\outputs\reststop-blender-300s-2026-09-23\frames\frame-04441.jpg'
04:31.797  render           | Saved: 'C:\Users\ljh\tralalero Shooter\outputs\reststop-blender-300s-2026-09-23\frames\frame-04442.jpg'
04:32.250  render           | Saved: 'C:\Users\ljh\tralalero Shooter\outputs\reststop-blender-300s-2026-09-23\frames\frame-04443.jpg'
04:32.688  render           | Saved: 'C:\Users\ljh\tralalero Shooter\outputs\reststop-blender-300s-2026-09-23\frames\frame-04444.jpg'
04:33.172  render           | Saved: 'C:\Users\ljh\tralalero Shooter\outputs\reststop-blender-300s-2026-09-23\frames\frame-04445.jpg'
04:33.609  render           | Saved: 'C:\Users\ljh\tralalero Shooter\outputs\reststop-blender-300s-2026-09-23\frames\frame-04446.jpg'
04:34.063  render           | Saved: 'C:\Users\ljh\tralalero Shooter\outputs\reststop-blender-300s-2026-09-23\frames\frame-04447.jpg'
04:34.531  render           | Saved: 'C:\Users\ljh\tralalero Shooter\outputs\reststop-blender-300s-2026-09-23\frames\frame-04448.jpg'
04:34.984  render           | Saved: 'C:\Users\ljh\tralalero Shooter\outputs\reststop-blender-300s-2026-09-23\frames\frame-04449.jpg'
04:35.438  render           | Saved: 'C:\Users\ljh\tralalero Shooter\outputs\reststop-blender-300s-2026-09-23\frames\frame-04450.jpg'
04:35.891  render           | Saved: 'C:\Users\ljh\tralalero Shooter\outputs\reststop-blender-300s-2026-09-23\frames\frame-04451.jpg'
04:36.344  render           | Saved: 'C:\Users\ljh\tralalero Shooter\outputs\reststop-blender-300s-2026-09-23\frames\frame-04452.jpg'
04:36.797  render           | Saved: 'C:\Users\ljh\tralalero Shooter\outputs\reststop-blender-300s-2026-09-23\frames\frame-04453.jpg'
04:37.234  render           | Saved: 'C:\Users\ljh\tralalero Shooter\outputs\reststop-blender-300s-2026-09-23\frames\frame-04454.jpg'
04:37.703  render           | Saved: 'C:\Users\ljh\tralalero Shooter\outputs\reststop-blender-300s-2026-09-23\frames\frame-04455.jpg'
04:38.156  render           | Saved: 'C:\Users\ljh\tralalero Shooter\outputs\reststop-blender-300s-2026-09-23\frames\frame-04456.jpg'
04:38.609  render           | Saved: 'C:\Users\ljh\tralalero Shooter\outputs\reststop-blender-300s-2026-09-23\frames\frame-04457.jpg'
04:39.047  render           | Saved: 'C:\Users\ljh\tralalero Shooter\outputs\reststop-blender-300s-2026-09-23\frames\frame-04458.jpg'
04:39.500  render           | Saved: 'C:\Users\ljh\tralalero Shooter\outputs\reststop-blender-300s-2026-09-23\frames\frame-04459.jpg'
04:39.953  render           | Saved: 'C:\Users\ljh\tralalero Shooter\outputs\reststop-blender-300s-2026-09-23\frames\frame-04460.jpg'
04:40.406  render           | Saved: 'C:\Users\ljh\tralalero Shooter\outputs\reststop-blender-300s-2026-09-23\frames\frame-04461.jpg'
04:40.859  render           | Saved: 'C:\Users\ljh\tralalero Shooter\outputs\reststop-blender-300s-2026-09-23\frames\frame-04462.jpg'
PROGRESS {"frame": 4462, "end": 7200, "rendered": 672, "elapsed": 279.67389488220215, "last_24_mean": 0.452801118294398, "width": 1280, "engine": "BLENDER_EEVEE", "step": 1}
04:41.313  render           | Saved: 'C:\Users\ljh\tralalero Shooter\outputs\reststop-blender-300s-2026-09-23\frames\frame-04463.jpg'
04:41.766  render           | Saved: 'C:\Users\ljh\tralalero Shooter\outputs\reststop-blender-300s-2026-09-23\frames\frame-04464.jpg'
04:42.219  render           | Saved: 'C:\Users\ljh\tralalero Shooter\outputs\reststop-blender-300s-2026-09-23\frames\frame-04465.jpg'
04:42.672  render           | Saved: 'C:\Users\ljh\tralalero Shooter\outputs\reststop-blender-300s-2026-09-23\frames\frame-04466.jpg'
04:43.125  render           | Saved: 'C:\Users\ljh\tralalero Shooter\outputs\reststop-blender-300s-2026-09-23\frames\frame-04467.jpg'
04:43.594  render           | Saved: 'C:\Users\ljh\tralalero Shooter\outputs\reststop-blender-300s-2026-09-23\frames\frame-04468.jpg'
04:44.047  render           | Saved: 'C:\Users\ljh\tralalero Shooter\outputs\reststop-blender-300s-2026-09-23\frames\frame-04469.jpg'
04:44.500  render           | Saved: 'C:\Users\ljh\tralalero Shooter\outputs\reststop-blender-300s-2026-09-23\frames\frame-04470.jpg'
04:44.953  render           | Saved: 'C:\Users\ljh\tralalero Shooter\outputs\reststop-blender-300s-2026-09-23\frames\frame-04471.jpg'
04:45.406  render           | Saved: 'C:\Users\ljh\tralalero Shooter\outputs\reststop-blender-300s-2026-09-23\frames\frame-04472.jpg'
04:45.859  render           | Saved: 'C:\Users\ljh\tralalero Shooter\outputs\reststop-blender-300s-2026-09-23\frames\frame-04473.jpg'
04:46.313  render           | Saved: 'C:\Users\ljh\tralalero Shooter\outputs\reststop-blender-300s-2026-09-23\frames\frame-04474.jpg'
04:46.781  render           | Saved: 'C:\Users\ljh\tralalero Shooter\outputs\reststop-blender-300s-2026-09-23\frames\frame-04475.jpg'
04:47.219  render           | Saved: 'C:\Users\ljh\tralalero Shooter\outputs\reststop-blender-300s-2026-09-23\frames\frame-04476.jpg'
04:47.672  render           | Saved: 'C:\Users\ljh\tralalero Shooter\outputs\reststop-blender-300s-2026-09-23\frames\frame-04477.jpg'
04:48.125  render           | Saved: 'C:\Users\ljh\tralalero Shooter\outputs\reststop-blender-300s-2026-09-23\frames\frame-04478.jpg'
04:48.578  render           | Saved: 'C:\Users\ljh\tralalero Shooter\outputs\reststop-blender-300s-2026-09-23\frames\frame-04479.jpg'
04:49.047  render           | Saved: 'C:\Users\ljh\tralalero Shooter\outputs\reststop-blender-300s-2026-09-23\frames\frame-04480.jpg'
04:49.500  render           | Saved: 'C:\Users\ljh\tralalero Shooter\outputs\reststop-blender-300s-2026-09-23\frames\frame-04481.jpg'
04:49.953  render           | Saved: 'C:\Users\ljh\tralalero Shooter\outputs\reststop-blender-300s-2026-09-23\frames\frame-04482.jpg'
04:50.406  render           | Saved: 'C:\Users\ljh\tralalero Shooter\outputs\reststop-blender-300s-2026-09-23\frames\frame-04483.jpg'
04:50.859  render           | Saved: 'C:\Users\ljh\tralalero Shooter\outputs\reststop-blender-300s-2026-09-23\frames\frame-04484.jpg'
04:51.328  render           | Saved: 'C:\Users\ljh\tralalero Shooter\outputs\reststop-blender-300s-2026-09-23\frames\frame-04485.jpg'
04:51.781  render           | Saved: 'C:\Users\ljh\tralalero Shooter\outputs\reststop-blender-300s-2026-09-23\frames\frame-04486.jpg'
PROGRESS {"frame": 4486, "end": 7200, "rendered": 696, "elapsed": 290.5931203365326, "last_24_mean": 0.4547871748606364, "width": 1280, "engine": "BLENDER_EEVEE", "step": 1}
04:52.234  render           | Saved: 'C:\Users\ljh\tralalero Shooter\outputs\reststop-blender-300s-2026-09-23\frames\frame-04487.jpg'
04:52.688  render           | Saved: 'C:\Users\ljh\tralalero Shooter\outputs\reststop-blender-300s-2026-09-23\frames\frame-04488.jpg'
04:53.141  render           | Saved: 'C:\Users\ljh\tralalero Shooter\outputs\reststop-blender-300s-2026-09-23\frames\frame-04489.jpg'
04:53.609  render           | Saved: 'C:\Users\ljh\tralalero Shooter\outputs\reststop-blender-300s-2026-09-23\frames\frame-04490.jpg'
04:54.063  render           | Saved: 'C:\Users\ljh\tralalero Shooter\outputs\reststop-blender-300s-2026-09-23\frames\frame-04491.jpg'
04:54.516  render           | Saved: 'C:\Users\ljh\tralalero Shooter\outputs\reststop-blender-300s-2026-09-23\frames\frame-04492.jpg'
04:54.969  render           | Saved: 'C:\Users\ljh\tralalero Shooter\outputs\reststop-blender-300s-2026-09-23\frames\frame-04493.jpg'
04:55.406  render           | Saved: 'C:\Users\ljh\tralalero Shooter\outputs\reststop-blender-300s-2026-09-23\frames\frame-04494.jpg'
04:55.875  render           | Saved: 'C:\Users\ljh\tralalero Shooter\outputs\reststop-blender-300s-2026-09-23\frames\frame-04495.jpg'
04:56.313  render           | Saved: 'C:\Users\ljh\tralalero Shooter\outputs\reststop-blender-300s-2026-09-23\frames\frame-04496.jpg'
04:56.781  render           | Saved: 'C:\Users\ljh\tralalero Shooter\outputs\reststop-blender-300s-2026-09-23\frames\frame-04497.jpg'
04:57.266  render           | Saved: 'C:\Users\ljh\tralalero Shooter\outputs\reststop-blender-300s-2026-09-23\frames\frame-04498.jpg'
04:57.734  render           | Saved: 'C:\Users\ljh\tralalero Shooter\outputs\reststop-blender-300s-2026-09-23\frames\frame-04499.jpg'
04:58.203  render           | Saved: 'C:\Users\ljh\tralalero Shooter\outputs\reststop-blender-300s-2026-09-23\frames\frame-04500.jpg'
04:58.656  render           | Saved: 'C:\Users\ljh\tralalero Shooter\outputs\reststop-blender-300s-2026-09-23\frames\frame-04501.jpg'
04:59.125  render           | Saved: 'C:\Users\ljh\tralalero Shooter\outputs\reststop-blender-300s-2026-09-23\frames\frame-04502.jpg'
04:59.578  render           | Saved: 'C:\Users\ljh\tralalero Shooter\outputs\reststop-blender-300s-2026-09-23\frames\frame-04503.jpg'
05:00.031  render           | Saved: 'C:\Users\ljh\tralalero Shooter\outputs\reststop-blender-300s-2026-09-23\frames\frame-04504.jpg'
05:00.500  render           | Saved: 'C:\Users\ljh\tralalero Shooter\outputs\reststop-blender-300s-2026-09-23\frames\frame-04505.jpg'
05:00.953  render           | Saved: 'C:\Users\ljh\tralalero Shooter\outputs\reststop-blender-300s-2026-09-23\frames\frame-04506.jpg'
05:01.422  render           | Saved: 'C:\Users\ljh\tralalero Shooter\outputs\reststop-blender-300s-2026-09-23\frames\frame-04507.jpg'
05:01.875  render           | Saved: 'C:\Users\ljh\tralalero Shooter\outputs\reststop-blender-300s-2026-09-23\frames\frame-04508.jpg'
05:02.328  render           | Saved: 'C:\Users\ljh\tralalero Shooter\outputs\reststop-blender-300s-2026-09-23\frames\frame-04509.jpg'
05:02.797  render           | Saved: 'C:\Users\ljh\tralalero Shooter\outputs\reststop-blender-300s-2026-09-23\frames\frame-04510.jpg'
PROGRESS {"frame": 4510, "end": 7200, "rendered": 720, "elapsed": 301.6058769226074, "last_24_mean": 0.45867836475372314, "width": 1280, "engine": "BLENDER_EEVEE", "step": 1}
05:03.250  render           | Saved: 'C:\Users\ljh\tralalero Shooter\outputs\reststop-blender-300s-2026-09-23\frames\frame-04511.jpg'
05:03.719  render           | Saved: 'C:\Users\ljh\tralalero Shooter\outputs\reststop-blender-300s-2026-09-23\frames\frame-04512.jpg'
05:04.172  render           | Saved: 'C:\Users\ljh\tralalero Shooter\outputs\reststop-blender-300s-2026-09-23\frames\frame-04513.jpg'
05:04.625  render           | Saved: 'C:\Users\ljh\tralalero Shooter\outputs\reststop-blender-300s-2026-09-23\frames\frame-04514.jpg'
05:05.094  render           | Saved: 'C:\Users\ljh\tralalero Shooter\outputs\reststop-blender-300s-2026-09-23\frames\frame-04515.jpg'
05:05.547  render           | Saved: 'C:\Users\ljh\tralalero Shooter\outputs\reststop-blender-300s-2026-09-23\frames\frame-04516.jpg'
05:06.016  render           | Saved: 'C:\Users\ljh\tralalero Shooter\outputs\reststop-blender-300s-2026-09-23\frames\frame-04517.jpg'
05:06.469  render           | Saved: 'C:\Users\ljh\tralalero Shooter\outputs\reststop-blender-300s-2026-09-23\frames\frame-04518.jpg'
05:06.922  render           | Saved: 'C:\Users\ljh\tralalero Shooter\outputs\reststop-blender-300s-2026-09-23\frames\frame-04519.jpg'
05:07.391  render           | Saved: 'C:\Users\ljh\tralalero Shooter\outputs\reststop-blender-300s-2026-09-23\frames\frame-04520.jpg'
05:07.859  render           | Saved: 'C:\Users\ljh\tralalero Shooter\outputs\reststop-blender-300s-2026-09-23\frames\frame-04521.jpg'
05:08.313  render           | Saved: 'C:\Users\ljh\tralalero Shooter\outputs\reststop-blender-300s-2026-09-23\frames\frame-04522.jpg'
05:08.766  render           | Saved: 'C:\Users\ljh\tralalero Shooter\outputs\reststop-blender-300s-2026-09-23\frames\frame-04523.jpg'
05:09.234  render           | Saved: 'C:\Users\ljh\tralalero Shooter\outputs\reststop-blender-300s-2026-09-23\frames\frame-04524.jpg'
05:09.688  render           | Saved: 'C:\Users\ljh\tralalero Shooter\outputs\reststop-blender-300s-2026-09-23\frames\frame-04525.jpg'
05:10.141  render           | Saved: 'C:\Users\ljh\tralalero Shooter\outputs\reststop-blender-300s-2026-09-23\frames\frame-04526.jpg'
05:10.609  render           | Saved: 'C:\Users\ljh\tralalero Shooter\outputs\reststop-blender-300s-2026-09-23\frames\frame-04527.jpg'
05:11.078  render           | Saved: 'C:\Users\ljh\tralalero Shooter\outputs\reststop-blender-300s-2026-09-23\frames\frame-04528.jpg'
05:11.531  render           | Saved: 'C:\Users\ljh\tralalero Shooter\outputs\reststop-blender-300s-2026-09-23\frames\frame-04529.jpg'
05:12.000  render           | Saved: 'C:\Users\ljh\tralalero Shooter\outputs\reststop-blender-300s-2026-09-23\frames\frame-04530.jpg'
05:12.453  render           | Saved: 'C:\Users\ljh\tralalero Shooter\outputs\reststop-blender-300s-2026-09-23\frames\frame-04531.jpg'
05:12.906  render           | Saved: 'C:\Users\ljh\tralalero Shooter\outputs\reststop-blender-300s-2026-09-23\frames\frame-04532.jpg'
05:13.359  render           | Saved: 'C:\Users\ljh\tralalero Shooter\outputs\reststop-blender-300s-2026-09-23\frames\frame-04533.jpg'
05:13.813  render           | Saved: 'C:\Users\ljh\tralalero Shooter\outputs\reststop-blender-300s-2026-09-23\frames\frame-04534.jpg'
PROGRESS {"frame": 4534, "end": 7200, "rendered": 744, "elapsed": 312.6321952342987, "last_24_mean": 0.4592210352420807, "width": 1280, "engine": "BLENDER_EEVEE", "step": 1}
05:14.281  render           | Saved: 'C:\Users\ljh\tralalero Shooter\outputs\reststop-blender-300s-2026-09-23\frames\frame-04535.jpg'
05:14.734  render           | Saved: 'C:\Users\ljh\tralalero Shooter\outputs\reststop-blender-300s-2026-09-23\frames\frame-04536.jpg'
05:15.188  render           | Saved: 'C:\Users\ljh\tralalero Shooter\outputs\reststop-blender-300s-2026-09-23\frames\frame-04537.jpg'
05:15.641  render           | Saved: 'C:\Users\ljh\tralalero Shooter\outputs\reststop-blender-300s-2026-09-23\frames\frame-04538.jpg'
05:16.109  render           | Saved: 'C:\Users\ljh\tralalero Shooter\outputs\reststop-blender-300s-2026-09-23\frames\frame-04539.jpg'
05:16.563  render           | Saved: 'C:\Users\ljh\tralalero Shooter\outputs\reststop-blender-300s-2026-09-23\frames\frame-04540.jpg'
05:17.016  render           | Saved: 'C:\Users\ljh\tralalero Shooter\outputs\reststop-blender-300s-2026-09-23\frames\frame-04541.jpg'
05:17.484  render           | Saved: 'C:\Users\ljh\tralalero Shooter\outputs\reststop-blender-300s-2026-09-23\frames\frame-04542.jpg'
05:17.938  render           | Saved: 'C:\Users\ljh\tralalero Shooter\outputs\reststop-blender-300s-2026-09-23\frames\frame-04543.jpg'
05:18.391  render           | Saved: 'C:\Users\ljh\tralalero Shooter\outputs\reststop-blender-300s-2026-09-23\frames\frame-04544.jpg'
05:18.859  render           | Saved: 'C:\Users\ljh\tralalero Shooter\outputs\reststop-blender-300s-2026-09-23\frames\frame-04545.jpg'
05:19.313  render           | Saved: 'C:\Users\ljh\tralalero Shooter\outputs\reststop-blender-300s-2026-09-23\frames\frame-04546.jpg'
05:19.781  render           | Saved: 'C:\Users\ljh\tralalero Shooter\outputs\reststop-blender-300s-2026-09-23\frames\frame-04547.jpg'
05:20.250  render           | Saved: 'C:\Users\ljh\tralalero Shooter\outputs\reststop-blender-300s-2026-09-23\frames\frame-04548.jpg'
05:20.703  render           | Saved: 'C:\Users\ljh\tralalero Shooter\outputs\reststop-blender-300s-2026-09-23\frames\frame-04549.jpg'
05:21.172  render           | Saved: 'C:\Users\ljh\tralalero Shooter\outputs\reststop-blender-300s-2026-09-23\frames\frame-04550.jpg'
05:21.625  render           | Saved: 'C:\Users\ljh\tralalero Shooter\outputs\reststop-blender-300s-2026-09-23\frames\frame-04551.jpg'
05:22.094  render           | Saved: 'C:\Users\ljh\tralalero Shooter\outputs\reststop-blender-300s-2026-09-23\frames\frame-04552.jpg'
05:22.563  render           | Saved: 'C:\Users\ljh\tralalero Shooter\outputs\reststop-blender-300s-2026-09-23\frames\frame-04553.jpg'
05:23.016  render           | Saved: 'C:\Users\ljh\tralalero Shooter\outputs\reststop-blender-300s-2026-09-23\frames\frame-04554.jpg'
05:23.484  render           | Saved: 'C:\Users\ljh\tralalero Shooter\outputs\reststop-blender-300s-2026-09-23\frames\frame-04555.jpg'
05:23.938  render           | Saved: 'C:\Users\ljh\tralalero Shooter\outputs\reststop-blender-300s-2026-09-23\frames\frame-04556.jpg'
05:24.406  render           | Saved: 'C:\Users\ljh\tralalero Shooter\outputs\reststop-blender-300s-2026-09-23\frames\frame-04557.jpg'
05:24.859  render           | Saved: 'C:\Users\ljh\tralalero Shooter\outputs\reststop-blender-300s-2026-09-23\frames\frame-04558.jpg'
PROGRESS {"frame": 4558, "end": 7200, "rendered": 768, "elapsed": 323.6815333366394, "last_24_mean": 0.46020403504371643, "width": 1280, "engine": "BLENDER_EEVEE", "step": 1}
05:25.328  render           | Saved: 'C:\Users\ljh\tralalero Shooter\outputs\reststop-blender-300s-2026-09-23\frames\frame-04559.jpg'
05:25.797  render           | Saved: 'C:\Users\ljh\tralalero Shooter\outputs\reststop-blender-300s-2026-09-23\frames\frame-04560.jpg'
05:26.250  render           | Saved: 'C:\Users\ljh\tralalero Shooter\outputs\reststop-blender-300s-2026-09-23\frames\frame-04561.jpg'
05:26.719  render           | Saved: 'C:\Users\ljh\tralalero Shooter\outputs\reststop-blender-300s-2026-09-23\frames\frame-04562.jpg'
05:27.188  render           | Saved: 'C:\Users\ljh\tralalero Shooter\outputs\reststop-blender-300s-2026-09-23\frames\frame-04563.jpg'
05:27.656  render           | Saved: 'C:\Users\ljh\tralalero Shooter\outputs\reststop-blender-300s-2026-09-23\frames\frame-04564.jpg'
05:28.125  render           | Saved: 'C:\Users\ljh\tralalero Shooter\outputs\reststop-blender-300s-2026-09-23\frames\frame-04565.jpg'
05:28.578  render           | Saved: 'C:\Users\ljh\tralalero Shooter\outputs\reststop-blender-300s-2026-09-23\frames\frame-04566.jpg'
05:29.078  render           | Saved: 'C:\Users\ljh\tralalero Shooter\outputs\reststop-blender-300s-2026-09-23\frames\frame-04567.jpg'
05:29.547  render           | Saved: 'C:\Users\ljh\tralalero Shooter\outputs\reststop-blender-300s-2026-09-23\frames\frame-04568.jpg'
05:30.031  render           | Saved: 'C:\Users\ljh\tralalero Shooter\outputs\reststop-blender-300s-2026-09-23\frames\frame-04569.jpg'
05:30.531  render           | Saved: 'C:\Users\ljh\tralalero Shooter\outputs\reststop-blender-300s-2026-09-23\frames\frame-04570.jpg'
05:31.016  render           | Saved: 'C:\Users\ljh\tralalero Shooter\outputs\reststop-blender-300s-2026-09-23\frames\frame-04571.jpg'
05:31.500  render           | Saved: 'C:\Users\ljh\tralalero Shooter\outputs\reststop-blender-300s-2026-09-23\frames\frame-04572.jpg'
05:31.984  render           | Saved: 'C:\Users\ljh\tralalero Shooter\outputs\reststop-blender-300s-2026-09-23\frames\frame-04573.jpg'
05:32.469  render           | Saved: 'C:\Users\ljh\tralalero Shooter\outputs\reststop-blender-300s-2026-09-23\frames\frame-04574.jpg'
05:32.953  render           | Saved: 'C:\Users\ljh\tralalero Shooter\outputs\reststop-blender-300s-2026-09-23\frames\frame-04575.jpg'
05:33.438  render           | Saved: 'C:\Users\ljh\tralalero Shooter\outputs\reststop-blender-300s-2026-09-23\frames\frame-04576.jpg'
05:33.922  render           | Saved: 'C:\Users\ljh\tralalero Shooter\outputs\reststop-blender-300s-2026-09-23\frames\frame-04577.jpg'
05:34.406  render           | Saved: 'C:\Users\ljh\tralalero Shooter\outputs\reststop-blender-300s-2026-09-23\frames\frame-04578.jpg'
05:34.891  render           | Saved: 'C:\Users\ljh\tralalero Shooter\outputs\reststop-blender-300s-2026-09-23\frames\frame-04579.jpg'
05:35.391  render           | Saved: 'C:\Users\ljh\tralalero Shooter\outputs\reststop-blender-300s-2026-09-23\frames\frame-04580.jpg'
05:35.891  render           | Saved: 'C:\Users\ljh\tralalero Shooter\outputs\reststop-blender-300s-2026-09-23\frames\frame-04581.jpg'
05:36.359  render           | Saved: 'C:\Users\ljh\tralalero Shooter\outputs\reststop-blender-300s-2026-09-23\frames\frame-04582.jpg'
PROGRESS {"frame": 4582, "end": 7200, "rendered": 792, "elapsed": 335.18245220184326, "last_24_mean": 0.47900394598642987, "width": 1280, "engine": "BLENDER_EEVEE", "step": 1}
05:36.828  render           | Saved: 'C:\Users\ljh\tralalero Shooter\outputs\reststop-blender-300s-2026-09-23\frames\frame-04583.jpg'
05:37.297  render           | Saved: 'C:\Users\ljh\tralalero Shooter\outputs\reststop-blender-300s-2026-09-23\frames\frame-04584.jpg'
05:37.766  render           | Saved: 'C:\Users\ljh\tralalero Shooter\outputs\reststop-blender-300s-2026-09-23\frames\frame-04585.jpg'
05:38.219  render           | Saved: 'C:\Users\ljh\tralalero Shooter\outputs\reststop-blender-300s-2026-09-23\frames\frame-04586.jpg'
05:38.672  render           | Saved: 'C:\Users\ljh\tralalero Shooter\outputs\reststop-blender-300s-2026-09-23\frames\frame-04587.jpg'
05:39.141  render           | Saved: 'C:\Users\ljh\tralalero Shooter\outputs\reststop-blender-300s-2026-09-23\frames\frame-04588.jpg'
05:39.594  render           | Saved: 'C:\Users\ljh\tralalero Shooter\outputs\reststop-blender-300s-2026-09-23\frames\frame-04589.jpg'
05:40.063  render           | Saved: 'C:\Users\ljh\tralalero Shooter\outputs\reststop-blender-300s-2026-09-23\frames\frame-04590.jpg'
05:40.531  render           | Saved: 'C:\Users\ljh\tralalero Shooter\outputs\reststop-blender-300s-2026-09-23\frames\frame-04591.jpg'
05:40.984  render           | Saved: 'C:\Users\ljh\tralalero Shooter\outputs\reststop-blender-300s-2026-09-23\frames\frame-04592.jpg'
05:41.453  render           | Saved: 'C:\Users\ljh\tralalero Shooter\outputs\reststop-blender-300s-2026-09-23\frames\frame-04593.jpg'
05:41.906  render           | Saved: 'C:\Users\ljh\tralalero Shooter\outputs\reststop-blender-300s-2026-09-23\frames\frame-04594.jpg'
05:42.375  render           | Saved: 'C:\Users\ljh\tralalero Shooter\outputs\reststop-blender-300s-2026-09-23\frames\frame-04595.jpg'
05:42.828  render           | Saved: 'C:\Users\ljh\tralalero Shooter\outputs\reststop-blender-300s-2026-09-23\frames\frame-04596.jpg'
05:43.297  render           | Saved: 'C:\Users\ljh\tralalero Shooter\outputs\reststop-blender-300s-2026-09-23\frames\frame-04597.jpg'
05:43.766  render           | Saved: 'C:\Users\ljh\tralalero Shooter\outputs\reststop-blender-300s-2026-09-23\frames\frame-04598.jpg'
05:44.219  render           | Saved: 'C:\Users\ljh\tralalero Shooter\outputs\reststop-blender-300s-2026-09-23\frames\frame-04599.jpg'
05:44.688  render           | Saved: 'C:\Users\ljh\tralalero Shooter\outputs\reststop-blender-300s-2026-09-23\frames\frame-04600.jpg'
05:45.141  render           | Saved: 'C:\Users\ljh\tralalero Shooter\outputs\reststop-blender-300s-2026-09-23\frames\frame-04601.jpg'
05:45.594  render           | Saved: 'C:\Users\ljh\tralalero Shooter\outputs\reststop-blender-300s-2026-09-23\frames\frame-04602.jpg'
05:46.063  render           | Saved: 'C:\Users\ljh\tralalero Shooter\outputs\reststop-blender-300s-2026-09-23\frames\frame-04603.jpg'
05:46.516  render           | Saved: 'C:\Users\ljh\tralalero Shooter\outputs\reststop-blender-300s-2026-09-23\frames\frame-04604.jpg'
05:46.969  render           | Saved: 'C:\Users\ljh\tralalero Shooter\outputs\reststop-blender-300s-2026-09-23\frames\frame-04605.jpg'
05:47.438  render           | Saved: 'C:\Users\ljh\tralalero Shooter\outputs\reststop-blender-300s-2026-09-23\frames\frame-04606.jpg'
PROGRESS {"frame": 4606, "end": 7200, "rendered": 816, "elapsed": 346.2480981349945, "last_24_mean": 0.46088529626528424, "width": 1280, "engine": "BLENDER_EEVEE", "step": 1}
05:47.906  render           | Saved: 'C:\Users\ljh\tralalero Shooter\outputs\reststop-blender-300s-2026-09-23\frames\frame-04607.jpg'
05:48.359  render           | Saved: 'C:\Users\ljh\tralalero Shooter\outputs\reststop-blender-300s-2026-09-23\frames\frame-04608.jpg'
05:48.813  render           | Saved: 'C:\Users\ljh\tralalero Shooter\outputs\reststop-blender-300s-2026-09-23\frames\frame-04609.jpg'
05:49.281  render           | Saved: 'C:\Users\ljh\tralalero Shooter\outputs\reststop-blender-300s-2026-09-23\frames\frame-04610.jpg'
05:49.734  render           | Saved: 'C:\Users\ljh\tralalero Shooter\outputs\reststop-blender-300s-2026-09-23\frames\frame-04611.jpg'
05:50.219  render           | Saved: 'C:\Users\ljh\tralalero Shooter\outputs\reststop-blender-300s-2026-09-23\frames\frame-04612.jpg'
05:50.688  render           | Saved: 'C:\Users\ljh\tralalero Shooter\outputs\reststop-blender-300s-2026-09-23\frames\frame-04613.jpg'
05:51.172  render           | Saved: 'C:\Users\ljh\tralalero Shooter\outputs\reststop-blender-300s-2026-09-23\frames\frame-04614.jpg'
05:51.625  render           | Saved: 'C:\Users\ljh\tralalero Shooter\outputs\reststop-blender-300s-2026-09-23\frames\frame-04615.jpg'
05:52.094  render           | Saved: 'C:\Users\ljh\tralalero Shooter\outputs\reststop-blender-300s-2026-09-23\frames\frame-04616.jpg'
05:52.547  render           | Saved: 'C:\Users\ljh\tralalero Shooter\outputs\reststop-blender-300s-2026-09-23\frames\frame-04617.jpg'
05:53.000  render           | Saved: 'C:\Users\ljh\tralalero Shooter\outputs\reststop-blender-300s-2026-09-23\frames\frame-04618.jpg'
05:53.469  render           | Saved: 'C:\Users\ljh\tralalero Shooter\outputs\reststop-blender-300s-2026-09-23\frames\frame-04619.jpg'
05:53.938  render           | Saved: 'C:\Users\ljh\tralalero Shooter\outputs\reststop-blender-300s-2026-09-23\frames\frame-04620.jpg'
05:54.391  render           | Saved: 'C:\Users\ljh\tralalero Shooter\outputs\reststop-blender-300s-2026-09-23\frames\frame-04621.jpg'
05:54.844  render           | Saved: 'C:\Users\ljh\tralalero Shooter\outputs\reststop-blender-300s-2026-09-23\frames\frame-04622.jpg'
05:55.297  render           | Saved: 'C:\Users\ljh\tralalero Shooter\outputs\reststop-blender-300s-2026-09-23\frames\frame-04623.jpg'
05:55.766  render           | Saved: 'C:\Users\ljh\tralalero Shooter\outputs\reststop-blender-300s-2026-09-23\frames\frame-04624.jpg'
05:56.234  render           | Saved: 'C:\Users\ljh\tralalero Shooter\outputs\reststop-blender-300s-2026-09-23\frames\frame-04625.jpg'
05:56.688  render           | Saved: 'C:\Users\ljh\tralalero Shooter\outputs\reststop-blender-300s-2026-09-23\frames\frame-04626.jpg'
05:57.141  render           | Saved: 'C:\Users\ljh\tralalero Shooter\outputs\reststop-blender-300s-2026-09-23\frames\frame-04627.jpg'
05:57.609  render           | Saved: 'C:\Users\ljh\tralalero Shooter\outputs\reststop-blender-300s-2026-09-23\frames\frame-04628.jpg'
05:58.063  render           | Saved: 'C:\Users\ljh\tralalero Shooter\outputs\reststop-blender-300s-2026-09-23\frames\frame-04629.jpg'
05:58.516  render           | Saved: 'C:\Users\ljh\tralalero Shooter\outputs\reststop-blender-300s-2026-09-23\frames\frame-04630.jpg'
PROGRESS {"frame": 4630, "end": 7200, "rendered": 840, "elapsed": 357.33618092536926, "last_24_mean": 0.461820254723231, "width": 1280, "engine": "BLENDER_EEVEE", "step": 1}
05:59.000  render           | Saved: 'C:\Users\ljh\tralalero Shooter\outputs\reststop-blender-300s-2026-09-23\frames\frame-04631.jpg'
05:59.453  render           | Saved: 'C:\Users\ljh\tralalero Shooter\outputs\reststop-blender-300s-2026-09-23\frames\frame-04632.jpg'
05:59.922  render           | Saved: 'C:\Users\ljh\tralalero Shooter\outputs\reststop-blender-300s-2026-09-23\frames\frame-04633.jpg'
06:00.391  render           | Saved: 'C:\Users\ljh\tralalero Shooter\outputs\reststop-blender-300s-2026-09-23\frames\frame-04634.jpg'
06:00.844  render           | Saved: 'C:\Users\ljh\tralalero Shooter\outputs\reststop-blender-300s-2026-09-23\frames\frame-04635.jpg'
06:01.297  render           | Saved: 'C:\Users\ljh\tralalero Shooter\outputs\reststop-blender-300s-2026-09-23\frames\frame-04636.jpg'
06:01.766  render           | Saved: 'C:\Users\ljh\tralalero Shooter\outputs\reststop-blender-300s-2026-09-23\frames\frame-04637.jpg'
06:02.234  render           | Saved: 'C:\Users\ljh\tralalero Shooter\outputs\reststop-blender-300s-2026-09-23\frames\frame-04638.jpg'
06:02.688  render           | Saved: 'C:\Users\ljh\tralalero Shooter\outputs\reststop-blender-300s-2026-09-23\frames\frame-04639.jpg'
06:03.141  render           | Saved: 'C:\Users\ljh\tralalero Shooter\outputs\reststop-blender-300s-2026-09-23\frames\frame-04640.jpg'
06:03.609  render           | Saved: 'C:\Users\ljh\tralalero Shooter\outputs\reststop-blender-300s-2026-09-23\frames\frame-04641.jpg'
06:04.078  render           | Saved: 'C:\Users\ljh\tralalero Shooter\outputs\reststop-blender-300s-2026-09-23\frames\frame-04642.jpg'
06:04.531  render           | Saved: 'C:\Users\ljh\tralalero Shooter\outputs\reststop-blender-300s-2026-09-23\frames\frame-04643.jpg'
06:05.000  render           | Saved: 'C:\Users\ljh\tralalero Shooter\outputs\reststop-blender-300s-2026-09-23\frames\frame-04644.jpg'
06:05.469  render           | Saved: 'C:\Users\ljh\tralalero Shooter\outputs\reststop-blender-300s-2026-09-23\frames\frame-04645.jpg'
06:05.922  render           | Saved: 'C:\Users\ljh\tralalero Shooter\outputs\reststop-blender-300s-2026-09-23\frames\frame-04646.jpg'
06:06.391  render           | Saved: 'C:\Users\ljh\tralalero Shooter\outputs\reststop-blender-300s-2026-09-23\frames\frame-04647.jpg'
06:06.859  render           | Saved: 'C:\Users\ljh\tralalero Shooter\outputs\reststop-blender-300s-2026-09-23\frames\frame-04648.jpg'
06:07.328  render           | Saved: 'C:\Users\ljh\tralalero Shooter\outputs\reststop-blender-300s-2026-09-23\frames\frame-04649.jpg'
06:07.797  render           | Saved: 'C:\Users\ljh\tralalero Shooter\outputs\reststop-blender-300s-2026-09-23\frames\frame-04650.jpg'
06:08.250  render           | Saved: 'C:\Users\ljh\tralalero Shooter\outputs\reststop-blender-300s-2026-09-23\frames\frame-04651.jpg'
06:08.734  render           | Saved: 'C:\Users\ljh\tralalero Shooter\outputs\reststop-blender-300s-2026-09-23\frames\frame-04652.jpg'
06:09.188  render           | Saved: 'C:\Users\ljh\tralalero Shooter\outputs\reststop-blender-300s-2026-09-23\frames\frame-04653.jpg'
06:09.656  render           | Saved: 'C:\Users\ljh\tralalero Shooter\outputs\reststop-blender-300s-2026-09-23\frames\frame-04654.jpg'
PROGRESS {"frame": 4654, "end": 7200, "rendered": 864, "elapsed": 368.47382616996765, "last_24_mean": 0.4638796846071879, "width": 1280, "engine": "BLENDER_EEVEE", "step": 1}
06:10.125  render           | Saved: 'C:\Users\ljh\tralalero Shooter\outputs\reststop-blender-300s-2026-09-23\frames\frame-04655.jpg'
06:10.578  render           | Saved: 'C:\Users\ljh\tralalero Shooter\outputs\reststop-blender-300s-2026-09-23\frames\frame-04656.jpg'
06:11.063  render           | Saved: 'C:\Users\ljh\tralalero Shooter\outputs\reststop-blender-300s-2026-09-23\frames\frame-04657.jpg'
06:11.516  render           | Saved: 'C:\Users\ljh\tralalero Shooter\outputs\reststop-blender-300s-2026-09-23\frames\frame-04658.jpg'
06:11.984  render           | Saved: 'C:\Users\ljh\tralalero Shooter\outputs\reststop-blender-300s-2026-09-23\frames\frame-04659.jpg'
06:12.453  render           | Saved: 'C:\Users\ljh\tralalero Shooter\outputs\reststop-blender-300s-2026-09-23\frames\frame-04660.jpg'
06:12.922  render           | Saved: 'C:\Users\ljh\tralalero Shooter\outputs\reststop-blender-300s-2026-09-23\frames\frame-04661.jpg'
06:13.391  render           | Saved: 'C:\Users\ljh\tralalero Shooter\outputs\reststop-blender-300s-2026-09-23\frames\frame-04662.jpg'
06:13.844  render           | Saved: 'C:\Users\ljh\tralalero Shooter\outputs\reststop-blender-300s-2026-09-23\frames\frame-04663.jpg'
06:14.313  render           | Saved: 'C:\Users\ljh\tralalero Shooter\outputs\reststop-blender-300s-2026-09-23\frames\frame-04664.jpg'
06:14.781  render           | Saved: 'C:\Users\ljh\tralalero Shooter\outputs\reststop-blender-300s-2026-09-23\frames\frame-04665.jpg'
06:15.234  render           | Saved: 'C:\Users\ljh\tralalero Shooter\outputs\reststop-blender-300s-2026-09-23\frames\frame-04666.jpg'
06:15.703  render           | Saved: 'C:\Users\ljh\tralalero Shooter\outputs\reststop-blender-300s-2026-09-23\frames\frame-04667.jpg'
06:16.172  render           | Saved: 'C:\Users\ljh\tralalero Shooter\outputs\reststop-blender-300s-2026-09-23\frames\frame-04668.jpg'
06:16.625  render           | Saved: 'C:\Users\ljh\tralalero Shooter\outputs\reststop-blender-300s-2026-09-23\frames\frame-04669.jpg'
06:17.078  render           | Saved: 'C:\Users\ljh\tralalero Shooter\outputs\reststop-blender-300s-2026-09-23\frames\frame-04670.jpg'
06:17.547  render           | Saved: 'C:\Users\ljh\tralalero Shooter\outputs\reststop-blender-300s-2026-09-23\frames\frame-04671.jpg'
06:18.000  render           | Saved: 'C:\Users\ljh\tralalero Shooter\outputs\reststop-blender-300s-2026-09-23\frames\frame-04672.jpg'
06:18.469  render           | Saved: 'C:\Users\ljh\tralalero Shooter\outputs\reststop-blender-300s-2026-09-23\frames\frame-04673.jpg'
06:18.938  render           | Saved: 'C:\Users\ljh\tralalero Shooter\outputs\reststop-blender-300s-2026-09-23\frames\frame-04674.jpg'
06:19.391  render           | Saved: 'C:\Users\ljh\tralalero Shooter\outputs\reststop-blender-300s-2026-09-23\frames\frame-04675.jpg'
06:19.844  render           | Saved: 'C:\Users\ljh\tralalero Shooter\outputs\reststop-blender-300s-2026-09-23\frames\frame-04676.jpg'
06:20.313  render           | Saved: 'C:\Users\ljh\tralalero Shooter\outputs\reststop-blender-300s-2026-09-23\frames\frame-04677.jpg'
06:20.766  render           | Saved: 'C:\Users\ljh\tralalero Shooter\outputs\reststop-blender-300s-2026-09-23\frames\frame-04678.jpg'
PROGRESS {"frame": 4678, "end": 7200, "rendered": 888, "elapsed": 379.58760237693787, "last_24_mean": 0.4628742237885793, "width": 1280, "engine": "BLENDER_EEVEE", "step": 1}
06:21.234  render           | Saved: 'C:\Users\ljh\tralalero Shooter\outputs\reststop-blender-300s-2026-09-23\frames\frame-04679.jpg'
06:21.688  render           | Saved: 'C:\Users\ljh\tralalero Shooter\outputs\reststop-blender-300s-2026-09-23\frames\frame-04680.jpg'
06:22.156  render           | Saved: 'C:\Users\ljh\tralalero Shooter\outputs\reststop-blender-300s-2026-09-23\frames\frame-04681.jpg'
06:22.641  render           | Saved: 'C:\Users\ljh\tralalero Shooter\outputs\reststop-blender-300s-2026-09-23\frames\frame-04682.jpg'
06:23.094  render           | Saved: 'C:\Users\ljh\tralalero Shooter\outputs\reststop-blender-300s-2026-09-23\frames\frame-04683.jpg'
06:23.563  render           | Saved: 'C:\Users\ljh\tralalero Shooter\outputs\reststop-blender-300s-2026-09-23\frames\frame-04684.jpg'
06:24.016  render           | Saved: 'C:\Users\ljh\tralalero Shooter\outputs\reststop-blender-300s-2026-09-23\frames\frame-04685.jpg'
06:24.484  render           | Saved: 'C:\Users\ljh\tralalero Shooter\outputs\reststop-blender-300s-2026-09-23\frames\frame-04686.jpg'
06:24.938  render           | Saved: 'C:\Users\ljh\tralalero Shooter\outputs\reststop-blender-300s-2026-09-23\frames\frame-04687.jpg'
06:25.406  render           | Saved: 'C:\Users\ljh\tralalero Shooter\outputs\reststop-blender-300s-2026-09-23\frames\frame-04688.jpg'
06:25.859  render           | Saved: 'C:\Users\ljh\tralalero Shooter\outputs\reststop-blender-300s-2026-09-23\frames\frame-04689.jpg'
06:26.313  render           | Saved: 'C:\Users\ljh\tralalero Shooter\outputs\reststop-blender-300s-2026-09-23\frames\frame-04690.jpg'
06:26.781  render           | Saved: 'C:\Users\ljh\tralalero Shooter\outputs\reststop-blender-300s-2026-09-23\frames\frame-04691.jpg'
06:27.250  render           | Saved: 'C:\Users\ljh\tralalero Shooter\outputs\reststop-blender-300s-2026-09-23\frames\frame-04692.jpg'
06:27.703  render           | Saved: 'C:\Users\ljh\tralalero Shooter\outputs\reststop-blender-300s-2026-09-23\frames\frame-04693.jpg'
06:28.156  render           | Saved: 'C:\Users\ljh\tralalero Shooter\outputs\reststop-blender-300s-2026-09-23\frames\frame-04694.jpg'
06:28.625  render           | Saved: 'C:\Users\ljh\tralalero Shooter\outputs\reststop-blender-300s-2026-09-23\frames\frame-04695.jpg'
06:29.078  render           | Saved: 'C:\Users\ljh\tralalero Shooter\outputs\reststop-blender-300s-2026-09-23\frames\frame-04696.jpg'
06:29.547  render           | Saved: 'C:\Users\ljh\tralalero Shooter\outputs\reststop-blender-300s-2026-09-23\frames\frame-04697.jpg'
06:30.031  render           | Saved: 'C:\Users\ljh\tralalero Shooter\outputs\reststop-blender-300s-2026-09-23\frames\frame-04698.jpg'
06:30.500  render           | Saved: 'C:\Users\ljh\tralalero Shooter\outputs\reststop-blender-300s-2026-09-23\frames\frame-04699.jpg'
06:30.969  render           | Saved: 'C:\Users\ljh\tralalero Shooter\outputs\reststop-blender-300s-2026-09-23\frames\frame-04700.jpg'
06:31.438  render           | Saved: 'C:\Users\ljh\tralalero Shooter\outputs\reststop-blender-300s-2026-09-23\frames\frame-04701.jpg'
06:31.891  render           | Saved: 'C:\Users\ljh\tralalero Shooter\outputs\reststop-blender-300s-2026-09-23\frames\frame-04702.jpg'
PROGRESS {"frame": 4702, "end": 7200, "rendered": 912, "elapsed": 390.7114152908325, "last_24_mean": 0.4633043309052785, "width": 1280, "engine": "BLENDER_EEVEE", "step": 1}
06:32.359  render           | Saved: 'C:\Users\ljh\tralalero Shooter\outputs\reststop-blender-300s-2026-09-23\frames\frame-04703.jpg'
06:32.813  render           | Saved: 'C:\Users\ljh\tralalero Shooter\outputs\reststop-blender-300s-2026-09-23\frames\frame-04704.jpg'
06:33.281  render           | Saved: 'C:\Users\ljh\tralalero Shooter\outputs\reststop-blender-300s-2026-09-23\frames\frame-04705.jpg'
06:33.734  render           | Saved: 'C:\Users\ljh\tralalero Shooter\outputs\reststop-blender-300s-2026-09-23\frames\frame-04706.jpg'
06:34.203  render           | Saved: 'C:\Users\ljh\tralalero Shooter\outputs\reststop-blender-300s-2026-09-23\frames\frame-04707.jpg'
06:34.672  render           | Saved: 'C:\Users\ljh\tralalero Shooter\outputs\reststop-blender-300s-2026-09-23\frames\frame-04708.jpg'
06:35.141  render           | Saved: 'C:\Users\ljh\tralalero Shooter\outputs\reststop-blender-300s-2026-09-23\frames\frame-04709.jpg'
06:35.594  render           | Saved: 'C:\Users\ljh\tralalero Shooter\outputs\reststop-blender-300s-2026-09-23\frames\frame-04710.jpg'
06:36.063  render           | Saved: 'C:\Users\ljh\tralalero Shooter\outputs\reststop-blender-300s-2026-09-23\frames\frame-04711.jpg'
06:36.516  render           | Saved: 'C:\Users\ljh\tralalero Shooter\outputs\reststop-blender-300s-2026-09-23\frames\frame-04712.jpg'
06:36.969  render           | Saved: 'C:\Users\ljh\tralalero Shooter\outputs\reststop-blender-300s-2026-09-23\frames\frame-04713.jpg'
06:37.438  render           | Saved: 'C:\Users\ljh\tralalero Shooter\outputs\reststop-blender-300s-2026-09-23\frames\frame-04714.jpg'
06:37.891  render           | Saved: 'C:\Users\ljh\tralalero Shooter\outputs\reststop-blender-300s-2026-09-23\frames\frame-04715.jpg'
06:38.359  render           | Saved: 'C:\Users\ljh\tralalero Shooter\outputs\reststop-blender-300s-2026-09-23\frames\frame-04716.jpg'
06:38.813  render           | Saved: 'C:\Users\ljh\tralalero Shooter\outputs\reststop-blender-300s-2026-09-23\frames\frame-04717.jpg'
06:39.281  render           | Saved: 'C:\Users\ljh\tralalero Shooter\outputs\reststop-blender-300s-2026-09-23\frames\frame-04718.jpg'
06:39.750  render           | Saved: 'C:\Users\ljh\tralalero Shooter\outputs\reststop-blender-300s-2026-09-23\frames\frame-04719.jpg'
06:40.203  render           | Saved: 'C:\Users\ljh\tralalero Shooter\outputs\reststop-blender-300s-2026-09-23\frames\frame-04720.jpg'
06:40.656  render           | Saved: 'C:\Users\ljh\tralalero Shooter\outputs\reststop-blender-300s-2026-09-23\frames\frame-04721.jpg'
06:41.125  render           | Saved: 'C:\Users\ljh\tralalero Shooter\outputs\reststop-blender-300s-2026-09-23\frames\frame-04722.jpg'
06:41.594  render           | Saved: 'C:\Users\ljh\tralalero Shooter\outputs\reststop-blender-300s-2026-09-23\frames\frame-04723.jpg'
06:42.047  render           | Saved: 'C:\Users\ljh\tralalero Shooter\outputs\reststop-blender-300s-2026-09-23\frames\frame-04724.jpg'
06:42.516  render           | Saved: 'C:\Users\ljh\tralalero Shooter\outputs\reststop-blender-300s-2026-09-23\frames\frame-04725.jpg'
06:42.969  render           | Saved: 'C:\Users\ljh\tralalero Shooter\outputs\reststop-blender-300s-2026-09-23\frames\frame-04726.jpg'
PROGRESS {"frame": 4726, "end": 7200, "rendered": 936, "elapsed": 401.78930592536926, "last_24_mean": 0.461393803358078, "width": 1280, "engine": "BLENDER_EEVEE", "step": 1}
06:43.438  render           | Saved: 'C:\Users\ljh\tralalero Shooter\outputs\reststop-blender-300s-2026-09-23\frames\frame-04727.jpg'
06:43.891  render           | Saved: 'C:\Users\ljh\tralalero Shooter\outputs\reststop-blender-300s-2026-09-23\frames\frame-04728.jpg'
06:44.359  render           | Saved: 'C:\Users\ljh\tralalero Shooter\outputs\reststop-blender-300s-2026-09-23\frames\frame-04729.jpg'
06:44.828  render           | Saved: 'C:\Users\ljh\tralalero Shooter\outputs\reststop-blender-300s-2026-09-23\frames\frame-04730.jpg'
06:45.297  render           | Saved: 'C:\Users\ljh\tralalero Shooter\outputs\reststop-blender-300s-2026-09-23\frames\frame-04731.jpg'
06:45.781  render           | Saved: 'C:\Users\ljh\tralalero Shooter\outputs\reststop-blender-300s-2026-09-23\frames\frame-04732.jpg'
06:46.250  render           | Saved: 'C:\Users\ljh\tralalero Shooter\outputs\reststop-blender-300s-2026-09-23\frames\frame-04733.jpg'
06:46.719  render           | Saved: 'C:\Users\ljh\tralalero Shooter\outputs\reststop-blender-300s-2026-09-23\frames\frame-04734.jpg'
06:47.172  render           | Saved: 'C:\Users\ljh\tralalero Shooter\outputs\reststop-blender-300s-2026-09-23\frames\frame-04735.jpg'
06:47.625  render           | Saved: 'C:\Users\ljh\tralalero Shooter\outputs\reststop-blender-300s-2026-09-23\frames\frame-04736.jpg'
06:48.094  render           | Saved: 'C:\Users\ljh\tralalero Shooter\outputs\reststop-blender-300s-2026-09-23\frames\frame-04737.jpg'
06:48.547  render           | Saved: 'C:\Users\ljh\tralalero Shooter\outputs\reststop-blender-300s-2026-09-23\frames\frame-04738.jpg'
06:49.016  render           | Saved: 'C:\Users\ljh\tralalero Shooter\outputs\reststop-blender-300s-2026-09-23\frames\frame-04739.jpg'
06:49.469  render           | Saved: 'C:\Users\ljh\tralalero Shooter\outputs\reststop-blender-300s-2026-09-23\frames\frame-04740.jpg'
06:49.922  render           | Saved: 'C:\Users\ljh\tralalero Shooter\outputs\reststop-blender-300s-2026-09-23\frames\frame-04741.jpg'
06:50.391  render           | Saved: 'C:\Users\ljh\tralalero Shooter\outputs\reststop-blender-300s-2026-09-23\frames\frame-04742.jpg'
06:50.859  render           | Saved: 'C:\Users\ljh\tralalero Shooter\outputs\reststop-blender-300s-2026-09-23\frames\frame-04743.jpg'
06:51.313  render           | Saved: 'C:\Users\ljh\tralalero Shooter\outputs\reststop-blender-300s-2026-09-23\frames\frame-04744.jpg'
06:51.797  render           | Saved: 'C:\Users\ljh\tralalero Shooter\outputs\reststop-blender-300s-2026-09-23\frames\frame-04745.jpg'
06:52.281  render           | Saved: 'C:\Users\ljh\tralalero Shooter\outputs\reststop-blender-300s-2026-09-23\frames\frame-04746.jpg'
06:52.781  render           | Saved: 'C:\Users\ljh\tralalero Shooter\outputs\reststop-blender-300s-2026-09-23\frames\frame-04747.jpg'
06:53.297  render           | Saved: 'C:\Users\ljh\tralalero Shooter\outputs\reststop-blender-300s-2026-09-23\frames\frame-04748.jpg'
06:53.797  render           | Saved: 'C:\Users\ljh\tralalero Shooter\outputs\reststop-blender-300s-2026-09-23\frames\frame-04749.jpg'
06:54.281  render           | Saved: 'C:\Users\ljh\tralalero Shooter\outputs\reststop-blender-300s-2026-09-23\frames\frame-04750.jpg'
PROGRESS {"frame": 4750, "end": 7200, "rendered": 960, "elapsed": 413.0962474346161, "last_24_mean": 0.47094035148620605, "width": 1280, "engine": "BLENDER_EEVEE", "step": 1}
06:54.766  render           | Saved: 'C:\Users\ljh\tralalero Shooter\outputs\reststop-blender-300s-2026-09-23\frames\frame-04751.jpg'
06:55.234  render           | Saved: 'C:\Users\ljh\tralalero Shooter\outputs\reststop-blender-300s-2026-09-23\frames\frame-04752.jpg'
06:55.719  render           | Saved: 'C:\Users\ljh\tralalero Shooter\outputs\reststop-blender-300s-2026-09-23\frames\frame-04753.jpg'
06:56.219  render           | Saved: 'C:\Users\ljh\tralalero Shooter\outputs\reststop-blender-300s-2026-09-23\frames\frame-04754.jpg'
06:56.688  render           | Saved: 'C:\Users\ljh\tralalero Shooter\outputs\reststop-blender-300s-2026-09-23\frames\frame-04755.jpg'
06:57.188  render           | Saved: 'C:\Users\ljh\tralalero Shooter\outputs\reststop-blender-300s-2026-09-23\frames\frame-04756.jpg'
06:57.734  render           | Saved: 'C:\Users\ljh\tralalero Shooter\outputs\reststop-blender-300s-2026-09-23\frames\frame-04757.jpg'
06:58.281  render           | Saved: 'C:\Users\ljh\tralalero Shooter\outputs\reststop-blender-300s-2026-09-23\frames\frame-04758.jpg'
06:58.828  render           | Saved: 'C:\Users\ljh\tralalero Shooter\outputs\reststop-blender-300s-2026-09-23\frames\frame-04759.jpg'
06:59.375  render           | Saved: 'C:\Users\ljh\tralalero Shooter\outputs\reststop-blender-300s-2026-09-23\frames\frame-04760.jpg'
06:59.906  render           | Saved: 'C:\Users\ljh\tralalero Shooter\outputs\reststop-blender-300s-2026-09-23\frames\frame-04761.jpg'
07:00.422  render           | Saved: 'C:\Users\ljh\tralalero Shooter\outputs\reststop-blender-300s-2026-09-23\frames\frame-04762.jpg'
07:00.984  render           | Saved: 'C:\Users\ljh\tralalero Shooter\outputs\reststop-blender-300s-2026-09-23\frames\frame-04763.jpg'
07:01.531  render           | Saved: 'C:\Users\ljh\tralalero Shooter\outputs\reststop-blender-300s-2026-09-23\frames\frame-04764.jpg'
07:02.031  render           | Saved: 'C:\Users\ljh\tralalero Shooter\outputs\reststop-blender-300s-2026-09-23\frames\frame-04765.jpg'
07:02.516  render           | Saved: 'C:\Users\ljh\tralalero Shooter\outputs\reststop-blender-300s-2026-09-23\frames\frame-04766.jpg'
07:03.016  render           | Saved: 'C:\Users\ljh\tralalero Shooter\outputs\reststop-blender-300s-2026-09-23\frames\frame-04767.jpg'
07:03.578  render           | Saved: 'C:\Users\ljh\tralalero Shooter\outputs\reststop-blender-300s-2026-09-23\frames\frame-04768.jpg'
07:04.141  render           | Saved: 'C:\Users\ljh\tralalero Shooter\outputs\reststop-blender-300s-2026-09-23\frames\frame-04769.jpg'
07:04.641  render           | Saved: 'C:\Users\ljh\tralalero Shooter\outputs\reststop-blender-300s-2026-09-23\frames\frame-04770.jpg'
07:05.156  render           | Saved: 'C:\Users\ljh\tralalero Shooter\outputs\reststop-blender-300s-2026-09-23\frames\frame-04771.jpg'
07:05.641  render           | Saved: 'C:\Users\ljh\tralalero Shooter\outputs\reststop-blender-300s-2026-09-23\frames\frame-04772.jpg'
07:06.141  render           | Saved: 'C:\Users\ljh\tralalero Shooter\outputs\reststop-blender-300s-2026-09-23\frames\frame-04773.jpg'
07:06.641  render           | Saved: 'C:\Users\ljh\tralalero Shooter\outputs\reststop-blender-300s-2026-09-23\frames\frame-04774.jpg'
PROGRESS {"frame": 4774, "end": 7200, "rendered": 984, "elapsed": 425.4574236869812, "last_24_mean": 0.5148404041926066, "width": 1280, "engine": "BLENDER_EEVEE", "step": 1}
07:07.141  render           | Saved: 'C:\Users\ljh\tralalero Shooter\outputs\reststop-blender-300s-2026-09-23\frames\frame-04775.jpg'
07:07.641  render           | Saved: 'C:\Users\ljh\tralalero Shooter\outputs\reststop-blender-300s-2026-09-23\frames\frame-04776.jpg'
07:08.125  render           | Saved: 'C:\Users\ljh\tralalero Shooter\outputs\reststop-blender-300s-2026-09-23\frames\frame-04777.jpg'
07:08.625  render           | Saved: 'C:\Users\ljh\tralalero Shooter\outputs\reststop-blender-300s-2026-09-23\frames\frame-04778.jpg'
07:09.125  render           | Saved: 'C:\Users\ljh\tralalero Shooter\outputs\reststop-blender-300s-2026-09-23\frames\frame-04779.jpg'
07:09.609  render           | Saved: 'C:\Users\ljh\tralalero Shooter\outputs\reststop-blender-300s-2026-09-23\frames\frame-04780.jpg'
07:10.094  render           | Saved: 'C:\Users\ljh\tralalero Shooter\outputs\reststop-blender-300s-2026-09-23\frames\frame-04781.jpg'
07:10.594  render           | Saved: 'C:\Users\ljh\tralalero Shooter\outputs\reststop-blender-300s-2026-09-23\frames\frame-04782.jpg'
07:11.094  render           | Saved: 'C:\Users\ljh\tralalero Shooter\outputs\reststop-blender-300s-2026-09-23\frames\frame-04783.jpg'
07:11.594  render           | Saved: 'C:\Users\ljh\tralalero Shooter\outputs\reststop-blender-300s-2026-09-23\frames\frame-04784.jpg'
07:12.094  render           | Saved: 'C:\Users\ljh\tralalero Shooter\outputs\reststop-blender-300s-2026-09-23\frames\frame-04785.jpg'
07:12.563  render           | Saved: 'C:\Users\ljh\tralalero Shooter\outputs\reststop-blender-300s-2026-09-23\frames\frame-04786.jpg'
07:13.047  render           | Saved: 'C:\Users\ljh\tralalero Shooter\outputs\reststop-blender-300s-2026-09-23\frames\frame-04787.jpg'
07:13.547  render           | Saved: 'C:\Users\ljh\tralalero Shooter\outputs\reststop-blender-300s-2026-09-23\frames\frame-04788.jpg'
07:14.031  render           | Saved: 'C:\Users\ljh\tralalero Shooter\outputs\reststop-blender-300s-2026-09-23\frames\frame-04789.jpg'
07:14.500  render           | Saved: 'C:\Users\ljh\tralalero Shooter\outputs\reststop-blender-300s-2026-09-23\frames\frame-04790.jpg'
07:15.016  render           | Saved: 'C:\Users\ljh\tralalero Shooter\outputs\reststop-blender-300s-2026-09-23\frames\frame-04791.jpg'
07:15.484  render           | Saved: 'C:\Users\ljh\tralalero Shooter\outputs\reststop-blender-300s-2026-09-23\frames\frame-04792.jpg'
07:15.969  render           | Saved: 'C:\Users\ljh\tralalero Shooter\outputs\reststop-blender-300s-2026-09-23\frames\frame-04793.jpg'
07:16.453  render           | Saved: 'C:\Users\ljh\tralalero Shooter\outputs\reststop-blender-300s-2026-09-23\frames\frame-04794.jpg'
07:16.938  render           | Saved: 'C:\Users\ljh\tralalero Shooter\outputs\reststop-blender-300s-2026-09-23\frames\frame-04795.jpg'
07:17.422  render           | Saved: 'C:\Users\ljh\tralalero Shooter\outputs\reststop-blender-300s-2026-09-23\frames\frame-04796.jpg'
07:17.906  render           | Saved: 'C:\Users\ljh\tralalero Shooter\outputs\reststop-blender-300s-2026-09-23\frames\frame-04797.jpg'
07:18.391  render           | Saved: 'C:\Users\ljh\tralalero Shooter\outputs\reststop-blender-300s-2026-09-23\frames\frame-04798.jpg'
PROGRESS {"frame": 4798, "end": 7200, "rendered": 1008, "elapsed": 437.20062041282654, "last_24_mean": 0.4891045888264974, "width": 1280, "engine": "BLENDER_EEVEE", "step": 1}
07:18.875  render           | Saved: 'C:\Users\ljh\tralalero Shooter\outputs\reststop-blender-300s-2026-09-23\frames\frame-04799.jpg'
07:19.359  render           | Saved: 'C:\Users\ljh\tralalero Shooter\outputs\reststop-blender-300s-2026-09-23\frames\frame-04800.jpg'
07:19.859  render           | Saved: 'C:\Users\ljh\tralalero Shooter\outputs\reststop-blender-300s-2026-09-23\frames\frame-04801.jpg'
07:20.359  render           | Saved: 'C:\Users\ljh\tralalero Shooter\outputs\reststop-blender-300s-2026-09-23\frames\frame-04802.jpg'
07:20.875  render           | Saved: 'C:\Users\ljh\tralalero Shooter\outputs\reststop-blender-300s-2026-09-23\frames\frame-04803.jpg'
07:21.375  render           | Saved: 'C:\Users\ljh\tralalero Shooter\outputs\reststop-blender-300s-2026-09-23\frames\frame-04804.jpg'
07:21.891  render           | Saved: 'C:\Users\ljh\tralalero Shooter\outputs\reststop-blender-300s-2026-09-23\frames\frame-04805.jpg'
07:22.406  render           | Saved: 'C:\Users\ljh\tralalero Shooter\outputs\reststop-blender-300s-2026-09-23\frames\frame-04806.jpg'
07:22.922  render           | Saved: 'C:\Users\ljh\tralalero Shooter\outputs\reststop-blender-300s-2026-09-23\frames\frame-04807.jpg'
07:23.422  render           | Saved: 'C:\Users\ljh\tralalero Shooter\outputs\reststop-blender-300s-2026-09-23\frames\frame-04808.jpg'
07:23.922  render           | Saved: 'C:\Users\ljh\tralalero Shooter\outputs\reststop-blender-300s-2026-09-23\frames\frame-04809.jpg'
07:24.422  render           | Saved: 'C:\Users\ljh\tralalero Shooter\outputs\reststop-blender-300s-2026-09-23\frames\frame-04810.jpg'
07:24.922  render           | Saved: 'C:\Users\ljh\tralalero Shooter\outputs\reststop-blender-300s-2026-09-23\frames\frame-04811.jpg'
07:25.422  render           | Saved: 'C:\Users\ljh\tralalero Shooter\outputs\reststop-blender-300s-2026-09-23\frames\frame-04812.jpg'
07:25.938  render           | Saved: 'C:\Users\ljh\tralalero Shooter\outputs\reststop-blender-300s-2026-09-23\frames\frame-04813.jpg'
07:26.438  render           | Saved: 'C:\Users\ljh\tralalero Shooter\outputs\reststop-blender-300s-2026-09-23\frames\frame-04814.jpg'
07:26.953  render           | Saved: 'C:\Users\ljh\tralalero Shooter\outputs\reststop-blender-300s-2026-09-23\frames\frame-04815.jpg'
07:27.469  render           | Saved: 'C:\Users\ljh\tralalero Shooter\outputs\reststop-blender-300s-2026-09-23\frames\frame-04816.jpg'
07:27.984  render           | Saved: 'C:\Users\ljh\tralalero Shooter\outputs\reststop-blender-300s-2026-09-23\frames\frame-04817.jpg'
07:28.469  render           | Saved: 'C:\Users\ljh\tralalero Shooter\outputs\reststop-blender-300s-2026-09-23\frames\frame-04818.jpg'
07:28.953  render           | Saved: 'C:\Users\ljh\tralalero Shooter\outputs\reststop-blender-300s-2026-09-23\frames\frame-04819.jpg'
07:29.422  render           | Saved: 'C:\Users\ljh\tralalero Shooter\outputs\reststop-blender-300s-2026-09-23\frames\frame-04820.jpg'
07:29.906  render           | Saved: 'C:\Users\ljh\tralalero Shooter\outputs\reststop-blender-300s-2026-09-23\frames\frame-04821.jpg'
07:30.375  render           | Saved: 'C:\Users\ljh\tralalero Shooter\outputs\reststop-blender-300s-2026-09-23\frames\frame-04822.jpg'
PROGRESS {"frame": 4822, "end": 7200, "rendered": 1032, "elapsed": 449.1921708583832, "last_24_mean": 0.4994056324164073, "width": 1280, "engine": "BLENDER_EEVEE", "step": 1}
07:30.844  render           | Saved: 'C:\Users\ljh\tralalero Shooter\outputs\reststop-blender-300s-2026-09-23\frames\frame-04823.jpg'
07:31.328  render           | Saved: 'C:\Users\ljh\tralalero Shooter\outputs\reststop-blender-300s-2026-09-23\frames\frame-04824.jpg'
07:31.813  render           | Saved: 'C:\Users\ljh\tralalero Shooter\outputs\reststop-blender-300s-2026-09-23\frames\frame-04825.jpg'
07:32.297  render           | Saved: 'C:\Users\ljh\tralalero Shooter\outputs\reststop-blender-300s-2026-09-23\frames\frame-04826.jpg'
07:32.781  render           | Saved: 'C:\Users\ljh\tralalero Shooter\outputs\reststop-blender-300s-2026-09-23\frames\frame-04827.jpg'
07:33.250  render           | Saved: 'C:\Users\ljh\tralalero Shooter\outputs\reststop-blender-300s-2026-09-23\frames\frame-04828.jpg'
07:33.734  render           | Saved: 'C:\Users\ljh\tralalero Shooter\outputs\reststop-blender-300s-2026-09-23\frames\frame-04829.jpg'
07:34.219  render           | Saved: 'C:\Users\ljh\tralalero Shooter\outputs\reststop-blender-300s-2026-09-23\frames\frame-04830.jpg'
07:34.703  render           | Saved: 'C:\Users\ljh\tralalero Shooter\outputs\reststop-blender-300s-2026-09-23\frames\frame-04831.jpg'
07:35.188  render           | Saved: 'C:\Users\ljh\tralalero Shooter\outputs\reststop-blender-300s-2026-09-23\frames\frame-04832.jpg'
07:35.672  render           | Saved: 'C:\Users\ljh\tralalero Shooter\outputs\reststop-blender-300s-2026-09-23\frames\frame-04833.jpg'
07:36.156  render           | Saved: 'C:\Users\ljh\tralalero Shooter\outputs\reststop-blender-300s-2026-09-23\frames\frame-04834.jpg'
07:36.625  render           | Saved: 'C:\Users\ljh\tralalero Shooter\outputs\reststop-blender-300s-2026-09-23\frames\frame-04835.jpg'
07:37.125  render           | Saved: 'C:\Users\ljh\tralalero Shooter\outputs\reststop-blender-300s-2026-09-23\frames\frame-04836.jpg'
07:37.609  render           | Saved: 'C:\Users\ljh\tralalero Shooter\outputs\reststop-blender-300s-2026-09-23\frames\frame-04837.jpg'
07:38.094  render           | Saved: 'C:\Users\ljh\tralalero Shooter\outputs\reststop-blender-300s-2026-09-23\frames\frame-04838.jpg'
07:38.594  render           | Saved: 'C:\Users\ljh\tralalero Shooter\outputs\reststop-blender-300s-2026-09-23\frames\frame-04839.jpg'
07:39.078  render           | Saved: 'C:\Users\ljh\tralalero Shooter\outputs\reststop-blender-300s-2026-09-23\frames\frame-04840.jpg'
07:39.547  render           | Saved: 'C:\Users\ljh\tralalero Shooter\outputs\reststop-blender-300s-2026-09-23\frames\frame-04841.jpg'
07:40.047  render           | Saved: 'C:\Users\ljh\tralalero Shooter\outputs\reststop-blender-300s-2026-09-23\frames\frame-04842.jpg'
07:40.531  render           | Saved: 'C:\Users\ljh\tralalero Shooter\outputs\reststop-blender-300s-2026-09-23\frames\frame-04843.jpg'
07:41.016  render           | Saved: 'C:\Users\ljh\tralalero Shooter\outputs\reststop-blender-300s-2026-09-23\frames\frame-04844.jpg'
07:41.516  render           | Saved: 'C:\Users\ljh\tralalero Shooter\outputs\reststop-blender-300s-2026-09-23\frames\frame-04845.jpg'
07:42.000  render           | Saved: 'C:\Users\ljh\tralalero Shooter\outputs\reststop-blender-300s-2026-09-23\frames\frame-04846.jpg'
PROGRESS {"frame": 4846, "end": 7200, "rendered": 1056, "elapsed": 460.8190064430237, "last_24_mean": 0.4842546383539836, "width": 1280, "engine": "BLENDER_EEVEE", "step": 1}
07:42.484  render           | Saved: 'C:\Users\ljh\tralalero Shooter\outputs\reststop-blender-300s-2026-09-23\frames\frame-04847.jpg'
07:42.969  render           | Saved: 'C:\Users\ljh\tralalero Shooter\outputs\reststop-blender-300s-2026-09-23\frames\frame-04848.jpg'
07:43.469  render           | Saved: 'C:\Users\ljh\tralalero Shooter\outputs\reststop-blender-300s-2026-09-23\frames\frame-04849.jpg'
07:43.953  render           | Saved: 'C:\Users\ljh\tralalero Shooter\outputs\reststop-blender-300s-2026-09-23\frames\frame-04850.jpg'
07:44.453  render           | Saved: 'C:\Users\ljh\tralalero Shooter\outputs\reststop-blender-300s-2026-09-23\frames\frame-04851.jpg'
07:44.938  render           | Saved: 'C:\Users\ljh\tralalero Shooter\outputs\reststop-blender-300s-2026-09-23\frames\frame-04852.jpg'
07:45.438  render           | Saved: 'C:\Users\ljh\tralalero Shooter\outputs\reststop-blender-300s-2026-09-23\frames\frame-04853.jpg'
07:45.953  render           | Saved: 'C:\Users\ljh\tralalero Shooter\outputs\reststop-blender-300s-2026-09-23\frames\frame-04854.jpg'
07:46.453  render           | Saved: 'C:\Users\ljh\tralalero Shooter\outputs\reststop-blender-300s-2026-09-23\frames\frame-04855.jpg'
07:46.938  render           | Saved: 'C:\Users\ljh\tralalero Shooter\outputs\reststop-blender-300s-2026-09-23\frames\frame-04856.jpg'
07:47.438  render           | Saved: 'C:\Users\ljh\tralalero Shooter\outputs\reststop-blender-300s-2026-09-23\frames\frame-04857.jpg'
07:47.922  render           | Saved: 'C:\Users\ljh\tralalero Shooter\outputs\reststop-blender-300s-2026-09-23\frames\frame-04858.jpg'
07:48.469  render           | Saved: 'C:\Users\ljh\tralalero Shooter\outputs\reststop-blender-300s-2026-09-23\frames\frame-04859.jpg'
07:48.953  render           | Saved: 'C:\Users\ljh\tralalero Shooter\outputs\reststop-blender-300s-2026-09-23\frames\frame-04860.jpg'
07:49.438  render           | Saved: 'C:\Users\ljh\tralalero Shooter\outputs\reststop-blender-300s-2026-09-23\frames\frame-04861.jpg'
07:49.922  render           | Saved: 'C:\Users\ljh\tralalero Shooter\outputs\reststop-blender-300s-2026-09-23\frames\frame-04862.jpg'
07:50.391  render           | Saved: 'C:\Users\ljh\tralalero Shooter\outputs\reststop-blender-300s-2026-09-23\frames\frame-04863.jpg'
07:50.891  render           | Saved: 'C:\Users\ljh\tralalero Shooter\outputs\reststop-blender-300s-2026-09-23\frames\frame-04864.jpg'
07:51.375  render           | Saved: 'C:\Users\ljh\tralalero Shooter\outputs\reststop-blender-300s-2026-09-23\frames\frame-04865.jpg'
07:51.875  render           | Saved: 'C:\Users\ljh\tralalero Shooter\outputs\reststop-blender-300s-2026-09-23\frames\frame-04866.jpg'
07:52.375  render           | Saved: 'C:\Users\ljh\tralalero Shooter\outputs\reststop-blender-300s-2026-09-23\frames\frame-04867.jpg'
07:52.891  render           | Saved: 'C:\Users\ljh\tralalero Shooter\outputs\reststop-blender-300s-2026-09-23\frames\frame-04868.jpg'
07:53.406  render           | Saved: 'C:\Users\ljh\tralalero Shooter\outputs\reststop-blender-300s-2026-09-23\frames\frame-04869.jpg'
07:53.953  render           | Saved: 'C:\Users\ljh\tralalero Shooter\outputs\reststop-blender-300s-2026-09-23\frames\frame-04870.jpg'
PROGRESS {"frame": 4870, "end": 7200, "rendered": 1080, "elapsed": 472.77361369132996, "last_24_mean": 0.49791912237803143, "width": 1280, "engine": "BLENDER_EEVEE", "step": 1}
07:54.453  render           | Saved: 'C:\Users\ljh\tralalero Shooter\outputs\reststop-blender-300s-2026-09-23\frames\frame-04871.jpg'
07:55.031  render           | Saved: 'C:\Users\ljh\tralalero Shooter\outputs\reststop-blender-300s-2026-09-23\frames\frame-04872.jpg'
07:55.531  render           | Saved: 'C:\Users\ljh\tralalero Shooter\outputs\reststop-blender-300s-2026-09-23\frames\frame-04873.jpg'
07:56.031  render           | Saved: 'C:\Users\ljh\tralalero Shooter\outputs\reststop-blender-300s-2026-09-23\frames\frame-04874.jpg'
07:56.516  render           | Saved: 'C:\Users\ljh\tralalero Shooter\outputs\reststop-blender-300s-2026-09-23\frames\frame-04875.jpg'
07:57.016  render           | Saved: 'C:\Users\ljh\tralalero Shooter\outputs\reststop-blender-300s-2026-09-23\frames\frame-04876.jpg'
07:57.500  render           | Saved: 'C:\Users\ljh\tralalero Shooter\outputs\reststop-blender-300s-2026-09-23\frames\frame-04877.jpg'
07:58.000  render           | Saved: 'C:\Users\ljh\tralalero Shooter\outputs\reststop-blender-300s-2026-09-23\frames\frame-04878.jpg'
07:58.484  render           | Saved: 'C:\Users\ljh\tralalero Shooter\outputs\reststop-blender-300s-2026-09-23\frames\frame-04879.jpg'
07:59.016  render           | Saved: 'C:\Users\ljh\tralalero Shooter\outputs\reststop-blender-300s-2026-09-23\frames\frame-04880.jpg'
07:59.531  render           | Saved: 'C:\Users\ljh\tralalero Shooter\outputs\reststop-blender-300s-2026-09-23\frames\frame-04881.jpg'
08:00.063  render           | Saved: 'C:\Users\ljh\tralalero Shooter\outputs\reststop-blender-300s-2026-09-23\frames\frame-04882.jpg'
08:00.563  render           | Saved: 'C:\Users\ljh\tralalero Shooter\outputs\reststop-blender-300s-2026-09-23\frames\frame-04883.jpg'
08:01.063  render           | Saved: 'C:\Users\ljh\tralalero Shooter\outputs\reststop-blender-300s-2026-09-23\frames\frame-04884.jpg'
08:01.813  render           | Saved: 'C:\Users\ljh\tralalero Shooter\outputs\reststop-blender-300s-2026-09-23\frames\frame-04885.jpg'
08:02.375  render           | Saved: 'C:\Users\ljh\tralalero Shooter\outputs\reststop-blender-300s-2026-09-23\frames\frame-04886.jpg'
08:02.906  render           | Saved: 'C:\Users\ljh\tralalero Shooter\outputs\reststop-blender-300s-2026-09-23\frames\frame-04887.jpg'
08:03.438  render           | Saved: 'C:\Users\ljh\tralalero Shooter\outputs\reststop-blender-300s-2026-09-23\frames\frame-04888.jpg'
08:03.953  render           | Saved: 'C:\Users\ljh\tralalero Shooter\outputs\reststop-blender-300s-2026-09-23\frames\frame-04889.jpg'
08:04.484  render           | Saved: 'C:\Users\ljh\tralalero Shooter\outputs\reststop-blender-300s-2026-09-23\frames\frame-04890.jpg'
08:05.000  render           | Saved: 'C:\Users\ljh\tralalero Shooter\outputs\reststop-blender-300s-2026-09-23\frames\frame-04891.jpg'
08:05.500  render           | Saved: 'C:\Users\ljh\tralalero Shooter\outputs\reststop-blender-300s-2026-09-23\frames\frame-04892.jpg'
08:05.984  render           | Saved: 'C:\Users\ljh\tralalero Shooter\outputs\reststop-blender-300s-2026-09-23\frames\frame-04893.jpg'
08:06.484  render           | Saved: 'C:\Users\ljh\tralalero Shooter\outputs\reststop-blender-300s-2026-09-23\frames\frame-04894.jpg'
PROGRESS {"frame": 4894, "end": 7200, "rendered": 1104, "elapsed": 485.2959654331207, "last_24_mean": 0.5215465525786082, "width": 1280, "engine": "BLENDER_EEVEE", "step": 1}
08:06.969  render           | Saved: 'C:\Users\ljh\tralalero Shooter\outputs\reststop-blender-300s-2026-09-23\frames\frame-04895.jpg'
08:07.469  render           | Saved: 'C:\Users\ljh\tralalero Shooter\outputs\reststop-blender-300s-2026-09-23\frames\frame-04896.jpg'
08:07.953  render           | Saved: 'C:\Users\ljh\tralalero Shooter\outputs\reststop-blender-300s-2026-09-23\frames\frame-04897.jpg'
08:08.469  render           | Saved: 'C:\Users\ljh\tralalero Shooter\outputs\reststop-blender-300s-2026-09-23\frames\frame-04898.jpg'
08:08.969  render           | Saved: 'C:\Users\ljh\tralalero Shooter\outputs\reststop-blender-300s-2026-09-23\frames\frame-04899.jpg'
08:09.469  render           | Saved: 'C:\Users\ljh\tralalero Shooter\outputs\reststop-blender-300s-2026-09-23\frames\frame-04900.jpg'
08:09.953  render           | Saved: 'C:\Users\ljh\tralalero Shooter\outputs\reststop-blender-300s-2026-09-23\frames\frame-04901.jpg'
08:10.453  render           | Saved: 'C:\Users\ljh\tralalero Shooter\outputs\reststop-blender-300s-2026-09-23\frames\frame-04902.jpg'
08:10.938  render           | Saved: 'C:\Users\ljh\tralalero Shooter\outputs\reststop-blender-300s-2026-09-23\frames\frame-04903.jpg'
08:11.438  render           | Saved: 'C:\Users\ljh\tralalero Shooter\outputs\reststop-blender-300s-2026-09-23\frames\frame-04904.jpg'
08:11.938  render           | Saved: 'C:\Users\ljh\tralalero Shooter\outputs\reststop-blender-300s-2026-09-23\frames\frame-04905.jpg'
08:12.422  render           | Saved: 'C:\Users\ljh\tralalero Shooter\outputs\reststop-blender-300s-2026-09-23\frames\frame-04906.jpg'
08:12.922  render           | Saved: 'C:\Users\ljh\tralalero Shooter\outputs\reststop-blender-300s-2026-09-23\frames\frame-04907.jpg'
08:13.422  render           | Saved: 'C:\Users\ljh\tralalero Shooter\outputs\reststop-blender-300s-2026-09-23\frames\frame-04908.jpg'
08:13.953  render           | Saved: 'C:\Users\ljh\tralalero Shooter\outputs\reststop-blender-300s-2026-09-23\frames\frame-04909.jpg'
08:14.563  render           | Saved: 'C:\Users\ljh\tralalero Shooter\outputs\reststop-blender-300s-2026-09-23\frames\frame-04910.jpg'
08:15.094  render           | Saved: 'C:\Users\ljh\tralalero Shooter\outputs\reststop-blender-300s-2026-09-23\frames\frame-04911.jpg'
08:15.719  render           | Saved: 'C:\Users\ljh\tralalero Shooter\outputs\reststop-blender-300s-2026-09-23\frames\frame-04912.jpg'
08:16.297  render           | Saved: 'C:\Users\ljh\tralalero Shooter\outputs\reststop-blender-300s-2026-09-23\frames\frame-04913.jpg'
08:16.813  render           | Saved: 'C:\Users\ljh\tralalero Shooter\outputs\reststop-blender-300s-2026-09-23\frames\frame-04914.jpg'
08:17.375  render           | Saved: 'C:\Users\ljh\tralalero Shooter\outputs\reststop-blender-300s-2026-09-23\frames\frame-04915.jpg'
08:17.906  render           | Saved: 'C:\Users\ljh\tralalero Shooter\outputs\reststop-blender-300s-2026-09-23\frames\frame-04916.jpg'
08:18.484  render           | Saved: 'C:\Users\ljh\tralalero Shooter\outputs\reststop-blender-300s-2026-09-23\frames\frame-04917.jpg'
08:19.047  render           | Saved: 'C:\Users\ljh\tralalero Shooter\outputs\reststop-blender-300s-2026-09-23\frames\frame-04918.jpg'
PROGRESS {"frame": 4918, "end": 7200, "rendered": 1128, "elapsed": 497.862802028656, "last_24_mean": 0.5234019954999288, "width": 1280, "engine": "BLENDER_EEVEE", "step": 1}
08:19.594  render           | Saved: 'C:\Users\ljh\tralalero Shooter\outputs\reststop-blender-300s-2026-09-23\frames\frame-04919.jpg'
08:20.125  render           | Saved: 'C:\Users\ljh\tralalero Shooter\outputs\reststop-blender-300s-2026-09-23\frames\frame-04920.jpg'
08:20.719  render           | Saved: 'C:\Users\ljh\tralalero Shooter\outputs\reststop-blender-300s-2026-09-23\frames\frame-04921.jpg'
08:21.328  render           | Saved: 'C:\Users\ljh\tralalero Shooter\outputs\reststop-blender-300s-2026-09-23\frames\frame-04922.jpg'
08:21.984  render           | Saved: 'C:\Users\ljh\tralalero Shooter\outputs\reststop-blender-300s-2026-09-23\frames\frame-04923.jpg'
08:22.766  render           | Saved: 'C:\Users\ljh\tralalero Shooter\outputs\reststop-blender-300s-2026-09-23\frames\frame-04924.jpg'
08:23.359  render           | Saved: 'C:\Users\ljh\tralalero Shooter\outputs\reststop-blender-300s-2026-09-23\frames\frame-04925.jpg'
08:23.906  render           | Saved: 'C:\Users\ljh\tralalero Shooter\outputs\reststop-blender-300s-2026-09-23\frames\frame-04926.jpg'
08:24.453  render           | Saved: 'C:\Users\ljh\tralalero Shooter\outputs\reststop-blender-300s-2026-09-23\frames\frame-04927.jpg'
08:25.000  render           | Saved: 'C:\Users\ljh\tralalero Shooter\outputs\reststop-blender-300s-2026-09-23\frames\frame-04928.jpg'
08:25.531  render           | Saved: 'C:\Users\ljh\tralalero Shooter\outputs\reststop-blender-300s-2026-09-23\frames\frame-04929.jpg'
08:26.063  render           | Saved: 'C:\Users\ljh\tralalero Shooter\outputs\reststop-blender-300s-2026-09-23\frames\frame-04930.jpg'
08:26.563  render           | Saved: 'C:\Users\ljh\tralalero Shooter\outputs\reststop-blender-300s-2026-09-23\frames\frame-04931.jpg'
08:27.109  render           | Saved: 'C:\Users\ljh\tralalero Shooter\outputs\reststop-blender-300s-2026-09-23\frames\frame-04932.jpg'
08:27.609  render           | Saved: 'C:\Users\ljh\tralalero Shooter\outputs\reststop-blender-300s-2026-09-23\frames\frame-04933.jpg'
08:28.141  render           | Saved: 'C:\Users\ljh\tralalero Shooter\outputs\reststop-blender-300s-2026-09-23\frames\frame-04934.jpg'
08:28.656  render           | Saved: 'C:\Users\ljh\tralalero Shooter\outputs\reststop-blender-300s-2026-09-23\frames\frame-04935.jpg'
08:29.203  render           | Saved: 'C:\Users\ljh\tralalero Shooter\outputs\reststop-blender-300s-2026-09-23\frames\frame-04936.jpg'
08:29.750  render           | Saved: 'C:\Users\ljh\tralalero Shooter\outputs\reststop-blender-300s-2026-09-23\frames\frame-04937.jpg'
08:30.266  render           | Saved: 'C:\Users\ljh\tralalero Shooter\outputs\reststop-blender-300s-2026-09-23\frames\frame-04938.jpg'
08:30.781  render           | Saved: 'C:\Users\ljh\tralalero Shooter\outputs\reststop-blender-300s-2026-09-23\frames\frame-04939.jpg'
08:31.344  render           | Saved: 'C:\Users\ljh\tralalero Shooter\outputs\reststop-blender-300s-2026-09-23\frames\frame-04940.jpg'
08:31.906  render           | Saved: 'C:\Users\ljh\tralalero Shooter\outputs\reststop-blender-300s-2026-09-23\frames\frame-04941.jpg'
08:32.469  render           | Saved: 'C:\Users\ljh\tralalero Shooter\outputs\reststop-blender-300s-2026-09-23\frames\frame-04942.jpg'
PROGRESS {"frame": 4942, "end": 7200, "rendered": 1152, "elapsed": 511.300133228302, "last_24_mean": 0.5596641997496287, "width": 1280, "engine": "BLENDER_EEVEE", "step": 1}
08:33.000  render           | Saved: 'C:\Users\ljh\tralalero Shooter\outputs\reststop-blender-300s-2026-09-23\frames\frame-04943.jpg'
08:33.500  render           | Saved: 'C:\Users\ljh\tralalero Shooter\outputs\reststop-blender-300s-2026-09-23\frames\frame-04944.jpg'
08:34.000  render           | Saved: 'C:\Users\ljh\tralalero Shooter\outputs\reststop-blender-300s-2026-09-23\frames\frame-04945.jpg'
08:34.578  render           | Saved: 'C:\Users\ljh\tralalero Shooter\outputs\reststop-blender-300s-2026-09-23\frames\frame-04946.jpg'
08:35.141  render           | Saved: 'C:\Users\ljh\tralalero Shooter\outputs\reststop-blender-300s-2026-09-23\frames\frame-04947.jpg'
08:35.656  render           | Saved: 'C:\Users\ljh\tralalero Shooter\outputs\reststop-blender-300s-2026-09-23\frames\frame-04948.jpg'
08:36.203  render           | Saved: 'C:\Users\ljh\tralalero Shooter\outputs\reststop-blender-300s-2026-09-23\frames\frame-04949.jpg'
08:36.719  render           | Saved: 'C:\Users\ljh\tralalero Shooter\outputs\reststop-blender-300s-2026-09-23\frames\frame-04950.jpg'
08:37.234  render           | Saved: 'C:\Users\ljh\tralalero Shooter\outputs\reststop-blender-300s-2026-09-23\frames\frame-04951.jpg'
08:37.797  render           | Saved: 'C:\Users\ljh\tralalero Shooter\outputs\reststop-blender-300s-2026-09-23\frames\frame-04952.jpg'
08:38.344  render           | Saved: 'C:\Users\ljh\tralalero Shooter\outputs\reststop-blender-300s-2026-09-23\frames\frame-04953.jpg'
08:38.953  render           | Saved: 'C:\Users\ljh\tralalero Shooter\outputs\reststop-blender-300s-2026-09-23\frames\frame-04954.jpg'
08:39.531  render           | Saved: 'C:\Users\ljh\tralalero Shooter\outputs\reststop-blender-300s-2026-09-23\frames\frame-04955.jpg'
08:40.109  render           | Saved: 'C:\Users\ljh\tralalero Shooter\outputs\reststop-blender-300s-2026-09-23\frames\frame-04956.jpg'
08:40.688  render           | Saved: 'C:\Users\ljh\tralalero Shooter\outputs\reststop-blender-300s-2026-09-23\frames\frame-04957.jpg'
08:41.266  render           | Saved: 'C:\Users\ljh\tralalero Shooter\outputs\reststop-blender-300s-2026-09-23\frames\frame-04958.jpg'
08:41.797  render           | Saved: 'C:\Users\ljh\tralalero Shooter\outputs\reststop-blender-300s-2026-09-23\frames\frame-04959.jpg'
08:42.328  render           | Saved: 'C:\Users\ljh\tralalero Shooter\outputs\reststop-blender-300s-2026-09-23\frames\frame-04960.jpg'
08:42.922  render           | Saved: 'C:\Users\ljh\tralalero Shooter\outputs\reststop-blender-300s-2026-09-23\frames\frame-04961.jpg'
08:43.516  render           | Saved: 'C:\Users\ljh\tralalero Shooter\outputs\reststop-blender-300s-2026-09-23\frames\frame-04962.jpg'
08:44.063  render           | Saved: 'C:\Users\ljh\tralalero Shooter\outputs\reststop-blender-300s-2026-09-23\frames\frame-04963.jpg'
08:44.609  render           | Saved: 'C:\Users\ljh\tralalero Shooter\outputs\reststop-blender-300s-2026-09-23\frames\frame-04964.jpg'
08:45.172  render           | Saved: 'C:\Users\ljh\tralalero Shooter\outputs\reststop-blender-300s-2026-09-23\frames\frame-04965.jpg'
08:45.766  render           | Saved: 'C:\Users\ljh\tralalero Shooter\outputs\reststop-blender-300s-2026-09-23\frames\frame-04966.jpg'
PROGRESS {"frame": 4966, "end": 7200, "rendered": 1176, "elapsed": 524.6010704040527, "last_24_mean": 0.5539900660514832, "width": 1280, "engine": "BLENDER_EEVEE", "step": 1}
08:46.359  render           | Saved: 'C:\Users\ljh\tralalero Shooter\outputs\reststop-blender-300s-2026-09-23\frames\frame-04967.jpg'
08:46.938  render           | Saved: 'C:\Users\ljh\tralalero Shooter\outputs\reststop-blender-300s-2026-09-23\frames\frame-04968.jpg'
08:47.531  render           | Saved: 'C:\Users\ljh\tralalero Shooter\outputs\reststop-blender-300s-2026-09-23\frames\frame-04969.jpg'
08:48.094  render           | Saved: 'C:\Users\ljh\tralalero Shooter\outputs\reststop-blender-300s-2026-09-23\frames\frame-04970.jpg'
08:48.625  render           | Saved: 'C:\Users\ljh\tralalero Shooter\outputs\reststop-blender-300s-2026-09-23\frames\frame-04971.jpg'
08:49.203  render           | Saved: 'C:\Users\ljh\tralalero Shooter\outputs\reststop-blender-300s-2026-09-23\frames\frame-04972.jpg'
08:49.750  render           | Saved: 'C:\Users\ljh\tralalero Shooter\outputs\reststop-blender-300s-2026-09-23\frames\frame-04973.jpg'
08:50.328  render           | Saved: 'C:\Users\ljh\tralalero Shooter\outputs\reststop-blender-300s-2026-09-23\frames\frame-04974.jpg'
08:50.891  render           | Saved: 'C:\Users\ljh\tralalero Shooter\outputs\reststop-blender-300s-2026-09-23\frames\frame-04975.jpg'
08:51.469  render           | Saved: 'C:\Users\ljh\tralalero Shooter\outputs\reststop-blender-300s-2026-09-23\frames\frame-04976.jpg'
08:52.016  render           | Saved: 'C:\Users\ljh\tralalero Shooter\outputs\reststop-blender-300s-2026-09-23\frames\frame-04977.jpg'
08:52.594  render           | Saved: 'C:\Users\ljh\tralalero Shooter\outputs\reststop-blender-300s-2026-09-23\frames\frame-04978.jpg'
08:53.172  render           | Saved: 'C:\Users\ljh\tralalero Shooter\outputs\reststop-blender-300s-2026-09-23\frames\frame-04979.jpg'
08:53.719  render           | Saved: 'C:\Users\ljh\tralalero Shooter\outputs\reststop-blender-300s-2026-09-23\frames\frame-04980.jpg'
08:54.250  render           | Saved: 'C:\Users\ljh\tralalero Shooter\outputs\reststop-blender-300s-2026-09-23\frames\frame-04981.jpg'
08:54.781  render           | Saved: 'C:\Users\ljh\tralalero Shooter\outputs\reststop-blender-300s-2026-09-23\frames\frame-04982.jpg'
08:55.344  render           | Saved: 'C:\Users\ljh\tralalero Shooter\outputs\reststop-blender-300s-2026-09-23\frames\frame-04983.jpg'
08:55.906  render           | Saved: 'C:\Users\ljh\tralalero Shooter\outputs\reststop-blender-300s-2026-09-23\frames\frame-04984.jpg'
08:56.484  render           | Saved: 'C:\Users\ljh\tralalero Shooter\outputs\reststop-blender-300s-2026-09-23\frames\frame-04985.jpg'
08:57.125  render           | Saved: 'C:\Users\ljh\tralalero Shooter\outputs\reststop-blender-300s-2026-09-23\frames\frame-04986.jpg'
08:57.672  render           | Saved: 'C:\Users\ljh\tralalero Shooter\outputs\reststop-blender-300s-2026-09-23\frames\frame-04987.jpg'
08:58.203  render           | Saved: 'C:\Users\ljh\tralalero Shooter\outputs\reststop-blender-300s-2026-09-23\frames\frame-04988.jpg'
08:58.766  render           | Saved: 'C:\Users\ljh\tralalero Shooter\outputs\reststop-blender-300s-2026-09-23\frames\frame-04989.jpg'
08:59.344  render           | Saved: 'C:\Users\ljh\tralalero Shooter\outputs\reststop-blender-300s-2026-09-23\frames\frame-04990.jpg'
PROGRESS {"frame": 4990, "end": 7200, "rendered": 1200, "elapsed": 538.1641147136688, "last_24_mean": 0.5648611386617025, "width": 1280, "engine": "BLENDER_EEVEE", "step": 1}
08:59.906  render           | Saved: 'C:\Users\ljh\tralalero Shooter\outputs\reststop-blender-300s-2026-09-23\frames\frame-04991.jpg'
09:00.484  render           | Saved: 'C:\Users\ljh\tralalero Shooter\outputs\reststop-blender-300s-2026-09-23\frames\frame-04992.jpg'
09:01.063  render           | Saved: 'C:\Users\ljh\tralalero Shooter\outputs\reststop-blender-300s-2026-09-23\frames\frame-04993.jpg'
09:01.641  render           | Saved: 'C:\Users\ljh\tralalero Shooter\outputs\reststop-blender-300s-2026-09-23\frames\frame-04994.jpg'
09:02.219  render           | Saved: 'C:\Users\ljh\tralalero Shooter\outputs\reststop-blender-300s-2026-09-23\frames\frame-04995.jpg'
09:02.797  render           | Saved: 'C:\Users\ljh\tralalero Shooter\outputs\reststop-blender-300s-2026-09-23\frames\frame-04996.jpg'
09:03.375  render           | Saved: 'C:\Users\ljh\tralalero Shooter\outputs\reststop-blender-300s-2026-09-23\frames\frame-04997.jpg'
09:03.953  render           | Saved: 'C:\Users\ljh\tralalero Shooter\outputs\reststop-blender-300s-2026-09-23\frames\frame-04998.jpg'
09:04.547  render           | Saved: 'C:\Users\ljh\tralalero Shooter\outputs\reststop-blender-300s-2026-09-23\frames\frame-04999.jpg'
09:05.125  render           | Saved: 'C:\Users\ljh\tralalero Shooter\outputs\reststop-blender-300s-2026-09-23\frames\frame-05000.jpg'
09:05.703  render           | Saved: 'C:\Users\ljh\tralalero Shooter\outputs\reststop-blender-300s-2026-09-23\frames\frame-05001.jpg'
09:06.281  render           | Saved: 'C:\Users\ljh\tralalero Shooter\outputs\reststop-blender-300s-2026-09-23\frames\frame-05002.jpg'
09:06.875  render           | Saved: 'C:\Users\ljh\tralalero Shooter\outputs\reststop-blender-300s-2026-09-23\frames\frame-05003.jpg'
09:07.469  render           | Saved: 'C:\Users\ljh\tralalero Shooter\outputs\reststop-blender-300s-2026-09-23\frames\frame-05004.jpg'
09:08.047  render           | Saved: 'C:\Users\ljh\tralalero Shooter\outputs\reststop-blender-300s-2026-09-23\frames\frame-05005.jpg'
09:08.625  render           | Saved: 'C:\Users\ljh\tralalero Shooter\outputs\reststop-blender-300s-2026-09-23\frames\frame-05006.jpg'
09:09.203  render           | Saved: 'C:\Users\ljh\tralalero Shooter\outputs\reststop-blender-300s-2026-09-23\frames\frame-05007.jpg'
09:09.766  render           | Saved: 'C:\Users\ljh\tralalero Shooter\outputs\reststop-blender-300s-2026-09-23\frames\frame-05008.jpg'
09:10.344  render           | Saved: 'C:\Users\ljh\tralalero Shooter\outputs\reststop-blender-300s-2026-09-23\frames\frame-05009.jpg'
09:10.906  render           | Saved: 'C:\Users\ljh\tralalero Shooter\outputs\reststop-blender-300s-2026-09-23\frames\frame-05010.jpg'
09:11.500  render           | Saved: 'C:\Users\ljh\tralalero Shooter\outputs\reststop-blender-300s-2026-09-23\frames\frame-05011.jpg'
09:12.078  render           | Saved: 'C:\Users\ljh\tralalero Shooter\outputs\reststop-blender-300s-2026-09-23\frames\frame-05012.jpg'
09:12.641  render           | Saved: 'C:\Users\ljh\tralalero Shooter\outputs\reststop-blender-300s-2026-09-23\frames\frame-05013.jpg'
09:13.203  render           | Saved: 'C:\Users\ljh\tralalero Shooter\outputs\reststop-blender-300s-2026-09-23\frames\frame-05014.jpg'
PROGRESS {"frame": 5014, "end": 7200, "rendered": 1224, "elapsed": 552.0310394763947, "last_24_mean": 0.5775599181652069, "width": 1280, "engine": "BLENDER_EEVEE", "step": 1}
09:13.781  render           | Saved: 'C:\Users\ljh\tralalero Shooter\outputs\reststop-blender-300s-2026-09-23\frames\frame-05015.jpg'
09:14.359  render           | Saved: 'C:\Users\ljh\tralalero Shooter\outputs\reststop-blender-300s-2026-09-23\frames\frame-05016.jpg'
09:14.938  render           | Saved: 'C:\Users\ljh\tralalero Shooter\outputs\reststop-blender-300s-2026-09-23\frames\frame-05017.jpg'
09:15.516  render           | Saved: 'C:\Users\ljh\tralalero Shooter\outputs\reststop-blender-300s-2026-09-23\frames\frame-05018.jpg'
09:16.094  render           | Saved: 'C:\Users\ljh\tralalero Shooter\outputs\reststop-blender-300s-2026-09-23\frames\frame-05019.jpg'
09:16.703  render           | Saved: 'C:\Users\ljh\tralalero Shooter\outputs\reststop-blender-300s-2026-09-23\frames\frame-05020.jpg'
09:17.266  render           | Saved: 'C:\Users\ljh\tralalero Shooter\outputs\reststop-blender-300s-2026-09-23\frames\frame-05021.jpg'
09:17.813  render           | Saved: 'C:\Users\ljh\tralalero Shooter\outputs\reststop-blender-300s-2026-09-23\frames\frame-05022.jpg'
09:18.375  render           | Saved: 'C:\Users\ljh\tralalero Shooter\outputs\reststop-blender-300s-2026-09-23\frames\frame-05023.jpg'
09:18.938  render           | Saved: 'C:\Users\ljh\tralalero Shooter\outputs\reststop-blender-300s-2026-09-23\frames\frame-05024.jpg'
09:19.484  render           | Saved: 'C:\Users\ljh\tralalero Shooter\outputs\reststop-blender-300s-2026-09-23\frames\frame-05025.jpg'
09:20.047  render           | Saved: 'C:\Users\ljh\tralalero Shooter\outputs\reststop-blender-300s-2026-09-23\frames\frame-05026.jpg'
09:20.609  render           | Saved: 'C:\Users\ljh\tralalero Shooter\outputs\reststop-blender-300s-2026-09-23\frames\frame-05027.jpg'
09:21.188  render           | Saved: 'C:\Users\ljh\tralalero Shooter\outputs\reststop-blender-300s-2026-09-23\frames\frame-05028.jpg'
09:21.766  render           | Saved: 'C:\Users\ljh\tralalero Shooter\outputs\reststop-blender-300s-2026-09-23\frames\frame-05029.jpg'
09:22.344  render           | Saved: 'C:\Users\ljh\tralalero Shooter\outputs\reststop-blender-300s-2026-09-23\frames\frame-05030.jpg'
09:22.906  render           | Saved: 'C:\Users\ljh\tralalero Shooter\outputs\reststop-blender-300s-2026-09-23\frames\frame-05031.jpg'
09:23.453  render           | Saved: 'C:\Users\ljh\tralalero Shooter\outputs\reststop-blender-300s-2026-09-23\frames\frame-05032.jpg'
09:24.016  render           | Saved: 'C:\Users\ljh\tralalero Shooter\outputs\reststop-blender-300s-2026-09-23\frames\frame-05033.jpg'
09:24.625  render           | Saved: 'C:\Users\ljh\tralalero Shooter\outputs\reststop-blender-300s-2026-09-23\frames\frame-05034.jpg'
09:25.203  render           | Saved: 'C:\Users\ljh\tralalero Shooter\outputs\reststop-blender-300s-2026-09-23\frames\frame-05035.jpg'
09:25.781  render           | Saved: 'C:\Users\ljh\tralalero Shooter\outputs\reststop-blender-300s-2026-09-23\frames\frame-05036.jpg'
09:26.328  render           | Saved: 'C:\Users\ljh\tralalero Shooter\outputs\reststop-blender-300s-2026-09-23\frames\frame-05037.jpg'
09:26.891  render           | Saved: 'C:\Users\ljh\tralalero Shooter\outputs\reststop-blender-300s-2026-09-23\frames\frame-05038.jpg'
PROGRESS {"frame": 5038, "end": 7200, "rendered": 1248, "elapsed": 565.7115106582642, "last_24_mean": 0.5698107779026031, "width": 1280, "engine": "BLENDER_EEVEE", "step": 1}
09:27.453  render           | Saved: 'C:\Users\ljh\tralalero Shooter\outputs\reststop-blender-300s-2026-09-23\frames\frame-05039.jpg'
09:28.016  render           | Saved: 'C:\Users\ljh\tralalero Shooter\outputs\reststop-blender-300s-2026-09-23\frames\frame-05040.jpg'
09:28.578  render           | Saved: 'C:\Users\ljh\tralalero Shooter\outputs\reststop-blender-300s-2026-09-23\frames\frame-05041.jpg'
09:29.156  render           | Saved: 'C:\Users\ljh\tralalero Shooter\outputs\reststop-blender-300s-2026-09-23\frames\frame-05042.jpg'
09:29.703  render           | Saved: 'C:\Users\ljh\tralalero Shooter\outputs\reststop-blender-300s-2026-09-23\frames\frame-05043.jpg'
09:30.281  render           | Saved: 'C:\Users\ljh\tralalero Shooter\outputs\reststop-blender-300s-2026-09-23\frames\frame-05044.jpg'
09:30.859  render           | Saved: 'C:\Users\ljh\tralalero Shooter\outputs\reststop-blender-300s-2026-09-23\frames\frame-05045.jpg'
09:31.422  render           | Saved: 'C:\Users\ljh\tralalero Shooter\outputs\reststop-blender-300s-2026-09-23\frames\frame-05046.jpg'
09:31.969  render           | Saved: 'C:\Users\ljh\tralalero Shooter\outputs\reststop-blender-300s-2026-09-23\frames\frame-05047.jpg'
09:32.547  render           | Saved: 'C:\Users\ljh\tralalero Shooter\outputs\reststop-blender-300s-2026-09-23\frames\frame-05048.jpg'
09:33.125  render           | Saved: 'C:\Users\ljh\tralalero Shooter\outputs\reststop-blender-300s-2026-09-23\frames\frame-05049.jpg'
09:33.703  render           | Saved: 'C:\Users\ljh\tralalero Shooter\outputs\reststop-blender-300s-2026-09-23\frames\frame-05050.jpg'
09:34.297  render           | Saved: 'C:\Users\ljh\tralalero Shooter\outputs\reststop-blender-300s-2026-09-23\frames\frame-05051.jpg'
09:34.844  render           | Saved: 'C:\Users\ljh\tralalero Shooter\outputs\reststop-blender-300s-2026-09-23\frames\frame-05052.jpg'
09:35.359  render           | Saved: 'C:\Users\ljh\tralalero Shooter\outputs\reststop-blender-300s-2026-09-23\frames\frame-05053.jpg'
09:35.922  render           | Saved: 'C:\Users\ljh\tralalero Shooter\outputs\reststop-blender-300s-2026-09-23\frames\frame-05054.jpg'
09:36.516  render           | Saved: 'C:\Users\ljh\tralalero Shooter\outputs\reststop-blender-300s-2026-09-23\frames\frame-05055.jpg'
09:37.078  render           | Saved: 'C:\Users\ljh\tralalero Shooter\outputs\reststop-blender-300s-2026-09-23\frames\frame-05056.jpg'
09:37.625  render           | Saved: 'C:\Users\ljh\tralalero Shooter\outputs\reststop-blender-300s-2026-09-23\frames\frame-05057.jpg'
09:38.156  render           | Saved: 'C:\Users\ljh\tralalero Shooter\outputs\reststop-blender-300s-2026-09-23\frames\frame-05058.jpg'
09:38.672  render           | Saved: 'C:\Users\ljh\tralalero Shooter\outputs\reststop-blender-300s-2026-09-23\frames\frame-05059.jpg'
09:39.219  render           | Saved: 'C:\Users\ljh\tralalero Shooter\outputs\reststop-blender-300s-2026-09-23\frames\frame-05060.jpg'
09:39.766  render           | Saved: 'C:\Users\ljh\tralalero Shooter\outputs\reststop-blender-300s-2026-09-23\frames\frame-05061.jpg'
09:40.328  render           | Saved: 'C:\Users\ljh\tralalero Shooter\outputs\reststop-blender-300s-2026-09-23\frames\frame-05062.jpg'
PROGRESS {"frame": 5062, "end": 7200, "rendered": 1272, "elapsed": 579.1598935127258, "last_24_mean": 0.5601343115170797, "width": 1280, "engine": "BLENDER_EEVEE", "step": 1}
09:40.891  render           | Saved: 'C:\Users\ljh\tralalero Shooter\outputs\reststop-blender-300s-2026-09-23\frames\frame-05063.jpg'
09:41.469  render           | Saved: 'C:\Users\ljh\tralalero Shooter\outputs\reststop-blender-300s-2026-09-23\frames\frame-05064.jpg'
09:42.016  render           | Saved: 'C:\Users\ljh\tralalero Shooter\outputs\reststop-blender-300s-2026-09-23\frames\frame-05065.jpg'
09:42.594  render           | Saved: 'C:\Users\ljh\tralalero Shooter\outputs\reststop-blender-300s-2026-09-23\frames\frame-05066.jpg'
09:43.141  render           | Saved: 'C:\Users\ljh\tralalero Shooter\outputs\reststop-blender-300s-2026-09-23\frames\frame-05067.jpg'
09:43.656  render           | Saved: 'C:\Users\ljh\tralalero Shooter\outputs\reststop-blender-300s-2026-09-23\frames\frame-05068.jpg'
09:44.203  render           | Saved: 'C:\Users\ljh\tralalero Shooter\outputs\reststop-blender-300s-2026-09-23\frames\frame-05069.jpg'
09:44.750  render           | Saved: 'C:\Users\ljh\tralalero Shooter\outputs\reststop-blender-300s-2026-09-23\frames\frame-05070.jpg'
09:45.328  render           | Saved: 'C:\Users\ljh\tralalero Shooter\outputs\reststop-blender-300s-2026-09-23\frames\frame-05071.jpg'
09:45.938  render           | Saved: 'C:\Users\ljh\tralalero Shooter\outputs\reststop-blender-300s-2026-09-23\frames\frame-05072.jpg'
09:46.484  render           | Saved: 'C:\Users\ljh\tralalero Shooter\outputs\reststop-blender-300s-2026-09-23\frames\frame-05073.jpg'
09:47.031  render           | Saved: 'C:\Users\ljh\tralalero Shooter\outputs\reststop-blender-300s-2026-09-23\frames\frame-05074.jpg'
09:47.625  render           | Saved: 'C:\Users\ljh\tralalero Shooter\outputs\reststop-blender-300s-2026-09-23\frames\frame-05075.jpg'
09:48.156  render           | Saved: 'C:\Users\ljh\tralalero Shooter\outputs\reststop-blender-300s-2026-09-23\frames\frame-05076.jpg'
09:48.734  render           | Saved: 'C:\Users\ljh\tralalero Shooter\outputs\reststop-blender-300s-2026-09-23\frames\frame-05077.jpg'
09:49.344  render           | Saved: 'C:\Users\ljh\tralalero Shooter\outputs\reststop-blender-300s-2026-09-23\frames\frame-05078.jpg'
09:49.938  render           | Saved: 'C:\Users\ljh\tralalero Shooter\outputs\reststop-blender-300s-2026-09-23\frames\frame-05079.jpg'
09:50.547  render           | Saved: 'C:\Users\ljh\tralalero Shooter\outputs\reststop-blender-300s-2026-09-23\frames\frame-05080.jpg'
09:51.094  render           | Saved: 'C:\Users\ljh\tralalero Shooter\outputs\reststop-blender-300s-2026-09-23\frames\frame-05081.jpg'
09:51.703  render           | Saved: 'C:\Users\ljh\tralalero Shooter\outputs\reststop-blender-300s-2026-09-23\frames\frame-05082.jpg'
09:52.313  render           | Saved: 'C:\Users\ljh\tralalero Shooter\outputs\reststop-blender-300s-2026-09-23\frames\frame-05083.jpg'
09:52.906  render           | Saved: 'C:\Users\ljh\tralalero Shooter\outputs\reststop-blender-300s-2026-09-23\frames\frame-05084.jpg'
09:53.438  render           | Saved: 'C:\Users\ljh\tralalero Shooter\outputs\reststop-blender-300s-2026-09-23\frames\frame-05085.jpg'
09:53.969  render           | Saved: 'C:\Users\ljh\tralalero Shooter\outputs\reststop-blender-300s-2026-09-23\frames\frame-05086.jpg'
PROGRESS {"frame": 5086, "end": 7200, "rendered": 1296, "elapsed": 592.7856938838959, "last_24_mean": 0.5675176382064819, "width": 1280, "engine": "BLENDER_EEVEE", "step": 1}
09:54.484  render           | Saved: 'C:\Users\ljh\tralalero Shooter\outputs\reststop-blender-300s-2026-09-23\frames\frame-05087.jpg'
09:55.016  render           | Saved: 'C:\Users\ljh\tralalero Shooter\outputs\reststop-blender-300s-2026-09-23\frames\frame-05088.jpg'
09:55.547  render           | Saved: 'C:\Users\ljh\tralalero Shooter\outputs\reststop-blender-300s-2026-09-23\frames\frame-05089.jpg'
09:56.125  render           | Saved: 'C:\Users\ljh\tralalero Shooter\outputs\reststop-blender-300s-2026-09-23\frames\frame-05090.jpg'
09:56.672  render           | Saved: 'C:\Users\ljh\tralalero Shooter\outputs\reststop-blender-300s-2026-09-23\frames\frame-05091.jpg'
09:57.203  render           | Saved: 'C:\Users\ljh\tralalero Shooter\outputs\reststop-blender-300s-2026-09-23\frames\frame-05092.jpg'
09:57.766  render           | Saved: 'C:\Users\ljh\tralalero Shooter\outputs\reststop-blender-300s-2026-09-23\frames\frame-05093.jpg'
09:58.297  render           | Saved: 'C:\Users\ljh\tralalero Shooter\outputs\reststop-blender-300s-2026-09-23\frames\frame-05094.jpg'
09:58.859  render           | Saved: 'C:\Users\ljh\tralalero Shooter\outputs\reststop-blender-300s-2026-09-23\frames\frame-05095.jpg'
09:59.391  render           | Saved: 'C:\Users\ljh\tralalero Shooter\outputs\reststop-blender-300s-2026-09-23\frames\frame-05096.jpg'
09:59.938  render           | Saved: 'C:\Users\ljh\tralalero Shooter\outputs\reststop-blender-300s-2026-09-23\frames\frame-05097.jpg'
10:00.500  render           | Saved: 'C:\Users\ljh\tralalero Shooter\outputs\reststop-blender-300s-2026-09-23\frames\frame-05098.jpg'
10:01.094  render           | Saved: 'C:\Users\ljh\tralalero Shooter\outputs\reststop-blender-300s-2026-09-23\frames\frame-05099.jpg'
10:01.641  render           | Saved: 'C:\Users\ljh\tralalero Shooter\outputs\reststop-blender-300s-2026-09-23\frames\frame-05100.jpg'
10:02.203  render           | Saved: 'C:\Users\ljh\tralalero Shooter\outputs\reststop-blender-300s-2026-09-23\frames\frame-05101.jpg'
10:02.766  render           | Saved: 'C:\Users\ljh\tralalero Shooter\outputs\reststop-blender-300s-2026-09-23\frames\frame-05102.jpg'
10:03.313  render           | Saved: 'C:\Users\ljh\tralalero Shooter\outputs\reststop-blender-300s-2026-09-23\frames\frame-05103.jpg'
10:03.859  render           | Saved: 'C:\Users\ljh\tralalero Shooter\outputs\reststop-blender-300s-2026-09-23\frames\frame-05104.jpg'
10:04.391  render           | Saved: 'C:\Users\ljh\tralalero Shooter\outputs\reststop-blender-300s-2026-09-23\frames\frame-05105.jpg'
10:04.938  render           | Saved: 'C:\Users\ljh\tralalero Shooter\outputs\reststop-blender-300s-2026-09-23\frames\frame-05106.jpg'
10:05.469  render           | Saved: 'C:\Users\ljh\tralalero Shooter\outputs\reststop-blender-300s-2026-09-23\frames\frame-05107.jpg'
10:06.047  render           | Saved: 'C:\Users\ljh\tralalero Shooter\outputs\reststop-blender-300s-2026-09-23\frames\frame-05108.jpg'
10:06.594  render           | Saved: 'C:\Users\ljh\tralalero Shooter\outputs\reststop-blender-300s-2026-09-23\frames\frame-05109.jpg'
10:07.094  render           | Saved: 'C:\Users\ljh\tralalero Shooter\outputs\reststop-blender-300s-2026-09-23\frames\frame-05110.jpg'
PROGRESS {"frame": 5110, "end": 7200, "rendered": 1320, "elapsed": 605.9091956615448, "last_24_mean": 0.546566108862559, "width": 1280, "engine": "BLENDER_EEVEE", "step": 1}
10:07.609  render           | Saved: 'C:\Users\ljh\tralalero Shooter\outputs\reststop-blender-300s-2026-09-23\frames\frame-05111.jpg'
10:08.109  render           | Saved: 'C:\Users\ljh\tralalero Shooter\outputs\reststop-blender-300s-2026-09-23\frames\frame-05112.jpg'
10:08.641  render           | Saved: 'C:\Users\ljh\tralalero Shooter\outputs\reststop-blender-300s-2026-09-23\frames\frame-05113.jpg'
10:09.188  render           | Saved: 'C:\Users\ljh\tralalero Shooter\outputs\reststop-blender-300s-2026-09-23\frames\frame-05114.jpg'
10:09.750  render           | Saved: 'C:\Users\ljh\tralalero Shooter\outputs\reststop-blender-300s-2026-09-23\frames\frame-05115.jpg'
10:10.328  render           | Saved: 'C:\Users\ljh\tralalero Shooter\outputs\reststop-blender-300s-2026-09-23\frames\frame-05116.jpg'
10:10.891  render           | Saved: 'C:\Users\ljh\tralalero Shooter\outputs\reststop-blender-300s-2026-09-23\frames\frame-05117.jpg'
10:11.484  render           | Saved: 'C:\Users\ljh\tralalero Shooter\outputs\reststop-blender-300s-2026-09-23\frames\frame-05118.jpg'
10:12.063  render           | Saved: 'C:\Users\ljh\tralalero Shooter\outputs\reststop-blender-300s-2026-09-23\frames\frame-05119.jpg'
10:12.656  render           | Saved: 'C:\Users\ljh\tralalero Shooter\outputs\reststop-blender-300s-2026-09-23\frames\frame-05120.jpg'
10:13.250  render           | Saved: 'C:\Users\ljh\tralalero Shooter\outputs\reststop-blender-300s-2026-09-23\frames\frame-05121.jpg'
10:13.813  render           | Saved: 'C:\Users\ljh\tralalero Shooter\outputs\reststop-blender-300s-2026-09-23\frames\frame-05122.jpg'
10:14.391  render           | Saved: 'C:\Users\ljh\tralalero Shooter\outputs\reststop-blender-300s-2026-09-23\frames\frame-05123.jpg'
10:15.109  render           | Saved: 'C:\Users\ljh\tralalero Shooter\outputs\reststop-blender-300s-2026-09-23\frames\frame-05124.jpg'
10:15.688  render           | Saved: 'C:\Users\ljh\tralalero Shooter\outputs\reststop-blender-300s-2026-09-23\frames\frame-05125.jpg'
10:16.297  render           | Saved: 'C:\Users\ljh\tralalero Shooter\outputs\reststop-blender-300s-2026-09-23\frames\frame-05126.jpg'
10:16.875  render           | Saved: 'C:\Users\ljh\tralalero Shooter\outputs\reststop-blender-300s-2026-09-23\frames\frame-05127.jpg'
10:17.438  render           | Saved: 'C:\Users\ljh\tralalero Shooter\outputs\reststop-blender-300s-2026-09-23\frames\frame-05128.jpg'
10:18.000  render           | Saved: 'C:\Users\ljh\tralalero Shooter\outputs\reststop-blender-300s-2026-09-23\frames\frame-05129.jpg'
10:18.578  render           | Saved: 'C:\Users\ljh\tralalero Shooter\outputs\reststop-blender-300s-2026-09-23\frames\frame-05130.jpg'
10:19.156  render           | Saved: 'C:\Users\ljh\tralalero Shooter\outputs\reststop-blender-300s-2026-09-23\frames\frame-05131.jpg'
10:19.719  render           | Saved: 'C:\Users\ljh\tralalero Shooter\outputs\reststop-blender-300s-2026-09-23\frames\frame-05132.jpg'
10:20.281  render           | Saved: 'C:\Users\ljh\tralalero Shooter\outputs\reststop-blender-300s-2026-09-23\frames\frame-05133.jpg'
10:20.875  render           | Saved: 'C:\Users\ljh\tralalero Shooter\outputs\reststop-blender-300s-2026-09-23\frames\frame-05134.jpg'
PROGRESS {"frame": 5134, "end": 7200, "rendered": 1344, "elapsed": 619.6975276470184, "last_24_mean": 0.5742807586987814, "width": 1280, "engine": "BLENDER_EEVEE", "step": 1}
10:21.453  render           | Saved: 'C:\Users\ljh\tralalero Shooter\outputs\reststop-blender-300s-2026-09-23\frames\frame-05135.jpg'
10:22.047  render           | Saved: 'C:\Users\ljh\tralalero Shooter\outputs\reststop-blender-300s-2026-09-23\frames\frame-05136.jpg'
10:22.656  render           | Saved: 'C:\Users\ljh\tralalero Shooter\outputs\reststop-blender-300s-2026-09-23\frames\frame-05137.jpg'
10:23.266  render           | Saved: 'C:\Users\ljh\tralalero Shooter\outputs\reststop-blender-300s-2026-09-23\frames\frame-05138.jpg'
10:23.891  render           | Saved: 'C:\Users\ljh\tralalero Shooter\outputs\reststop-blender-300s-2026-09-23\frames\frame-05139.jpg'
10:24.500  render           | Saved: 'C:\Users\ljh\tralalero Shooter\outputs\reststop-blender-300s-2026-09-23\frames\frame-05140.jpg'
10:25.109  render           | Saved: 'C:\Users\ljh\tralalero Shooter\outputs\reststop-blender-300s-2026-09-23\frames\frame-05141.jpg'
10:25.719  render           | Saved: 'C:\Users\ljh\tralalero Shooter\outputs\reststop-blender-300s-2026-09-23\frames\frame-05142.jpg'
10:26.359  render           | Saved: 'C:\Users\ljh\tralalero Shooter\outputs\reststop-blender-300s-2026-09-23\frames\frame-05143.jpg'
10:26.953  render           | Saved: 'C:\Users\ljh\tralalero Shooter\outputs\reststop-blender-300s-2026-09-23\frames\frame-05144.jpg'
10:27.516  render           | Saved: 'C:\Users\ljh\tralalero Shooter\outputs\reststop-blender-300s-2026-09-23\frames\frame-05145.jpg'
10:28.094  render           | Saved: 'C:\Users\ljh\tralalero Shooter\outputs\reststop-blender-300s-2026-09-23\frames\frame-05146.jpg'
10:28.656  render           | Saved: 'C:\Users\ljh\tralalero Shooter\outputs\reststop-blender-300s-2026-09-23\frames\frame-05147.jpg'
10:29.281  render           | Saved: 'C:\Users\ljh\tralalero Shooter\outputs\reststop-blender-300s-2026-09-23\frames\frame-05148.jpg'
10:29.875  render           | Saved: 'C:\Users\ljh\tralalero Shooter\outputs\reststop-blender-300s-2026-09-23\frames\frame-05149.jpg'
10:30.453  render           | Saved: 'C:\Users\ljh\tralalero Shooter\outputs\reststop-blender-300s-2026-09-23\frames\frame-05150.jpg'
10:31.016  render           | Saved: 'C:\Users\ljh\tralalero Shooter\outputs\reststop-blender-300s-2026-09-23\frames\frame-05151.jpg'
10:31.578  render           | Saved: 'C:\Users\ljh\tralalero Shooter\outputs\reststop-blender-300s-2026-09-23\frames\frame-05152.jpg'
10:32.172  render           | Saved: 'C:\Users\ljh\tralalero Shooter\outputs\reststop-blender-300s-2026-09-23\frames\frame-05153.jpg'
10:32.734  render           | Saved: 'C:\Users\ljh\tralalero Shooter\outputs\reststop-blender-300s-2026-09-23\frames\frame-05154.jpg'
10:33.297  render           | Saved: 'C:\Users\ljh\tralalero Shooter\outputs\reststop-blender-300s-2026-09-23\frames\frame-05155.jpg'
10:33.875  render           | Saved: 'C:\Users\ljh\tralalero Shooter\outputs\reststop-blender-300s-2026-09-23\frames\frame-05156.jpg'
10:34.453  render           | Saved: 'C:\Users\ljh\tralalero Shooter\outputs\reststop-blender-300s-2026-09-23\frames\frame-05157.jpg'
10:35.063  render           | Saved: 'C:\Users\ljh\tralalero Shooter\outputs\reststop-blender-300s-2026-09-23\frames\frame-05158.jpg'
PROGRESS {"frame": 5158, "end": 7200, "rendered": 1368, "elapsed": 633.8917505741119, "last_24_mean": 0.5912018318970998, "width": 1280, "engine": "BLENDER_EEVEE", "step": 1}
10:35.641  render           | Saved: 'C:\Users\ljh\tralalero Shooter\outputs\reststop-blender-300s-2026-09-23\frames\frame-05159.jpg'
10:36.219  render           | Saved: 'C:\Users\ljh\tralalero Shooter\outputs\reststop-blender-300s-2026-09-23\frames\frame-05160.jpg'
10:36.766  render           | Saved: 'C:\Users\ljh\tralalero Shooter\outputs\reststop-blender-300s-2026-09-23\frames\frame-05161.jpg'
10:37.359  render           | Saved: 'C:\Users\ljh\tralalero Shooter\outputs\reststop-blender-300s-2026-09-23\frames\frame-05162.jpg'
10:37.906  render           | Saved: 'C:\Users\ljh\tralalero Shooter\outputs\reststop-blender-300s-2026-09-23\frames\frame-05163.jpg'
10:38.453  render           | Saved: 'C:\Users\ljh\tralalero Shooter\outputs\reststop-blender-300s-2026-09-23\frames\frame-05164.jpg'
10:39.016  render           | Saved: 'C:\Users\ljh\tralalero Shooter\outputs\reststop-blender-300s-2026-09-23\frames\frame-05165.jpg'
10:39.594  render           | Saved: 'C:\Users\ljh\tralalero Shooter\outputs\reststop-blender-300s-2026-09-23\frames\frame-05166.jpg'
10:40.172  render           | Saved: 'C:\Users\ljh\tralalero Shooter\outputs\reststop-blender-300s-2026-09-23\frames\frame-05167.jpg'
10:40.844  render           | Saved: 'C:\Users\ljh\tralalero Shooter\outputs\reststop-blender-300s-2026-09-23\frames\frame-05168.jpg'
10:41.438  render           | Saved: 'C:\Users\ljh\tralalero Shooter\outputs\reststop-blender-300s-2026-09-23\frames\frame-05169.jpg'
10:42.016  render           | Saved: 'C:\Users\ljh\tralalero Shooter\outputs\reststop-blender-300s-2026-09-23\frames\frame-05170.jpg'
10:42.578  render           | Saved: 'C:\Users\ljh\tralalero Shooter\outputs\reststop-blender-300s-2026-09-23\frames\frame-05171.jpg'
10:43.141  render           | Saved: 'C:\Users\ljh\tralalero Shooter\outputs\reststop-blender-300s-2026-09-23\frames\frame-05172.jpg'
10:43.766  render           | Saved: 'C:\Users\ljh\tralalero Shooter\outputs\reststop-blender-300s-2026-09-23\frames\frame-05173.jpg'
10:44.344  render           | Saved: 'C:\Users\ljh\tralalero Shooter\outputs\reststop-blender-300s-2026-09-23\frames\frame-05174.jpg'
10:44.969  render           | Saved: 'C:\Users\ljh\tralalero Shooter\outputs\reststop-blender-300s-2026-09-23\frames\frame-05175.jpg'
10:45.563  render           | Saved: 'C:\Users\ljh\tralalero Shooter\outputs\reststop-blender-300s-2026-09-23\frames\frame-05176.jpg'
10:46.188  render           | Saved: 'C:\Users\ljh\tralalero Shooter\outputs\reststop-blender-300s-2026-09-23\frames\frame-05177.jpg'
10:46.781  render           | Saved: 'C:\Users\ljh\tralalero Shooter\outputs\reststop-blender-300s-2026-09-23\frames\frame-05178.jpg'
10:47.359  render           | Saved: 'C:\Users\ljh\tralalero Shooter\outputs\reststop-blender-300s-2026-09-23\frames\frame-05179.jpg'
10:47.922  render           | Saved: 'C:\Users\ljh\tralalero Shooter\outputs\reststop-blender-300s-2026-09-23\frames\frame-05180.jpg'
10:48.516  render           | Saved: 'C:\Users\ljh\tralalero Shooter\outputs\reststop-blender-300s-2026-09-23\frames\frame-05181.jpg'
10:49.125  render           | Saved: 'C:\Users\ljh\tralalero Shooter\outputs\reststop-blender-300s-2026-09-23\frames\frame-05182.jpg'
PROGRESS {"frame": 5182, "end": 7200, "rendered": 1392, "elapsed": 647.9556610584259, "last_24_mean": 0.5857547322909037, "width": 1280, "engine": "BLENDER_EEVEE", "step": 1}
10:49.703  render           | Saved: 'C:\Users\ljh\tralalero Shooter\outputs\reststop-blender-300s-2026-09-23\frames\frame-05183.jpg'
10:50.359  render           | Saved: 'C:\Users\ljh\tralalero Shooter\outputs\reststop-blender-300s-2026-09-23\frames\frame-05184.jpg'
10:50.969  render           | Saved: 'C:\Users\ljh\tralalero Shooter\outputs\reststop-blender-300s-2026-09-23\frames\frame-05185.jpg'
10:51.594  render           | Saved: 'C:\Users\ljh\tralalero Shooter\outputs\reststop-blender-300s-2026-09-23\frames\frame-05186.jpg'
10:52.297  render           | Saved: 'C:\Users\ljh\tralalero Shooter\outputs\reststop-blender-300s-2026-09-23\frames\frame-05187.jpg'
10:52.922  render           | Saved: 'C:\Users\ljh\tralalero Shooter\outputs\reststop-blender-300s-2026-09-23\frames\frame-05188.jpg'
10:53.563  render           | Saved: 'C:\Users\ljh\tralalero Shooter\outputs\reststop-blender-300s-2026-09-23\frames\frame-05189.jpg'
10:54.203  render           | Saved: 'C:\Users\ljh\tralalero Shooter\outputs\reststop-blender-300s-2026-09-23\frames\frame-05190.jpg'
10:54.828  render           | Saved: 'C:\Users\ljh\tralalero Shooter\outputs\reststop-blender-300s-2026-09-23\frames\frame-05191.jpg'
10:55.438  render           | Saved: 'C:\Users\ljh\tralalero Shooter\outputs\reststop-blender-300s-2026-09-23\frames\frame-05192.jpg'
10:56.063  render           | Saved: 'C:\Users\ljh\tralalero Shooter\outputs\reststop-blender-300s-2026-09-23\frames\frame-05193.jpg'
10:56.672  render           | Saved: 'C:\Users\ljh\tralalero Shooter\outputs\reststop-blender-300s-2026-09-23\frames\frame-05194.jpg'
10:57.266  render           | Saved: 'C:\Users\ljh\tralalero Shooter\outputs\reststop-blender-300s-2026-09-23\frames\frame-05195.jpg'
10:57.859  render           | Saved: 'C:\Users\ljh\tralalero Shooter\outputs\reststop-blender-300s-2026-09-23\frames\frame-05196.jpg'
10:58.453  render           | Saved: 'C:\Users\ljh\tralalero Shooter\outputs\reststop-blender-300s-2026-09-23\frames\frame-05197.jpg'
10:59.063  render           | Saved: 'C:\Users\ljh\tralalero Shooter\outputs\reststop-blender-300s-2026-09-23\frames\frame-05198.jpg'
10:59.688  render           | Saved: 'C:\Users\ljh\tralalero Shooter\outputs\reststop-blender-300s-2026-09-23\frames\frame-05199.jpg'
11:00.266  render           | Saved: 'C:\Users\ljh\tralalero Shooter\outputs\reststop-blender-300s-2026-09-23\frames\frame-05200.jpg'
11:00.859  render           | Saved: 'C:\Users\ljh\tralalero Shooter\outputs\reststop-blender-300s-2026-09-23\frames\frame-05201.jpg'
11:01.438  render           | Saved: 'C:\Users\ljh\tralalero Shooter\outputs\reststop-blender-300s-2026-09-23\frames\frame-05202.jpg'
11:02.016  render           | Saved: 'C:\Users\ljh\tralalero Shooter\outputs\reststop-blender-300s-2026-09-23\frames\frame-05203.jpg'
11:02.672  render           | Saved: 'C:\Users\ljh\tralalero Shooter\outputs\reststop-blender-300s-2026-09-23\frames\frame-05204.jpg'
11:03.250  render           | Saved: 'C:\Users\ljh\tralalero Shooter\outputs\reststop-blender-300s-2026-09-23\frames\frame-05205.jpg'
11:03.797  render           | Saved: 'C:\Users\ljh\tralalero Shooter\outputs\reststop-blender-300s-2026-09-23\frames\frame-05206.jpg'
PROGRESS {"frame": 5206, "end": 7200, "rendered": 1416, "elapsed": 662.6294205188751, "last_24_mean": 0.6111612915992737, "width": 1280, "engine": "BLENDER_EEVEE", "step": 1}
11:04.422  render           | Saved: 'C:\Users\ljh\tralalero Shooter\outputs\reststop-blender-300s-2026-09-23\frames\frame-05207.jpg'
11:05.016  render           | Saved: 'C:\Users\ljh\tralalero Shooter\outputs\reststop-blender-300s-2026-09-23\frames\frame-05208.jpg'
11:05.594  render           | Saved: 'C:\Users\ljh\tralalero Shooter\outputs\reststop-blender-300s-2026-09-23\frames\frame-05209.jpg'
11:06.172  render           | Saved: 'C:\Users\ljh\tralalero Shooter\outputs\reststop-blender-300s-2026-09-23\frames\frame-05210.jpg'
11:06.750  render           | Saved: 'C:\Users\ljh\tralalero Shooter\outputs\reststop-blender-300s-2026-09-23\frames\frame-05211.jpg'
11:07.328  render           | Saved: 'C:\Users\ljh\tralalero Shooter\outputs\reststop-blender-300s-2026-09-23\frames\frame-05212.jpg'
11:07.922  render           | Saved: 'C:\Users\ljh\tralalero Shooter\outputs\reststop-blender-300s-2026-09-23\frames\frame-05213.jpg'
11:08.500  render           | Saved: 'C:\Users\ljh\tralalero Shooter\outputs\reststop-blender-300s-2026-09-23\frames\frame-05214.jpg'
11:09.063  render           | Saved: 'C:\Users\ljh\tralalero Shooter\outputs\reststop-blender-300s-2026-09-23\frames\frame-05215.jpg'
11:09.625  render           | Saved: 'C:\Users\ljh\tralalero Shooter\outputs\reststop-blender-300s-2026-09-23\frames\frame-05216.jpg'
11:10.172  render           | Saved: 'C:\Users\ljh\tralalero Shooter\outputs\reststop-blender-300s-2026-09-23\frames\frame-05217.jpg'
11:10.766  render           | Saved: 'C:\Users\ljh\tralalero Shooter\outputs\reststop-blender-300s-2026-09-23\frames\frame-05218.jpg'
11:11.344  render           | Saved: 'C:\Users\ljh\tralalero Shooter\outputs\reststop-blender-300s-2026-09-23\frames\frame-05219.jpg'
11:11.891  render           | Saved: 'C:\Users\ljh\tralalero Shooter\outputs\reststop-blender-300s-2026-09-23\frames\frame-05220.jpg'
11:12.469  render           | Saved: 'C:\Users\ljh\tralalero Shooter\outputs\reststop-blender-300s-2026-09-23\frames\frame-05221.jpg'
11:13.031  render           | Saved: 'C:\Users\ljh\tralalero Shooter\outputs\reststop-blender-300s-2026-09-23\frames\frame-05222.jpg'
11:13.594  render           | Saved: 'C:\Users\ljh\tralalero Shooter\outputs\reststop-blender-300s-2026-09-23\frames\frame-05223.jpg'
11:14.141  render           | Saved: 'C:\Users\ljh\tralalero Shooter\outputs\reststop-blender-300s-2026-09-23\frames\frame-05224.jpg'
11:14.719  render           | Saved: 'C:\Users\ljh\tralalero Shooter\outputs\reststop-blender-300s-2026-09-23\frames\frame-05225.jpg'
11:15.266  render           | Saved: 'C:\Users\ljh\tralalero Shooter\outputs\reststop-blender-300s-2026-09-23\frames\frame-05226.jpg'
11:15.844  render           | Saved: 'C:\Users\ljh\tralalero Shooter\outputs\reststop-blender-300s-2026-09-23\frames\frame-05227.jpg'
11:16.438  render           | Saved: 'C:\Users\ljh\tralalero Shooter\outputs\reststop-blender-300s-2026-09-23\frames\frame-05228.jpg'
11:17.016  render           | Saved: 'C:\Users\ljh\tralalero Shooter\outputs\reststop-blender-300s-2026-09-23\frames\frame-05229.jpg'
11:17.625  render           | Saved: 'C:\Users\ljh\tralalero Shooter\outputs\reststop-blender-300s-2026-09-23\frames\frame-05230.jpg'
PROGRESS {"frame": 5230, "end": 7200, "rendered": 1440, "elapsed": 676.4518654346466, "last_24_mean": 0.5757289032141367, "width": 1280, "engine": "BLENDER_EEVEE", "step": 1}
11:18.156  render           | Saved: 'C:\Users\ljh\tralalero Shooter\outputs\reststop-blender-300s-2026-09-23\frames\frame-05231.jpg'
11:18.703  render           | Saved: 'C:\Users\ljh\tralalero Shooter\outputs\reststop-blender-300s-2026-09-23\frames\frame-05232.jpg'
11:19.203  render           | Saved: 'C:\Users\ljh\tralalero Shooter\outputs\reststop-blender-300s-2026-09-23\frames\frame-05233.jpg'
11:19.969  render           | Saved: 'C:\Users\ljh\tralalero Shooter\outputs\reststop-blender-300s-2026-09-23\frames\frame-05234.jpg'
11:20.641  render           | Saved: 'C:\Users\ljh\tralalero Shooter\outputs\reststop-blender-300s-2026-09-23\frames\frame-05235.jpg'
11:21.297  render           | Saved: 'C:\Users\ljh\tralalero Shooter\outputs\reststop-blender-300s-2026-09-23\frames\frame-05236.jpg'
11:21.938  render           | Saved: 'C:\Users\ljh\tralalero Shooter\outputs\reststop-blender-300s-2026-09-23\frames\frame-05237.jpg'
11:22.594  render           | Saved: 'C:\Users\ljh\tralalero Shooter\outputs\reststop-blender-300s-2026-09-23\frames\frame-05238.jpg'
11:23.219  render           | Saved: 'C:\Users\ljh\tralalero Shooter\outputs\reststop-blender-300s-2026-09-23\frames\frame-05239.jpg'
11:23.859  render           | Saved: 'C:\Users\ljh\tralalero Shooter\outputs\reststop-blender-300s-2026-09-23\frames\frame-05240.jpg'
11:24.469  render           | Saved: 'C:\Users\ljh\tralalero Shooter\outputs\reststop-blender-300s-2026-09-23\frames\frame-05241.jpg'
11:25.094  render           | Saved: 'C:\Users\ljh\tralalero Shooter\outputs\reststop-blender-300s-2026-09-23\frames\frame-05242.jpg'
11:25.750  render           | Saved: 'C:\Users\ljh\tralalero Shooter\outputs\reststop-blender-300s-2026-09-23\frames\frame-05243.jpg'
11:26.375  render           | Saved: 'C:\Users\ljh\tralalero Shooter\outputs\reststop-blender-300s-2026-09-23\frames\frame-05244.jpg'
11:26.984  render           | Saved: 'C:\Users\ljh\tralalero Shooter\outputs\reststop-blender-300s-2026-09-23\frames\frame-05245.jpg'
11:27.609  render           | Saved: 'C:\Users\ljh\tralalero Shooter\outputs\reststop-blender-300s-2026-09-23\frames\frame-05246.jpg'
11:28.219  render           | Saved: 'C:\Users\ljh\tralalero Shooter\outputs\reststop-blender-300s-2026-09-23\frames\frame-05247.jpg'
11:28.828  render           | Saved: 'C:\Users\ljh\tralalero Shooter\outputs\reststop-blender-300s-2026-09-23\frames\frame-05248.jpg'
11:29.438  render           | Saved: 'C:\Users\ljh\tralalero Shooter\outputs\reststop-blender-300s-2026-09-23\frames\frame-05249.jpg'
11:30.063  render           | Saved: 'C:\Users\ljh\tralalero Shooter\outputs\reststop-blender-300s-2026-09-23\frames\frame-05250.jpg'
11:30.672  render           | Saved: 'C:\Users\ljh\tralalero Shooter\outputs\reststop-blender-300s-2026-09-23\frames\frame-05251.jpg'
11:31.281  render           | Saved: 'C:\Users\ljh\tralalero Shooter\outputs\reststop-blender-300s-2026-09-23\frames\frame-05252.jpg'
11:31.922  render           | Saved: 'C:\Users\ljh\tralalero Shooter\outputs\reststop-blender-300s-2026-09-23\frames\frame-05253.jpg'
11:32.531  render           | Saved: 'C:\Users\ljh\tralalero Shooter\outputs\reststop-blender-300s-2026-09-23\frames\frame-05254.jpg'
PROGRESS {"frame": 5254, "end": 7200, "rendered": 1464, "elapsed": 691.358678817749, "last_24_mean": 0.6208818852901459, "width": 1280, "engine": "BLENDER_EEVEE", "step": 1}
11:33.125  render           | Saved: 'C:\Users\ljh\tralalero Shooter\outputs\reststop-blender-300s-2026-09-23\frames\frame-05255.jpg'
11:33.750  render           | Saved: 'C:\Users\ljh\tralalero Shooter\outputs\reststop-blender-300s-2026-09-23\frames\frame-05256.jpg'
11:34.375  render           | Saved: 'C:\Users\ljh\tralalero Shooter\outputs\reststop-blender-300s-2026-09-23\frames\frame-05257.jpg'
11:35.016  render           | Saved: 'C:\Users\ljh\tralalero Shooter\outputs\reststop-blender-300s-2026-09-23\frames\frame-05258.jpg'
11:35.609  render           | Saved: 'C:\Users\ljh\tralalero Shooter\outputs\reststop-blender-300s-2026-09-23\frames\frame-05259.jpg'
11:36.188  render           | Saved: 'C:\Users\ljh\tralalero Shooter\outputs\reststop-blender-300s-2026-09-23\frames\frame-05260.jpg'
11:36.797  render           | Saved: 'C:\Users\ljh\tralalero Shooter\outputs\reststop-blender-300s-2026-09-23\frames\frame-05261.jpg'
11:37.406  render           | Saved: 'C:\Users\ljh\tralalero Shooter\outputs\reststop-blender-300s-2026-09-23\frames\frame-05262.jpg'
11:37.984  render           | Saved: 'C:\Users\ljh\tralalero Shooter\outputs\reststop-blender-300s-2026-09-23\frames\frame-05263.jpg'
11:38.547  render           | Saved: 'C:\Users\ljh\tralalero Shooter\outputs\reststop-blender-300s-2026-09-23\frames\frame-05264.jpg'
11:39.125  render           | Saved: 'C:\Users\ljh\tralalero Shooter\outputs\reststop-blender-300s-2026-09-23\frames\frame-05265.jpg'
11:39.688  render           | Saved: 'C:\Users\ljh\tralalero Shooter\outputs\reststop-blender-300s-2026-09-23\frames\frame-05266.jpg'
11:40.250  render           | Saved: 'C:\Users\ljh\tralalero Shooter\outputs\reststop-blender-300s-2026-09-23\frames\frame-05267.jpg'
11:40.859  render           | Saved: 'C:\Users\ljh\tralalero Shooter\outputs\reststop-blender-300s-2026-09-23\frames\frame-05268.jpg'
11:41.453  render           | Saved: 'C:\Users\ljh\tralalero Shooter\outputs\reststop-blender-300s-2026-09-23\frames\frame-05269.jpg'
11:42.031  render           | Saved: 'C:\Users\ljh\tralalero Shooter\outputs\reststop-blender-300s-2026-09-23\frames\frame-05270.jpg'
11:42.594  render           | Saved: 'C:\Users\ljh\tralalero Shooter\outputs\reststop-blender-300s-2026-09-23\frames\frame-05271.jpg'
11:43.188  render           | Saved: 'C:\Users\ljh\tralalero Shooter\outputs\reststop-blender-300s-2026-09-23\frames\frame-05272.jpg'
11:43.750  render           | Saved: 'C:\Users\ljh\tralalero Shooter\outputs\reststop-blender-300s-2026-09-23\frames\frame-05273.jpg'
11:44.313  render           | Saved: 'C:\Users\ljh\tralalero Shooter\outputs\reststop-blender-300s-2026-09-23\frames\frame-05274.jpg'
11:44.891  render           | Saved: 'C:\Users\ljh\tralalero Shooter\outputs\reststop-blender-300s-2026-09-23\frames\frame-05275.jpg'
11:45.484  render           | Saved: 'C:\Users\ljh\tralalero Shooter\outputs\reststop-blender-300s-2026-09-23\frames\frame-05276.jpg'
11:46.094  render           | Saved: 'C:\Users\ljh\tralalero Shooter\outputs\reststop-blender-300s-2026-09-23\frames\frame-05277.jpg'
11:46.703  render           | Saved: 'C:\Users\ljh\tralalero Shooter\outputs\reststop-blender-300s-2026-09-23\frames\frame-05278.jpg'
PROGRESS {"frame": 5278, "end": 7200, "rendered": 1488, "elapsed": 705.5316452980042, "last_24_mean": 0.5903302927811941, "width": 1280, "engine": "BLENDER_EEVEE", "step": 1}
11:47.266  render           | Saved: 'C:\Users\ljh\tralalero Shooter\outputs\reststop-blender-300s-2026-09-23\frames\frame-05279.jpg'
11:47.844  render           | Saved: 'C:\Users\ljh\tralalero Shooter\outputs\reststop-blender-300s-2026-09-23\frames\frame-05280.jpg'
11:48.422  render           | Saved: 'C:\Users\ljh\tralalero Shooter\outputs\reststop-blender-300s-2026-09-23\frames\frame-05281.jpg'
11:48.984  render           | Saved: 'C:\Users\ljh\tralalero Shooter\outputs\reststop-blender-300s-2026-09-23\frames\frame-05282.jpg'
11:49.563  render           | Saved: 'C:\Users\ljh\tralalero Shooter\outputs\reststop-blender-300s-2026-09-23\frames\frame-05283.jpg'
11:50.141  render           | Saved: 'C:\Users\ljh\tralalero Shooter\outputs\reststop-blender-300s-2026-09-23\frames\frame-05284.jpg'
11:50.719  render           | Saved: 'C:\Users\ljh\tralalero Shooter\outputs\reststop-blender-300s-2026-09-23\frames\frame-05285.jpg'
11:51.297  render           | Saved: 'C:\Users\ljh\tralalero Shooter\outputs\reststop-blender-300s-2026-09-23\frames\frame-05286.jpg'
11:51.859  render           | Saved: 'C:\Users\ljh\tralalero Shooter\outputs\reststop-blender-300s-2026-09-23\frames\frame-05287.jpg'
11:52.469  render           | Saved: 'C:\Users\ljh\tralalero Shooter\outputs\reststop-blender-300s-2026-09-23\frames\frame-05288.jpg'
11:53.094  render           | Saved: 'C:\Users\ljh\tralalero Shooter\outputs\reststop-blender-300s-2026-09-23\frames\frame-05289.jpg'
11:53.766  render           | Saved: 'C:\Users\ljh\tralalero Shooter\outputs\reststop-blender-300s-2026-09-23\frames\frame-05290.jpg'
11:54.375  render           | Saved: 'C:\Users\ljh\tralalero Shooter\outputs\reststop-blender-300s-2026-09-23\frames\frame-05291.jpg'
11:55.016  render           | Saved: 'C:\Users\ljh\tralalero Shooter\outputs\reststop-blender-300s-2026-09-23\frames\frame-05292.jpg'
11:55.609  render           | Saved: 'C:\Users\ljh\tralalero Shooter\outputs\reststop-blender-300s-2026-09-23\frames\frame-05293.jpg'
11:56.234  render           | Saved: 'C:\Users\ljh\tralalero Shooter\outputs\reststop-blender-300s-2026-09-23\frames\frame-05294.jpg'
11:56.859  render           | Saved: 'C:\Users\ljh\tralalero Shooter\outputs\reststop-blender-300s-2026-09-23\frames\frame-05295.jpg'
11:57.547  render           | Saved: 'C:\Users\ljh\tralalero Shooter\outputs\reststop-blender-300s-2026-09-23\frames\frame-05296.jpg'
11:58.172  render           | Saved: 'C:\Users\ljh\tralalero Shooter\outputs\reststop-blender-300s-2026-09-23\frames\frame-05297.jpg'
11:58.766  render           | Saved: 'C:\Users\ljh\tralalero Shooter\outputs\reststop-blender-300s-2026-09-23\frames\frame-05298.jpg'
11:59.438  render           | Saved: 'C:\Users\ljh\tralalero Shooter\outputs\reststop-blender-300s-2026-09-23\frames\frame-05299.jpg'
12:00.109  render           | Saved: 'C:\Users\ljh\tralalero Shooter\outputs\reststop-blender-300s-2026-09-23\frames\frame-05300.jpg'
12:00.703  render           | Saved: 'C:\Users\ljh\tralalero Shooter\outputs\reststop-blender-300s-2026-09-23\frames\frame-05301.jpg'
12:01.281  render           | Saved: 'C:\Users\ljh\tralalero Shooter\outputs\reststop-blender-300s-2026-09-23\frames\frame-05302.jpg'
PROGRESS {"frame": 5302, "end": 7200, "rendered": 1512, "elapsed": 720.1148788928986, "last_24_mean": 0.6074065466721853, "width": 1280, "engine": "BLENDER_EEVEE", "step": 1}
12:01.891  render           | Saved: 'C:\Users\ljh\tralalero Shooter\outputs\reststop-blender-300s-2026-09-23\frames\frame-05303.jpg'
12:02.547  render           | Saved: 'C:\Users\ljh\tralalero Shooter\outputs\reststop-blender-300s-2026-09-23\frames\frame-05304.jpg'
12:03.172  render           | Saved: 'C:\Users\ljh\tralalero Shooter\outputs\reststop-blender-300s-2026-09-23\frames\frame-05305.jpg'
12:03.750  render           | Saved: 'C:\Users\ljh\tralalero Shooter\outputs\reststop-blender-300s-2026-09-23\frames\frame-05306.jpg'
12:04.313  render           | Saved: 'C:\Users\ljh\tralalero Shooter\outputs\reststop-blender-300s-2026-09-23\frames\frame-05307.jpg'
12:04.859  render           | Saved: 'C:\Users\ljh\tralalero Shooter\outputs\reststop-blender-300s-2026-09-23\frames\frame-05308.jpg'
12:05.453  render           | Saved: 'C:\Users\ljh\tralalero Shooter\outputs\reststop-blender-300s-2026-09-23\frames\frame-05309.jpg'
12:06.094  render           | Saved: 'C:\Users\ljh\tralalero Shooter\outputs\reststop-blender-300s-2026-09-23\frames\frame-05310.jpg'
12:06.672  render           | Saved: 'C:\Users\ljh\tralalero Shooter\outputs\reststop-blender-300s-2026-09-23\frames\frame-05311.jpg'
12:07.297  render           | Saved: 'C:\Users\ljh\tralalero Shooter\outputs\reststop-blender-300s-2026-09-23\frames\frame-05312.jpg'
12:07.891  render           | Saved: 'C:\Users\ljh\tralalero Shooter\outputs\reststop-blender-300s-2026-09-23\frames\frame-05313.jpg'
12:08.453  render           | Saved: 'C:\Users\ljh\tralalero Shooter\outputs\reststop-blender-300s-2026-09-23\frames\frame-05314.jpg'
12:09.063  render           | Saved: 'C:\Users\ljh\tralalero Shooter\outputs\reststop-blender-300s-2026-09-23\frames\frame-05315.jpg'
12:09.688  render           | Saved: 'C:\Users\ljh\tralalero Shooter\outputs\reststop-blender-300s-2026-09-23\frames\frame-05316.jpg'
12:10.281  render           | Saved: 'C:\Users\ljh\tralalero Shooter\outputs\reststop-blender-300s-2026-09-23\frames\frame-05317.jpg'
12:10.875  render           | Saved: 'C:\Users\ljh\tralalero Shooter\outputs\reststop-blender-300s-2026-09-23\frames\frame-05318.jpg'
12:11.438  render           | Saved: 'C:\Users\ljh\tralalero Shooter\outputs\reststop-blender-300s-2026-09-23\frames\frame-05319.jpg'
12:12.016  render           | Saved: 'C:\Users\ljh\tralalero Shooter\outputs\reststop-blender-300s-2026-09-23\frames\frame-05320.jpg'
12:12.609  render           | Saved: 'C:\Users\ljh\tralalero Shooter\outputs\reststop-blender-300s-2026-09-23\frames\frame-05321.jpg'
12:13.172  render           | Saved: 'C:\Users\ljh\tralalero Shooter\outputs\reststop-blender-300s-2026-09-23\frames\frame-05322.jpg'
12:13.734  render           | Saved: 'C:\Users\ljh\tralalero Shooter\outputs\reststop-blender-300s-2026-09-23\frames\frame-05323.jpg'
12:14.313  render           | Saved: 'C:\Users\ljh\tralalero Shooter\outputs\reststop-blender-300s-2026-09-23\frames\frame-05324.jpg'
12:14.875  render           | Saved: 'C:\Users\ljh\tralalero Shooter\outputs\reststop-blender-300s-2026-09-23\frames\frame-05325.jpg'
12:15.453  render           | Saved: 'C:\Users\ljh\tralalero Shooter\outputs\reststop-blender-300s-2026-09-23\frames\frame-05326.jpg'
PROGRESS {"frame": 5326, "end": 7200, "rendered": 1536, "elapsed": 734.2770173549652, "last_24_mean": 0.5898367365201315, "width": 1280, "engine": "BLENDER_EEVEE", "step": 1}
12:16.016  render           | Saved: 'C:\Users\ljh\tralalero Shooter\outputs\reststop-blender-300s-2026-09-23\frames\frame-05327.jpg'
12:16.547  render           | Saved: 'C:\Users\ljh\tralalero Shooter\outputs\reststop-blender-300s-2026-09-23\frames\frame-05328.jpg'
12:17.094  render           | Saved: 'C:\Users\ljh\tralalero Shooter\outputs\reststop-blender-300s-2026-09-23\frames\frame-05329.jpg'
12:17.656  render           | Saved: 'C:\Users\ljh\tralalero Shooter\outputs\reststop-blender-300s-2026-09-23\frames\frame-05330.jpg'
12:18.203  render           | Saved: 'C:\Users\ljh\tralalero Shooter\outputs\reststop-blender-300s-2026-09-23\frames\frame-05331.jpg'
12:18.750  render           | Saved: 'C:\Users\ljh\tralalero Shooter\outputs\reststop-blender-300s-2026-09-23\frames\frame-05332.jpg'
12:19.297  render           | Saved: 'C:\Users\ljh\tralalero Shooter\outputs\reststop-blender-300s-2026-09-23\frames\frame-05333.jpg'
12:19.828  render           | Saved: 'C:\Users\ljh\tralalero Shooter\outputs\reststop-blender-300s-2026-09-23\frames\frame-05334.jpg'
12:20.391  render           | Saved: 'C:\Users\ljh\tralalero Shooter\outputs\reststop-blender-300s-2026-09-23\frames\frame-05335.jpg'
12:20.938  render           | Saved: 'C:\Users\ljh\tralalero Shooter\outputs\reststop-blender-300s-2026-09-23\frames\frame-05336.jpg'
12:21.516  render           | Saved: 'C:\Users\ljh\tralalero Shooter\outputs\reststop-blender-300s-2026-09-23\frames\frame-05337.jpg'
12:22.078  render           | Saved: 'C:\Users\ljh\tralalero Shooter\outputs\reststop-blender-300s-2026-09-23\frames\frame-05338.jpg'
12:22.672  render           | Saved: 'C:\Users\ljh\tralalero Shooter\outputs\reststop-blender-300s-2026-09-23\frames\frame-05339.jpg'
12:23.250  render           | Saved: 'C:\Users\ljh\tralalero Shooter\outputs\reststop-blender-300s-2026-09-23\frames\frame-05340.jpg'
12:23.797  render           | Saved: 'C:\Users\ljh\tralalero Shooter\outputs\reststop-blender-300s-2026-09-23\frames\frame-05341.jpg'
12:24.359  render           | Saved: 'C:\Users\ljh\tralalero Shooter\outputs\reststop-blender-300s-2026-09-23\frames\frame-05342.jpg'
12:24.922  render           | Saved: 'C:\Users\ljh\tralalero Shooter\outputs\reststop-blender-300s-2026-09-23\frames\frame-05343.jpg'
12:25.469  render           | Saved: 'C:\Users\ljh\tralalero Shooter\outputs\reststop-blender-300s-2026-09-23\frames\frame-05344.jpg'
12:26.031  render           | Saved: 'C:\Users\ljh\tralalero Shooter\outputs\reststop-blender-300s-2026-09-23\frames\frame-05345.jpg'
12:26.625  render           | Saved: 'C:\Users\ljh\tralalero Shooter\outputs\reststop-blender-300s-2026-09-23\frames\frame-05346.jpg'
12:27.172  render           | Saved: 'C:\Users\ljh\tralalero Shooter\outputs\reststop-blender-300s-2026-09-23\frames\frame-05347.jpg'
12:27.750  render           | Saved: 'C:\Users\ljh\tralalero Shooter\outputs\reststop-blender-300s-2026-09-23\frames\frame-05348.jpg'
12:28.313  render           | Saved: 'C:\Users\ljh\tralalero Shooter\outputs\reststop-blender-300s-2026-09-23\frames\frame-05349.jpg'
12:28.859  render           | Saved: 'C:\Users\ljh\tralalero Shooter\outputs\reststop-blender-300s-2026-09-23\frames\frame-05350.jpg'
PROGRESS {"frame": 5350, "end": 7200, "rendered": 1560, "elapsed": 747.6918632984161, "last_24_mean": 0.5587383210659027, "width": 1280, "engine": "BLENDER_EEVEE", "step": 1}
12:29.438  render           | Saved: 'C:\Users\ljh\tralalero Shooter\outputs\reststop-blender-300s-2026-09-23\frames\frame-05351.jpg'
12:30.000  render           | Saved: 'C:\Users\ljh\tralalero Shooter\outputs\reststop-blender-300s-2026-09-23\frames\frame-05352.jpg'
12:30.563  render           | Saved: 'C:\Users\ljh\tralalero Shooter\outputs\reststop-blender-300s-2026-09-23\frames\frame-05353.jpg'
12:31.109  render           | Saved: 'C:\Users\ljh\tralalero Shooter\outputs\reststop-blender-300s-2026-09-23\frames\frame-05354.jpg'
12:31.688  render           | Saved: 'C:\Users\ljh\tralalero Shooter\outputs\reststop-blender-300s-2026-09-23\frames\frame-05355.jpg'
12:32.250  render           | Saved: 'C:\Users\ljh\tralalero Shooter\outputs\reststop-blender-300s-2026-09-23\frames\frame-05356.jpg'
12:32.813  render           | Saved: 'C:\Users\ljh\tralalero Shooter\outputs\reststop-blender-300s-2026-09-23\frames\frame-05357.jpg'
12:33.359  render           | Saved: 'C:\Users\ljh\tralalero Shooter\outputs\reststop-blender-300s-2026-09-23\frames\frame-05358.jpg'
12:33.938  render           | Saved: 'C:\Users\ljh\tralalero Shooter\outputs\reststop-blender-300s-2026-09-23\frames\frame-05359.jpg'
12:34.500  render           | Saved: 'C:\Users\ljh\tralalero Shooter\outputs\reststop-blender-300s-2026-09-23\frames\frame-05360.jpg'
12:35.047  render           | Saved: 'C:\Users\ljh\tralalero Shooter\outputs\reststop-blender-300s-2026-09-23\frames\frame-05361.jpg'
12:35.594  render           | Saved: 'C:\Users\ljh\tralalero Shooter\outputs\reststop-blender-300s-2026-09-23\frames\frame-05362.jpg'
12:36.156  render           | Saved: 'C:\Users\ljh\tralalero Shooter\outputs\reststop-blender-300s-2026-09-23\frames\frame-05363.jpg'
12:36.719  render           | Saved: 'C:\Users\ljh\tralalero Shooter\outputs\reststop-blender-300s-2026-09-23\frames\frame-05364.jpg'
12:37.266  render           | Saved: 'C:\Users\ljh\tralalero Shooter\outputs\reststop-blender-300s-2026-09-23\frames\frame-05365.jpg'
12:37.828  render           | Saved: 'C:\Users\ljh\tralalero Shooter\outputs\reststop-blender-300s-2026-09-23\frames\frame-05366.jpg'
12:38.375  render           | Saved: 'C:\Users\ljh\tralalero Shooter\outputs\reststop-blender-300s-2026-09-23\frames\frame-05367.jpg'
12:38.922  render           | Saved: 'C:\Users\ljh\tralalero Shooter\outputs\reststop-blender-300s-2026-09-23\frames\frame-05368.jpg'
12:39.484  render           | Saved: 'C:\Users\ljh\tralalero Shooter\outputs\reststop-blender-300s-2026-09-23\frames\frame-05369.jpg'
12:40.031  render           | Saved: 'C:\Users\ljh\tralalero Shooter\outputs\reststop-blender-300s-2026-09-23\frames\frame-05370.jpg'
12:40.594  render           | Saved: 'C:\Users\ljh\tralalero Shooter\outputs\reststop-blender-300s-2026-09-23\frames\frame-05371.jpg'
12:41.141  render           | Saved: 'C:\Users\ljh\tralalero Shooter\outputs\reststop-blender-300s-2026-09-23\frames\frame-05372.jpg'
12:41.734  render           | Saved: 'C:\Users\ljh\tralalero Shooter\outputs\reststop-blender-300s-2026-09-23\frames\frame-05373.jpg'
12:42.281  render           | Saved: 'C:\Users\ljh\tralalero Shooter\outputs\reststop-blender-300s-2026-09-23\frames\frame-05374.jpg'
PROGRESS {"frame": 5374, "end": 7200, "rendered": 1584, "elapsed": 761.108247756958, "last_24_mean": 0.55879278977712, "width": 1280, "engine": "BLENDER_EEVEE", "step": 1}
12:42.844  render           | Saved: 'C:\Users\ljh\tralalero Shooter\outputs\reststop-blender-300s-2026-09-23\frames\frame-05375.jpg'
12:43.391  render           | Saved: 'C:\Users\ljh\tralalero Shooter\outputs\reststop-blender-300s-2026-09-23\frames\frame-05376.jpg'
12:43.969  render           | Saved: 'C:\Users\ljh\tralalero Shooter\outputs\reststop-blender-300s-2026-09-23\frames\frame-05377.jpg'
12:44.531  render           | Saved: 'C:\Users\ljh\tralalero Shooter\outputs\reststop-blender-300s-2026-09-23\frames\frame-05378.jpg'
12:45.078  render           | Saved: 'C:\Users\ljh\tralalero Shooter\outputs\reststop-blender-300s-2026-09-23\frames\frame-05379.jpg'
12:45.641  render           | Saved: 'C:\Users\ljh\tralalero Shooter\outputs\reststop-blender-300s-2026-09-23\frames\frame-05380.jpg'
12:46.188  render           | Saved: 'C:\Users\ljh\tralalero Shooter\outputs\reststop-blender-300s-2026-09-23\frames\frame-05381.jpg'
12:46.750  render           | Saved: 'C:\Users\ljh\tralalero Shooter\outputs\reststop-blender-300s-2026-09-23\frames\frame-05382.jpg'
12:47.297  render           | Saved: 'C:\Users\ljh\tralalero Shooter\outputs\reststop-blender-300s-2026-09-23\frames\frame-05383.jpg'
12:47.844  render           | Saved: 'C:\Users\ljh\tralalero Shooter\outputs\reststop-blender-300s-2026-09-23\frames\frame-05384.jpg'
12:48.391  render           | Saved: 'C:\Users\ljh\tralalero Shooter\outputs\reststop-blender-300s-2026-09-23\frames\frame-05385.jpg'
12:48.953  render           | Saved: 'C:\Users\ljh\tralalero Shooter\outputs\reststop-blender-300s-2026-09-23\frames\frame-05386.jpg'
12:49.531  render           | Saved: 'C:\Users\ljh\tralalero Shooter\outputs\reststop-blender-300s-2026-09-23\frames\frame-05387.jpg'
12:50.078  render           | Saved: 'C:\Users\ljh\tralalero Shooter\outputs\reststop-blender-300s-2026-09-23\frames\frame-05388.jpg'
12:50.641  render           | Saved: 'C:\Users\ljh\tralalero Shooter\outputs\reststop-blender-300s-2026-09-23\frames\frame-05389.jpg'
12:51.203  render           | Saved: 'C:\Users\ljh\tralalero Shooter\outputs\reststop-blender-300s-2026-09-23\frames\frame-05390.jpg'
12:51.781  render           | Saved: 'C:\Users\ljh\tralalero Shooter\outputs\reststop-blender-300s-2026-09-23\frames\frame-05391.jpg'
12:52.328  render           | Saved: 'C:\Users\ljh\tralalero Shooter\outputs\reststop-blender-300s-2026-09-23\frames\frame-05392.jpg'
12:52.922  render           | Saved: 'C:\Users\ljh\tralalero Shooter\outputs\reststop-blender-300s-2026-09-23\frames\frame-05393.jpg'
12:53.469  render           | Saved: 'C:\Users\ljh\tralalero Shooter\outputs\reststop-blender-300s-2026-09-23\frames\frame-05394.jpg'
12:54.031  render           | Saved: 'C:\Users\ljh\tralalero Shooter\outputs\reststop-blender-300s-2026-09-23\frames\frame-05395.jpg'
12:54.578  render           | Saved: 'C:\Users\ljh\tralalero Shooter\outputs\reststop-blender-300s-2026-09-23\frames\frame-05396.jpg'
12:55.141  render           | Saved: 'C:\Users\ljh\tralalero Shooter\outputs\reststop-blender-300s-2026-09-23\frames\frame-05397.jpg'
12:55.688  render           | Saved: 'C:\Users\ljh\tralalero Shooter\outputs\reststop-blender-300s-2026-09-23\frames\frame-05398.jpg'
PROGRESS {"frame": 5398, "end": 7200, "rendered": 1608, "elapsed": 774.5123913288116, "last_24_mean": 0.5582683682441711, "width": 1280, "engine": "BLENDER_EEVEE", "step": 1}
12:56.234  render           | Saved: 'C:\Users\ljh\tralalero Shooter\outputs\reststop-blender-300s-2026-09-23\frames\frame-05399.jpg'
12:56.813  render           | Saved: 'C:\Users\ljh\tralalero Shooter\outputs\reststop-blender-300s-2026-09-23\frames\frame-05400.jpg'
12:57.375  render           | Saved: 'C:\Users\ljh\tralalero Shooter\outputs\reststop-blender-300s-2026-09-23\frames\frame-05401.jpg'
12:57.938  render           | Saved: 'C:\Users\ljh\tralalero Shooter\outputs\reststop-blender-300s-2026-09-23\frames\frame-05402.jpg'
12:58.500  render           | Saved: 'C:\Users\ljh\tralalero Shooter\outputs\reststop-blender-300s-2026-09-23\frames\frame-05403.jpg'
12:59.063  render           | Saved: 'C:\Users\ljh\tralalero Shooter\outputs\reststop-blender-300s-2026-09-23\frames\frame-05404.jpg'
12:59.625  render           | Saved: 'C:\Users\ljh\tralalero Shooter\outputs\reststop-blender-300s-2026-09-23\frames\frame-05405.jpg'
13:00.172  render           | Saved: 'C:\Users\ljh\tralalero Shooter\outputs\reststop-blender-300s-2026-09-23\frames\frame-05406.jpg'
13:00.734  render           | Saved: 'C:\Users\ljh\tralalero Shooter\outputs\reststop-blender-300s-2026-09-23\frames\frame-05407.jpg'
13:01.281  render           | Saved: 'C:\Users\ljh\tralalero Shooter\outputs\reststop-blender-300s-2026-09-23\frames\frame-05408.jpg'
13:01.859  render           | Saved: 'C:\Users\ljh\tralalero Shooter\outputs\reststop-blender-300s-2026-09-23\frames\frame-05409.jpg'
13:02.391  render           | Saved: 'C:\Users\ljh\tralalero Shooter\outputs\reststop-blender-300s-2026-09-23\frames\frame-05410.jpg'
13:02.953  render           | Saved: 'C:\Users\ljh\tralalero Shooter\outputs\reststop-blender-300s-2026-09-23\frames\frame-05411.jpg'
13:03.500  render           | Saved: 'C:\Users\ljh\tralalero Shooter\outputs\reststop-blender-300s-2026-09-23\frames\frame-05412.jpg'
13:04.109  render           | Saved: 'C:\Users\ljh\tralalero Shooter\outputs\reststop-blender-300s-2026-09-23\frames\frame-05413.jpg'
13:04.672  render           | Saved: 'C:\Users\ljh\tralalero Shooter\outputs\reststop-blender-300s-2026-09-23\frames\frame-05414.jpg'
13:05.234  render           | Saved: 'C:\Users\ljh\tralalero Shooter\outputs\reststop-blender-300s-2026-09-23\frames\frame-05415.jpg'
13:05.813  render           | Saved: 'C:\Users\ljh\tralalero Shooter\outputs\reststop-blender-300s-2026-09-23\frames\frame-05416.jpg'
13:06.375  render           | Saved: 'C:\Users\ljh\tralalero Shooter\outputs\reststop-blender-300s-2026-09-23\frames\frame-05417.jpg'
13:06.938  render           | Saved: 'C:\Users\ljh\tralalero Shooter\outputs\reststop-blender-300s-2026-09-23\frames\frame-05418.jpg'
13:07.500  render           | Saved: 'C:\Users\ljh\tralalero Shooter\outputs\reststop-blender-300s-2026-09-23\frames\frame-05419.jpg'
13:08.047  render           | Saved: 'C:\Users\ljh\tralalero Shooter\outputs\reststop-blender-300s-2026-09-23\frames\frame-05420.jpg'
13:08.609  render           | Saved: 'C:\Users\ljh\tralalero Shooter\outputs\reststop-blender-300s-2026-09-23\frames\frame-05421.jpg'
13:09.172  render           | Saved: 'C:\Users\ljh\tralalero Shooter\outputs\reststop-blender-300s-2026-09-23\frames\frame-05422.jpg'
PROGRESS {"frame": 5422, "end": 7200, "rendered": 1632, "elapsed": 788.0027101039886, "last_24_mean": 0.5618660847345988, "width": 1280, "engine": "BLENDER_EEVEE", "step": 1}
13:09.734  render           | Saved: 'C:\Users\ljh\tralalero Shooter\outputs\reststop-blender-300s-2026-09-23\frames\frame-05423.jpg'
13:10.344  render           | Saved: 'C:\Users\ljh\tralalero Shooter\outputs\reststop-blender-300s-2026-09-23\frames\frame-05424.jpg'
13:10.953  render           | Saved: 'C:\Users\ljh\tralalero Shooter\outputs\reststop-blender-300s-2026-09-23\frames\frame-05425.jpg'
13:11.594  render           | Saved: 'C:\Users\ljh\tralalero Shooter\outputs\reststop-blender-300s-2026-09-23\frames\frame-05426.jpg'
13:12.172  render           | Saved: 'C:\Users\ljh\tralalero Shooter\outputs\reststop-blender-300s-2026-09-23\frames\frame-05427.jpg'
13:12.734  render           | Saved: 'C:\Users\ljh\tralalero Shooter\outputs\reststop-blender-300s-2026-09-23\frames\frame-05428.jpg'
13:13.313  render           | Saved: 'C:\Users\ljh\tralalero Shooter\outputs\reststop-blender-300s-2026-09-23\frames\frame-05429.jpg'
13:13.891  render           | Saved: 'C:\Users\ljh\tralalero Shooter\outputs\reststop-blender-300s-2026-09-23\frames\frame-05430.jpg'
13:14.438  render           | Saved: 'C:\Users\ljh\tralalero Shooter\outputs\reststop-blender-300s-2026-09-23\frames\frame-05431.jpg'
13:15.000  render           | Saved: 'C:\Users\ljh\tralalero Shooter\outputs\reststop-blender-300s-2026-09-23\frames\frame-05432.jpg'
13:15.547  render           | Saved: 'C:\Users\ljh\tralalero Shooter\outputs\reststop-blender-300s-2026-09-23\frames\frame-05433.jpg'
13:16.125  render           | Saved: 'C:\Users\ljh\tralalero Shooter\outputs\reststop-blender-300s-2026-09-23\frames\frame-05434.jpg'
13:16.688  render           | Saved: 'C:\Users\ljh\tralalero Shooter\outputs\reststop-blender-300s-2026-09-23\frames\frame-05435.jpg'
13:17.281  render           | Saved: 'C:\Users\ljh\tralalero Shooter\outputs\reststop-blender-300s-2026-09-23\frames\frame-05436.jpg'
13:17.906  render           | Saved: 'C:\Users\ljh\tralalero Shooter\outputs\reststop-blender-300s-2026-09-23\frames\frame-05437.jpg'
13:18.578  render           | Saved: 'C:\Users\ljh\tralalero Shooter\outputs\reststop-blender-300s-2026-09-23\frames\frame-05438.jpg'
13:19.281  render           | Saved: 'C:\Users\ljh\tralalero Shooter\outputs\reststop-blender-300s-2026-09-23\frames\frame-05439.jpg'
13:19.875  render           | Saved: 'C:\Users\ljh\tralalero Shooter\outputs\reststop-blender-300s-2026-09-23\frames\frame-05440.jpg'
13:20.438  render           | Saved: 'C:\Users\ljh\tralalero Shooter\outputs\reststop-blender-300s-2026-09-23\frames\frame-05441.jpg'
13:20.984  render           | Saved: 'C:\Users\ljh\tralalero Shooter\outputs\reststop-blender-300s-2026-09-23\frames\frame-05442.jpg'
13:21.563  render           | Saved: 'C:\Users\ljh\tralalero Shooter\outputs\reststop-blender-300s-2026-09-23\frames\frame-05443.jpg'
13:22.203  render           | Saved: 'C:\Users\ljh\tralalero Shooter\outputs\reststop-blender-300s-2026-09-23\frames\frame-05444.jpg'
13:22.844  render           | Saved: 'C:\Users\ljh\tralalero Shooter\outputs\reststop-blender-300s-2026-09-23\frames\frame-05445.jpg'
13:23.422  render           | Saved: 'C:\Users\ljh\tralalero Shooter\outputs\reststop-blender-300s-2026-09-23\frames\frame-05446.jpg'
PROGRESS {"frame": 5446, "end": 7200, "rendered": 1656, "elapsed": 802.2674148082733, "last_24_mean": 0.5941197375456492, "width": 1280, "engine": "BLENDER_EEVEE", "step": 1}
13:24.031  render           | Saved: 'C:\Users\ljh\tralalero Shooter\outputs\reststop-blender-300s-2026-09-23\frames\frame-05447.jpg'
13:24.594  render           | Saved: 'C:\Users\ljh\tralalero Shooter\outputs\reststop-blender-300s-2026-09-23\frames\frame-05448.jpg'
13:25.188  render           | Saved: 'C:\Users\ljh\tralalero Shooter\outputs\reststop-blender-300s-2026-09-23\frames\frame-05449.jpg'
13:25.813  render           | Saved: 'C:\Users\ljh\tralalero Shooter\outputs\reststop-blender-300s-2026-09-23\frames\frame-05450.jpg'
13:26.422  render           | Saved: 'C:\Users\ljh\tralalero Shooter\outputs\reststop-blender-300s-2026-09-23\frames\frame-05451.jpg'
13:27.016  render           | Saved: 'C:\Users\ljh\tralalero Shooter\outputs\reststop-blender-300s-2026-09-23\frames\frame-05452.jpg'
13:27.609  render           | Saved: 'C:\Users\ljh\tralalero Shooter\outputs\reststop-blender-300s-2026-09-23\frames\frame-05453.jpg'
13:28.234  render           | Saved: 'C:\Users\ljh\tralalero Shooter\outputs\reststop-blender-300s-2026-09-23\frames\frame-05454.jpg'
13:28.844  render           | Saved: 'C:\Users\ljh\tralalero Shooter\outputs\reststop-blender-300s-2026-09-23\frames\frame-05455.jpg'
13:29.406  render           | Saved: 'C:\Users\ljh\tralalero Shooter\outputs\reststop-blender-300s-2026-09-23\frames\frame-05456.jpg'
13:30.000  render           | Saved: 'C:\Users\ljh\tralalero Shooter\outputs\reststop-blender-300s-2026-09-23\frames\frame-05457.jpg'
13:30.578  render           | Saved: 'C:\Users\ljh\tralalero Shooter\outputs\reststop-blender-300s-2026-09-23\frames\frame-05458.jpg'
13:31.172  render           | Saved: 'C:\Users\ljh\tralalero Shooter\outputs\reststop-blender-300s-2026-09-23\frames\frame-05459.jpg'
13:31.750  render           | Saved: 'C:\Users\ljh\tralalero Shooter\outputs\reststop-blender-300s-2026-09-23\frames\frame-05460.jpg'
13:32.328  render           | Saved: 'C:\Users\ljh\tralalero Shooter\outputs\reststop-blender-300s-2026-09-23\frames\frame-05461.jpg'
13:32.922  render           | Saved: 'C:\Users\ljh\tralalero Shooter\outputs\reststop-blender-300s-2026-09-23\frames\frame-05462.jpg'
13:33.516  render           | Saved: 'C:\Users\ljh\tralalero Shooter\outputs\reststop-blender-300s-2026-09-23\frames\frame-05463.jpg'
13:34.094  render           | Saved: 'C:\Users\ljh\tralalero Shooter\outputs\reststop-blender-300s-2026-09-23\frames\frame-05464.jpg'
13:34.672  render           | Saved: 'C:\Users\ljh\tralalero Shooter\outputs\reststop-blender-300s-2026-09-23\frames\frame-05465.jpg'
13:35.266  render           | Saved: 'C:\Users\ljh\tralalero Shooter\outputs\reststop-blender-300s-2026-09-23\frames\frame-05466.jpg'
13:35.844  render           | Saved: 'C:\Users\ljh\tralalero Shooter\outputs\reststop-blender-300s-2026-09-23\frames\frame-05467.jpg'
13:36.422  render           | Saved: 'C:\Users\ljh\tralalero Shooter\outputs\reststop-blender-300s-2026-09-23\frames\frame-05468.jpg'
13:37.016  render           | Saved: 'C:\Users\ljh\tralalero Shooter\outputs\reststop-blender-300s-2026-09-23\frames\frame-05469.jpg'
13:37.609  render           | Saved: 'C:\Users\ljh\tralalero Shooter\outputs\reststop-blender-300s-2026-09-23\frames\frame-05470.jpg'
PROGRESS {"frame": 5470, "end": 7200, "rendered": 1680, "elapsed": 816.4595935344696, "last_24_mean": 0.591107040643692, "width": 1280, "engine": "BLENDER_EEVEE", "step": 1}
13:38.219  render           | Saved: 'C:\Users\ljh\tralalero Shooter\outputs\reststop-blender-300s-2026-09-23\frames\frame-05471.jpg'
13:38.797  render           | Saved: 'C:\Users\ljh\tralalero Shooter\outputs\reststop-blender-300s-2026-09-23\frames\frame-05472.jpg'
13:39.391  render           | Saved: 'C:\Users\ljh\tralalero Shooter\outputs\reststop-blender-300s-2026-09-23\frames\frame-05473.jpg'
13:39.969  render           | Saved: 'C:\Users\ljh\tralalero Shooter\outputs\reststop-blender-300s-2026-09-23\frames\frame-05474.jpg'
13:40.547  render           | Saved: 'C:\Users\ljh\tralalero Shooter\outputs\reststop-blender-300s-2026-09-23\frames\frame-05475.jpg'
13:41.141  render           | Saved: 'C:\Users\ljh\tralalero Shooter\outputs\reststop-blender-300s-2026-09-23\frames\frame-05476.jpg'
13:41.734  render           | Saved: 'C:\Users\ljh\tralalero Shooter\outputs\reststop-blender-300s-2026-09-23\frames\frame-05477.jpg'
13:42.328  render           | Saved: 'C:\Users\ljh\tralalero Shooter\outputs\reststop-blender-300s-2026-09-23\frames\frame-05478.jpg'
13:42.922  render           | Saved: 'C:\Users\ljh\tralalero Shooter\outputs\reststop-blender-300s-2026-09-23\frames\frame-05479.jpg'
13:43.500  render           | Saved: 'C:\Users\ljh\tralalero Shooter\outputs\reststop-blender-300s-2026-09-23\frames\frame-05480.jpg'
13:44.094  render           | Saved: 'C:\Users\ljh\tralalero Shooter\outputs\reststop-blender-300s-2026-09-23\frames\frame-05481.jpg'
13:44.672  render           | Saved: 'C:\Users\ljh\tralalero Shooter\outputs\reststop-blender-300s-2026-09-23\frames\frame-05482.jpg'
13:45.281  render           | Saved: 'C:\Users\ljh\tralalero Shooter\outputs\reststop-blender-300s-2026-09-23\frames\frame-05483.jpg'
13:45.859  render           | Saved: 'C:\Users\ljh\tralalero Shooter\outputs\reststop-blender-300s-2026-09-23\frames\frame-05484.jpg'
13:46.469  render           | Saved: 'C:\Users\ljh\tralalero Shooter\outputs\reststop-blender-300s-2026-09-23\frames\frame-05485.jpg'
13:47.047  render           | Saved: 'C:\Users\ljh\tralalero Shooter\outputs\reststop-blender-300s-2026-09-23\frames\frame-05486.jpg'
13:47.625  render           | Saved: 'C:\Users\ljh\tralalero Shooter\outputs\reststop-blender-300s-2026-09-23\frames\frame-05487.jpg'
13:48.219  render           | Saved: 'C:\Users\ljh\tralalero Shooter\outputs\reststop-blender-300s-2026-09-23\frames\frame-05488.jpg'
13:48.828  render           | Saved: 'C:\Users\ljh\tralalero Shooter\outputs\reststop-blender-300s-2026-09-23\frames\frame-05489.jpg'
13:49.406  render           | Saved: 'C:\Users\ljh\tralalero Shooter\outputs\reststop-blender-300s-2026-09-23\frames\frame-05490.jpg'
13:49.984  render           | Saved: 'C:\Users\ljh\tralalero Shooter\outputs\reststop-blender-300s-2026-09-23\frames\frame-05491.jpg'
13:50.547  render           | Saved: 'C:\Users\ljh\tralalero Shooter\outputs\reststop-blender-300s-2026-09-23\frames\frame-05492.jpg'
13:51.141  render           | Saved: 'C:\Users\ljh\tralalero Shooter\outputs\reststop-blender-300s-2026-09-23\frames\frame-05493.jpg'
13:51.719  render           | Saved: 'C:\Users\ljh\tralalero Shooter\outputs\reststop-blender-300s-2026-09-23\frames\frame-05494.jpg'
PROGRESS {"frame": 5494, "end": 7200, "rendered": 1704, "elapsed": 830.5443651676178, "last_24_mean": 0.5866499543190002, "width": 1280, "engine": "BLENDER_EEVEE", "step": 1}
13:52.297  render           | Saved: 'C:\Users\ljh\tralalero Shooter\outputs\reststop-blender-300s-2026-09-23\frames\frame-05495.jpg'
13:52.891  render           | Saved: 'C:\Users\ljh\tralalero Shooter\outputs\reststop-blender-300s-2026-09-23\frames\frame-05496.jpg'
13:53.484  render           | Saved: 'C:\Users\ljh\tralalero Shooter\outputs\reststop-blender-300s-2026-09-23\frames\frame-05497.jpg'
13:54.031  render           | Saved: 'C:\Users\ljh\tralalero Shooter\outputs\reststop-blender-300s-2026-09-23\frames\frame-05498.jpg'
13:54.625  render           | Saved: 'C:\Users\ljh\tralalero Shooter\outputs\reststop-blender-300s-2026-09-23\frames\frame-05499.jpg'
13:55.188  render           | Saved: 'C:\Users\ljh\tralalero Shooter\outputs\reststop-blender-300s-2026-09-23\frames\frame-05500.jpg'
13:55.781  render           | Saved: 'C:\Users\ljh\tralalero Shooter\outputs\reststop-blender-300s-2026-09-23\frames\frame-05501.jpg'
13:56.359  render           | Saved: 'C:\Users\ljh\tralalero Shooter\outputs\reststop-blender-300s-2026-09-23\frames\frame-05502.jpg'
13:56.922  render           | Saved: 'C:\Users\ljh\tralalero Shooter\outputs\reststop-blender-300s-2026-09-23\frames\frame-05503.jpg'
13:57.469  render           | Saved: 'C:\Users\ljh\tralalero Shooter\outputs\reststop-blender-300s-2026-09-23\frames\frame-05504.jpg'
13:58.047  render           | Saved: 'C:\Users\ljh\tralalero Shooter\outputs\reststop-blender-300s-2026-09-23\frames\frame-05505.jpg'
13:58.609  render           | Saved: 'C:\Users\ljh\tralalero Shooter\outputs\reststop-blender-300s-2026-09-23\frames\frame-05506.jpg'
13:59.188  render           | Saved: 'C:\Users\ljh\tralalero Shooter\outputs\reststop-blender-300s-2026-09-23\frames\frame-05507.jpg'
13:59.734  render           | Saved: 'C:\Users\ljh\tralalero Shooter\outputs\reststop-blender-300s-2026-09-23\frames\frame-05508.jpg'
14:00.313  render           | Saved: 'C:\Users\ljh\tralalero Shooter\outputs\reststop-blender-300s-2026-09-23\frames\frame-05509.jpg'
14:00.875  render           | Saved: 'C:\Users\ljh\tralalero Shooter\outputs\reststop-blender-300s-2026-09-23\frames\frame-05510.jpg'
14:01.484  render           | Saved: 'C:\Users\ljh\tralalero Shooter\outputs\reststop-blender-300s-2026-09-23\frames\frame-05511.jpg'
14:02.047  render           | Saved: 'C:\Users\ljh\tralalero Shooter\outputs\reststop-blender-300s-2026-09-23\frames\frame-05512.jpg'
14:02.609  render           | Saved: 'C:\Users\ljh\tralalero Shooter\outputs\reststop-blender-300s-2026-09-23\frames\frame-05513.jpg'
14:03.172  render           | Saved: 'C:\Users\ljh\tralalero Shooter\outputs\reststop-blender-300s-2026-09-23\frames\frame-05514.jpg'
14:03.734  render           | Saved: 'C:\Users\ljh\tralalero Shooter\outputs\reststop-blender-300s-2026-09-23\frames\frame-05515.jpg'
14:04.328  render           | Saved: 'C:\Users\ljh\tralalero Shooter\outputs\reststop-blender-300s-2026-09-23\frames\frame-05516.jpg'
14:04.891  render           | Saved: 'C:\Users\ljh\tralalero Shooter\outputs\reststop-blender-300s-2026-09-23\frames\frame-05517.jpg'
14:05.484  render           | Saved: 'C:\Users\ljh\tralalero Shooter\outputs\reststop-blender-300s-2026-09-23\frames\frame-05518.jpg'
PROGRESS {"frame": 5518, "end": 7200, "rendered": 1728, "elapsed": 844.3070907592773, "last_24_mean": 0.573216438293457, "width": 1280, "engine": "BLENDER_EEVEE", "step": 1}
14:06.063  render           | Saved: 'C:\Users\ljh\tralalero Shooter\outputs\reststop-blender-300s-2026-09-23\frames\frame-05519.jpg'
14:06.641  render           | Saved: 'C:\Users\ljh\tralalero Shooter\outputs\reststop-blender-300s-2026-09-23\frames\frame-05520.jpg'
14:07.219  render           | Saved: 'C:\Users\ljh\tralalero Shooter\outputs\reststop-blender-300s-2026-09-23\frames\frame-05521.jpg'
14:07.813  render           | Saved: 'C:\Users\ljh\tralalero Shooter\outputs\reststop-blender-300s-2026-09-23\frames\frame-05522.jpg'
14:08.391  render           | Saved: 'C:\Users\ljh\tralalero Shooter\outputs\reststop-blender-300s-2026-09-23\frames\frame-05523.jpg'
14:08.984  render           | Saved: 'C:\Users\ljh\tralalero Shooter\outputs\reststop-blender-300s-2026-09-23\frames\frame-05524.jpg'
14:09.563  render           | Saved: 'C:\Users\ljh\tralalero Shooter\outputs\reststop-blender-300s-2026-09-23\frames\frame-05525.jpg'
14:10.219  render           | Saved: 'C:\Users\ljh\tralalero Shooter\outputs\reststop-blender-300s-2026-09-23\frames\frame-05526.jpg'
14:10.813  render           | Saved: 'C:\Users\ljh\tralalero Shooter\outputs\reststop-blender-300s-2026-09-23\frames\frame-05527.jpg'
14:11.406  render           | Saved: 'C:\Users\ljh\tralalero Shooter\outputs\reststop-blender-300s-2026-09-23\frames\frame-05528.jpg'
14:12.031  render           | Saved: 'C:\Users\ljh\tralalero Shooter\outputs\reststop-blender-300s-2026-09-23\frames\frame-05529.jpg'
14:12.641  render           | Saved: 'C:\Users\ljh\tralalero Shooter\outputs\reststop-blender-300s-2026-09-23\frames\frame-05530.jpg'
14:13.250  render           | Saved: 'C:\Users\ljh\tralalero Shooter\outputs\reststop-blender-300s-2026-09-23\frames\frame-05531.jpg'
14:13.875  render           | Saved: 'C:\Users\ljh\tralalero Shooter\outputs\reststop-blender-300s-2026-09-23\frames\frame-05532.jpg'
14:14.469  render           | Saved: 'C:\Users\ljh\tralalero Shooter\outputs\reststop-blender-300s-2026-09-23\frames\frame-05533.jpg'
14:15.063  render           | Saved: 'C:\Users\ljh\tralalero Shooter\outputs\reststop-blender-300s-2026-09-23\frames\frame-05534.jpg'
14:15.625  render           | Saved: 'C:\Users\ljh\tralalero Shooter\outputs\reststop-blender-300s-2026-09-23\frames\frame-05535.jpg'
14:16.234  render           | Saved: 'C:\Users\ljh\tralalero Shooter\outputs\reststop-blender-300s-2026-09-23\frames\frame-05536.jpg'
14:16.859  render           | Saved: 'C:\Users\ljh\tralalero Shooter\outputs\reststop-blender-300s-2026-09-23\frames\frame-05537.jpg'
14:17.469  render           | Saved: 'C:\Users\ljh\tralalero Shooter\outputs\reststop-blender-300s-2026-09-23\frames\frame-05538.jpg'
14:18.078  render           | Saved: 'C:\Users\ljh\tralalero Shooter\outputs\reststop-blender-300s-2026-09-23\frames\frame-05539.jpg'
14:18.641  render           | Saved: 'C:\Users\ljh\tralalero Shooter\outputs\reststop-blender-300s-2026-09-23\frames\frame-05540.jpg'
14:19.219  render           | Saved: 'C:\Users\ljh\tralalero Shooter\outputs\reststop-blender-300s-2026-09-23\frames\frame-05541.jpg'
14:19.797  render           | Saved: 'C:\Users\ljh\tralalero Shooter\outputs\reststop-blender-300s-2026-09-23\frames\frame-05542.jpg'
PROGRESS {"frame": 5542, "end": 7200, "rendered": 1752, "elapsed": 858.6286697387695, "last_24_mean": 0.5965162316958109, "width": 1280, "engine": "BLENDER_EEVEE", "step": 1}
14:20.391  render           | Saved: 'C:\Users\ljh\tralalero Shooter\outputs\reststop-blender-300s-2026-09-23\frames\frame-05543.jpg'
14:20.984  render           | Saved: 'C:\Users\ljh\tralalero Shooter\outputs\reststop-blender-300s-2026-09-23\frames\frame-05544.jpg'
14:21.594  render           | Saved: 'C:\Users\ljh\tralalero Shooter\outputs\reststop-blender-300s-2026-09-23\frames\frame-05545.jpg'
14:22.172  render           | Saved: 'C:\Users\ljh\tralalero Shooter\outputs\reststop-blender-300s-2026-09-23\frames\frame-05546.jpg'
14:22.781  render           | Saved: 'C:\Users\ljh\tralalero Shooter\outputs\reststop-blender-300s-2026-09-23\frames\frame-05547.jpg'
14:23.375  render           | Saved: 'C:\Users\ljh\tralalero Shooter\outputs\reststop-blender-300s-2026-09-23\frames\frame-05548.jpg'
14:23.953  render           | Saved: 'C:\Users\ljh\tralalero Shooter\outputs\reststop-blender-300s-2026-09-23\frames\frame-05549.jpg'
14:24.516  render           | Saved: 'C:\Users\ljh\tralalero Shooter\outputs\reststop-blender-300s-2026-09-23\frames\frame-05550.jpg'
14:25.078  render           | Saved: 'C:\Users\ljh\tralalero Shooter\outputs\reststop-blender-300s-2026-09-23\frames\frame-05551.jpg'
14:25.688  render           | Saved: 'C:\Users\ljh\tralalero Shooter\outputs\reststop-blender-300s-2026-09-23\frames\frame-05552.jpg'
14:26.266  render           | Saved: 'C:\Users\ljh\tralalero Shooter\outputs\reststop-blender-300s-2026-09-23\frames\frame-05553.jpg'
14:26.875  render           | Saved: 'C:\Users\ljh\tralalero Shooter\outputs\reststop-blender-300s-2026-09-23\frames\frame-05554.jpg'
14:27.422  render           | Saved: 'C:\Users\ljh\tralalero Shooter\outputs\reststop-blender-300s-2026-09-23\frames\frame-05555.jpg'
14:27.969  render           | Saved: 'C:\Users\ljh\tralalero Shooter\outputs\reststop-blender-300s-2026-09-23\frames\frame-05556.jpg'
14:28.563  render           | Saved: 'C:\Users\ljh\tralalero Shooter\outputs\reststop-blender-300s-2026-09-23\frames\frame-05557.jpg'
14:29.172  render           | Saved: 'C:\Users\ljh\tralalero Shooter\outputs\reststop-blender-300s-2026-09-23\frames\frame-05558.jpg'
14:29.750  render           | Saved: 'C:\Users\ljh\tralalero Shooter\outputs\reststop-blender-300s-2026-09-23\frames\frame-05559.jpg'
14:30.359  render           | Saved: 'C:\Users\ljh\tralalero Shooter\outputs\reststop-blender-300s-2026-09-23\frames\frame-05560.jpg'
14:30.922  render           | Saved: 'C:\Users\ljh\tralalero Shooter\outputs\reststop-blender-300s-2026-09-23\frames\frame-05561.jpg'
14:31.469  render           | Saved: 'C:\Users\ljh\tralalero Shooter\outputs\reststop-blender-300s-2026-09-23\frames\frame-05562.jpg'
14:32.031  render           | Saved: 'C:\Users\ljh\tralalero Shooter\outputs\reststop-blender-300s-2026-09-23\frames\frame-05563.jpg'
14:32.594  render           | Saved: 'C:\Users\ljh\tralalero Shooter\outputs\reststop-blender-300s-2026-09-23\frames\frame-05564.jpg'
14:33.141  render           | Saved: 'C:\Users\ljh\tralalero Shooter\outputs\reststop-blender-300s-2026-09-23\frames\frame-05565.jpg'
14:33.703  render           | Saved: 'C:\Users\ljh\tralalero Shooter\outputs\reststop-blender-300s-2026-09-23\frames\frame-05566.jpg'
PROGRESS {"frame": 5566, "end": 7200, "rendered": 1776, "elapsed": 872.5254447460175, "last_24_mean": 0.5788170496622721, "width": 1280, "engine": "BLENDER_EEVEE", "step": 1}
14:34.266  render           | Saved: 'C:\Users\ljh\tralalero Shooter\outputs\reststop-blender-300s-2026-09-23\frames\frame-05567.jpg'
14:34.875  render           | Saved: 'C:\Users\ljh\tralalero Shooter\outputs\reststop-blender-300s-2026-09-23\frames\frame-05568.jpg'
14:35.484  render           | Saved: 'C:\Users\ljh\tralalero Shooter\outputs\reststop-blender-300s-2026-09-23\frames\frame-05569.jpg'
14:36.063  render           | Saved: 'C:\Users\ljh\tralalero Shooter\outputs\reststop-blender-300s-2026-09-23\frames\frame-05570.jpg'
14:36.656  render           | Saved: 'C:\Users\ljh\tralalero Shooter\outputs\reststop-blender-300s-2026-09-23\frames\frame-05571.jpg'
14:37.172  render           | Saved: 'C:\Users\ljh\tralalero Shooter\outputs\reststop-blender-300s-2026-09-23\frames\frame-05572.jpg'
14:37.703  render           | Saved: 'C:\Users\ljh\tralalero Shooter\outputs\reststop-blender-300s-2026-09-23\frames\frame-05573.jpg'
14:38.234  render           | Saved: 'C:\Users\ljh\tralalero Shooter\outputs\reststop-blender-300s-2026-09-23\frames\frame-05574.jpg'
14:38.859  render           | Saved: 'C:\Users\ljh\tralalero Shooter\outputs\reststop-blender-300s-2026-09-23\frames\frame-05575.jpg'
14:39.438  render           | Saved: 'C:\Users\ljh\tralalero Shooter\outputs\reststop-blender-300s-2026-09-23\frames\frame-05576.jpg'
14:40.125  render           | Saved: 'C:\Users\ljh\tralalero Shooter\outputs\reststop-blender-300s-2026-09-23\frames\frame-05577.jpg'
14:40.781  render           | Saved: 'C:\Users\ljh\tralalero Shooter\outputs\reststop-blender-300s-2026-09-23\frames\frame-05578.jpg'
14:41.359  render           | Saved: 'C:\Users\ljh\tralalero Shooter\outputs\reststop-blender-300s-2026-09-23\frames\frame-05579.jpg'
14:41.922  render           | Saved: 'C:\Users\ljh\tralalero Shooter\outputs\reststop-blender-300s-2026-09-23\frames\frame-05580.jpg'
14:42.469  render           | Saved: 'C:\Users\ljh\tralalero Shooter\outputs\reststop-blender-300s-2026-09-23\frames\frame-05581.jpg'
14:43.047  render           | Saved: 'C:\Users\ljh\tralalero Shooter\outputs\reststop-blender-300s-2026-09-23\frames\frame-05582.jpg'
14:43.594  render           | Saved: 'C:\Users\ljh\tralalero Shooter\outputs\reststop-blender-300s-2026-09-23\frames\frame-05583.jpg'
14:44.188  render           | Saved: 'C:\Users\ljh\tralalero Shooter\outputs\reststop-blender-300s-2026-09-23\frames\frame-05584.jpg'
14:44.797  render           | Saved: 'C:\Users\ljh\tralalero Shooter\outputs\reststop-blender-300s-2026-09-23\frames\frame-05585.jpg'
14:45.406  render           | Saved: 'C:\Users\ljh\tralalero Shooter\outputs\reststop-blender-300s-2026-09-23\frames\frame-05586.jpg'
14:45.969  render           | Saved: 'C:\Users\ljh\tralalero Shooter\outputs\reststop-blender-300s-2026-09-23\frames\frame-05587.jpg'
14:46.547  render           | Saved: 'C:\Users\ljh\tralalero Shooter\outputs\reststop-blender-300s-2026-09-23\frames\frame-05588.jpg'
14:47.219  render           | Saved: 'C:\Users\ljh\tralalero Shooter\outputs\reststop-blender-300s-2026-09-23\frames\frame-05589.jpg'
14:47.875  render           | Saved: 'C:\Users\ljh\tralalero Shooter\outputs\reststop-blender-300s-2026-09-23\frames\frame-05590.jpg'
PROGRESS {"frame": 5590, "end": 7200, "rendered": 1800, "elapsed": 886.7173478603363, "last_24_mean": 0.5910946329434713, "width": 1280, "engine": "BLENDER_EEVEE", "step": 1}
14:48.609  render           | Saved: 'C:\Users\ljh\tralalero Shooter\outputs\reststop-blender-300s-2026-09-23\frames\frame-05591.jpg'
14:49.266  render           | Saved: 'C:\Users\ljh\tralalero Shooter\outputs\reststop-blender-300s-2026-09-23\frames\frame-05592.jpg'
14:49.969  render           | Saved: 'C:\Users\ljh\tralalero Shooter\outputs\reststop-blender-300s-2026-09-23\frames\frame-05593.jpg'
14:50.594  render           | Saved: 'C:\Users\ljh\tralalero Shooter\outputs\reststop-blender-300s-2026-09-23\frames\frame-05594.jpg'
14:51.250  render           | Saved: 'C:\Users\ljh\tralalero Shooter\outputs\reststop-blender-300s-2026-09-23\frames\frame-05595.jpg'
14:51.859  render           | Saved: 'C:\Users\ljh\tralalero Shooter\outputs\reststop-blender-300s-2026-09-23\frames\frame-05596.jpg'
14:52.484  render           | Saved: 'C:\Users\ljh\tralalero Shooter\outputs\reststop-blender-300s-2026-09-23\frames\frame-05597.jpg'
14:53.125  render           | Saved: 'C:\Users\ljh\tralalero Shooter\outputs\reststop-blender-300s-2026-09-23\frames\frame-05598.jpg'
14:53.750  render           | Saved: 'C:\Users\ljh\tralalero Shooter\outputs\reststop-blender-300s-2026-09-23\frames\frame-05599.jpg'
14:54.375  render           | Saved: 'C:\Users\ljh\tralalero Shooter\outputs\reststop-blender-300s-2026-09-23\frames\frame-05600.jpg'
14:55.000  render           | Saved: 'C:\Users\ljh\tralalero Shooter\outputs\reststop-blender-300s-2026-09-23\frames\frame-05601.jpg'
14:55.609  render           | Saved: 'C:\Users\ljh\tralalero Shooter\outputs\reststop-blender-300s-2026-09-23\frames\frame-05602.jpg'
14:56.234  render           | Saved: 'C:\Users\ljh\tralalero Shooter\outputs\reststop-blender-300s-2026-09-23\frames\frame-05603.jpg'
14:56.875  render           | Saved: 'C:\Users\ljh\tralalero Shooter\outputs\reststop-blender-300s-2026-09-23\frames\frame-05604.jpg'
14:57.453  render           | Saved: 'C:\Users\ljh\tralalero Shooter\outputs\reststop-blender-300s-2026-09-23\frames\frame-05605.jpg'
14:58.078  render           | Saved: 'C:\Users\ljh\tralalero Shooter\outputs\reststop-blender-300s-2026-09-23\frames\frame-05606.jpg'
14:58.656  render           | Saved: 'C:\Users\ljh\tralalero Shooter\outputs\reststop-blender-300s-2026-09-23\frames\frame-05607.jpg'
14:59.250  render           | Saved: 'C:\Users\ljh\tralalero Shooter\outputs\reststop-blender-300s-2026-09-23\frames\frame-05608.jpg'
14:59.844  render           | Saved: 'C:\Users\ljh\tralalero Shooter\outputs\reststop-blender-300s-2026-09-23\frames\frame-05609.jpg'
15:00.406  render           | Saved: 'C:\Users\ljh\tralalero Shooter\outputs\reststop-blender-300s-2026-09-23\frames\frame-05610.jpg'
15:01.000  render           | Saved: 'C:\Users\ljh\tralalero Shooter\outputs\reststop-blender-300s-2026-09-23\frames\frame-05611.jpg'
15:01.609  render           | Saved: 'C:\Users\ljh\tralalero Shooter\outputs\reststop-blender-300s-2026-09-23\frames\frame-05612.jpg'
15:02.203  render           | Saved: 'C:\Users\ljh\tralalero Shooter\outputs\reststop-blender-300s-2026-09-23\frames\frame-05613.jpg'
15:02.750  render           | Saved: 'C:\Users\ljh\tralalero Shooter\outputs\reststop-blender-300s-2026-09-23\frames\frame-05614.jpg'
PROGRESS {"frame": 5614, "end": 7200, "rendered": 1824, "elapsed": 901.6126179695129, "last_24_mean": 0.6203065613905588, "width": 1280, "engine": "BLENDER_EEVEE", "step": 1}
15:03.391  render           | Saved: 'C:\Users\ljh\tralalero Shooter\outputs\reststop-blender-300s-2026-09-23\frames\frame-05615.jpg'
15:03.953  render           | Saved: 'C:\Users\ljh\tralalero Shooter\outputs\reststop-blender-300s-2026-09-23\frames\frame-05616.jpg'
15:04.484  render           | Saved: 'C:\Users\ljh\tralalero Shooter\outputs\reststop-blender-300s-2026-09-23\frames\frame-05617.jpg'
15:05.156  render           | Saved: 'C:\Users\ljh\tralalero Shooter\outputs\reststop-blender-300s-2026-09-23\frames\frame-05618.jpg'
15:05.750  render           | Saved: 'C:\Users\ljh\tralalero Shooter\outputs\reststop-blender-300s-2026-09-23\frames\frame-05619.jpg'
15:06.328  render           | Saved: 'C:\Users\ljh\tralalero Shooter\outputs\reststop-blender-300s-2026-09-23\frames\frame-05620.jpg'
15:06.891  render           | Saved: 'C:\Users\ljh\tralalero Shooter\outputs\reststop-blender-300s-2026-09-23\frames\frame-05621.jpg'
15:07.469  render           | Saved: 'C:\Users\ljh\tralalero Shooter\outputs\reststop-blender-300s-2026-09-23\frames\frame-05622.jpg'
15:08.031  render           | Saved: 'C:\Users\ljh\tralalero Shooter\outputs\reststop-blender-300s-2026-09-23\frames\frame-05623.jpg'
15:08.641  render           | Saved: 'C:\Users\ljh\tralalero Shooter\outputs\reststop-blender-300s-2026-09-23\frames\frame-05624.jpg'
15:09.203  render           | Saved: 'C:\Users\ljh\tralalero Shooter\outputs\reststop-blender-300s-2026-09-23\frames\frame-05625.jpg'
15:09.813  render           | Saved: 'C:\Users\ljh\tralalero Shooter\outputs\reststop-blender-300s-2026-09-23\frames\frame-05626.jpg'
15:10.391  render           | Saved: 'C:\Users\ljh\tralalero Shooter\outputs\reststop-blender-300s-2026-09-23\frames\frame-05627.jpg'
15:10.984  render           | Saved: 'C:\Users\ljh\tralalero Shooter\outputs\reststop-blender-300s-2026-09-23\frames\frame-05628.jpg'
15:11.547  render           | Saved: 'C:\Users\ljh\tralalero Shooter\outputs\reststop-blender-300s-2026-09-23\frames\frame-05629.jpg'
15:12.141  render           | Saved: 'C:\Users\ljh\tralalero Shooter\outputs\reststop-blender-300s-2026-09-23\frames\frame-05630.jpg'
15:12.703  render           | Saved: 'C:\Users\ljh\tralalero Shooter\outputs\reststop-blender-300s-2026-09-23\frames\frame-05631.jpg'
15:13.281  render           | Saved: 'C:\Users\ljh\tralalero Shooter\outputs\reststop-blender-300s-2026-09-23\frames\frame-05632.jpg'
15:13.844  render           | Saved: 'C:\Users\ljh\tralalero Shooter\outputs\reststop-blender-300s-2026-09-23\frames\frame-05633.jpg'
15:14.422  render           | Saved: 'C:\Users\ljh\tralalero Shooter\outputs\reststop-blender-300s-2026-09-23\frames\frame-05634.jpg'
15:14.984  render           | Saved: 'C:\Users\ljh\tralalero Shooter\outputs\reststop-blender-300s-2026-09-23\frames\frame-05635.jpg'
15:15.547  render           | Saved: 'C:\Users\ljh\tralalero Shooter\outputs\reststop-blender-300s-2026-09-23\frames\frame-05636.jpg'
15:16.094  render           | Saved: 'C:\Users\ljh\tralalero Shooter\outputs\reststop-blender-300s-2026-09-23\frames\frame-05637.jpg'
15:16.641  render           | Saved: 'C:\Users\ljh\tralalero Shooter\outputs\reststop-blender-300s-2026-09-23\frames\frame-05638.jpg'
PROGRESS {"frame": 5638, "end": 7200, "rendered": 1848, "elapsed": 915.47922706604, "last_24_mean": 0.5775315562884012, "width": 1280, "engine": "BLENDER_EEVEE", "step": 1}
15:17.219  render           | Saved: 'C:\Users\ljh\tralalero Shooter\outputs\reststop-blender-300s-2026-09-23\frames\frame-05639.jpg'
15:17.766  render           | Saved: 'C:\Users\ljh\tralalero Shooter\outputs\reststop-blender-300s-2026-09-23\frames\frame-05640.jpg'
15:18.375  render           | Saved: 'C:\Users\ljh\tralalero Shooter\outputs\reststop-blender-300s-2026-09-23\frames\frame-05641.jpg'
15:18.953  render           | Saved: 'C:\Users\ljh\tralalero Shooter\outputs\reststop-blender-300s-2026-09-23\frames\frame-05642.jpg'
15:19.531  render           | Saved: 'C:\Users\ljh\tralalero Shooter\outputs\reststop-blender-300s-2026-09-23\frames\frame-05643.jpg'
15:20.078  render           | Saved: 'C:\Users\ljh\tralalero Shooter\outputs\reststop-blender-300s-2026-09-23\frames\frame-05644.jpg'
15:20.656  render           | Saved: 'C:\Users\ljh\tralalero Shooter\outputs\reststop-blender-300s-2026-09-23\frames\frame-05645.jpg'
15:21.219  render           | Saved: 'C:\Users\ljh\tralalero Shooter\outputs\reststop-blender-300s-2026-09-23\frames\frame-05646.jpg'
15:21.766  render           | Saved: 'C:\Users\ljh\tralalero Shooter\outputs\reststop-blender-300s-2026-09-23\frames\frame-05647.jpg'
15:22.344  render           | Saved: 'C:\Users\ljh\tralalero Shooter\outputs\reststop-blender-300s-2026-09-23\frames\frame-05648.jpg'
15:22.891  render           | Saved: 'C:\Users\ljh\tralalero Shooter\outputs\reststop-blender-300s-2026-09-23\frames\frame-05649.jpg'
15:23.438  render           | Saved: 'C:\Users\ljh\tralalero Shooter\outputs\reststop-blender-300s-2026-09-23\frames\frame-05650.jpg'
15:24.000  render           | Saved: 'C:\Users\ljh\tralalero Shooter\outputs\reststop-blender-300s-2026-09-23\frames\frame-05651.jpg'
15:24.563  render           | Saved: 'C:\Users\ljh\tralalero Shooter\outputs\reststop-blender-300s-2026-09-23\frames\frame-05652.jpg'
15:25.109  render           | Saved: 'C:\Users\ljh\tralalero Shooter\outputs\reststop-blender-300s-2026-09-23\frames\frame-05653.jpg'
15:25.688  render           | Saved: 'C:\Users\ljh\tralalero Shooter\outputs\reststop-blender-300s-2026-09-23\frames\frame-05654.jpg'
15:26.234  render           | Saved: 'C:\Users\ljh\tralalero Shooter\outputs\reststop-blender-300s-2026-09-23\frames\frame-05655.jpg'
15:26.766  render           | Saved: 'C:\Users\ljh\tralalero Shooter\outputs\reststop-blender-300s-2026-09-23\frames\frame-05656.jpg'
15:27.328  render           | Saved: 'C:\Users\ljh\tralalero Shooter\outputs\reststop-blender-300s-2026-09-23\frames\frame-05657.jpg'
15:27.875  render           | Saved: 'C:\Users\ljh\tralalero Shooter\outputs\reststop-blender-300s-2026-09-23\frames\frame-05658.jpg'
15:28.469  render           | Saved: 'C:\Users\ljh\tralalero Shooter\outputs\reststop-blender-300s-2026-09-23\frames\frame-05659.jpg'
15:29.031  render           | Saved: 'C:\Users\ljh\tralalero Shooter\outputs\reststop-blender-300s-2026-09-23\frames\frame-05660.jpg'
15:29.656  render           | Saved: 'C:\Users\ljh\tralalero Shooter\outputs\reststop-blender-300s-2026-09-23\frames\frame-05661.jpg'
15:30.219  render           | Saved: 'C:\Users\ljh\tralalero Shooter\outputs\reststop-blender-300s-2026-09-23\frames\frame-05662.jpg'
PROGRESS {"frame": 5662, "end": 7200, "rendered": 1872, "elapsed": 929.0469148159027, "last_24_mean": 0.5650828580061594, "width": 1280, "engine": "BLENDER_EEVEE", "step": 1}
15:30.797  render           | Saved: 'C:\Users\ljh\tralalero Shooter\outputs\reststop-blender-300s-2026-09-23\frames\frame-05663.jpg'
15:31.375  render           | Saved: 'C:\Users\ljh\tralalero Shooter\outputs\reststop-blender-300s-2026-09-23\frames\frame-05664.jpg'
15:31.969  render           | Saved: 'C:\Users\ljh\tralalero Shooter\outputs\reststop-blender-300s-2026-09-23\frames\frame-05665.jpg'
15:32.500  render           | Saved: 'C:\Users\ljh\tralalero Shooter\outputs\reststop-blender-300s-2026-09-23\frames\frame-05666.jpg'
15:33.047  render           | Saved: 'C:\Users\ljh\tralalero Shooter\outputs\reststop-blender-300s-2026-09-23\frames\frame-05667.jpg'
15:33.641  render           | Saved: 'C:\Users\ljh\tralalero Shooter\outputs\reststop-blender-300s-2026-09-23\frames\frame-05668.jpg'
15:34.203  render           | Saved: 'C:\Users\ljh\tralalero Shooter\outputs\reststop-blender-300s-2026-09-23\frames\frame-05669.jpg'
15:34.766  render           | Saved: 'C:\Users\ljh\tralalero Shooter\outputs\reststop-blender-300s-2026-09-23\frames\frame-05670.jpg'
15:35.328  render           | Saved: 'C:\Users\ljh\tralalero Shooter\outputs\reststop-blender-300s-2026-09-23\frames\frame-05671.jpg'
15:35.891  render           | Saved: 'C:\Users\ljh\tralalero Shooter\outputs\reststop-blender-300s-2026-09-23\frames\frame-05672.jpg'
15:36.422  render           | Saved: 'C:\Users\ljh\tralalero Shooter\outputs\reststop-blender-300s-2026-09-23\frames\frame-05673.jpg'
15:37.016  render           | Saved: 'C:\Users\ljh\tralalero Shooter\outputs\reststop-blender-300s-2026-09-23\frames\frame-05674.jpg'
15:37.594  render           | Saved: 'C:\Users\ljh\tralalero Shooter\outputs\reststop-blender-300s-2026-09-23\frames\frame-05675.jpg'
15:38.141  render           | Saved: 'C:\Users\ljh\tralalero Shooter\outputs\reststop-blender-300s-2026-09-23\frames\frame-05676.jpg'
15:38.797  render           | Saved: 'C:\Users\ljh\tralalero Shooter\outputs\reststop-blender-300s-2026-09-23\frames\frame-05677.jpg'
15:39.422  render           | Saved: 'C:\Users\ljh\tralalero Shooter\outputs\reststop-blender-300s-2026-09-23\frames\frame-05678.jpg'
15:40.109  render           | Saved: 'C:\Users\ljh\tralalero Shooter\outputs\reststop-blender-300s-2026-09-23\frames\frame-05679.jpg'
15:40.703  render           | Saved: 'C:\Users\ljh\tralalero Shooter\outputs\reststop-blender-300s-2026-09-23\frames\frame-05680.jpg'
15:41.328  render           | Saved: 'C:\Users\ljh\tralalero Shooter\outputs\reststop-blender-300s-2026-09-23\frames\frame-05681.jpg'
15:41.922  render           | Saved: 'C:\Users\ljh\tralalero Shooter\outputs\reststop-blender-300s-2026-09-23\frames\frame-05682.jpg'
15:42.563  render           | Saved: 'C:\Users\ljh\tralalero Shooter\outputs\reststop-blender-300s-2026-09-23\frames\frame-05683.jpg'
15:43.188  render           | Saved: 'C:\Users\ljh\tralalero Shooter\outputs\reststop-blender-300s-2026-09-23\frames\frame-05684.jpg'
15:43.750  render           | Saved: 'C:\Users\ljh\tralalero Shooter\outputs\reststop-blender-300s-2026-09-23\frames\frame-05685.jpg'
15:44.328  render           | Saved: 'C:\Users\ljh\tralalero Shooter\outputs\reststop-blender-300s-2026-09-23\frames\frame-05686.jpg'
PROGRESS {"frame": 5686, "end": 7200, "rendered": 1896, "elapsed": 943.157555103302, "last_24_mean": 0.5876844028631846, "width": 1280, "engine": "BLENDER_EEVEE", "step": 1}
15:44.938  render           | Saved: 'C:\Users\ljh\tralalero Shooter\outputs\reststop-blender-300s-2026-09-23\frames\frame-05687.jpg'
15:45.547  render           | Saved: 'C:\Users\ljh\tralalero Shooter\outputs\reststop-blender-300s-2026-09-23\frames\frame-05688.jpg'
15:46.156  render           | Saved: 'C:\Users\ljh\tralalero Shooter\outputs\reststop-blender-300s-2026-09-23\frames\frame-05689.jpg'
15:46.766  render           | Saved: 'C:\Users\ljh\tralalero Shooter\outputs\reststop-blender-300s-2026-09-23\frames\frame-05690.jpg'
15:47.422  render           | Saved: 'C:\Users\ljh\tralalero Shooter\outputs\reststop-blender-300s-2026-09-23\frames\frame-05691.jpg'
15:48.016  render           | Saved: 'C:\Users\ljh\tralalero Shooter\outputs\reststop-blender-300s-2026-09-23\frames\frame-05692.jpg'
15:48.609  render           | Saved: 'C:\Users\ljh\tralalero Shooter\outputs\reststop-blender-300s-2026-09-23\frames\frame-05693.jpg'
15:49.219  render           | Saved: 'C:\Users\ljh\tralalero Shooter\outputs\reststop-blender-300s-2026-09-23\frames\frame-05694.jpg'
15:49.797  render           | Saved: 'C:\Users\ljh\tralalero Shooter\outputs\reststop-blender-300s-2026-09-23\frames\frame-05695.jpg'
15:50.375  render           | Saved: 'C:\Users\ljh\tralalero Shooter\outputs\reststop-blender-300s-2026-09-23\frames\frame-05696.jpg'
15:50.938  render           | Saved: 'C:\Users\ljh\tralalero Shooter\outputs\reststop-blender-300s-2026-09-23\frames\frame-05697.jpg'
15:51.500  render           | Saved: 'C:\Users\ljh\tralalero Shooter\outputs\reststop-blender-300s-2026-09-23\frames\frame-05698.jpg'
15:52.063  render           | Saved: 'C:\Users\ljh\tralalero Shooter\outputs\reststop-blender-300s-2026-09-23\frames\frame-05699.jpg'
15:52.625  render           | Saved: 'C:\Users\ljh\tralalero Shooter\outputs\reststop-blender-300s-2026-09-23\frames\frame-05700.jpg'
15:53.188  render           | Saved: 'C:\Users\ljh\tralalero Shooter\outputs\reststop-blender-300s-2026-09-23\frames\frame-05701.jpg'
15:53.766  render           | Saved: 'C:\Users\ljh\tralalero Shooter\outputs\reststop-blender-300s-2026-09-23\frames\frame-05702.jpg'
15:54.344  render           | Saved: 'C:\Users\ljh\tralalero Shooter\outputs\reststop-blender-300s-2026-09-23\frames\frame-05703.jpg'
15:54.906  render           | Saved: 'C:\Users\ljh\tralalero Shooter\outputs\reststop-blender-300s-2026-09-23\frames\frame-05704.jpg'
15:55.531  render           | Saved: 'C:\Users\ljh\tralalero Shooter\outputs\reststop-blender-300s-2026-09-23\frames\frame-05705.jpg'
15:56.156  render           | Saved: 'C:\Users\ljh\tralalero Shooter\outputs\reststop-blender-300s-2026-09-23\frames\frame-05706.jpg'
15:56.719  render           | Saved: 'C:\Users\ljh\tralalero Shooter\outputs\reststop-blender-300s-2026-09-23\frames\frame-05707.jpg'
15:57.344  render           | Saved: 'C:\Users\ljh\tralalero Shooter\outputs\reststop-blender-300s-2026-09-23\frames\frame-05708.jpg'
15:57.969  render           | Saved: 'C:\Users\ljh\tralalero Shooter\outputs\reststop-blender-300s-2026-09-23\frames\frame-05709.jpg'
15:58.578  render           | Saved: 'C:\Users\ljh\tralalero Shooter\outputs\reststop-blender-300s-2026-09-23\frames\frame-05710.jpg'
PROGRESS {"frame": 5710, "end": 7200, "rendered": 1920, "elapsed": 957.410816192627, "last_24_mean": 0.5936145683129629, "width": 1280, "engine": "BLENDER_EEVEE", "step": 1}
15:59.219  render           | Saved: 'C:\Users\ljh\tralalero Shooter\outputs\reststop-blender-300s-2026-09-23\frames\frame-05711.jpg'
15:59.813  render           | Saved: 'C:\Users\ljh\tralalero Shooter\outputs\reststop-blender-300s-2026-09-23\frames\frame-05712.jpg'
16:00.406  render           | Saved: 'C:\Users\ljh\tralalero Shooter\outputs\reststop-blender-300s-2026-09-23\frames\frame-05713.jpg'
16:01.016  render           | Saved: 'C:\Users\ljh\tralalero Shooter\outputs\reststop-blender-300s-2026-09-23\frames\frame-05714.jpg'
16:01.625  render           | Saved: 'C:\Users\ljh\tralalero Shooter\outputs\reststop-blender-300s-2026-09-23\frames\frame-05715.jpg'
16:02.234  render           | Saved: 'C:\Users\ljh\tralalero Shooter\outputs\reststop-blender-300s-2026-09-23\frames\frame-05716.jpg'
16:02.844  render           | Saved: 'C:\Users\ljh\tralalero Shooter\outputs\reststop-blender-300s-2026-09-23\frames\frame-05717.jpg'
16:03.422  render           | Saved: 'C:\Users\ljh\tralalero Shooter\outputs\reststop-blender-300s-2026-09-23\frames\frame-05718.jpg'
16:04.031  render           | Saved: 'C:\Users\ljh\tralalero Shooter\outputs\reststop-blender-300s-2026-09-23\frames\frame-05719.jpg'
16:04.609  render           | Saved: 'C:\Users\ljh\tralalero Shooter\outputs\reststop-blender-300s-2026-09-23\frames\frame-05720.jpg'
16:05.234  render           | Saved: 'C:\Users\ljh\tralalero Shooter\outputs\reststop-blender-300s-2026-09-23\frames\frame-05721.jpg'
16:05.813  render           | Saved: 'C:\Users\ljh\tralalero Shooter\outputs\reststop-blender-300s-2026-09-23\frames\frame-05722.jpg'
16:06.391  render           | Saved: 'C:\Users\ljh\tralalero Shooter\outputs\reststop-blender-300s-2026-09-23\frames\frame-05723.jpg'
16:07.016  render           | Saved: 'C:\Users\ljh\tralalero Shooter\outputs\reststop-blender-300s-2026-09-23\frames\frame-05724.jpg'
16:07.609  render           | Saved: 'C:\Users\ljh\tralalero Shooter\outputs\reststop-blender-300s-2026-09-23\frames\frame-05725.jpg'
16:08.188  render           | Saved: 'C:\Users\ljh\tralalero Shooter\outputs\reststop-blender-300s-2026-09-23\frames\frame-05726.jpg'
16:08.766  render           | Saved: 'C:\Users\ljh\tralalero Shooter\outputs\reststop-blender-300s-2026-09-23\frames\frame-05727.jpg'
16:09.359  render           | Saved: 'C:\Users\ljh\tralalero Shooter\outputs\reststop-blender-300s-2026-09-23\frames\frame-05728.jpg'
16:09.938  render           | Saved: 'C:\Users\ljh\tralalero Shooter\outputs\reststop-blender-300s-2026-09-23\frames\frame-05729.jpg'
16:10.500  render           | Saved: 'C:\Users\ljh\tralalero Shooter\outputs\reststop-blender-300s-2026-09-23\frames\frame-05730.jpg'
16:11.063  render           | Saved: 'C:\Users\ljh\tralalero Shooter\outputs\reststop-blender-300s-2026-09-23\frames\frame-05731.jpg'
16:11.641  render           | Saved: 'C:\Users\ljh\tralalero Shooter\outputs\reststop-blender-300s-2026-09-23\frames\frame-05732.jpg'
16:12.203  render           | Saved: 'C:\Users\ljh\tralalero Shooter\outputs\reststop-blender-300s-2026-09-23\frames\frame-05733.jpg'
16:12.781  render           | Saved: 'C:\Users\ljh\tralalero Shooter\outputs\reststop-blender-300s-2026-09-23\frames\frame-05734.jpg'
PROGRESS {"frame": 5734, "end": 7200, "rendered": 1944, "elapsed": 971.6112701892853, "last_24_mean": 0.5913737813631693, "width": 1280, "engine": "BLENDER_EEVEE", "step": 1}
16:13.375  render           | Saved: 'C:\Users\ljh\tralalero Shooter\outputs\reststop-blender-300s-2026-09-23\frames\frame-05735.jpg'
16:13.969  render           | Saved: 'C:\Users\ljh\tralalero Shooter\outputs\reststop-blender-300s-2026-09-23\frames\frame-05736.jpg'
16:14.531  render           | Saved: 'C:\Users\ljh\tralalero Shooter\outputs\reststop-blender-300s-2026-09-23\frames\frame-05737.jpg'
16:15.125  render           | Saved: 'C:\Users\ljh\tralalero Shooter\outputs\reststop-blender-300s-2026-09-23\frames\frame-05738.jpg'
16:15.688  render           | Saved: 'C:\Users\ljh\tralalero Shooter\outputs\reststop-blender-300s-2026-09-23\frames\frame-05739.jpg'
16:16.266  render           | Saved: 'C:\Users\ljh\tralalero Shooter\outputs\reststop-blender-300s-2026-09-23\frames\frame-05740.jpg'
16:16.828  render           | Saved: 'C:\Users\ljh\tralalero Shooter\outputs\reststop-blender-300s-2026-09-23\frames\frame-05741.jpg'
16:17.406  render           | Saved: 'C:\Users\ljh\tralalero Shooter\outputs\reststop-blender-300s-2026-09-23\frames\frame-05742.jpg'
16:17.953  render           | Saved: 'C:\Users\ljh\tralalero Shooter\outputs\reststop-blender-300s-2026-09-23\frames\frame-05743.jpg'
16:18.531  render           | Saved: 'C:\Users\ljh\tralalero Shooter\outputs\reststop-blender-300s-2026-09-23\frames\frame-05744.jpg'
16:19.094  render           | Saved: 'C:\Users\ljh\tralalero Shooter\outputs\reststop-blender-300s-2026-09-23\frames\frame-05745.jpg'
16:19.672  render           | Saved: 'C:\Users\ljh\tralalero Shooter\outputs\reststop-blender-300s-2026-09-23\frames\frame-05746.jpg'
16:20.234  render           | Saved: 'C:\Users\ljh\tralalero Shooter\outputs\reststop-blender-300s-2026-09-23\frames\frame-05747.jpg'
16:20.828  render           | Saved: 'C:\Users\ljh\tralalero Shooter\outputs\reststop-blender-300s-2026-09-23\frames\frame-05748.jpg'
16:21.406  render           | Saved: 'C:\Users\ljh\tralalero Shooter\outputs\reststop-blender-300s-2026-09-23\frames\frame-05749.jpg'
16:21.984  render           | Saved: 'C:\Users\ljh\tralalero Shooter\outputs\reststop-blender-300s-2026-09-23\frames\frame-05750.jpg'
16:22.578  render           | Saved: 'C:\Users\ljh\tralalero Shooter\outputs\reststop-blender-300s-2026-09-23\frames\frame-05751.jpg'
16:23.141  render           | Saved: 'C:\Users\ljh\tralalero Shooter\outputs\reststop-blender-300s-2026-09-23\frames\frame-05752.jpg'
16:23.719  render           | Saved: 'C:\Users\ljh\tralalero Shooter\outputs\reststop-blender-300s-2026-09-23\frames\frame-05753.jpg'
16:24.281  render           | Saved: 'C:\Users\ljh\tralalero Shooter\outputs\reststop-blender-300s-2026-09-23\frames\frame-05754.jpg'
16:24.859  render           | Saved: 'C:\Users\ljh\tralalero Shooter\outputs\reststop-blender-300s-2026-09-23\frames\frame-05755.jpg'
16:25.438  render           | Saved: 'C:\Users\ljh\tralalero Shooter\outputs\reststop-blender-300s-2026-09-23\frames\frame-05756.jpg'
16:26.031  render           | Saved: 'C:\Users\ljh\tralalero Shooter\outputs\reststop-blender-300s-2026-09-23\frames\frame-05757.jpg'
16:26.625  render           | Saved: 'C:\Users\ljh\tralalero Shooter\outputs\reststop-blender-300s-2026-09-23\frames\frame-05758.jpg'
PROGRESS {"frame": 5758, "end": 7200, "rendered": 1968, "elapsed": 985.4603381156921, "last_24_mean": 0.5768095950285593, "width": 1280, "engine": "BLENDER_EEVEE", "step": 1}
16:27.266  render           | Saved: 'C:\Users\ljh\tralalero Shooter\outputs\reststop-blender-300s-2026-09-23\frames\frame-05759.jpg'
16:27.859  render           | Saved: 'C:\Users\ljh\tralalero Shooter\outputs\reststop-blender-300s-2026-09-23\frames\frame-05760.jpg'
16:28.484  render           | Saved: 'C:\Users\ljh\tralalero Shooter\outputs\reststop-blender-300s-2026-09-23\frames\frame-05761.jpg'
16:29.047  render           | Saved: 'C:\Users\ljh\tralalero Shooter\outputs\reststop-blender-300s-2026-09-23\frames\frame-05762.jpg'
16:29.656  render           | Saved: 'C:\Users\ljh\tralalero Shooter\outputs\reststop-blender-300s-2026-09-23\frames\frame-05763.jpg'
16:30.297  render           | Saved: 'C:\Users\ljh\tralalero Shooter\outputs\reststop-blender-300s-2026-09-23\frames\frame-05764.jpg'
16:30.953  render           | Saved: 'C:\Users\ljh\tralalero Shooter\outputs\reststop-blender-300s-2026-09-23\frames\frame-05765.jpg'
16:31.609  render           | Saved: 'C:\Users\ljh\tralalero Shooter\outputs\reststop-blender-300s-2026-09-23\frames\frame-05766.jpg'
16:32.234  render           | Saved: 'C:\Users\ljh\tralalero Shooter\outputs\reststop-blender-300s-2026-09-23\frames\frame-05767.jpg'
16:32.859  render           | Saved: 'C:\Users\ljh\tralalero Shooter\outputs\reststop-blender-300s-2026-09-23\frames\frame-05768.jpg'
16:33.469  render           | Saved: 'C:\Users\ljh\tralalero Shooter\outputs\reststop-blender-300s-2026-09-23\frames\frame-05769.jpg'
16:34.063  render           | Saved: 'C:\Users\ljh\tralalero Shooter\outputs\reststop-blender-300s-2026-09-23\frames\frame-05770.jpg'
16:34.688  render           | Saved: 'C:\Users\ljh\tralalero Shooter\outputs\reststop-blender-300s-2026-09-23\frames\frame-05771.jpg'
16:35.297  render           | Saved: 'C:\Users\ljh\tralalero Shooter\outputs\reststop-blender-300s-2026-09-23\frames\frame-05772.jpg'
16:35.891  render           | Saved: 'C:\Users\ljh\tralalero Shooter\outputs\reststop-blender-300s-2026-09-23\frames\frame-05773.jpg'
16:36.484  render           | Saved: 'C:\Users\ljh\tralalero Shooter\outputs\reststop-blender-300s-2026-09-23\frames\frame-05774.jpg'
16:37.109  render           | Saved: 'C:\Users\ljh\tralalero Shooter\outputs\reststop-blender-300s-2026-09-23\frames\frame-05775.jpg'
16:37.703  render           | Saved: 'C:\Users\ljh\tralalero Shooter\outputs\reststop-blender-300s-2026-09-23\frames\frame-05776.jpg'
16:38.281  render           | Saved: 'C:\Users\ljh\tralalero Shooter\outputs\reststop-blender-300s-2026-09-23\frames\frame-05777.jpg'
16:38.859  render           | Saved: 'C:\Users\ljh\tralalero Shooter\outputs\reststop-blender-300s-2026-09-23\frames\frame-05778.jpg'
16:39.500  render           | Saved: 'C:\Users\ljh\tralalero Shooter\outputs\reststop-blender-300s-2026-09-23\frames\frame-05779.jpg'
16:40.094  render           | Saved: 'C:\Users\ljh\tralalero Shooter\outputs\reststop-blender-300s-2026-09-23\frames\frame-05780.jpg'
16:40.688  render           | Saved: 'C:\Users\ljh\tralalero Shooter\outputs\reststop-blender-300s-2026-09-23\frames\frame-05781.jpg'
16:41.297  render           | Saved: 'C:\Users\ljh\tralalero Shooter\outputs\reststop-blender-300s-2026-09-23\frames\frame-05782.jpg'
PROGRESS {"frame": 5782, "end": 7200, "rendered": 1992, "elapsed": 1000.1390860080719, "last_24_mean": 0.6113838851451874, "width": 1280, "engine": "BLENDER_EEVEE", "step": 1}
16:41.953  render           | Saved: 'C:\Users\ljh\tralalero Shooter\outputs\reststop-blender-300s-2026-09-23\frames\frame-05783.jpg'
16:42.578  render           | Saved: 'C:\Users\ljh\tralalero Shooter\outputs\reststop-blender-300s-2026-09-23\frames\frame-05784.jpg'
16:43.188  render           | Saved: 'C:\Users\ljh\tralalero Shooter\outputs\reststop-blender-300s-2026-09-23\frames\frame-05785.jpg'
16:43.781  render           | Saved: 'C:\Users\ljh\tralalero Shooter\outputs\reststop-blender-300s-2026-09-23\frames\frame-05786.jpg'
16:44.344  render           | Saved: 'C:\Users\ljh\tralalero Shooter\outputs\reststop-blender-300s-2026-09-23\frames\frame-05787.jpg'
16:44.906  render           | Saved: 'C:\Users\ljh\tralalero Shooter\outputs\reststop-blender-300s-2026-09-23\frames\frame-05788.jpg'
16:45.500  render           | Saved: 'C:\Users\ljh\tralalero Shooter\outputs\reststop-blender-300s-2026-09-23\frames\frame-05789.jpg'
16:46.078  render           | Saved: 'C:\Users\ljh\tralalero Shooter\outputs\reststop-blender-300s-2026-09-23\frames\frame-05790.jpg'
16:46.672  render           | Saved: 'C:\Users\ljh\tralalero Shooter\outputs\reststop-blender-300s-2026-09-23\frames\frame-05791.jpg'
16:47.266  render           | Saved: 'C:\Users\ljh\tralalero Shooter\outputs\reststop-blender-300s-2026-09-23\frames\frame-05792.jpg'
16:47.859  render           | Saved: 'C:\Users\ljh\tralalero Shooter\outputs\reststop-blender-300s-2026-09-23\frames\frame-05793.jpg'
16:48.438  render           | Saved: 'C:\Users\ljh\tralalero Shooter\outputs\reststop-blender-300s-2026-09-23\frames\frame-05794.jpg'
16:49.031  render           | Saved: 'C:\Users\ljh\tralalero Shooter\outputs\reststop-blender-300s-2026-09-23\frames\frame-05795.jpg'
16:49.609  render           | Saved: 'C:\Users\ljh\tralalero Shooter\outputs\reststop-blender-300s-2026-09-23\frames\frame-05796.jpg'
16:50.203  render           | Saved: 'C:\Users\ljh\tralalero Shooter\outputs\reststop-blender-300s-2026-09-23\frames\frame-05797.jpg'
16:50.781  render           | Saved: 'C:\Users\ljh\tralalero Shooter\outputs\reststop-blender-300s-2026-09-23\frames\frame-05798.jpg'
16:51.406  render           | Saved: 'C:\Users\ljh\tralalero Shooter\outputs\reststop-blender-300s-2026-09-23\frames\frame-05799.jpg'
16:51.984  render           | Saved: 'C:\Users\ljh\tralalero Shooter\outputs\reststop-blender-300s-2026-09-23\frames\frame-05800.jpg'
16:52.578  render           | Saved: 'C:\Users\ljh\tralalero Shooter\outputs\reststop-blender-300s-2026-09-23\frames\frame-05801.jpg'
16:53.156  render           | Saved: 'C:\Users\ljh\tralalero Shooter\outputs\reststop-blender-300s-2026-09-23\frames\frame-05802.jpg'
16:53.750  render           | Saved: 'C:\Users\ljh\tralalero Shooter\outputs\reststop-blender-300s-2026-09-23\frames\frame-05803.jpg'
16:54.344  render           | Saved: 'C:\Users\ljh\tralalero Shooter\outputs\reststop-blender-300s-2026-09-23\frames\frame-05804.jpg'
16:54.922  render           | Saved: 'C:\Users\ljh\tralalero Shooter\outputs\reststop-blender-300s-2026-09-23\frames\frame-05805.jpg'
16:55.500  render           | Saved: 'C:\Users\ljh\tralalero Shooter\outputs\reststop-blender-300s-2026-09-23\frames\frame-05806.jpg'
PROGRESS {"frame": 5806, "end": 7200, "rendered": 2016, "elapsed": 1014.3489911556244, "last_24_mean": 0.5918409327665964, "width": 1280, "engine": "BLENDER_EEVEE", "step": 1}
16:56.156  render           | Saved: 'C:\Users\ljh\tralalero Shooter\outputs\reststop-blender-300s-2026-09-23\frames\frame-05807.jpg'
16:56.781  render           | Saved: 'C:\Users\ljh\tralalero Shooter\outputs\reststop-blender-300s-2026-09-23\frames\frame-05808.jpg'
16:57.406  render           | Saved: 'C:\Users\ljh\tralalero Shooter\outputs\reststop-blender-300s-2026-09-23\frames\frame-05809.jpg'
16:57.984  render           | Saved: 'C:\Users\ljh\tralalero Shooter\outputs\reststop-blender-300s-2026-09-23\frames\frame-05810.jpg'
16:58.594  render           | Saved: 'C:\Users\ljh\tralalero Shooter\outputs\reststop-blender-300s-2026-09-23\frames\frame-05811.jpg'
16:59.203  render           | Saved: 'C:\Users\ljh\tralalero Shooter\outputs\reststop-blender-300s-2026-09-23\frames\frame-05812.jpg'
16:59.781  render           | Saved: 'C:\Users\ljh\tralalero Shooter\outputs\reststop-blender-300s-2026-09-23\frames\frame-05813.jpg'
17:00.438  render           | Saved: 'C:\Users\ljh\tralalero Shooter\outputs\reststop-blender-300s-2026-09-23\frames\frame-05814.jpg'
17:01.000  render           | Saved: 'C:\Users\ljh\tralalero Shooter\outputs\reststop-blender-300s-2026-09-23\frames\frame-05815.jpg'
17:01.563  render           | Saved: 'C:\Users\ljh\tralalero Shooter\outputs\reststop-blender-300s-2026-09-23\frames\frame-05816.jpg'
17:02.156  render           | Saved: 'C:\Users\ljh\tralalero Shooter\outputs\reststop-blender-300s-2026-09-23\frames\frame-05817.jpg'
17:02.781  render           | Saved: 'C:\Users\ljh\tralalero Shooter\outputs\reststop-blender-300s-2026-09-23\frames\frame-05818.jpg'
17:03.438  render           | Saved: 'C:\Users\ljh\tralalero Shooter\outputs\reststop-blender-300s-2026-09-23\frames\frame-05819.jpg'
17:04.031  render           | Saved: 'C:\Users\ljh\tralalero Shooter\outputs\reststop-blender-300s-2026-09-23\frames\frame-05820.jpg'
17:04.609  render           | Saved: 'C:\Users\ljh\tralalero Shooter\outputs\reststop-blender-300s-2026-09-23\frames\frame-05821.jpg'
17:05.188  render           | Saved: 'C:\Users\ljh\tralalero Shooter\outputs\reststop-blender-300s-2026-09-23\frames\frame-05822.jpg'
17:05.750  render           | Saved: 'C:\Users\ljh\tralalero Shooter\outputs\reststop-blender-300s-2026-09-23\frames\frame-05823.jpg'
17:06.328  render           | Saved: 'C:\Users\ljh\tralalero Shooter\outputs\reststop-blender-300s-2026-09-23\frames\frame-05824.jpg'
17:06.906  render           | Saved: 'C:\Users\ljh\tralalero Shooter\outputs\reststop-blender-300s-2026-09-23\frames\frame-05825.jpg'
17:07.484  render           | Saved: 'C:\Users\ljh\tralalero Shooter\outputs\reststop-blender-300s-2026-09-23\frames\frame-05826.jpg'
17:08.078  render           | Saved: 'C:\Users\ljh\tralalero Shooter\outputs\reststop-blender-300s-2026-09-23\frames\frame-05827.jpg'
17:08.656  render           | Saved: 'C:\Users\ljh\tralalero Shooter\outputs\reststop-blender-300s-2026-09-23\frames\frame-05828.jpg'
17:09.313  render           | Saved: 'C:\Users\ljh\tralalero Shooter\outputs\reststop-blender-300s-2026-09-23\frames\frame-05829.jpg'
17:09.875  render           | Saved: 'C:\Users\ljh\tralalero Shooter\outputs\reststop-blender-300s-2026-09-23\frames\frame-05830.jpg'
PROGRESS {"frame": 5830, "end": 7200, "rendered": 2040, "elapsed": 1028.708223104477, "last_24_mean": 0.5980730950832367, "width": 1280, "engine": "BLENDER_EEVEE", "step": 1}
17:10.453  render           | Saved: 'C:\Users\ljh\tralalero Shooter\outputs\reststop-blender-300s-2026-09-23\frames\frame-05831.jpg'
17:11.031  render           | Saved: 'C:\Users\ljh\tralalero Shooter\outputs\reststop-blender-300s-2026-09-23\frames\frame-05832.jpg'
17:11.625  render           | Saved: 'C:\Users\ljh\tralalero Shooter\outputs\reststop-blender-300s-2026-09-23\frames\frame-05833.jpg'
17:12.203  render           | Saved: 'C:\Users\ljh\tralalero Shooter\outputs\reststop-blender-300s-2026-09-23\frames\frame-05834.jpg'
17:12.781  render           | Saved: 'C:\Users\ljh\tralalero Shooter\outputs\reststop-blender-300s-2026-09-23\frames\frame-05835.jpg'
17:13.328  render           | Saved: 'C:\Users\ljh\tralalero Shooter\outputs\reststop-blender-300s-2026-09-23\frames\frame-05836.jpg'
17:13.922  render           | Saved: 'C:\Users\ljh\tralalero Shooter\outputs\reststop-blender-300s-2026-09-23\frames\frame-05837.jpg'
17:14.484  render           | Saved: 'C:\Users\ljh\tralalero Shooter\outputs\reststop-blender-300s-2026-09-23\frames\frame-05838.jpg'
17:15.078  render           | Saved: 'C:\Users\ljh\tralalero Shooter\outputs\reststop-blender-300s-2026-09-23\frames\frame-05839.jpg'
17:15.703  render           | Saved: 'C:\Users\ljh\tralalero Shooter\outputs\reststop-blender-300s-2026-09-23\frames\frame-05840.jpg'
17:16.297  render           | Saved: 'C:\Users\ljh\tralalero Shooter\outputs\reststop-blender-300s-2026-09-23\frames\frame-05841.jpg'
17:16.906  render           | Saved: 'C:\Users\ljh\tralalero Shooter\outputs\reststop-blender-300s-2026-09-23\frames\frame-05842.jpg'
17:17.469  render           | Saved: 'C:\Users\ljh\tralalero Shooter\outputs\reststop-blender-300s-2026-09-23\frames\frame-05843.jpg'
17:18.063  render           | Saved: 'C:\Users\ljh\tralalero Shooter\outputs\reststop-blender-300s-2026-09-23\frames\frame-05844.jpg'
17:18.594  render           | Saved: 'C:\Users\ljh\tralalero Shooter\outputs\reststop-blender-300s-2026-09-23\frames\frame-05845.jpg'
17:19.141  render           | Saved: 'C:\Users\ljh\tralalero Shooter\outputs\reststop-blender-300s-2026-09-23\frames\frame-05846.jpg'
17:19.672  render           | Saved: 'C:\Users\ljh\tralalero Shooter\outputs\reststop-blender-300s-2026-09-23\frames\frame-05847.jpg'
17:20.219  render           | Saved: 'C:\Users\ljh\tralalero Shooter\outputs\reststop-blender-300s-2026-09-23\frames\frame-05848.jpg'
17:20.781  render           | Saved: 'C:\Users\ljh\tralalero Shooter\outputs\reststop-blender-300s-2026-09-23\frames\frame-05849.jpg'
17:21.344  render           | Saved: 'C:\Users\ljh\tralalero Shooter\outputs\reststop-blender-300s-2026-09-23\frames\frame-05850.jpg'
17:21.906  render           | Saved: 'C:\Users\ljh\tralalero Shooter\outputs\reststop-blender-300s-2026-09-23\frames\frame-05851.jpg'
17:22.453  render           | Saved: 'C:\Users\ljh\tralalero Shooter\outputs\reststop-blender-300s-2026-09-23\frames\frame-05852.jpg'
17:23.016  render           | Saved: 'C:\Users\ljh\tralalero Shooter\outputs\reststop-blender-300s-2026-09-23\frames\frame-05853.jpg'
17:23.578  render           | Saved: 'C:\Users\ljh\tralalero Shooter\outputs\reststop-blender-300s-2026-09-23\frames\frame-05854.jpg'
PROGRESS {"frame": 5854, "end": 7200, "rendered": 2064, "elapsed": 1042.4103257656097, "last_24_mean": 0.5706735253334045, "width": 1280, "engine": "BLENDER_EEVEE", "step": 1}
17:24.156  render           | Saved: 'C:\Users\ljh\tralalero Shooter\outputs\reststop-blender-300s-2026-09-23\frames\frame-05855.jpg'
17:24.703  render           | Saved: 'C:\Users\ljh\tralalero Shooter\outputs\reststop-blender-300s-2026-09-23\frames\frame-05856.jpg'
17:25.266  render           | Saved: 'C:\Users\ljh\tralalero Shooter\outputs\reststop-blender-300s-2026-09-23\frames\frame-05857.jpg'
17:25.828  render           | Saved: 'C:\Users\ljh\tralalero Shooter\outputs\reststop-blender-300s-2026-09-23\frames\frame-05858.jpg'
17:26.375  render           | Saved: 'C:\Users\ljh\tralalero Shooter\outputs\reststop-blender-300s-2026-09-23\frames\frame-05859.jpg'
17:26.922  render           | Saved: 'C:\Users\ljh\tralalero Shooter\outputs\reststop-blender-300s-2026-09-23\frames\frame-05860.jpg'
17:27.469  render           | Saved: 'C:\Users\ljh\tralalero Shooter\outputs\reststop-blender-300s-2026-09-23\frames\frame-05861.jpg'
17:28.031  render           | Saved: 'C:\Users\ljh\tralalero Shooter\outputs\reststop-blender-300s-2026-09-23\frames\frame-05862.jpg'
17:28.563  render           | Saved: 'C:\Users\ljh\tralalero Shooter\outputs\reststop-blender-300s-2026-09-23\frames\frame-05863.jpg'
17:29.141  render           | Saved: 'C:\Users\ljh\tralalero Shooter\outputs\reststop-blender-300s-2026-09-23\frames\frame-05864.jpg'
17:29.672  render           | Saved: 'C:\Users\ljh\tralalero Shooter\outputs\reststop-blender-300s-2026-09-23\frames\frame-05865.jpg'
17:30.234  render           | Saved: 'C:\Users\ljh\tralalero Shooter\outputs\reststop-blender-300s-2026-09-23\frames\frame-05866.jpg'
17:30.797  render           | Saved: 'C:\Users\ljh\tralalero Shooter\outputs\reststop-blender-300s-2026-09-23\frames\frame-05867.jpg'
17:31.375  render           | Saved: 'C:\Users\ljh\tralalero Shooter\outputs\reststop-blender-300s-2026-09-23\frames\frame-05868.jpg'
17:31.938  render           | Saved: 'C:\Users\ljh\tralalero Shooter\outputs\reststop-blender-300s-2026-09-23\frames\frame-05869.jpg'
17:32.484  render           | Saved: 'C:\Users\ljh\tralalero Shooter\outputs\reststop-blender-300s-2026-09-23\frames\frame-05870.jpg'
17:33.047  render           | Saved: 'C:\Users\ljh\tralalero Shooter\outputs\reststop-blender-300s-2026-09-23\frames\frame-05871.jpg'
17:33.594  render           | Saved: 'C:\Users\ljh\tralalero Shooter\outputs\reststop-blender-300s-2026-09-23\frames\frame-05872.jpg'
17:34.156  render           | Saved: 'C:\Users\ljh\tralalero Shooter\outputs\reststop-blender-300s-2026-09-23\frames\frame-05873.jpg'
17:34.703  render           | Saved: 'C:\Users\ljh\tralalero Shooter\outputs\reststop-blender-300s-2026-09-23\frames\frame-05874.jpg'
17:35.297  render           | Saved: 'C:\Users\ljh\tralalero Shooter\outputs\reststop-blender-300s-2026-09-23\frames\frame-05875.jpg'
17:35.891  render           | Saved: 'C:\Users\ljh\tralalero Shooter\outputs\reststop-blender-300s-2026-09-23\frames\frame-05876.jpg'
17:36.469  render           | Saved: 'C:\Users\ljh\tralalero Shooter\outputs\reststop-blender-300s-2026-09-23\frames\frame-05877.jpg'
17:37.078  render           | Saved: 'C:\Users\ljh\tralalero Shooter\outputs\reststop-blender-300s-2026-09-23\frames\frame-05878.jpg'
PROGRESS {"frame": 5878, "end": 7200, "rendered": 2088, "elapsed": 1055.90882730484, "last_24_mean": 0.5621974964936575, "width": 1280, "engine": "BLENDER_EEVEE", "step": 1}
17:37.656  render           | Saved: 'C:\Users\ljh\tralalero Shooter\outputs\reststop-blender-300s-2026-09-23\frames\frame-05879.jpg'
17:38.234  render           | Saved: 'C:\Users\ljh\tralalero Shooter\outputs\reststop-blender-300s-2026-09-23\frames\frame-05880.jpg'
17:38.859  render           | Saved: 'C:\Users\ljh\tralalero Shooter\outputs\reststop-blender-300s-2026-09-23\frames\frame-05881.jpg'
17:39.438  render           | Saved: 'C:\Users\ljh\tralalero Shooter\outputs\reststop-blender-300s-2026-09-23\frames\frame-05882.jpg'
17:40.031  render           | Saved: 'C:\Users\ljh\tralalero Shooter\outputs\reststop-blender-300s-2026-09-23\frames\frame-05883.jpg'
17:40.625  render           | Saved: 'C:\Users\ljh\tralalero Shooter\outputs\reststop-blender-300s-2026-09-23\frames\frame-05884.jpg'
17:41.203  render           | Saved: 'C:\Users\ljh\tralalero Shooter\outputs\reststop-blender-300s-2026-09-23\frames\frame-05885.jpg'
17:41.734  render           | Saved: 'C:\Users\ljh\tralalero Shooter\outputs\reststop-blender-300s-2026-09-23\frames\frame-05886.jpg'
17:42.313  render           | Saved: 'C:\Users\ljh\tralalero Shooter\outputs\reststop-blender-300s-2026-09-23\frames\frame-05887.jpg'
17:42.891  render           | Saved: 'C:\Users\ljh\tralalero Shooter\outputs\reststop-blender-300s-2026-09-23\frames\frame-05888.jpg'
17:43.453  render           | Saved: 'C:\Users\ljh\tralalero Shooter\outputs\reststop-blender-300s-2026-09-23\frames\frame-05889.jpg'
17:44.109  render           | Saved: 'C:\Users\ljh\tralalero Shooter\outputs\reststop-blender-300s-2026-09-23\frames\frame-05890.jpg'
17:44.688  render           | Saved: 'C:\Users\ljh\tralalero Shooter\outputs\reststop-blender-300s-2026-09-23\frames\frame-05891.jpg'
17:45.266  render           | Saved: 'C:\Users\ljh\tralalero Shooter\outputs\reststop-blender-300s-2026-09-23\frames\frame-05892.jpg'
17:45.828  render           | Saved: 'C:\Users\ljh\tralalero Shooter\outputs\reststop-blender-300s-2026-09-23\frames\frame-05893.jpg'
17:46.406  render           | Saved: 'C:\Users\ljh\tralalero Shooter\outputs\reststop-blender-300s-2026-09-23\frames\frame-05894.jpg'
17:46.953  render           | Saved: 'C:\Users\ljh\tralalero Shooter\outputs\reststop-blender-300s-2026-09-23\frames\frame-05895.jpg'
17:47.578  render           | Saved: 'C:\Users\ljh\tralalero Shooter\outputs\reststop-blender-300s-2026-09-23\frames\frame-05896.jpg'
17:48.156  render           | Saved: 'C:\Users\ljh\tralalero Shooter\outputs\reststop-blender-300s-2026-09-23\frames\frame-05897.jpg'
17:48.719  render           | Saved: 'C:\Users\ljh\tralalero Shooter\outputs\reststop-blender-300s-2026-09-23\frames\frame-05898.jpg'
17:49.266  render           | Saved: 'C:\Users\ljh\tralalero Shooter\outputs\reststop-blender-300s-2026-09-23\frames\frame-05899.jpg'
17:49.813  render           | Saved: 'C:\Users\ljh\tralalero Shooter\outputs\reststop-blender-300s-2026-09-23\frames\frame-05900.jpg'
17:50.359  render           | Saved: 'C:\Users\ljh\tralalero Shooter\outputs\reststop-blender-300s-2026-09-23\frames\frame-05901.jpg'
17:50.953  render           | Saved: 'C:\Users\ljh\tralalero Shooter\outputs\reststop-blender-300s-2026-09-23\frames\frame-05902.jpg'
PROGRESS {"frame": 5902, "end": 7200, "rendered": 2112, "elapsed": 1069.7901842594147, "last_24_mean": 0.5781516234079996, "width": 1280, "engine": "BLENDER_EEVEE", "step": 1}
17:51.531  render           | Saved: 'C:\Users\ljh\tralalero Shooter\outputs\reststop-blender-300s-2026-09-23\frames\frame-05903.jpg'
17:52.078  render           | Saved: 'C:\Users\ljh\tralalero Shooter\outputs\reststop-blender-300s-2026-09-23\frames\frame-05904.jpg'
17:52.734  render           | Saved: 'C:\Users\ljh\tralalero Shooter\outputs\reststop-blender-300s-2026-09-23\frames\frame-05905.jpg'
17:53.406  render           | Saved: 'C:\Users\ljh\tralalero Shooter\outputs\reststop-blender-300s-2026-09-23\frames\frame-05906.jpg'
17:54.031  render           | Saved: 'C:\Users\ljh\tralalero Shooter\outputs\reststop-blender-300s-2026-09-23\frames\frame-05907.jpg'
17:54.578  render           | Saved: 'C:\Users\ljh\tralalero Shooter\outputs\reststop-blender-300s-2026-09-23\frames\frame-05908.jpg'
17:55.109  render           | Saved: 'C:\Users\ljh\tralalero Shooter\outputs\reststop-blender-300s-2026-09-23\frames\frame-05909.jpg'
17:55.641  render           | Saved: 'C:\Users\ljh\tralalero Shooter\outputs\reststop-blender-300s-2026-09-23\frames\frame-05910.jpg'
17:56.172  render           | Saved: 'C:\Users\ljh\tralalero Shooter\outputs\reststop-blender-300s-2026-09-23\frames\frame-05911.jpg'
17:56.719  render           | Saved: 'C:\Users\ljh\tralalero Shooter\outputs\reststop-blender-300s-2026-09-23\frames\frame-05912.jpg'
17:57.266  render           | Saved: 'C:\Users\ljh\tralalero Shooter\outputs\reststop-blender-300s-2026-09-23\frames\frame-05913.jpg'
17:57.828  render           | Saved: 'C:\Users\ljh\tralalero Shooter\outputs\reststop-blender-300s-2026-09-23\frames\frame-05914.jpg'
17:58.344  render           | Saved: 'C:\Users\ljh\tralalero Shooter\outputs\reststop-blender-300s-2026-09-23\frames\frame-05915.jpg'
17:58.922  render           | Saved: 'C:\Users\ljh\tralalero Shooter\outputs\reststop-blender-300s-2026-09-23\frames\frame-05916.jpg'
17:59.547  render           | Saved: 'C:\Users\ljh\tralalero Shooter\outputs\reststop-blender-300s-2026-09-23\frames\frame-05917.jpg'
18:00.219  render           | Saved: 'C:\Users\ljh\tralalero Shooter\outputs\reststop-blender-300s-2026-09-23\frames\frame-05918.jpg'
18:00.828  render           | Saved: 'C:\Users\ljh\tralalero Shooter\outputs\reststop-blender-300s-2026-09-23\frames\frame-05919.jpg'
18:01.531  render           | Saved: 'C:\Users\ljh\tralalero Shooter\outputs\reststop-blender-300s-2026-09-23\frames\frame-05920.jpg'
18:02.141  render           | Saved: 'C:\Users\ljh\tralalero Shooter\outputs\reststop-blender-300s-2026-09-23\frames\frame-05921.jpg'
18:02.766  render           | Saved: 'C:\Users\ljh\tralalero Shooter\outputs\reststop-blender-300s-2026-09-23\frames\frame-05922.jpg'
18:03.422  render           | Saved: 'C:\Users\ljh\tralalero Shooter\outputs\reststop-blender-300s-2026-09-23\frames\frame-05923.jpg'
18:04.078  render           | Saved: 'C:\Users\ljh\tralalero Shooter\outputs\reststop-blender-300s-2026-09-23\frames\frame-05924.jpg'
18:04.672  render           | Saved: 'C:\Users\ljh\tralalero Shooter\outputs\reststop-blender-300s-2026-09-23\frames\frame-05925.jpg'
18:05.297  render           | Saved: 'C:\Users\ljh\tralalero Shooter\outputs\reststop-blender-300s-2026-09-23\frames\frame-05926.jpg'
PROGRESS {"frame": 5926, "end": 7200, "rendered": 2136, "elapsed": 1084.1510200500488, "last_24_mean": 0.5981256266434988, "width": 1280, "engine": "BLENDER_EEVEE", "step": 1}
18:05.953  render           | Saved: 'C:\Users\ljh\tralalero Shooter\outputs\reststop-blender-300s-2026-09-23\frames\frame-05927.jpg'
18:06.578  render           | Saved: 'C:\Users\ljh\tralalero Shooter\outputs\reststop-blender-300s-2026-09-23\frames\frame-05928.jpg'
18:07.234  render           | Saved: 'C:\Users\ljh\tralalero Shooter\outputs\reststop-blender-300s-2026-09-23\frames\frame-05929.jpg'
18:07.828  render           | Saved: 'C:\Users\ljh\tralalero Shooter\outputs\reststop-blender-300s-2026-09-23\frames\frame-05930.jpg'
18:08.422  render           | Saved: 'C:\Users\ljh\tralalero Shooter\outputs\reststop-blender-300s-2026-09-23\frames\frame-05931.jpg'
18:09.016  render           | Saved: 'C:\Users\ljh\tralalero Shooter\outputs\reststop-blender-300s-2026-09-23\frames\frame-05932.jpg'
18:09.594  render           | Saved: 'C:\Users\ljh\tralalero Shooter\outputs\reststop-blender-300s-2026-09-23\frames\frame-05933.jpg'
18:10.156  render           | Saved: 'C:\Users\ljh\tralalero Shooter\outputs\reststop-blender-300s-2026-09-23\frames\frame-05934.jpg'
18:10.734  render           | Saved: 'C:\Users\ljh\tralalero Shooter\outputs\reststop-blender-300s-2026-09-23\frames\frame-05935.jpg'
18:11.328  render           | Saved: 'C:\Users\ljh\tralalero Shooter\outputs\reststop-blender-300s-2026-09-23\frames\frame-05936.jpg'
18:11.891  render           | Saved: 'C:\Users\ljh\tralalero Shooter\outputs\reststop-blender-300s-2026-09-23\frames\frame-05937.jpg'
18:12.484  render           | Saved: 'C:\Users\ljh\tralalero Shooter\outputs\reststop-blender-300s-2026-09-23\frames\frame-05938.jpg'
18:13.063  render           | Saved: 'C:\Users\ljh\tralalero Shooter\outputs\reststop-blender-300s-2026-09-23\frames\frame-05939.jpg'
18:13.656  render           | Saved: 'C:\Users\ljh\tralalero Shooter\outputs\reststop-blender-300s-2026-09-23\frames\frame-05940.jpg'
18:14.234  render           | Saved: 'C:\Users\ljh\tralalero Shooter\outputs\reststop-blender-300s-2026-09-23\frames\frame-05941.jpg'
18:14.813  render           | Saved: 'C:\Users\ljh\tralalero Shooter\outputs\reststop-blender-300s-2026-09-23\frames\frame-05942.jpg'
18:15.391  render           | Saved: 'C:\Users\ljh\tralalero Shooter\outputs\reststop-blender-300s-2026-09-23\frames\frame-05943.jpg'
18:15.953  render           | Saved: 'C:\Users\ljh\tralalero Shooter\outputs\reststop-blender-300s-2026-09-23\frames\frame-05944.jpg'
18:16.547  render           | Saved: 'C:\Users\ljh\tralalero Shooter\outputs\reststop-blender-300s-2026-09-23\frames\frame-05945.jpg'
18:17.094  render           | Saved: 'C:\Users\ljh\tralalero Shooter\outputs\reststop-blender-300s-2026-09-23\frames\frame-05946.jpg'
18:17.672  render           | Saved: 'C:\Users\ljh\tralalero Shooter\outputs\reststop-blender-300s-2026-09-23\frames\frame-05947.jpg'
18:18.250  render           | Saved: 'C:\Users\ljh\tralalero Shooter\outputs\reststop-blender-300s-2026-09-23\frames\frame-05948.jpg'
18:18.797  render           | Saved: 'C:\Users\ljh\tralalero Shooter\outputs\reststop-blender-300s-2026-09-23\frames\frame-05949.jpg'
18:19.391  render           | Saved: 'C:\Users\ljh\tralalero Shooter\outputs\reststop-blender-300s-2026-09-23\frames\frame-05950.jpg'
PROGRESS {"frame": 5950, "end": 7200, "rendered": 2160, "elapsed": 1098.2177183628082, "last_24_mean": 0.5858838458855947, "width": 1280, "engine": "BLENDER_EEVEE", "step": 1}
18:19.922  render           | Saved: 'C:\Users\ljh\tralalero Shooter\outputs\reststop-blender-300s-2026-09-23\frames\frame-05951.jpg'
18:20.516  render           | Saved: 'C:\Users\ljh\tralalero Shooter\outputs\reststop-blender-300s-2026-09-23\frames\frame-05952.jpg'
18:21.063  render           | Saved: 'C:\Users\ljh\tralalero Shooter\outputs\reststop-blender-300s-2026-09-23\frames\frame-05953.jpg'
18:21.641  render           | Saved: 'C:\Users\ljh\tralalero Shooter\outputs\reststop-blender-300s-2026-09-23\frames\frame-05954.jpg'
18:22.234  render           | Saved: 'C:\Users\ljh\tralalero Shooter\outputs\reststop-blender-300s-2026-09-23\frames\frame-05955.jpg'
18:22.859  render           | Saved: 'C:\Users\ljh\tralalero Shooter\outputs\reststop-blender-300s-2026-09-23\frames\frame-05956.jpg'
18:23.453  render           | Saved: 'C:\Users\ljh\tralalero Shooter\outputs\reststop-blender-300s-2026-09-23\frames\frame-05957.jpg'
18:24.000  render           | Saved: 'C:\Users\ljh\tralalero Shooter\outputs\reststop-blender-300s-2026-09-23\frames\frame-05958.jpg'
18:24.594  render           | Saved: 'C:\Users\ljh\tralalero Shooter\outputs\reststop-blender-300s-2026-09-23\frames\frame-05959.jpg'
18:25.141  render           | Saved: 'C:\Users\ljh\tralalero Shooter\outputs\reststop-blender-300s-2026-09-23\frames\frame-05960.jpg'
18:25.734  render           | Saved: 'C:\Users\ljh\tralalero Shooter\outputs\reststop-blender-300s-2026-09-23\frames\frame-05961.jpg'
18:26.328  render           | Saved: 'C:\Users\ljh\tralalero Shooter\outputs\reststop-blender-300s-2026-09-23\frames\frame-05962.jpg'
18:26.953  render           | Saved: 'C:\Users\ljh\tralalero Shooter\outputs\reststop-blender-300s-2026-09-23\frames\frame-05963.jpg'
18:27.547  render           | Saved: 'C:\Users\ljh\tralalero Shooter\outputs\reststop-blender-300s-2026-09-23\frames\frame-05964.jpg'
18:28.156  render           | Saved: 'C:\Users\ljh\tralalero Shooter\outputs\reststop-blender-300s-2026-09-23\frames\frame-05965.jpg'
18:28.734  render           | Saved: 'C:\Users\ljh\tralalero Shooter\outputs\reststop-blender-300s-2026-09-23\frames\frame-05966.jpg'
18:29.375  render           | Saved: 'C:\Users\ljh\tralalero Shooter\outputs\reststop-blender-300s-2026-09-23\frames\frame-05967.jpg'
18:29.984  render           | Saved: 'C:\Users\ljh\tralalero Shooter\outputs\reststop-blender-300s-2026-09-23\frames\frame-05968.jpg'
18:30.594  render           | Saved: 'C:\Users\ljh\tralalero Shooter\outputs\reststop-blender-300s-2026-09-23\frames\frame-05969.jpg'
18:31.188  render           | Saved: 'C:\Users\ljh\tralalero Shooter\outputs\reststop-blender-300s-2026-09-23\frames\frame-05970.jpg'
18:31.813  render           | Saved: 'C:\Users\ljh\tralalero Shooter\outputs\reststop-blender-300s-2026-09-23\frames\frame-05971.jpg'
18:32.406  render           | Saved: 'C:\Users\ljh\tralalero Shooter\outputs\reststop-blender-300s-2026-09-23\frames\frame-05972.jpg'
18:33.000  render           | Saved: 'C:\Users\ljh\tralalero Shooter\outputs\reststop-blender-300s-2026-09-23\frames\frame-05973.jpg'
18:33.594  render           | Saved: 'C:\Users\ljh\tralalero Shooter\outputs\reststop-blender-300s-2026-09-23\frames\frame-05974.jpg'
PROGRESS {"frame": 5974, "end": 7200, "rendered": 2184, "elapsed": 1112.439279794693, "last_24_mean": 0.5923361976941427, "width": 1280, "engine": "BLENDER_EEVEE", "step": 1}
18:34.172  render           | Saved: 'C:\Users\ljh\tralalero Shooter\outputs\reststop-blender-300s-2026-09-23\frames\frame-05975.jpg'
18:34.813  render           | Saved: 'C:\Users\ljh\tralalero Shooter\outputs\reststop-blender-300s-2026-09-23\frames\frame-05976.jpg'
18:35.422  render           | Saved: 'C:\Users\ljh\tralalero Shooter\outputs\reststop-blender-300s-2026-09-23\frames\frame-05977.jpg'
18:36.016  render           | Saved: 'C:\Users\ljh\tralalero Shooter\outputs\reststop-blender-300s-2026-09-23\frames\frame-05978.jpg'
18:36.594  render           | Saved: 'C:\Users\ljh\tralalero Shooter\outputs\reststop-blender-300s-2026-09-23\frames\frame-05979.jpg'
18:37.188  render           | Saved: 'C:\Users\ljh\tralalero Shooter\outputs\reststop-blender-300s-2026-09-23\frames\frame-05980.jpg'
18:37.797  render           | Saved: 'C:\Users\ljh\tralalero Shooter\outputs\reststop-blender-300s-2026-09-23\frames\frame-05981.jpg'
18:38.406  render           | Saved: 'C:\Users\ljh\tralalero Shooter\outputs\reststop-blender-300s-2026-09-23\frames\frame-05982.jpg'
18:39.094  render           | Saved: 'C:\Users\ljh\tralalero Shooter\outputs\reststop-blender-300s-2026-09-23\frames\frame-05983.jpg'
18:39.766  render           | Saved: 'C:\Users\ljh\tralalero Shooter\outputs\reststop-blender-300s-2026-09-23\frames\frame-05984.jpg'
18:40.406  render           | Saved: 'C:\Users\ljh\tralalero Shooter\outputs\reststop-blender-300s-2026-09-23\frames\frame-05985.jpg'
18:41.016  render           | Saved: 'C:\Users\ljh\tralalero Shooter\outputs\reststop-blender-300s-2026-09-23\frames\frame-05986.jpg'
18:41.578  render           | Saved: 'C:\Users\ljh\tralalero Shooter\outputs\reststop-blender-300s-2026-09-23\frames\frame-05987.jpg'
18:42.172  render           | Saved: 'C:\Users\ljh\tralalero Shooter\outputs\reststop-blender-300s-2026-09-23\frames\frame-05988.jpg'
18:42.719  render           | Saved: 'C:\Users\ljh\tralalero Shooter\outputs\reststop-blender-300s-2026-09-23\frames\frame-05989.jpg'
18:43.313  render           | Saved: 'C:\Users\ljh\tralalero Shooter\outputs\reststop-blender-300s-2026-09-23\frames\frame-05990.jpg'
18:43.922  render           | Saved: 'C:\Users\ljh\tralalero Shooter\outputs\reststop-blender-300s-2026-09-23\frames\frame-05991.jpg'
18:44.453  render           | Saved: 'C:\Users\ljh\tralalero Shooter\outputs\reststop-blender-300s-2026-09-23\frames\frame-05992.jpg'
18:45.063  render           | Saved: 'C:\Users\ljh\tralalero Shooter\outputs\reststop-blender-300s-2026-09-23\frames\frame-05993.jpg'
18:45.688  render           | Saved: 'C:\Users\ljh\tralalero Shooter\outputs\reststop-blender-300s-2026-09-23\frames\frame-05994.jpg'
18:46.281  render           | Saved: 'C:\Users\ljh\tralalero Shooter\outputs\reststop-blender-300s-2026-09-23\frames\frame-05995.jpg'
18:46.891  render           | Saved: 'C:\Users\ljh\tralalero Shooter\outputs\reststop-blender-300s-2026-09-23\frames\frame-05996.jpg'
18:47.484  render           | Saved: 'C:\Users\ljh\tralalero Shooter\outputs\reststop-blender-300s-2026-09-23\frames\frame-05997.jpg'
18:48.078  render           | Saved: 'C:\Users\ljh\tralalero Shooter\outputs\reststop-blender-300s-2026-09-23\frames\frame-05998.jpg'
PROGRESS {"frame": 5998, "end": 7200, "rendered": 2208, "elapsed": 1126.926040649414, "last_24_mean": 0.6033770143985748, "width": 1280, "engine": "BLENDER_EEVEE", "step": 1}
18:48.688  render           | Saved: 'C:\Users\ljh\tralalero Shooter\outputs\reststop-blender-300s-2026-09-23\frames\frame-05999.jpg'
18:49.250  render           | Saved: 'C:\Users\ljh\tralalero Shooter\outputs\reststop-blender-300s-2026-09-23\frames\frame-06000.jpg'
18:49.828  render           | Saved: 'C:\Users\ljh\tralalero Shooter\outputs\reststop-blender-300s-2026-09-23\frames\frame-06001.jpg'
18:50.422  render           | Saved: 'C:\Users\ljh\tralalero Shooter\outputs\reststop-blender-300s-2026-09-23\frames\frame-06002.jpg'
18:51.000  render           | Saved: 'C:\Users\ljh\tralalero Shooter\outputs\reststop-blender-300s-2026-09-23\frames\frame-06003.jpg'
18:51.656  render           | Saved: 'C:\Users\ljh\tralalero Shooter\outputs\reststop-blender-300s-2026-09-23\frames\frame-06004.jpg'
18:52.266  render           | Saved: 'C:\Users\ljh\tralalero Shooter\outputs\reststop-blender-300s-2026-09-23\frames\frame-06005.jpg'
18:52.875  render           | Saved: 'C:\Users\ljh\tralalero Shooter\outputs\reststop-blender-300s-2026-09-23\frames\frame-06006.jpg'
18:53.547  render           | Saved: 'C:\Users\ljh\tralalero Shooter\outputs\reststop-blender-300s-2026-09-23\frames\frame-06007.jpg'
18:54.172  render           | Saved: 'C:\Users\ljh\tralalero Shooter\outputs\reststop-blender-300s-2026-09-23\frames\frame-06008.jpg'
18:54.813  render           | Saved: 'C:\Users\ljh\tralalero Shooter\outputs\reststop-blender-300s-2026-09-23\frames\frame-06009.jpg'
18:55.422  render           | Saved: 'C:\Users\ljh\tralalero Shooter\outputs\reststop-blender-300s-2026-09-23\frames\frame-06010.jpg'
18:56.016  render           | Saved: 'C:\Users\ljh\tralalero Shooter\outputs\reststop-blender-300s-2026-09-23\frames\frame-06011.jpg'
18:56.688  render           | Saved: 'C:\Users\ljh\tralalero Shooter\outputs\reststop-blender-300s-2026-09-23\frames\frame-06012.jpg'
18:57.297  render           | Saved: 'C:\Users\ljh\tralalero Shooter\outputs\reststop-blender-300s-2026-09-23\frames\frame-06013.jpg'
18:57.938  render           | Saved: 'C:\Users\ljh\tralalero Shooter\outputs\reststop-blender-300s-2026-09-23\frames\frame-06014.jpg'
18:58.594  render           | Saved: 'C:\Users\ljh\tralalero Shooter\outputs\reststop-blender-300s-2026-09-23\frames\frame-06015.jpg'
18:59.266  render           | Saved: 'C:\Users\ljh\tralalero Shooter\outputs\reststop-blender-300s-2026-09-23\frames\frame-06016.jpg'
18:59.891  render           | Saved: 'C:\Users\ljh\tralalero Shooter\outputs\reststop-blender-300s-2026-09-23\frames\frame-06017.jpg'
19:00.578  render           | Saved: 'C:\Users\ljh\tralalero Shooter\outputs\reststop-blender-300s-2026-09-23\frames\frame-06018.jpg'
19:01.281  render           | Saved: 'C:\Users\ljh\tralalero Shooter\outputs\reststop-blender-300s-2026-09-23\frames\frame-06019.jpg'
19:01.875  render           | Saved: 'C:\Users\ljh\tralalero Shooter\outputs\reststop-blender-300s-2026-09-23\frames\frame-06020.jpg'
19:02.469  render           | Saved: 'C:\Users\ljh\tralalero Shooter\outputs\reststop-blender-300s-2026-09-23\frames\frame-06021.jpg'
19:03.063  render           | Saved: 'C:\Users\ljh\tralalero Shooter\outputs\reststop-blender-300s-2026-09-23\frames\frame-06022.jpg'
PROGRESS {"frame": 6022, "end": 7200, "rendered": 2232, "elapsed": 1141.8961124420166, "last_24_mean": 0.6235050360361735, "width": 1280, "engine": "BLENDER_EEVEE", "step": 1}
19:03.625  render           | Saved: 'C:\Users\ljh\tralalero Shooter\outputs\reststop-blender-300s-2026-09-23\frames\frame-06023.jpg'
19:04.234  render           | Saved: 'C:\Users\ljh\tralalero Shooter\outputs\reststop-blender-300s-2026-09-23\frames\frame-06024.jpg'
19:04.797  render           | Saved: 'C:\Users\ljh\tralalero Shooter\outputs\reststop-blender-300s-2026-09-23\frames\frame-06025.jpg'
19:05.375  render           | Saved: 'C:\Users\ljh\tralalero Shooter\outputs\reststop-blender-300s-2026-09-23\frames\frame-06026.jpg'
19:06.000  render           | Saved: 'C:\Users\ljh\tralalero Shooter\outputs\reststop-blender-300s-2026-09-23\frames\frame-06027.jpg'
19:06.609  render           | Saved: 'C:\Users\ljh\tralalero Shooter\outputs\reststop-blender-300s-2026-09-23\frames\frame-06028.jpg'
19:07.203  render           | Saved: 'C:\Users\ljh\tralalero Shooter\outputs\reststop-blender-300s-2026-09-23\frames\frame-06029.jpg'
19:07.813  render           | Saved: 'C:\Users\ljh\tralalero Shooter\outputs\reststop-blender-300s-2026-09-23\frames\frame-06030.jpg'
19:08.375  render           | Saved: 'C:\Users\ljh\tralalero Shooter\outputs\reststop-blender-300s-2026-09-23\frames\frame-06031.jpg'
19:08.984  render           | Saved: 'C:\Users\ljh\tralalero Shooter\outputs\reststop-blender-300s-2026-09-23\frames\frame-06032.jpg'
19:09.563  render           | Saved: 'C:\Users\ljh\tralalero Shooter\outputs\reststop-blender-300s-2026-09-23\frames\frame-06033.jpg'
19:10.203  render           | Saved: 'C:\Users\ljh\tralalero Shooter\outputs\reststop-blender-300s-2026-09-23\frames\frame-06034.jpg'
19:10.828  render           | Saved: 'C:\Users\ljh\tralalero Shooter\outputs\reststop-blender-300s-2026-09-23\frames\frame-06035.jpg'
19:11.422  render           | Saved: 'C:\Users\ljh\tralalero Shooter\outputs\reststop-blender-300s-2026-09-23\frames\frame-06036.jpg'
19:12.000  render           | Saved: 'C:\Users\ljh\tralalero Shooter\outputs\reststop-blender-300s-2026-09-23\frames\frame-06037.jpg'
19:12.578  render           | Saved: 'C:\Users\ljh\tralalero Shooter\outputs\reststop-blender-300s-2026-09-23\frames\frame-06038.jpg'
19:13.141  render           | Saved: 'C:\Users\ljh\tralalero Shooter\outputs\reststop-blender-300s-2026-09-23\frames\frame-06039.jpg'
19:13.766  render           | Saved: 'C:\Users\ljh\tralalero Shooter\outputs\reststop-blender-300s-2026-09-23\frames\frame-06040.jpg'
19:14.266  render           | Saved: 'C:\Users\ljh\tralalero Shooter\outputs\reststop-blender-300s-2026-09-23\frames\frame-06041.jpg'
19:14.859  render           | Saved: 'C:\Users\ljh\tralalero Shooter\outputs\reststop-blender-300s-2026-09-23\frames\frame-06042.jpg'
19:15.453  render           | Saved: 'C:\Users\ljh\tralalero Shooter\outputs\reststop-blender-300s-2026-09-23\frames\frame-06043.jpg'
19:16.047  render           | Saved: 'C:\Users\ljh\tralalero Shooter\outputs\reststop-blender-300s-2026-09-23\frames\frame-06044.jpg'
19:16.641  render           | Saved: 'C:\Users\ljh\tralalero Shooter\outputs\reststop-blender-300s-2026-09-23\frames\frame-06045.jpg'
19:17.266  render           | Saved: 'C:\Users\ljh\tralalero Shooter\outputs\reststop-blender-300s-2026-09-23\frames\frame-06046.jpg'
PROGRESS {"frame": 6046, "end": 7200, "rendered": 2256, "elapsed": 1156.0963497161865, "last_24_mean": 0.5914435982704163, "width": 1280, "engine": "BLENDER_EEVEE", "step": 1}
19:17.813  render           | Saved: 'C:\Users\ljh\tralalero Shooter\outputs\reststop-blender-300s-2026-09-23\frames\frame-06047.jpg'
19:18.406  render           | Saved: 'C:\Users\ljh\tralalero Shooter\outputs\reststop-blender-300s-2026-09-23\frames\frame-06048.jpg'
19:19.000  render           | Saved: 'C:\Users\ljh\tralalero Shooter\outputs\reststop-blender-300s-2026-09-23\frames\frame-06049.jpg'
19:19.609  render           | Saved: 'C:\Users\ljh\tralalero Shooter\outputs\reststop-blender-300s-2026-09-23\frames\frame-06050.jpg'
19:20.234  render           | Saved: 'C:\Users\ljh\tralalero Shooter\outputs\reststop-blender-300s-2026-09-23\frames\frame-06051.jpg'
19:20.750  render           | Saved: 'C:\Users\ljh\tralalero Shooter\outputs\reststop-blender-300s-2026-09-23\frames\frame-06052.jpg'
19:21.375  render           | Saved: 'C:\Users\ljh\tralalero Shooter\outputs\reststop-blender-300s-2026-09-23\frames\frame-06053.jpg'
19:21.953  render           | Saved: 'C:\Users\ljh\tralalero Shooter\outputs\reststop-blender-300s-2026-09-23\frames\frame-06054.jpg'
19:22.500  render           | Saved: 'C:\Users\ljh\tralalero Shooter\outputs\reststop-blender-300s-2026-09-23\frames\frame-06055.jpg'
19:23.109  render           | Saved: 'C:\Users\ljh\tralalero Shooter\outputs\reststop-blender-300s-2026-09-23\frames\frame-06056.jpg'
19:23.672  render           | Saved: 'C:\Users\ljh\tralalero Shooter\outputs\reststop-blender-300s-2026-09-23\frames\frame-06057.jpg'
19:24.266  render           | Saved: 'C:\Users\ljh\tralalero Shooter\outputs\reststop-blender-300s-2026-09-23\frames\frame-06058.jpg'
19:24.938  render           | Saved: 'C:\Users\ljh\tralalero Shooter\outputs\reststop-blender-300s-2026-09-23\frames\frame-06059.jpg'
19:25.469  render           | Saved: 'C:\Users\ljh\tralalero Shooter\outputs\reststop-blender-300s-2026-09-23\frames\frame-06060.jpg'
19:26.094  render           | Saved: 'C:\Users\ljh\tralalero Shooter\outputs\reststop-blender-300s-2026-09-23\frames\frame-06061.jpg'
19:26.672  render           | Saved: 'C:\Users\ljh\tralalero Shooter\outputs\reststop-blender-300s-2026-09-23\frames\frame-06062.jpg'
19:27.250  render           | Saved: 'C:\Users\ljh\tralalero Shooter\outputs\reststop-blender-300s-2026-09-23\frames\frame-06063.jpg'
19:27.875  render           | Saved: 'C:\Users\ljh\tralalero Shooter\outputs\reststop-blender-300s-2026-09-23\frames\frame-06064.jpg'
19:28.422  render           | Saved: 'C:\Users\ljh\tralalero Shooter\outputs\reststop-blender-300s-2026-09-23\frames\frame-06065.jpg'
19:29.016  render           | Saved: 'C:\Users\ljh\tralalero Shooter\outputs\reststop-blender-300s-2026-09-23\frames\frame-06066.jpg'
19:29.641  render           | Saved: 'C:\Users\ljh\tralalero Shooter\outputs\reststop-blender-300s-2026-09-23\frames\frame-06067.jpg'
19:30.172  render           | Saved: 'C:\Users\ljh\tralalero Shooter\outputs\reststop-blender-300s-2026-09-23\frames\frame-06068.jpg'
19:30.797  render           | Saved: 'C:\Users\ljh\tralalero Shooter\outputs\reststop-blender-300s-2026-09-23\frames\frame-06069.jpg'
19:31.375  render           | Saved: 'C:\Users\ljh\tralalero Shooter\outputs\reststop-blender-300s-2026-09-23\frames\frame-06070.jpg'
PROGRESS {"frame": 6070, "end": 7200, "rendered": 2280, "elapsed": 1170.207935810089, "last_24_mean": 0.5877332588036855, "width": 1280, "engine": "BLENDER_EEVEE", "step": 1}
19:31.953  render           | Saved: 'C:\Users\ljh\tralalero Shooter\outputs\reststop-blender-300s-2026-09-23\frames\frame-06071.jpg'
19:32.578  render           | Saved: 'C:\Users\ljh\tralalero Shooter\outputs\reststop-blender-300s-2026-09-23\frames\frame-06072.jpg'
19:33.125  render           | Saved: 'C:\Users\ljh\tralalero Shooter\outputs\reststop-blender-300s-2026-09-23\frames\frame-06073.jpg'
19:33.766  render           | Saved: 'C:\Users\ljh\tralalero Shooter\outputs\reststop-blender-300s-2026-09-23\frames\frame-06074.jpg'
19:34.375  render           | Saved: 'C:\Users\ljh\tralalero Shooter\outputs\reststop-blender-300s-2026-09-23\frames\frame-06075.jpg'
19:35.031  render           | Saved: 'C:\Users\ljh\tralalero Shooter\outputs\reststop-blender-300s-2026-09-23\frames\frame-06076.jpg'
19:35.672  render           | Saved: 'C:\Users\ljh\tralalero Shooter\outputs\reststop-blender-300s-2026-09-23\frames\frame-06077.jpg'
19:36.281  render           | Saved: 'C:\Users\ljh\tralalero Shooter\outputs\reststop-blender-300s-2026-09-23\frames\frame-06078.jpg'
19:36.922  render           | Saved: 'C:\Users\ljh\tralalero Shooter\outputs\reststop-blender-300s-2026-09-23\frames\frame-06079.jpg'
19:37.516  render           | Saved: 'C:\Users\ljh\tralalero Shooter\outputs\reststop-blender-300s-2026-09-23\frames\frame-06080.jpg'
19:38.078  render           | Saved: 'C:\Users\ljh\tralalero Shooter\outputs\reststop-blender-300s-2026-09-23\frames\frame-06081.jpg'
19:38.688  render           | Saved: 'C:\Users\ljh\tralalero Shooter\outputs\reststop-blender-300s-2026-09-23\frames\frame-06082.jpg'
19:39.266  render           | Saved: 'C:\Users\ljh\tralalero Shooter\outputs\reststop-blender-300s-2026-09-23\frames\frame-06083.jpg'
19:39.875  render           | Saved: 'C:\Users\ljh\tralalero Shooter\outputs\reststop-blender-300s-2026-09-23\frames\frame-06084.jpg'
19:40.500  render           | Saved: 'C:\Users\ljh\tralalero Shooter\outputs\reststop-blender-300s-2026-09-23\frames\frame-06085.jpg'
19:41.125  render           | Saved: 'C:\Users\ljh\tralalero Shooter\outputs\reststop-blender-300s-2026-09-23\frames\frame-06086.jpg'
19:41.750  render           | Saved: 'C:\Users\ljh\tralalero Shooter\outputs\reststop-blender-300s-2026-09-23\frames\frame-06087.jpg'
19:42.344  render           | Saved: 'C:\Users\ljh\tralalero Shooter\outputs\reststop-blender-300s-2026-09-23\frames\frame-06088.jpg'
19:42.906  render           | Saved: 'C:\Users\ljh\tralalero Shooter\outputs\reststop-blender-300s-2026-09-23\frames\frame-06089.jpg'
19:43.516  render           | Saved: 'C:\Users\ljh\tralalero Shooter\outputs\reststop-blender-300s-2026-09-23\frames\frame-06090.jpg'
19:44.094  render           | Saved: 'C:\Users\ljh\tralalero Shooter\outputs\reststop-blender-300s-2026-09-23\frames\frame-06091.jpg'
19:44.734  render           | Saved: 'C:\Users\ljh\tralalero Shooter\outputs\reststop-blender-300s-2026-09-23\frames\frame-06092.jpg'
19:45.375  render           | Saved: 'C:\Users\ljh\tralalero Shooter\outputs\reststop-blender-300s-2026-09-23\frames\frame-06093.jpg'
19:46.000  render           | Saved: 'C:\Users\ljh\tralalero Shooter\outputs\reststop-blender-300s-2026-09-23\frames\frame-06094.jpg'
PROGRESS {"frame": 6094, "end": 7200, "rendered": 2304, "elapsed": 1184.8434383869171, "last_24_mean": 0.6095616420110067, "width": 1280, "engine": "BLENDER_EEVEE", "step": 1}
19:46.609  render           | Saved: 'C:\Users\ljh\tralalero Shooter\outputs\reststop-blender-300s-2026-09-23\frames\frame-06095.jpg'
19:47.219  render           | Saved: 'C:\Users\ljh\tralalero Shooter\outputs\reststop-blender-300s-2026-09-23\frames\frame-06096.jpg'
19:47.828  render           | Saved: 'C:\Users\ljh\tralalero Shooter\outputs\reststop-blender-300s-2026-09-23\frames\frame-06097.jpg'
19:48.438  render           | Saved: 'C:\Users\ljh\tralalero Shooter\outputs\reststop-blender-300s-2026-09-23\frames\frame-06098.jpg'
19:49.031  render           | Saved: 'C:\Users\ljh\tralalero Shooter\outputs\reststop-blender-300s-2026-09-23\frames\frame-06099.jpg'
19:49.625  render           | Saved: 'C:\Users\ljh\tralalero Shooter\outputs\reststop-blender-300s-2026-09-23\frames\frame-06100.jpg'
19:50.172  render           | Saved: 'C:\Users\ljh\tralalero Shooter\outputs\reststop-blender-300s-2026-09-23\frames\frame-06101.jpg'
19:50.766  render           | Saved: 'C:\Users\ljh\tralalero Shooter\outputs\reststop-blender-300s-2026-09-23\frames\frame-06102.jpg'
19:51.422  render           | Saved: 'C:\Users\ljh\tralalero Shooter\outputs\reststop-blender-300s-2026-09-23\frames\frame-06103.jpg'
19:52.000  render           | Saved: 'C:\Users\ljh\tralalero Shooter\outputs\reststop-blender-300s-2026-09-23\frames\frame-06104.jpg'
19:52.625  render           | Saved: 'C:\Users\ljh\tralalero Shooter\outputs\reststop-blender-300s-2026-09-23\frames\frame-06105.jpg'
19:53.156  render           | Saved: 'C:\Users\ljh\tralalero Shooter\outputs\reststop-blender-300s-2026-09-23\frames\frame-06106.jpg'
19:53.719  render           | Saved: 'C:\Users\ljh\tralalero Shooter\outputs\reststop-blender-300s-2026-09-23\frames\frame-06107.jpg'
19:54.250  render           | Saved: 'C:\Users\ljh\tralalero Shooter\outputs\reststop-blender-300s-2026-09-23\frames\frame-06108.jpg'
19:54.797  render           | Saved: 'C:\Users\ljh\tralalero Shooter\outputs\reststop-blender-300s-2026-09-23\frames\frame-06109.jpg'
19:55.313  render           | Saved: 'C:\Users\ljh\tralalero Shooter\outputs\reststop-blender-300s-2026-09-23\frames\frame-06110.jpg'
19:55.906  render           | Saved: 'C:\Users\ljh\tralalero Shooter\outputs\reststop-blender-300s-2026-09-23\frames\frame-06111.jpg'
19:56.469  render           | Saved: 'C:\Users\ljh\tralalero Shooter\outputs\reststop-blender-300s-2026-09-23\frames\frame-06112.jpg'
19:57.000  render           | Saved: 'C:\Users\ljh\tralalero Shooter\outputs\reststop-blender-300s-2026-09-23\frames\frame-06113.jpg'
19:57.563  render           | Saved: 'C:\Users\ljh\tralalero Shooter\outputs\reststop-blender-300s-2026-09-23\frames\frame-06114.jpg'
19:58.094  render           | Saved: 'C:\Users\ljh\tralalero Shooter\outputs\reststop-blender-300s-2026-09-23\frames\frame-06115.jpg'
19:58.609  render           | Saved: 'C:\Users\ljh\tralalero Shooter\outputs\reststop-blender-300s-2026-09-23\frames\frame-06116.jpg'
19:59.141  render           | Saved: 'C:\Users\ljh\tralalero Shooter\outputs\reststop-blender-300s-2026-09-23\frames\frame-06117.jpg'
19:59.734  render           | Saved: 'C:\Users\ljh\tralalero Shooter\outputs\reststop-blender-300s-2026-09-23\frames\frame-06118.jpg'
PROGRESS {"frame": 6118, "end": 7200, "rendered": 2328, "elapsed": 1198.5669476985931, "last_24_mean": 0.5715536773204803, "width": 1280, "engine": "BLENDER_EEVEE", "step": 1}
20:00.328  render           | Saved: 'C:\Users\ljh\tralalero Shooter\outputs\reststop-blender-300s-2026-09-23\frames\frame-06119.jpg'
20:00.953  render           | Saved: 'C:\Users\ljh\tralalero Shooter\outputs\reststop-blender-300s-2026-09-23\frames\frame-06120.jpg'
20:01.563  render           | Saved: 'C:\Users\ljh\tralalero Shooter\outputs\reststop-blender-300s-2026-09-23\frames\frame-06121.jpg'
20:02.156  render           | Saved: 'C:\Users\ljh\tralalero Shooter\outputs\reststop-blender-300s-2026-09-23\frames\frame-06122.jpg'
20:02.766  render           | Saved: 'C:\Users\ljh\tralalero Shooter\outputs\reststop-blender-300s-2026-09-23\frames\frame-06123.jpg'
20:03.359  render           | Saved: 'C:\Users\ljh\tralalero Shooter\outputs\reststop-blender-300s-2026-09-23\frames\frame-06124.jpg'
20:03.953  render           | Saved: 'C:\Users\ljh\tralalero Shooter\outputs\reststop-blender-300s-2026-09-23\frames\frame-06125.jpg'
20:04.484  render           | Saved: 'C:\Users\ljh\tralalero Shooter\outputs\reststop-blender-300s-2026-09-23\frames\frame-06126.jpg'
20:05.063  render           | Saved: 'C:\Users\ljh\tralalero Shooter\outputs\reststop-blender-300s-2026-09-23\frames\frame-06127.jpg'
20:05.625  render           | Saved: 'C:\Users\ljh\tralalero Shooter\outputs\reststop-blender-300s-2026-09-23\frames\frame-06128.jpg'
20:06.234  render           | Saved: 'C:\Users\ljh\tralalero Shooter\outputs\reststop-blender-300s-2026-09-23\frames\frame-06129.jpg'
20:06.797  render           | Saved: 'C:\Users\ljh\tralalero Shooter\outputs\reststop-blender-300s-2026-09-23\frames\frame-06130.jpg'
20:07.344  render           | Saved: 'C:\Users\ljh\tralalero Shooter\outputs\reststop-blender-300s-2026-09-23\frames\frame-06131.jpg'
20:07.875  render           | Saved: 'C:\Users\ljh\tralalero Shooter\outputs\reststop-blender-300s-2026-09-23\frames\frame-06132.jpg'
20:08.422  render           | Saved: 'C:\Users\ljh\tralalero Shooter\outputs\reststop-blender-300s-2026-09-23\frames\frame-06133.jpg'
20:08.969  render           | Saved: 'C:\Users\ljh\tralalero Shooter\outputs\reststop-blender-300s-2026-09-23\frames\frame-06134.jpg'
20:09.531  render           | Saved: 'C:\Users\ljh\tralalero Shooter\outputs\reststop-blender-300s-2026-09-23\frames\frame-06135.jpg'
20:10.109  render           | Saved: 'C:\Users\ljh\tralalero Shooter\outputs\reststop-blender-300s-2026-09-23\frames\frame-06136.jpg'
20:10.734  render           | Saved: 'C:\Users\ljh\tralalero Shooter\outputs\reststop-blender-300s-2026-09-23\frames\frame-06137.jpg'
20:11.313  render           | Saved: 'C:\Users\ljh\tralalero Shooter\outputs\reststop-blender-300s-2026-09-23\frames\frame-06138.jpg'
20:11.828  render           | Saved: 'C:\Users\ljh\tralalero Shooter\outputs\reststop-blender-300s-2026-09-23\frames\frame-06139.jpg'
20:12.438  render           | Saved: 'C:\Users\ljh\tralalero Shooter\outputs\reststop-blender-300s-2026-09-23\frames\frame-06140.jpg'
20:13.047  render           | Saved: 'C:\Users\ljh\tralalero Shooter\outputs\reststop-blender-300s-2026-09-23\frames\frame-06141.jpg'
20:13.672  render           | Saved: 'C:\Users\ljh\tralalero Shooter\outputs\reststop-blender-300s-2026-09-23\frames\frame-06142.jpg'
PROGRESS {"frame": 6142, "end": 7200, "rendered": 2352, "elapsed": 1212.5094985961914, "last_24_mean": 0.5806933343410492, "width": 1280, "engine": "BLENDER_EEVEE", "step": 1}
20:14.281  render           | Saved: 'C:\Users\ljh\tralalero Shooter\outputs\reststop-blender-300s-2026-09-23\frames\frame-06143.jpg'
20:14.906  render           | Saved: 'C:\Users\ljh\tralalero Shooter\outputs\reststop-blender-300s-2026-09-23\frames\frame-06144.jpg'
20:15.516  render           | Saved: 'C:\Users\ljh\tralalero Shooter\outputs\reststop-blender-300s-2026-09-23\frames\frame-06145.jpg'
20:16.094  render           | Saved: 'C:\Users\ljh\tralalero Shooter\outputs\reststop-blender-300s-2026-09-23\frames\frame-06146.jpg'
20:16.672  render           | Saved: 'C:\Users\ljh\tralalero Shooter\outputs\reststop-blender-300s-2026-09-23\frames\frame-06147.jpg'
20:17.250  render           | Saved: 'C:\Users\ljh\tralalero Shooter\outputs\reststop-blender-300s-2026-09-23\frames\frame-06148.jpg'
20:17.844  render           | Saved: 'C:\Users\ljh\tralalero Shooter\outputs\reststop-blender-300s-2026-09-23\frames\frame-06149.jpg'
20:18.438  render           | Saved: 'C:\Users\ljh\tralalero Shooter\outputs\reststop-blender-300s-2026-09-23\frames\frame-06150.jpg'
20:19.063  render           | Saved: 'C:\Users\ljh\tralalero Shooter\outputs\reststop-blender-300s-2026-09-23\frames\frame-06151.jpg'
20:19.672  render           | Saved: 'C:\Users\ljh\tralalero Shooter\outputs\reststop-blender-300s-2026-09-23\frames\frame-06152.jpg'
20:20.359  render           | Saved: 'C:\Users\ljh\tralalero Shooter\outputs\reststop-blender-300s-2026-09-23\frames\frame-06153.jpg'
20:20.938  render           | Saved: 'C:\Users\ljh\tralalero Shooter\outputs\reststop-blender-300s-2026-09-23\frames\frame-06154.jpg'
20:21.516  render           | Saved: 'C:\Users\ljh\tralalero Shooter\outputs\reststop-blender-300s-2026-09-23\frames\frame-06155.jpg'
20:22.094  render           | Saved: 'C:\Users\ljh\tralalero Shooter\outputs\reststop-blender-300s-2026-09-23\frames\frame-06156.jpg'
20:22.703  render           | Saved: 'C:\Users\ljh\tralalero Shooter\outputs\reststop-blender-300s-2026-09-23\frames\frame-06157.jpg'
20:23.328  render           | Saved: 'C:\Users\ljh\tralalero Shooter\outputs\reststop-blender-300s-2026-09-23\frames\frame-06158.jpg'
20:23.922  render           | Saved: 'C:\Users\ljh\tralalero Shooter\outputs\reststop-blender-300s-2026-09-23\frames\frame-06159.jpg'
20:24.500  render           | Saved: 'C:\Users\ljh\tralalero Shooter\outputs\reststop-blender-300s-2026-09-23\frames\frame-06160.jpg'
20:25.094  render           | Saved: 'C:\Users\ljh\tralalero Shooter\outputs\reststop-blender-300s-2026-09-23\frames\frame-06161.jpg'
20:25.719  render           | Saved: 'C:\Users\ljh\tralalero Shooter\outputs\reststop-blender-300s-2026-09-23\frames\frame-06162.jpg'
20:26.375  render           | Saved: 'C:\Users\ljh\tralalero Shooter\outputs\reststop-blender-300s-2026-09-23\frames\frame-06163.jpg'
20:26.953  render           | Saved: 'C:\Users\ljh\tralalero Shooter\outputs\reststop-blender-300s-2026-09-23\frames\frame-06164.jpg'
20:27.531  render           | Saved: 'C:\Users\ljh\tralalero Shooter\outputs\reststop-blender-300s-2026-09-23\frames\frame-06165.jpg'
20:28.094  render           | Saved: 'C:\Users\ljh\tralalero Shooter\outputs\reststop-blender-300s-2026-09-23\frames\frame-06166.jpg'
PROGRESS {"frame": 6166, "end": 7200, "rendered": 2376, "elapsed": 1226.9292809963226, "last_24_mean": 0.6005852321783701, "width": 1280, "engine": "BLENDER_EEVEE", "step": 1}
20:28.672  render           | Saved: 'C:\Users\ljh\tralalero Shooter\outputs\reststop-blender-300s-2026-09-23\frames\frame-06167.jpg'
20:29.250  render           | Saved: 'C:\Users\ljh\tralalero Shooter\outputs\reststop-blender-300s-2026-09-23\frames\frame-06168.jpg'
20:29.797  render           | Saved: 'C:\Users\ljh\tralalero Shooter\outputs\reststop-blender-300s-2026-09-23\frames\frame-06169.jpg'
20:30.375  render           | Saved: 'C:\Users\ljh\tralalero Shooter\outputs\reststop-blender-300s-2026-09-23\frames\frame-06170.jpg'
20:30.938  render           | Saved: 'C:\Users\ljh\tralalero Shooter\outputs\reststop-blender-300s-2026-09-23\frames\frame-06171.jpg'
20:31.500  render           | Saved: 'C:\Users\ljh\tralalero Shooter\outputs\reststop-blender-300s-2026-09-23\frames\frame-06172.jpg'
20:32.031  render           | Saved: 'C:\Users\ljh\tralalero Shooter\outputs\reststop-blender-300s-2026-09-23\frames\frame-06173.jpg'
20:32.609  render           | Saved: 'C:\Users\ljh\tralalero Shooter\outputs\reststop-blender-300s-2026-09-23\frames\frame-06174.jpg'
20:33.172  render           | Saved: 'C:\Users\ljh\tralalero Shooter\outputs\reststop-blender-300s-2026-09-23\frames\frame-06175.jpg'
20:33.719  render           | Saved: 'C:\Users\ljh\tralalero Shooter\outputs\reststop-blender-300s-2026-09-23\frames\frame-06176.jpg'
20:34.297  render           | Saved: 'C:\Users\ljh\tralalero Shooter\outputs\reststop-blender-300s-2026-09-23\frames\frame-06177.jpg'
20:34.844  render           | Saved: 'C:\Users\ljh\tralalero Shooter\outputs\reststop-blender-300s-2026-09-23\frames\frame-06178.jpg'
20:35.406  render           | Saved: 'C:\Users\ljh\tralalero Shooter\outputs\reststop-blender-300s-2026-09-23\frames\frame-06179.jpg'
20:35.969  render           | Saved: 'C:\Users\ljh\tralalero Shooter\outputs\reststop-blender-300s-2026-09-23\frames\frame-06180.jpg'
20:36.531  render           | Saved: 'C:\Users\ljh\tralalero Shooter\outputs\reststop-blender-300s-2026-09-23\frames\frame-06181.jpg'
20:37.094  render           | Saved: 'C:\Users\ljh\tralalero Shooter\outputs\reststop-blender-300s-2026-09-23\frames\frame-06182.jpg'
20:37.656  render           | Saved: 'C:\Users\ljh\tralalero Shooter\outputs\reststop-blender-300s-2026-09-23\frames\frame-06183.jpg'
20:38.219  render           | Saved: 'C:\Users\ljh\tralalero Shooter\outputs\reststop-blender-300s-2026-09-23\frames\frame-06184.jpg'
20:38.781  render           | Saved: 'C:\Users\ljh\tralalero Shooter\outputs\reststop-blender-300s-2026-09-23\frames\frame-06185.jpg'
20:39.344  render           | Saved: 'C:\Users\ljh\tralalero Shooter\outputs\reststop-blender-300s-2026-09-23\frames\frame-06186.jpg'
20:39.875  render           | Saved: 'C:\Users\ljh\tralalero Shooter\outputs\reststop-blender-300s-2026-09-23\frames\frame-06187.jpg'
20:40.438  render           | Saved: 'C:\Users\ljh\tralalero Shooter\outputs\reststop-blender-300s-2026-09-23\frames\frame-06188.jpg'
20:40.969  render           | Saved: 'C:\Users\ljh\tralalero Shooter\outputs\reststop-blender-300s-2026-09-23\frames\frame-06189.jpg'
20:41.547  render           | Saved: 'C:\Users\ljh\tralalero Shooter\outputs\reststop-blender-300s-2026-09-23\frames\frame-06190.jpg'
PROGRESS {"frame": 6190, "end": 7200, "rendered": 2400, "elapsed": 1240.3832519054413, "last_24_mean": 0.5603356460730234, "width": 1280, "engine": "BLENDER_EEVEE", "step": 1}
20:42.109  render           | Saved: 'C:\Users\ljh\tralalero Shooter\outputs\reststop-blender-300s-2026-09-23\frames\frame-06191.jpg'
20:42.688  render           | Saved: 'C:\Users\ljh\tralalero Shooter\outputs\reststop-blender-300s-2026-09-23\frames\frame-06192.jpg'
20:43.234  render           | Saved: 'C:\Users\ljh\tralalero Shooter\outputs\reststop-blender-300s-2026-09-23\frames\frame-06193.jpg'
20:43.797  render           | Saved: 'C:\Users\ljh\tralalero Shooter\outputs\reststop-blender-300s-2026-09-23\frames\frame-06194.jpg'
20:44.344  render           | Saved: 'C:\Users\ljh\tralalero Shooter\outputs\reststop-blender-300s-2026-09-23\frames\frame-06195.jpg'
20:44.906  render           | Saved: 'C:\Users\ljh\tralalero Shooter\outputs\reststop-blender-300s-2026-09-23\frames\frame-06196.jpg'
20:45.469  render           | Saved: 'C:\Users\ljh\tralalero Shooter\outputs\reststop-blender-300s-2026-09-23\frames\frame-06197.jpg'
20:46.000  render           | Saved: 'C:\Users\ljh\tralalero Shooter\outputs\reststop-blender-300s-2026-09-23\frames\frame-06198.jpg'
20:46.578  render           | Saved: 'C:\Users\ljh\tralalero Shooter\outputs\reststop-blender-300s-2026-09-23\frames\frame-06199.jpg'
20:47.125  render           | Saved: 'C:\Users\ljh\tralalero Shooter\outputs\reststop-blender-300s-2026-09-23\frames\frame-06200.jpg'
20:47.688  render           | Saved: 'C:\Users\ljh\tralalero Shooter\outputs\reststop-blender-300s-2026-09-23\frames\frame-06201.jpg'
20:48.219  render           | Saved: 'C:\Users\ljh\tralalero Shooter\outputs\reststop-blender-300s-2026-09-23\frames\frame-06202.jpg'
20:48.766  render           | Saved: 'C:\Users\ljh\tralalero Shooter\outputs\reststop-blender-300s-2026-09-23\frames\frame-06203.jpg'
20:49.313  render           | Saved: 'C:\Users\ljh\tralalero Shooter\outputs\reststop-blender-300s-2026-09-23\frames\frame-06204.jpg'
20:49.891  render           | Saved: 'C:\Users\ljh\tralalero Shooter\outputs\reststop-blender-300s-2026-09-23\frames\frame-06205.jpg'
20:50.484  render           | Saved: 'C:\Users\ljh\tralalero Shooter\outputs\reststop-blender-300s-2026-09-23\frames\frame-06206.jpg'
20:51.031  render           | Saved: 'C:\Users\ljh\tralalero Shooter\outputs\reststop-blender-300s-2026-09-23\frames\frame-06207.jpg'
20:51.609  render           | Saved: 'C:\Users\ljh\tralalero Shooter\outputs\reststop-blender-300s-2026-09-23\frames\frame-06208.jpg'
20:52.172  render           | Saved: 'C:\Users\ljh\tralalero Shooter\outputs\reststop-blender-300s-2026-09-23\frames\frame-06209.jpg'
20:52.750  render           | Saved: 'C:\Users\ljh\tralalero Shooter\outputs\reststop-blender-300s-2026-09-23\frames\frame-06210.jpg'
20:53.297  render           | Saved: 'C:\Users\ljh\tralalero Shooter\outputs\reststop-blender-300s-2026-09-23\frames\frame-06211.jpg'
20:53.844  render           | Saved: 'C:\Users\ljh\tralalero Shooter\outputs\reststop-blender-300s-2026-09-23\frames\frame-06212.jpg'
20:54.438  render           | Saved: 'C:\Users\ljh\tralalero Shooter\outputs\reststop-blender-300s-2026-09-23\frames\frame-06213.jpg'
20:55.000  render           | Saved: 'C:\Users\ljh\tralalero Shooter\outputs\reststop-blender-300s-2026-09-23\frames\frame-06214.jpg'
PROGRESS {"frame": 6214, "end": 7200, "rendered": 2424, "elapsed": 1253.8280684947968, "last_24_mean": 0.5599688688913981, "width": 1280, "engine": "BLENDER_EEVEE", "step": 1}
20:55.578  render           | Saved: 'C:\Users\ljh\tralalero Shooter\outputs\reststop-blender-300s-2026-09-23\frames\frame-06215.jpg'
20:56.156  render           | Saved: 'C:\Users\ljh\tralalero Shooter\outputs\reststop-blender-300s-2026-09-23\frames\frame-06216.jpg'
20:56.719  render           | Saved: 'C:\Users\ljh\tralalero Shooter\outputs\reststop-blender-300s-2026-09-23\frames\frame-06217.jpg'
20:57.281  render           | Saved: 'C:\Users\ljh\tralalero Shooter\outputs\reststop-blender-300s-2026-09-23\frames\frame-06218.jpg'
20:57.844  render           | Saved: 'C:\Users\ljh\tralalero Shooter\outputs\reststop-blender-300s-2026-09-23\frames\frame-06219.jpg'
20:58.422  render           | Saved: 'C:\Users\ljh\tralalero Shooter\outputs\reststop-blender-300s-2026-09-23\frames\frame-06220.jpg'
20:58.984  render           | Saved: 'C:\Users\ljh\tralalero Shooter\outputs\reststop-blender-300s-2026-09-23\frames\frame-06221.jpg'
20:59.531  render           | Saved: 'C:\Users\ljh\tralalero Shooter\outputs\reststop-blender-300s-2026-09-23\frames\frame-06222.jpg'
21:00.109  render           | Saved: 'C:\Users\ljh\tralalero Shooter\outputs\reststop-blender-300s-2026-09-23\frames\frame-06223.jpg'
21:00.672  render           | Saved: 'C:\Users\ljh\tralalero Shooter\outputs\reststop-blender-300s-2026-09-23\frames\frame-06224.jpg'
21:01.219  render           | Saved: 'C:\Users\ljh\tralalero Shooter\outputs\reststop-blender-300s-2026-09-23\frames\frame-06225.jpg'
21:01.781  render           | Saved: 'C:\Users\ljh\tralalero Shooter\outputs\reststop-blender-300s-2026-09-23\frames\frame-06226.jpg'
21:02.328  render           | Saved: 'C:\Users\ljh\tralalero Shooter\outputs\reststop-blender-300s-2026-09-23\frames\frame-06227.jpg'
21:02.891  render           | Saved: 'C:\Users\ljh\tralalero Shooter\outputs\reststop-blender-300s-2026-09-23\frames\frame-06228.jpg'
21:03.438  render           | Saved: 'C:\Users\ljh\tralalero Shooter\outputs\reststop-blender-300s-2026-09-23\frames\frame-06229.jpg'
21:04.000  render           | Saved: 'C:\Users\ljh\tralalero Shooter\outputs\reststop-blender-300s-2026-09-23\frames\frame-06230.jpg'
21:04.563  render           | Saved: 'C:\Users\ljh\tralalero Shooter\outputs\reststop-blender-300s-2026-09-23\frames\frame-06231.jpg'
21:05.125  render           | Saved: 'C:\Users\ljh\tralalero Shooter\outputs\reststop-blender-300s-2026-09-23\frames\frame-06232.jpg'
21:05.672  render           | Saved: 'C:\Users\ljh\tralalero Shooter\outputs\reststop-blender-300s-2026-09-23\frames\frame-06233.jpg'
21:06.250  render           | Saved: 'C:\Users\ljh\tralalero Shooter\outputs\reststop-blender-300s-2026-09-23\frames\frame-06234.jpg'
21:06.828  render           | Saved: 'C:\Users\ljh\tralalero Shooter\outputs\reststop-blender-300s-2026-09-23\frames\frame-06235.jpg'
21:07.375  render           | Saved: 'C:\Users\ljh\tralalero Shooter\outputs\reststop-blender-300s-2026-09-23\frames\frame-06236.jpg'
21:07.922  render           | Saved: 'C:\Users\ljh\tralalero Shooter\outputs\reststop-blender-300s-2026-09-23\frames\frame-06237.jpg'
21:08.469  render           | Saved: 'C:\Users\ljh\tralalero Shooter\outputs\reststop-blender-300s-2026-09-23\frames\frame-06238.jpg'
PROGRESS {"frame": 6238, "end": 7200, "rendered": 2448, "elapsed": 1267.3009688854218, "last_24_mean": 0.5611426929632822, "width": 1280, "engine": "BLENDER_EEVEE", "step": 1}
21:09.016  render           | Saved: 'C:\Users\ljh\tralalero Shooter\outputs\reststop-blender-300s-2026-09-23\frames\frame-06239.jpg'
21:09.547  render           | Saved: 'C:\Users\ljh\tralalero Shooter\outputs\reststop-blender-300s-2026-09-23\frames\frame-06240.jpg'
21:10.109  render           | Saved: 'C:\Users\ljh\tralalero Shooter\outputs\reststop-blender-300s-2026-09-23\frames\frame-06241.jpg'
21:10.672  render           | Saved: 'C:\Users\ljh\tralalero Shooter\outputs\reststop-blender-300s-2026-09-23\frames\frame-06242.jpg'
21:11.219  render           | Saved: 'C:\Users\ljh\tralalero Shooter\outputs\reststop-blender-300s-2026-09-23\frames\frame-06243.jpg'
21:11.781  render           | Saved: 'C:\Users\ljh\tralalero Shooter\outputs\reststop-blender-300s-2026-09-23\frames\frame-06244.jpg'
21:12.313  render           | Saved: 'C:\Users\ljh\tralalero Shooter\outputs\reststop-blender-300s-2026-09-23\frames\frame-06245.jpg'
21:12.891  render           | Saved: 'C:\Users\ljh\tralalero Shooter\outputs\reststop-blender-300s-2026-09-23\frames\frame-06246.jpg'
21:13.484  render           | Saved: 'C:\Users\ljh\tralalero Shooter\outputs\reststop-blender-300s-2026-09-23\frames\frame-06247.jpg'
21:14.078  render           | Saved: 'C:\Users\ljh\tralalero Shooter\outputs\reststop-blender-300s-2026-09-23\frames\frame-06248.jpg'
21:14.656  render           | Saved: 'C:\Users\ljh\tralalero Shooter\outputs\reststop-blender-300s-2026-09-23\frames\frame-06249.jpg'
21:15.250  render           | Saved: 'C:\Users\ljh\tralalero Shooter\outputs\reststop-blender-300s-2026-09-23\frames\frame-06250.jpg'
21:15.844  render           | Saved: 'C:\Users\ljh\tralalero Shooter\outputs\reststop-blender-300s-2026-09-23\frames\frame-06251.jpg'
21:16.406  render           | Saved: 'C:\Users\ljh\tralalero Shooter\outputs\reststop-blender-300s-2026-09-23\frames\frame-06252.jpg'
21:16.984  render           | Saved: 'C:\Users\ljh\tralalero Shooter\outputs\reststop-blender-300s-2026-09-23\frames\frame-06253.jpg'
21:17.547  render           | Saved: 'C:\Users\ljh\tralalero Shooter\outputs\reststop-blender-300s-2026-09-23\frames\frame-06254.jpg'
21:18.125  render           | Saved: 'C:\Users\ljh\tralalero Shooter\outputs\reststop-blender-300s-2026-09-23\frames\frame-06255.jpg'
21:18.703  render           | Saved: 'C:\Users\ljh\tralalero Shooter\outputs\reststop-blender-300s-2026-09-23\frames\frame-06256.jpg'
21:19.297  render           | Saved: 'C:\Users\ljh\tralalero Shooter\outputs\reststop-blender-300s-2026-09-23\frames\frame-06257.jpg'
21:19.859  render           | Saved: 'C:\Users\ljh\tralalero Shooter\outputs\reststop-blender-300s-2026-09-23\frames\frame-06258.jpg'
21:20.453  render           | Saved: 'C:\Users\ljh\tralalero Shooter\outputs\reststop-blender-300s-2026-09-23\frames\frame-06259.jpg'
21:21.016  render           | Saved: 'C:\Users\ljh\tralalero Shooter\outputs\reststop-blender-300s-2026-09-23\frames\frame-06260.jpg'
21:21.594  render           | Saved: 'C:\Users\ljh\tralalero Shooter\outputs\reststop-blender-300s-2026-09-23\frames\frame-06261.jpg'
21:22.172  render           | Saved: 'C:\Users\ljh\tralalero Shooter\outputs\reststop-blender-300s-2026-09-23\frames\frame-06262.jpg'
PROGRESS {"frame": 6262, "end": 7200, "rendered": 2472, "elapsed": 1281.004436969757, "last_24_mean": 0.5707299113273621, "width": 1280, "engine": "BLENDER_EEVEE", "step": 1}
21:22.766  render           | Saved: 'C:\Users\ljh\tralalero Shooter\outputs\reststop-blender-300s-2026-09-23\frames\frame-06263.jpg'
21:23.359  render           | Saved: 'C:\Users\ljh\tralalero Shooter\outputs\reststop-blender-300s-2026-09-23\frames\frame-06264.jpg'
21:23.938  render           | Saved: 'C:\Users\ljh\tralalero Shooter\outputs\reststop-blender-300s-2026-09-23\frames\frame-06265.jpg'
21:24.516  render           | Saved: 'C:\Users\ljh\tralalero Shooter\outputs\reststop-blender-300s-2026-09-23\frames\frame-06266.jpg'
21:25.109  render           | Saved: 'C:\Users\ljh\tralalero Shooter\outputs\reststop-blender-300s-2026-09-23\frames\frame-06267.jpg'
21:25.688  render           | Saved: 'C:\Users\ljh\tralalero Shooter\outputs\reststop-blender-300s-2026-09-23\frames\frame-06268.jpg'
21:26.281  render           | Saved: 'C:\Users\ljh\tralalero Shooter\outputs\reststop-blender-300s-2026-09-23\frames\frame-06269.jpg'
21:26.875  render           | Saved: 'C:\Users\ljh\tralalero Shooter\outputs\reststop-blender-300s-2026-09-23\frames\frame-06270.jpg'
21:27.453  render           | Saved: 'C:\Users\ljh\tralalero Shooter\outputs\reststop-blender-300s-2026-09-23\frames\frame-06271.jpg'
21:28.031  render           | Saved: 'C:\Users\ljh\tralalero Shooter\outputs\reststop-blender-300s-2026-09-23\frames\frame-06272.jpg'
21:28.609  render           | Saved: 'C:\Users\ljh\tralalero Shooter\outputs\reststop-blender-300s-2026-09-23\frames\frame-06273.jpg'
21:29.188  render           | Saved: 'C:\Users\ljh\tralalero Shooter\outputs\reststop-blender-300s-2026-09-23\frames\frame-06274.jpg'
21:29.750  render           | Saved: 'C:\Users\ljh\tralalero Shooter\outputs\reststop-blender-300s-2026-09-23\frames\frame-06275.jpg'
21:30.344  render           | Saved: 'C:\Users\ljh\tralalero Shooter\outputs\reststop-blender-300s-2026-09-23\frames\frame-06276.jpg'
21:30.906  render           | Saved: 'C:\Users\ljh\tralalero Shooter\outputs\reststop-blender-300s-2026-09-23\frames\frame-06277.jpg'
21:31.484  render           | Saved: 'C:\Users\ljh\tralalero Shooter\outputs\reststop-blender-300s-2026-09-23\frames\frame-06278.jpg'
21:32.047  render           | Saved: 'C:\Users\ljh\tralalero Shooter\outputs\reststop-blender-300s-2026-09-23\frames\frame-06279.jpg'
21:32.609  render           | Saved: 'C:\Users\ljh\tralalero Shooter\outputs\reststop-blender-300s-2026-09-23\frames\frame-06280.jpg'
21:33.156  render           | Saved: 'C:\Users\ljh\tralalero Shooter\outputs\reststop-blender-300s-2026-09-23\frames\frame-06281.jpg'
21:33.719  render           | Saved: 'C:\Users\ljh\tralalero Shooter\outputs\reststop-blender-300s-2026-09-23\frames\frame-06282.jpg'
21:34.313  render           | Saved: 'C:\Users\ljh\tralalero Shooter\outputs\reststop-blender-300s-2026-09-23\frames\frame-06283.jpg'
21:34.906  render           | Saved: 'C:\Users\ljh\tralalero Shooter\outputs\reststop-blender-300s-2026-09-23\frames\frame-06284.jpg'
21:35.453  render           | Saved: 'C:\Users\ljh\tralalero Shooter\outputs\reststop-blender-300s-2026-09-23\frames\frame-06285.jpg'
21:36.031  render           | Saved: 'C:\Users\ljh\tralalero Shooter\outputs\reststop-blender-300s-2026-09-23\frames\frame-06286.jpg'
PROGRESS {"frame": 6286, "end": 7200, "rendered": 2496, "elapsed": 1294.8702976703644, "last_24_mean": 0.5775208175182343, "width": 1280, "engine": "BLENDER_EEVEE", "step": 1}
21:36.625  render           | Saved: 'C:\Users\ljh\tralalero Shooter\outputs\reststop-blender-300s-2026-09-23\frames\frame-06287.jpg'
21:37.203  render           | Saved: 'C:\Users\ljh\tralalero Shooter\outputs\reststop-blender-300s-2026-09-23\frames\frame-06288.jpg'
21:37.766  render           | Saved: 'C:\Users\ljh\tralalero Shooter\outputs\reststop-blender-300s-2026-09-23\frames\frame-06289.jpg'
21:38.328  render           | Saved: 'C:\Users\ljh\tralalero Shooter\outputs\reststop-blender-300s-2026-09-23\frames\frame-06290.jpg'
21:38.922  render           | Saved: 'C:\Users\ljh\tralalero Shooter\outputs\reststop-blender-300s-2026-09-23\frames\frame-06291.jpg'
21:39.500  render           | Saved: 'C:\Users\ljh\tralalero Shooter\outputs\reststop-blender-300s-2026-09-23\frames\frame-06292.jpg'
21:40.063  render           | Saved: 'C:\Users\ljh\tralalero Shooter\outputs\reststop-blender-300s-2026-09-23\frames\frame-06293.jpg'
21:40.625  render           | Saved: 'C:\Users\ljh\tralalero Shooter\outputs\reststop-blender-300s-2026-09-23\frames\frame-06294.jpg'
21:41.188  render           | Saved: 'C:\Users\ljh\tralalero Shooter\outputs\reststop-blender-300s-2026-09-23\frames\frame-06295.jpg'
21:41.766  render           | Saved: 'C:\Users\ljh\tralalero Shooter\outputs\reststop-blender-300s-2026-09-23\frames\frame-06296.jpg'
21:42.375  render           | Saved: 'C:\Users\ljh\tralalero Shooter\outputs\reststop-blender-300s-2026-09-23\frames\frame-06297.jpg'
21:42.984  render           | Saved: 'C:\Users\ljh\tralalero Shooter\outputs\reststop-blender-300s-2026-09-23\frames\frame-06298.jpg'
21:43.563  render           | Saved: 'C:\Users\ljh\tralalero Shooter\outputs\reststop-blender-300s-2026-09-23\frames\frame-06299.jpg'
21:44.078  render           | Saved: 'C:\Users\ljh\tralalero Shooter\outputs\reststop-blender-300s-2026-09-23\frames\frame-06300.jpg'
21:44.594  render           | Saved: 'C:\Users\ljh\tralalero Shooter\outputs\reststop-blender-300s-2026-09-23\frames\frame-06301.jpg'
21:45.188  render           | Saved: 'C:\Users\ljh\tralalero Shooter\outputs\reststop-blender-300s-2026-09-23\frames\frame-06302.jpg'
21:45.766  render           | Saved: 'C:\Users\ljh\tralalero Shooter\outputs\reststop-blender-300s-2026-09-23\frames\frame-06303.jpg'
21:46.344  render           | Saved: 'C:\Users\ljh\tralalero Shooter\outputs\reststop-blender-300s-2026-09-23\frames\frame-06304.jpg'
21:46.906  render           | Saved: 'C:\Users\ljh\tralalero Shooter\outputs\reststop-blender-300s-2026-09-23\frames\frame-06305.jpg'
21:47.484  render           | Saved: 'C:\Users\ljh\tralalero Shooter\outputs\reststop-blender-300s-2026-09-23\frames\frame-06306.jpg'
21:48.063  render           | Saved: 'C:\Users\ljh\tralalero Shooter\outputs\reststop-blender-300s-2026-09-23\frames\frame-06307.jpg'
21:48.656  render           | Saved: 'C:\Users\ljh\tralalero Shooter\outputs\reststop-blender-300s-2026-09-23\frames\frame-06308.jpg'
21:49.344  render           | Saved: 'C:\Users\ljh\tralalero Shooter\outputs\reststop-blender-300s-2026-09-23\frames\frame-06309.jpg'
21:49.969  render           | Saved: 'C:\Users\ljh\tralalero Shooter\outputs\reststop-blender-300s-2026-09-23\frames\frame-06310.jpg'
PROGRESS {"frame": 6310, "end": 7200, "rendered": 2520, "elapsed": 1308.811832666397, "last_24_mean": 0.580611785252889, "width": 1280, "engine": "BLENDER_EEVEE", "step": 1}
21:50.547  render           | Saved: 'C:\Users\ljh\tralalero Shooter\outputs\reststop-blender-300s-2026-09-23\frames\frame-06311.jpg'
21:51.125  render           | Saved: 'C:\Users\ljh\tralalero Shooter\outputs\reststop-blender-300s-2026-09-23\frames\frame-06312.jpg'
21:51.703  render           | Saved: 'C:\Users\ljh\tralalero Shooter\outputs\reststop-blender-300s-2026-09-23\frames\frame-06313.jpg'
21:52.281  render           | Saved: 'C:\Users\ljh\tralalero Shooter\outputs\reststop-blender-300s-2026-09-23\frames\frame-06314.jpg'
21:52.875  render           | Saved: 'C:\Users\ljh\tralalero Shooter\outputs\reststop-blender-300s-2026-09-23\frames\frame-06315.jpg'
21:53.406  render           | Saved: 'C:\Users\ljh\tralalero Shooter\outputs\reststop-blender-300s-2026-09-23\frames\frame-06316.jpg'
21:54.078  render           | Saved: 'C:\Users\ljh\tralalero Shooter\outputs\reststop-blender-300s-2026-09-23\frames\frame-06317.jpg'
21:54.625  render           | Saved: 'C:\Users\ljh\tralalero Shooter\outputs\reststop-blender-300s-2026-09-23\frames\frame-06318.jpg'
21:55.188  render           | Saved: 'C:\Users\ljh\tralalero Shooter\outputs\reststop-blender-300s-2026-09-23\frames\frame-06319.jpg'
21:55.734  render           | Saved: 'C:\Users\ljh\tralalero Shooter\outputs\reststop-blender-300s-2026-09-23\frames\frame-06320.jpg'
21:56.297  render           | Saved: 'C:\Users\ljh\tralalero Shooter\outputs\reststop-blender-300s-2026-09-23\frames\frame-06321.jpg'
21:56.828  render           | Saved: 'C:\Users\ljh\tralalero Shooter\outputs\reststop-blender-300s-2026-09-23\frames\frame-06322.jpg'
21:57.375  render           | Saved: 'C:\Users\ljh\tralalero Shooter\outputs\reststop-blender-300s-2026-09-23\frames\frame-06323.jpg'
21:57.922  render           | Saved: 'C:\Users\ljh\tralalero Shooter\outputs\reststop-blender-300s-2026-09-23\frames\frame-06324.jpg'
21:58.422  render           | Saved: 'C:\Users\ljh\tralalero Shooter\outputs\reststop-blender-300s-2026-09-23\frames\frame-06325.jpg'
21:58.938  render           | Saved: 'C:\Users\ljh\tralalero Shooter\outputs\reststop-blender-300s-2026-09-23\frames\frame-06326.jpg'
21:59.469  render           | Saved: 'C:\Users\ljh\tralalero Shooter\outputs\reststop-blender-300s-2026-09-23\frames\frame-06327.jpg'
22:00.000  render           | Saved: 'C:\Users\ljh\tralalero Shooter\outputs\reststop-blender-300s-2026-09-23\frames\frame-06328.jpg'
22:00.531  render           | Saved: 'C:\Users\ljh\tralalero Shooter\outputs\reststop-blender-300s-2026-09-23\frames\frame-06329.jpg'
22:01.078  render           | Saved: 'C:\Users\ljh\tralalero Shooter\outputs\reststop-blender-300s-2026-09-23\frames\frame-06330.jpg'
22:01.656  render           | Saved: 'C:\Users\ljh\tralalero Shooter\outputs\reststop-blender-300s-2026-09-23\frames\frame-06331.jpg'
22:02.203  render           | Saved: 'C:\Users\ljh\tralalero Shooter\outputs\reststop-blender-300s-2026-09-23\frames\frame-06332.jpg'
22:02.734  render           | Saved: 'C:\Users\ljh\tralalero Shooter\outputs\reststop-blender-300s-2026-09-23\frames\frame-06333.jpg'
22:03.234  render           | Saved: 'C:\Users\ljh\tralalero Shooter\outputs\reststop-blender-300s-2026-09-23\frames\frame-06334.jpg'
PROGRESS {"frame": 6334, "end": 7200, "rendered": 2544, "elapsed": 1322.0611984729767, "last_24_mean": 0.5518057644367218, "width": 1280, "engine": "BLENDER_EEVEE", "step": 1}
22:03.734  render           | Saved: 'C:\Users\ljh\tralalero Shooter\outputs\reststop-blender-300s-2026-09-23\frames\frame-06335.jpg'
22:04.250  render           | Saved: 'C:\Users\ljh\tralalero Shooter\outputs\reststop-blender-300s-2026-09-23\frames\frame-06336.jpg'
22:04.734  render           | Saved: 'C:\Users\ljh\tralalero Shooter\outputs\reststop-blender-300s-2026-09-23\frames\frame-06337.jpg'
22:05.234  render           | Saved: 'C:\Users\ljh\tralalero Shooter\outputs\reststop-blender-300s-2026-09-23\frames\frame-06338.jpg'
22:05.719  render           | Saved: 'C:\Users\ljh\tralalero Shooter\outputs\reststop-blender-300s-2026-09-23\frames\frame-06339.jpg'
22:06.219  render           | Saved: 'C:\Users\ljh\tralalero Shooter\outputs\reststop-blender-300s-2026-09-23\frames\frame-06340.jpg'
22:06.734  render           | Saved: 'C:\Users\ljh\tralalero Shooter\outputs\reststop-blender-300s-2026-09-23\frames\frame-06341.jpg'
22:07.234  render           | Saved: 'C:\Users\ljh\tralalero Shooter\outputs\reststop-blender-300s-2026-09-23\frames\frame-06342.jpg'
22:07.719  render           | Saved: 'C:\Users\ljh\tralalero Shooter\outputs\reststop-blender-300s-2026-09-23\frames\frame-06343.jpg'
22:08.219  render           | Saved: 'C:\Users\ljh\tralalero Shooter\outputs\reststop-blender-300s-2026-09-23\frames\frame-06344.jpg'
22:08.719  render           | Saved: 'C:\Users\ljh\tralalero Shooter\outputs\reststop-blender-300s-2026-09-23\frames\frame-06345.jpg'
22:09.219  render           | Saved: 'C:\Users\ljh\tralalero Shooter\outputs\reststop-blender-300s-2026-09-23\frames\frame-06346.jpg'
22:09.719  render           | Saved: 'C:\Users\ljh\tralalero Shooter\outputs\reststop-blender-300s-2026-09-23\frames\frame-06347.jpg'
22:10.250  render           | Saved: 'C:\Users\ljh\tralalero Shooter\outputs\reststop-blender-300s-2026-09-23\frames\frame-06348.jpg'
22:10.734  render           | Saved: 'C:\Users\ljh\tralalero Shooter\outputs\reststop-blender-300s-2026-09-23\frames\frame-06349.jpg'
22:11.250  render           | Saved: 'C:\Users\ljh\tralalero Shooter\outputs\reststop-blender-300s-2026-09-23\frames\frame-06350.jpg'
22:11.734  render           | Saved: 'C:\Users\ljh\tralalero Shooter\outputs\reststop-blender-300s-2026-09-23\frames\frame-06351.jpg'
22:12.219  render           | Saved: 'C:\Users\ljh\tralalero Shooter\outputs\reststop-blender-300s-2026-09-23\frames\frame-06352.jpg'
22:12.719  render           | Saved: 'C:\Users\ljh\tralalero Shooter\outputs\reststop-blender-300s-2026-09-23\frames\frame-06353.jpg'
22:13.219  render           | Saved: 'C:\Users\ljh\tralalero Shooter\outputs\reststop-blender-300s-2026-09-23\frames\frame-06354.jpg'
22:13.719  render           | Saved: 'C:\Users\ljh\tralalero Shooter\outputs\reststop-blender-300s-2026-09-23\frames\frame-06355.jpg'
22:14.219  render           | Saved: 'C:\Users\ljh\tralalero Shooter\outputs\reststop-blender-300s-2026-09-23\frames\frame-06356.jpg'
22:14.688  render           | Saved: 'C:\Users\ljh\tralalero Shooter\outputs\reststop-blender-300s-2026-09-23\frames\frame-06357.jpg'
22:15.188  render           | Saved: 'C:\Users\ljh\tralalero Shooter\outputs\reststop-blender-300s-2026-09-23\frames\frame-06358.jpg'
PROGRESS {"frame": 6358, "end": 7200, "rendered": 2568, "elapsed": 1334.0172097682953, "last_24_mean": 0.4979359606901805, "width": 1280, "engine": "BLENDER_EEVEE", "step": 1}
22:15.688  render           | Saved: 'C:\Users\ljh\tralalero Shooter\outputs\reststop-blender-300s-2026-09-23\frames\frame-06359.jpg'
22:16.172  render           | Saved: 'C:\Users\ljh\tralalero Shooter\outputs\reststop-blender-300s-2026-09-23\frames\frame-06360.jpg'
22:16.656  render           | Saved: 'C:\Users\ljh\tralalero Shooter\outputs\reststop-blender-300s-2026-09-23\frames\frame-06361.jpg'
22:17.156  render           | Saved: 'C:\Users\ljh\tralalero Shooter\outputs\reststop-blender-300s-2026-09-23\frames\frame-06362.jpg'
22:17.625  render           | Saved: 'C:\Users\ljh\tralalero Shooter\outputs\reststop-blender-300s-2026-09-23\frames\frame-06363.jpg'
22:18.125  render           | Saved: 'C:\Users\ljh\tralalero Shooter\outputs\reststop-blender-300s-2026-09-23\frames\frame-06364.jpg'
22:18.594  render           | Saved: 'C:\Users\ljh\tralalero Shooter\outputs\reststop-blender-300s-2026-09-23\frames\frame-06365.jpg'
22:19.094  render           | Saved: 'C:\Users\ljh\tralalero Shooter\outputs\reststop-blender-300s-2026-09-23\frames\frame-06366.jpg'
22:19.594  render           | Saved: 'C:\Users\ljh\tralalero Shooter\outputs\reststop-blender-300s-2026-09-23\frames\frame-06367.jpg'
22:20.109  render           | Saved: 'C:\Users\ljh\tralalero Shooter\outputs\reststop-blender-300s-2026-09-23\frames\frame-06368.jpg'
22:20.625  render           | Saved: 'C:\Users\ljh\tralalero Shooter\outputs\reststop-blender-300s-2026-09-23\frames\frame-06369.jpg'
22:21.141  render           | Saved: 'C:\Users\ljh\tralalero Shooter\outputs\reststop-blender-300s-2026-09-23\frames\frame-06370.jpg'
22:21.641  render           | Saved: 'C:\Users\ljh\tralalero Shooter\outputs\reststop-blender-300s-2026-09-23\frames\frame-06371.jpg'
22:22.156  render           | Saved: 'C:\Users\ljh\tralalero Shooter\outputs\reststop-blender-300s-2026-09-23\frames\frame-06372.jpg'
22:22.641  render           | Saved: 'C:\Users\ljh\tralalero Shooter\outputs\reststop-blender-300s-2026-09-23\frames\frame-06373.jpg'
22:23.156  render           | Saved: 'C:\Users\ljh\tralalero Shooter\outputs\reststop-blender-300s-2026-09-23\frames\frame-06374.jpg'
22:23.672  render           | Saved: 'C:\Users\ljh\tralalero Shooter\outputs\reststop-blender-300s-2026-09-23\frames\frame-06375.jpg'
22:24.172  render           | Saved: 'C:\Users\ljh\tralalero Shooter\outputs\reststop-blender-300s-2026-09-23\frames\frame-06376.jpg'
22:24.672  render           | Saved: 'C:\Users\ljh\tralalero Shooter\outputs\reststop-blender-300s-2026-09-23\frames\frame-06377.jpg'
22:25.188  render           | Saved: 'C:\Users\ljh\tralalero Shooter\outputs\reststop-blender-300s-2026-09-23\frames\frame-06378.jpg'
22:25.688  render           | Saved: 'C:\Users\ljh\tralalero Shooter\outputs\reststop-blender-300s-2026-09-23\frames\frame-06379.jpg'
22:26.188  render           | Saved: 'C:\Users\ljh\tralalero Shooter\outputs\reststop-blender-300s-2026-09-23\frames\frame-06380.jpg'
22:26.688  render           | Saved: 'C:\Users\ljh\tralalero Shooter\outputs\reststop-blender-300s-2026-09-23\frames\frame-06381.jpg'
22:27.188  render           | Saved: 'C:\Users\ljh\tralalero Shooter\outputs\reststop-blender-300s-2026-09-23\frames\frame-06382.jpg'
PROGRESS {"frame": 6382, "end": 7200, "rendered": 2592, "elapsed": 1346.0096311569214, "last_24_mean": 0.4994516968727112, "width": 1280, "engine": "BLENDER_EEVEE", "step": 1}
22:27.672  render           | Saved: 'C:\Users\ljh\tralalero Shooter\outputs\reststop-blender-300s-2026-09-23\frames\frame-06383.jpg'
22:28.172  render           | Saved: 'C:\Users\ljh\tralalero Shooter\outputs\reststop-blender-300s-2026-09-23\frames\frame-06384.jpg'
22:28.672  render           | Saved: 'C:\Users\ljh\tralalero Shooter\outputs\reststop-blender-300s-2026-09-23\frames\frame-06385.jpg'
22:29.141  render           | Saved: 'C:\Users\ljh\tralalero Shooter\outputs\reststop-blender-300s-2026-09-23\frames\frame-06386.jpg'
22:29.625  render           | Saved: 'C:\Users\ljh\tralalero Shooter\outputs\reststop-blender-300s-2026-09-23\frames\frame-06387.jpg'
22:30.109  render           | Saved: 'C:\Users\ljh\tralalero Shooter\outputs\reststop-blender-300s-2026-09-23\frames\frame-06388.jpg'
22:30.594  render           | Saved: 'C:\Users\ljh\tralalero Shooter\outputs\reststop-blender-300s-2026-09-23\frames\frame-06389.jpg'
22:31.094  render           | Saved: 'C:\Users\ljh\tralalero Shooter\outputs\reststop-blender-300s-2026-09-23\frames\frame-06390.jpg'
22:31.594  render           | Saved: 'C:\Users\ljh\tralalero Shooter\outputs\reststop-blender-300s-2026-09-23\frames\frame-06391.jpg'
22:32.094  render           | Saved: 'C:\Users\ljh\tralalero Shooter\outputs\reststop-blender-300s-2026-09-23\frames\frame-06392.jpg'
22:32.563  render           | Saved: 'C:\Users\ljh\tralalero Shooter\outputs\reststop-blender-300s-2026-09-23\frames\frame-06393.jpg'
22:33.063  render           | Saved: 'C:\Users\ljh\tralalero Shooter\outputs\reststop-blender-300s-2026-09-23\frames\frame-06394.jpg'
22:33.563  render           | Saved: 'C:\Users\ljh\tralalero Shooter\outputs\reststop-blender-300s-2026-09-23\frames\frame-06395.jpg'
22:34.063  render           | Saved: 'C:\Users\ljh\tralalero Shooter\outputs\reststop-blender-300s-2026-09-23\frames\frame-06396.jpg'
22:34.563  render           | Saved: 'C:\Users\ljh\tralalero Shooter\outputs\reststop-blender-300s-2026-09-23\frames\frame-06397.jpg'
22:35.063  render           | Saved: 'C:\Users\ljh\tralalero Shooter\outputs\reststop-blender-300s-2026-09-23\frames\frame-06398.jpg'
22:35.563  render           | Saved: 'C:\Users\ljh\tralalero Shooter\outputs\reststop-blender-300s-2026-09-23\frames\frame-06399.jpg'
22:36.063  render           | Saved: 'C:\Users\ljh\tralalero Shooter\outputs\reststop-blender-300s-2026-09-23\frames\frame-06400.jpg'
22:36.531  render           | Saved: 'C:\Users\ljh\tralalero Shooter\outputs\reststop-blender-300s-2026-09-23\frames\frame-06401.jpg'
22:37.047  render           | Saved: 'C:\Users\ljh\tralalero Shooter\outputs\reststop-blender-300s-2026-09-23\frames\frame-06402.jpg'
22:37.547  render           | Saved: 'C:\Users\ljh\tralalero Shooter\outputs\reststop-blender-300s-2026-09-23\frames\frame-06403.jpg'
22:38.031  render           | Saved: 'C:\Users\ljh\tralalero Shooter\outputs\reststop-blender-300s-2026-09-23\frames\frame-06404.jpg'
22:38.531  render           | Saved: 'C:\Users\ljh\tralalero Shooter\outputs\reststop-blender-300s-2026-09-23\frames\frame-06405.jpg'
22:39.063  render           | Saved: 'C:\Users\ljh\tralalero Shooter\outputs\reststop-blender-300s-2026-09-23\frames\frame-06406.jpg'
PROGRESS {"frame": 6406, "end": 7200, "rendered": 2616, "elapsed": 1357.8933606147766, "last_24_mean": 0.49493250250816345, "width": 1280, "engine": "BLENDER_EEVEE", "step": 1}
22:39.563  render           | Saved: 'C:\Users\ljh\tralalero Shooter\outputs\reststop-blender-300s-2026-09-23\frames\frame-06407.jpg'
22:40.063  render           | Saved: 'C:\Users\ljh\tralalero Shooter\outputs\reststop-blender-300s-2026-09-23\frames\frame-06408.jpg'
22:40.563  render           | Saved: 'C:\Users\ljh\tralalero Shooter\outputs\reststop-blender-300s-2026-09-23\frames\frame-06409.jpg'
22:41.047  render           | Saved: 'C:\Users\ljh\tralalero Shooter\outputs\reststop-blender-300s-2026-09-23\frames\frame-06410.jpg'
22:41.547  render           | Saved: 'C:\Users\ljh\tralalero Shooter\outputs\reststop-blender-300s-2026-09-23\frames\frame-06411.jpg'
22:42.063  render           | Saved: 'C:\Users\ljh\tralalero Shooter\outputs\reststop-blender-300s-2026-09-23\frames\frame-06412.jpg'
22:42.563  render           | Saved: 'C:\Users\ljh\tralalero Shooter\outputs\reststop-blender-300s-2026-09-23\frames\frame-06413.jpg'
22:43.063  render           | Saved: 'C:\Users\ljh\tralalero Shooter\outputs\reststop-blender-300s-2026-09-23\frames\frame-06414.jpg'
22:43.563  render           | Saved: 'C:\Users\ljh\tralalero Shooter\outputs\reststop-blender-300s-2026-09-23\frames\frame-06415.jpg'
22:44.063  render           | Saved: 'C:\Users\ljh\tralalero Shooter\outputs\reststop-blender-300s-2026-09-23\frames\frame-06416.jpg'
22:44.563  render           | Saved: 'C:\Users\ljh\tralalero Shooter\outputs\reststop-blender-300s-2026-09-23\frames\frame-06417.jpg'
22:45.078  render           | Saved: 'C:\Users\ljh\tralalero Shooter\outputs\reststop-blender-300s-2026-09-23\frames\frame-06418.jpg'
22:45.578  render           | Saved: 'C:\Users\ljh\tralalero Shooter\outputs\reststop-blender-300s-2026-09-23\frames\frame-06419.jpg'
22:46.078  render           | Saved: 'C:\Users\ljh\tralalero Shooter\outputs\reststop-blender-300s-2026-09-23\frames\frame-06420.jpg'
22:46.609  render           | Saved: 'C:\Users\ljh\tralalero Shooter\outputs\reststop-blender-300s-2026-09-23\frames\frame-06421.jpg'
22:47.109  render           | Saved: 'C:\Users\ljh\tralalero Shooter\outputs\reststop-blender-300s-2026-09-23\frames\frame-06422.jpg'
22:47.609  render           | Saved: 'C:\Users\ljh\tralalero Shooter\outputs\reststop-blender-300s-2026-09-23\frames\frame-06423.jpg'
22:48.125  render           | Saved: 'C:\Users\ljh\tralalero Shooter\outputs\reststop-blender-300s-2026-09-23\frames\frame-06424.jpg'
22:48.625  render           | Saved: 'C:\Users\ljh\tralalero Shooter\outputs\reststop-blender-300s-2026-09-23\frames\frame-06425.jpg'
22:49.125  render           | Saved: 'C:\Users\ljh\tralalero Shooter\outputs\reststop-blender-300s-2026-09-23\frames\frame-06426.jpg'
22:49.656  render           | Saved: 'C:\Users\ljh\tralalero Shooter\outputs\reststop-blender-300s-2026-09-23\frames\frame-06427.jpg'
22:50.156  render           | Saved: 'C:\Users\ljh\tralalero Shooter\outputs\reststop-blender-300s-2026-09-23\frames\frame-06428.jpg'
22:50.734  render           | Saved: 'C:\Users\ljh\tralalero Shooter\outputs\reststop-blender-300s-2026-09-23\frames\frame-06429.jpg'
22:51.250  render           | Saved: 'C:\Users\ljh\tralalero Shooter\outputs\reststop-blender-300s-2026-09-23\frames\frame-06430.jpg'
PROGRESS {"frame": 6430, "end": 7200, "rendered": 2640, "elapsed": 1370.085163116455, "last_24_mean": 0.5077759226163229, "width": 1280, "engine": "BLENDER_EEVEE", "step": 1}
22:51.797  render           | Saved: 'C:\Users\ljh\tralalero Shooter\outputs\reststop-blender-300s-2026-09-23\frames\frame-06431.jpg'
22:52.297  render           | Saved: 'C:\Users\ljh\tralalero Shooter\outputs\reststop-blender-300s-2026-09-23\frames\frame-06432.jpg'
22:52.797  render           | Saved: 'C:\Users\ljh\tralalero Shooter\outputs\reststop-blender-300s-2026-09-23\frames\frame-06433.jpg'
22:53.313  render           | Saved: 'C:\Users\ljh\tralalero Shooter\outputs\reststop-blender-300s-2026-09-23\frames\frame-06434.jpg'
22:53.844  render           | Saved: 'C:\Users\ljh\tralalero Shooter\outputs\reststop-blender-300s-2026-09-23\frames\frame-06435.jpg'
22:54.375  render           | Saved: 'C:\Users\ljh\tralalero Shooter\outputs\reststop-blender-300s-2026-09-23\frames\frame-06436.jpg'
22:54.875  render           | Saved: 'C:\Users\ljh\tralalero Shooter\outputs\reststop-blender-300s-2026-09-23\frames\frame-06437.jpg'
22:55.391  render           | Saved: 'C:\Users\ljh\tralalero Shooter\outputs\reststop-blender-300s-2026-09-23\frames\frame-06438.jpg'
22:55.906  render           | Saved: 'C:\Users\ljh\tralalero Shooter\outputs\reststop-blender-300s-2026-09-23\frames\frame-06439.jpg'
22:56.406  render           | Saved: 'C:\Users\ljh\tralalero Shooter\outputs\reststop-blender-300s-2026-09-23\frames\frame-06440.jpg'
22:56.906  render           | Saved: 'C:\Users\ljh\tralalero Shooter\outputs\reststop-blender-300s-2026-09-23\frames\frame-06441.jpg'
22:57.422  render           | Saved: 'C:\Users\ljh\tralalero Shooter\outputs\reststop-blender-300s-2026-09-23\frames\frame-06442.jpg'
22:57.938  render           | Saved: 'C:\Users\ljh\tralalero Shooter\outputs\reststop-blender-300s-2026-09-23\frames\frame-06443.jpg'
22:58.453  render           | Saved: 'C:\Users\ljh\tralalero Shooter\outputs\reststop-blender-300s-2026-09-23\frames\frame-06444.jpg'
22:58.969  render           | Saved: 'C:\Users\ljh\tralalero Shooter\outputs\reststop-blender-300s-2026-09-23\frames\frame-06445.jpg'
22:59.500  render           | Saved: 'C:\Users\ljh\tralalero Shooter\outputs\reststop-blender-300s-2026-09-23\frames\frame-06446.jpg'
23:00.031  render           | Saved: 'C:\Users\ljh\tralalero Shooter\outputs\reststop-blender-300s-2026-09-23\frames\frame-06447.jpg'
23:00.563  render           | Saved: 'C:\Users\ljh\tralalero Shooter\outputs\reststop-blender-300s-2026-09-23\frames\frame-06448.jpg'
23:01.172  render           | Saved: 'C:\Users\ljh\tralalero Shooter\outputs\reststop-blender-300s-2026-09-23\frames\frame-06449.jpg'
23:01.719  render           | Saved: 'C:\Users\ljh\tralalero Shooter\outputs\reststop-blender-300s-2026-09-23\frames\frame-06450.jpg'
23:02.234  render           | Saved: 'C:\Users\ljh\tralalero Shooter\outputs\reststop-blender-300s-2026-09-23\frames\frame-06451.jpg'
23:02.781  render           | Saved: 'C:\Users\ljh\tralalero Shooter\outputs\reststop-blender-300s-2026-09-23\frames\frame-06452.jpg'
23:03.328  render           | Saved: 'C:\Users\ljh\tralalero Shooter\outputs\reststop-blender-300s-2026-09-23\frames\frame-06453.jpg'
23:03.969  render           | Saved: 'C:\Users\ljh\tralalero Shooter\outputs\reststop-blender-300s-2026-09-23\frames\frame-06454.jpg'
PROGRESS {"frame": 6454, "end": 7200, "rendered": 2664, "elapsed": 1382.8046741485596, "last_24_mean": 0.529735247294108, "width": 1280, "engine": "BLENDER_EEVEE", "step": 1}
23:04.578  render           | Saved: 'C:\Users\ljh\tralalero Shooter\outputs\reststop-blender-300s-2026-09-23\frames\frame-06455.jpg'
23:05.172  render           | Saved: 'C:\Users\ljh\tralalero Shooter\outputs\reststop-blender-300s-2026-09-23\frames\frame-06456.jpg'
23:05.703  render           | Saved: 'C:\Users\ljh\tralalero Shooter\outputs\reststop-blender-300s-2026-09-23\frames\frame-06457.jpg'
23:06.266  render           | Saved: 'C:\Users\ljh\tralalero Shooter\outputs\reststop-blender-300s-2026-09-23\frames\frame-06458.jpg'
23:06.813  render           | Saved: 'C:\Users\ljh\tralalero Shooter\outputs\reststop-blender-300s-2026-09-23\frames\frame-06459.jpg'
23:07.344  render           | Saved: 'C:\Users\ljh\tralalero Shooter\outputs\reststop-blender-300s-2026-09-23\frames\frame-06460.jpg'
23:07.906  render           | Saved: 'C:\Users\ljh\tralalero Shooter\outputs\reststop-blender-300s-2026-09-23\frames\frame-06461.jpg'
23:08.422  render           | Saved: 'C:\Users\ljh\tralalero Shooter\outputs\reststop-blender-300s-2026-09-23\frames\frame-06462.jpg'
23:08.969  render           | Saved: 'C:\Users\ljh\tralalero Shooter\outputs\reststop-blender-300s-2026-09-23\frames\frame-06463.jpg'
23:09.500  render           | Saved: 'C:\Users\ljh\tralalero Shooter\outputs\reststop-blender-300s-2026-09-23\frames\frame-06464.jpg'
23:10.016  render           | Saved: 'C:\Users\ljh\tralalero Shooter\outputs\reststop-blender-300s-2026-09-23\frames\frame-06465.jpg'
23:10.547  render           | Saved: 'C:\Users\ljh\tralalero Shooter\outputs\reststop-blender-300s-2026-09-23\frames\frame-06466.jpg'
23:11.078  render           | Saved: 'C:\Users\ljh\tralalero Shooter\outputs\reststop-blender-300s-2026-09-23\frames\frame-06467.jpg'
23:11.625  render           | Saved: 'C:\Users\ljh\tralalero Shooter\outputs\reststop-blender-300s-2026-09-23\frames\frame-06468.jpg'
23:12.141  render           | Saved: 'C:\Users\ljh\tralalero Shooter\outputs\reststop-blender-300s-2026-09-23\frames\frame-06469.jpg'
23:12.688  render           | Saved: 'C:\Users\ljh\tralalero Shooter\outputs\reststop-blender-300s-2026-09-23\frames\frame-06470.jpg'
23:13.234  render           | Saved: 'C:\Users\ljh\tralalero Shooter\outputs\reststop-blender-300s-2026-09-23\frames\frame-06471.jpg'
23:13.797  render           | Saved: 'C:\Users\ljh\tralalero Shooter\outputs\reststop-blender-300s-2026-09-23\frames\frame-06472.jpg'
23:14.328  render           | Saved: 'C:\Users\ljh\tralalero Shooter\outputs\reststop-blender-300s-2026-09-23\frames\frame-06473.jpg'
23:14.844  render           | Saved: 'C:\Users\ljh\tralalero Shooter\outputs\reststop-blender-300s-2026-09-23\frames\frame-06474.jpg'
23:15.359  render           | Saved: 'C:\Users\ljh\tralalero Shooter\outputs\reststop-blender-300s-2026-09-23\frames\frame-06475.jpg'
23:15.906  render           | Saved: 'C:\Users\ljh\tralalero Shooter\outputs\reststop-blender-300s-2026-09-23\frames\frame-06476.jpg'
23:16.422  render           | Saved: 'C:\Users\ljh\tralalero Shooter\outputs\reststop-blender-300s-2026-09-23\frames\frame-06477.jpg'
23:16.953  render           | Saved: 'C:\Users\ljh\tralalero Shooter\outputs\reststop-blender-300s-2026-09-23\frames\frame-06478.jpg'
PROGRESS {"frame": 6478, "end": 7200, "rendered": 2688, "elapsed": 1395.7839486598969, "last_24_mean": 0.5405673285325369, "width": 1280, "engine": "BLENDER_EEVEE", "step": 1}
23:17.469  render           | Saved: 'C:\Users\ljh\tralalero Shooter\outputs\reststop-blender-300s-2026-09-23\frames\frame-06479.jpg'
23:18.000  render           | Saved: 'C:\Users\ljh\tralalero Shooter\outputs\reststop-blender-300s-2026-09-23\frames\frame-06480.jpg'
23:18.531  render           | Saved: 'C:\Users\ljh\tralalero Shooter\outputs\reststop-blender-300s-2026-09-23\frames\frame-06481.jpg'
23:19.047  render           | Saved: 'C:\Users\ljh\tralalero Shooter\outputs\reststop-blender-300s-2026-09-23\frames\frame-06482.jpg'
23:19.563  render           | Saved: 'C:\Users\ljh\tralalero Shooter\outputs\reststop-blender-300s-2026-09-23\frames\frame-06483.jpg'
23:20.063  render           | Saved: 'C:\Users\ljh\tralalero Shooter\outputs\reststop-blender-300s-2026-09-23\frames\frame-06484.jpg'
23:20.578  render           | Saved: 'C:\Users\ljh\tralalero Shooter\outputs\reststop-blender-300s-2026-09-23\frames\frame-06485.jpg'
23:21.094  render           | Saved: 'C:\Users\ljh\tralalero Shooter\outputs\reststop-blender-300s-2026-09-23\frames\frame-06486.jpg'
23:21.609  render           | Saved: 'C:\Users\ljh\tralalero Shooter\outputs\reststop-blender-300s-2026-09-23\frames\frame-06487.jpg'
23:22.125  render           | Saved: 'C:\Users\ljh\tralalero Shooter\outputs\reststop-blender-300s-2026-09-23\frames\frame-06488.jpg'
23:22.641  render           | Saved: 'C:\Users\ljh\tralalero Shooter\outputs\reststop-blender-300s-2026-09-23\frames\frame-06489.jpg'
23:23.172  render           | Saved: 'C:\Users\ljh\tralalero Shooter\outputs\reststop-blender-300s-2026-09-23\frames\frame-06490.jpg'
23:23.688  render           | Saved: 'C:\Users\ljh\tralalero Shooter\outputs\reststop-blender-300s-2026-09-23\frames\frame-06491.jpg'
23:24.203  render           | Saved: 'C:\Users\ljh\tralalero Shooter\outputs\reststop-blender-300s-2026-09-23\frames\frame-06492.jpg'
23:24.719  render           | Saved: 'C:\Users\ljh\tralalero Shooter\outputs\reststop-blender-300s-2026-09-23\frames\frame-06493.jpg'
23:25.234  render           | Saved: 'C:\Users\ljh\tralalero Shooter\outputs\reststop-blender-300s-2026-09-23\frames\frame-06494.jpg'
23:25.750  render           | Saved: 'C:\Users\ljh\tralalero Shooter\outputs\reststop-blender-300s-2026-09-23\frames\frame-06495.jpg'
23:26.266  render           | Saved: 'C:\Users\ljh\tralalero Shooter\outputs\reststop-blender-300s-2026-09-23\frames\frame-06496.jpg'
23:26.766  render           | Saved: 'C:\Users\ljh\tralalero Shooter\outputs\reststop-blender-300s-2026-09-23\frames\frame-06497.jpg'
23:27.297  render           | Saved: 'C:\Users\ljh\tralalero Shooter\outputs\reststop-blender-300s-2026-09-23\frames\frame-06498.jpg'
23:27.813  render           | Saved: 'C:\Users\ljh\tralalero Shooter\outputs\reststop-blender-300s-2026-09-23\frames\frame-06499.jpg'
23:28.344  render           | Saved: 'C:\Users\ljh\tralalero Shooter\outputs\reststop-blender-300s-2026-09-23\frames\frame-06500.jpg'
23:28.891  render           | Saved: 'C:\Users\ljh\tralalero Shooter\outputs\reststop-blender-300s-2026-09-23\frames\frame-06501.jpg'
23:29.391  render           | Saved: 'C:\Users\ljh\tralalero Shooter\outputs\reststop-blender-300s-2026-09-23\frames\frame-06502.jpg'
PROGRESS {"frame": 6502, "end": 7200, "rendered": 2712, "elapsed": 1408.2243249416351, "last_24_mean": 0.5181191563606262, "width": 1280, "engine": "BLENDER_EEVEE", "step": 1}
23:29.922  render           | Saved: 'C:\Users\ljh\tralalero Shooter\outputs\reststop-blender-300s-2026-09-23\frames\frame-06503.jpg'
23:30.406  render           | Saved: 'C:\Users\ljh\tralalero Shooter\outputs\reststop-blender-300s-2026-09-23\frames\frame-06504.jpg'
23:31.000  render           | Saved: 'C:\Users\ljh\tralalero Shooter\outputs\reststop-blender-300s-2026-09-23\frames\frame-06505.jpg'
23:31.563  render           | Saved: 'C:\Users\ljh\tralalero Shooter\outputs\reststop-blender-300s-2026-09-23\frames\frame-06506.jpg'
23:32.094  render           | Saved: 'C:\Users\ljh\tralalero Shooter\outputs\reststop-blender-300s-2026-09-23\frames\frame-06507.jpg'
23:32.656  render           | Saved: 'C:\Users\ljh\tralalero Shooter\outputs\reststop-blender-300s-2026-09-23\frames\frame-06508.jpg'
23:33.188  render           | Saved: 'C:\Users\ljh\tralalero Shooter\outputs\reststop-blender-300s-2026-09-23\frames\frame-06509.jpg'
23:33.688  render           | Saved: 'C:\Users\ljh\tralalero Shooter\outputs\reststop-blender-300s-2026-09-23\frames\frame-06510.jpg'
23:34.234  render           | Saved: 'C:\Users\ljh\tralalero Shooter\outputs\reststop-blender-300s-2026-09-23\frames\frame-06511.jpg'
23:34.797  render           | Saved: 'C:\Users\ljh\tralalero Shooter\outputs\reststop-blender-300s-2026-09-23\frames\frame-06512.jpg'
23:35.359  render           | Saved: 'C:\Users\ljh\tralalero Shooter\outputs\reststop-blender-300s-2026-09-23\frames\frame-06513.jpg'
23:35.891  render           | Saved: 'C:\Users\ljh\tralalero Shooter\outputs\reststop-blender-300s-2026-09-23\frames\frame-06514.jpg'
23:36.422  render           | Saved: 'C:\Users\ljh\tralalero Shooter\outputs\reststop-blender-300s-2026-09-23\frames\frame-06515.jpg'
23:36.953  render           | Saved: 'C:\Users\ljh\tralalero Shooter\outputs\reststop-blender-300s-2026-09-23\frames\frame-06516.jpg'
23:37.453  render           | Saved: 'C:\Users\ljh\tralalero Shooter\outputs\reststop-blender-300s-2026-09-23\frames\frame-06517.jpg'
23:37.984  render           | Saved: 'C:\Users\ljh\tralalero Shooter\outputs\reststop-blender-300s-2026-09-23\frames\frame-06518.jpg'
23:38.484  render           | Saved: 'C:\Users\ljh\tralalero Shooter\outputs\reststop-blender-300s-2026-09-23\frames\frame-06519.jpg'
23:39.000  render           | Saved: 'C:\Users\ljh\tralalero Shooter\outputs\reststop-blender-300s-2026-09-23\frames\frame-06520.jpg'
23:39.594  render           | Saved: 'C:\Users\ljh\tralalero Shooter\outputs\reststop-blender-300s-2026-09-23\frames\frame-06521.jpg'
23:40.141  render           | Saved: 'C:\Users\ljh\tralalero Shooter\outputs\reststop-blender-300s-2026-09-23\frames\frame-06522.jpg'
23:40.656  render           | Saved: 'C:\Users\ljh\tralalero Shooter\outputs\reststop-blender-300s-2026-09-23\frames\frame-06523.jpg'
23:41.156  render           | Saved: 'C:\Users\ljh\tralalero Shooter\outputs\reststop-blender-300s-2026-09-23\frames\frame-06524.jpg'
23:41.672  render           | Saved: 'C:\Users\ljh\tralalero Shooter\outputs\reststop-blender-300s-2026-09-23\frames\frame-06525.jpg'
23:42.219  render           | Saved: 'C:\Users\ljh\tralalero Shooter\outputs\reststop-blender-300s-2026-09-23\frames\frame-06526.jpg'
PROGRESS {"frame": 6526, "end": 7200, "rendered": 2736, "elapsed": 1421.0516822338104, "last_24_mean": 0.534239798784256, "width": 1280, "engine": "BLENDER_EEVEE", "step": 1}
23:42.719  render           | Saved: 'C:\Users\ljh\tralalero Shooter\outputs\reststop-blender-300s-2026-09-23\frames\frame-06527.jpg'
23:43.188  render           | Saved: 'C:\Users\ljh\tralalero Shooter\outputs\reststop-blender-300s-2026-09-23\frames\frame-06528.jpg'
23:43.672  render           | Saved: 'C:\Users\ljh\tralalero Shooter\outputs\reststop-blender-300s-2026-09-23\frames\frame-06529.jpg'
23:44.141  render           | Saved: 'C:\Users\ljh\tralalero Shooter\outputs\reststop-blender-300s-2026-09-23\frames\frame-06530.jpg'
23:44.625  render           | Saved: 'C:\Users\ljh\tralalero Shooter\outputs\reststop-blender-300s-2026-09-23\frames\frame-06531.jpg'
23:45.094  render           | Saved: 'C:\Users\ljh\tralalero Shooter\outputs\reststop-blender-300s-2026-09-23\frames\frame-06532.jpg'
23:45.563  render           | Saved: 'C:\Users\ljh\tralalero Shooter\outputs\reststop-blender-300s-2026-09-23\frames\frame-06533.jpg'
23:46.031  render           | Saved: 'C:\Users\ljh\tralalero Shooter\outputs\reststop-blender-300s-2026-09-23\frames\frame-06534.jpg'
23:46.516  render           | Saved: 'C:\Users\ljh\tralalero Shooter\outputs\reststop-blender-300s-2026-09-23\frames\frame-06535.jpg'
23:46.984  render           | Saved: 'C:\Users\ljh\tralalero Shooter\outputs\reststop-blender-300s-2026-09-23\frames\frame-06536.jpg'
23:47.484  render           | Saved: 'C:\Users\ljh\tralalero Shooter\outputs\reststop-blender-300s-2026-09-23\frames\frame-06537.jpg'
23:48.094  render           | Saved: 'C:\Users\ljh\tralalero Shooter\outputs\reststop-blender-300s-2026-09-23\frames\frame-06538.jpg'
23:48.625  render           | Saved: 'C:\Users\ljh\tralalero Shooter\outputs\reststop-blender-300s-2026-09-23\frames\frame-06539.jpg'
23:49.156  render           | Saved: 'C:\Users\ljh\tralalero Shooter\outputs\reststop-blender-300s-2026-09-23\frames\frame-06540.jpg'
23:49.656  render           | Saved: 'C:\Users\ljh\tralalero Shooter\outputs\reststop-blender-300s-2026-09-23\frames\frame-06541.jpg'
23:50.172  render           | Saved: 'C:\Users\ljh\tralalero Shooter\outputs\reststop-blender-300s-2026-09-23\frames\frame-06542.jpg'
23:50.656  render           | Saved: 'C:\Users\ljh\tralalero Shooter\outputs\reststop-blender-300s-2026-09-23\frames\frame-06543.jpg'
23:51.172  render           | Saved: 'C:\Users\ljh\tralalero Shooter\outputs\reststop-blender-300s-2026-09-23\frames\frame-06544.jpg'
23:51.641  render           | Saved: 'C:\Users\ljh\tralalero Shooter\outputs\reststop-blender-300s-2026-09-23\frames\frame-06545.jpg'
23:52.125  render           | Saved: 'C:\Users\ljh\tralalero Shooter\outputs\reststop-blender-300s-2026-09-23\frames\frame-06546.jpg'
23:52.641  render           | Saved: 'C:\Users\ljh\tralalero Shooter\outputs\reststop-blender-300s-2026-09-23\frames\frame-06547.jpg'
23:53.141  render           | Saved: 'C:\Users\ljh\tralalero Shooter\outputs\reststop-blender-300s-2026-09-23\frames\frame-06548.jpg'
23:53.641  render           | Saved: 'C:\Users\ljh\tralalero Shooter\outputs\reststop-blender-300s-2026-09-23\frames\frame-06549.jpg'
23:54.141  render           | Saved: 'C:\Users\ljh\tralalero Shooter\outputs\reststop-blender-300s-2026-09-23\frames\frame-06550.jpg'
PROGRESS {"frame": 6550, "end": 7200, "rendered": 2760, "elapsed": 1432.9759311676025, "last_24_mean": 0.49661653240521747, "width": 1280, "engine": "BLENDER_EEVEE", "step": 1}
23:54.641  render           | Saved: 'C:\Users\ljh\tralalero Shooter\outputs\reststop-blender-300s-2026-09-23\frames\frame-06551.jpg'
23:55.141  render           | Saved: 'C:\Users\ljh\tralalero Shooter\outputs\reststop-blender-300s-2026-09-23\frames\frame-06552.jpg'
23:55.641  render           | Saved: 'C:\Users\ljh\tralalero Shooter\outputs\reststop-blender-300s-2026-09-23\frames\frame-06553.jpg'
23:56.141  render           | Saved: 'C:\Users\ljh\tralalero Shooter\outputs\reststop-blender-300s-2026-09-23\frames\frame-06554.jpg'
23:56.641  render           | Saved: 'C:\Users\ljh\tralalero Shooter\outputs\reststop-blender-300s-2026-09-23\frames\frame-06555.jpg'
23:57.141  render           | Saved: 'C:\Users\ljh\tralalero Shooter\outputs\reststop-blender-300s-2026-09-23\frames\frame-06556.jpg'
23:57.641  render           | Saved: 'C:\Users\ljh\tralalero Shooter\outputs\reststop-blender-300s-2026-09-23\frames\frame-06557.jpg'
23:58.141  render           | Saved: 'C:\Users\ljh\tralalero Shooter\outputs\reststop-blender-300s-2026-09-23\frames\frame-06558.jpg'
23:58.641  render           | Saved: 'C:\Users\ljh\tralalero Shooter\outputs\reststop-blender-300s-2026-09-23\frames\frame-06559.jpg'
23:59.125  render           | Saved: 'C:\Users\ljh\tralalero Shooter\outputs\reststop-blender-300s-2026-09-23\frames\frame-06560.jpg'
23:59.641  render           | Saved: 'C:\Users\ljh\tralalero Shooter\outputs\reststop-blender-300s-2026-09-23\frames\frame-06561.jpg'
24:00.125  render           | Saved: 'C:\Users\ljh\tralalero Shooter\outputs\reststop-blender-300s-2026-09-23\frames\frame-06562.jpg'
24:00.625  render           | Saved: 'C:\Users\ljh\tralalero Shooter\outputs\reststop-blender-300s-2026-09-23\frames\frame-06563.jpg'
24:01.156  render           | Saved: 'C:\Users\ljh\tralalero Shooter\outputs\reststop-blender-300s-2026-09-23\frames\frame-06564.jpg'
24:01.656  render           | Saved: 'C:\Users\ljh\tralalero Shooter\outputs\reststop-blender-300s-2026-09-23\frames\frame-06565.jpg'
24:02.156  render           | Saved: 'C:\Users\ljh\tralalero Shooter\outputs\reststop-blender-300s-2026-09-23\frames\frame-06566.jpg'
24:02.672  render           | Saved: 'C:\Users\ljh\tralalero Shooter\outputs\reststop-blender-300s-2026-09-23\frames\frame-06567.jpg'
24:03.156  render           | Saved: 'C:\Users\ljh\tralalero Shooter\outputs\reststop-blender-300s-2026-09-23\frames\frame-06568.jpg'
24:03.641  render           | Saved: 'C:\Users\ljh\tralalero Shooter\outputs\reststop-blender-300s-2026-09-23\frames\frame-06569.jpg'
24:04.156  render           | Saved: 'C:\Users\ljh\tralalero Shooter\outputs\reststop-blender-300s-2026-09-23\frames\frame-06570.jpg'
24:04.719  render           | Saved: 'C:\Users\ljh\tralalero Shooter\outputs\reststop-blender-300s-2026-09-23\frames\frame-06571.jpg'
24:05.250  render           | Saved: 'C:\Users\ljh\tralalero Shooter\outputs\reststop-blender-300s-2026-09-23\frames\frame-06572.jpg'
24:05.781  render           | Saved: 'C:\Users\ljh\tralalero Shooter\outputs\reststop-blender-300s-2026-09-23\frames\frame-06573.jpg'
24:06.297  render           | Saved: 'C:\Users\ljh\tralalero Shooter\outputs\reststop-blender-300s-2026-09-23\frames\frame-06574.jpg'
PROGRESS {"frame": 6574, "end": 7200, "rendered": 2784, "elapsed": 1445.1279389858246, "last_24_mean": 0.5060793459415436, "width": 1280, "engine": "BLENDER_EEVEE", "step": 1}
24:06.797  render           | Saved: 'C:\Users\ljh\tralalero Shooter\outputs\reststop-blender-300s-2026-09-23\frames\frame-06575.jpg'
24:07.313  render           | Saved: 'C:\Users\ljh\tralalero Shooter\outputs\reststop-blender-300s-2026-09-23\frames\frame-06576.jpg'
24:07.844  render           | Saved: 'C:\Users\ljh\tralalero Shooter\outputs\reststop-blender-300s-2026-09-23\frames\frame-06577.jpg'
24:08.344  render           | Saved: 'C:\Users\ljh\tralalero Shooter\outputs\reststop-blender-300s-2026-09-23\frames\frame-06578.jpg'
24:08.859  render           | Saved: 'C:\Users\ljh\tralalero Shooter\outputs\reststop-blender-300s-2026-09-23\frames\frame-06579.jpg'
24:09.359  render           | Saved: 'C:\Users\ljh\tralalero Shooter\outputs\reststop-blender-300s-2026-09-23\frames\frame-06580.jpg'
24:09.875  render           | Saved: 'C:\Users\ljh\tralalero Shooter\outputs\reststop-blender-300s-2026-09-23\frames\frame-06581.jpg'
24:10.406  render           | Saved: 'C:\Users\ljh\tralalero Shooter\outputs\reststop-blender-300s-2026-09-23\frames\frame-06582.jpg'
24:10.906  render           | Saved: 'C:\Users\ljh\tralalero Shooter\outputs\reststop-blender-300s-2026-09-23\frames\frame-06583.jpg'
24:11.422  render           | Saved: 'C:\Users\ljh\tralalero Shooter\outputs\reststop-blender-300s-2026-09-23\frames\frame-06584.jpg'
24:11.938  render           | Saved: 'C:\Users\ljh\tralalero Shooter\outputs\reststop-blender-300s-2026-09-23\frames\frame-06585.jpg'
24:12.453  render           | Saved: 'C:\Users\ljh\tralalero Shooter\outputs\reststop-blender-300s-2026-09-23\frames\frame-06586.jpg'
24:12.984  render           | Saved: 'C:\Users\ljh\tralalero Shooter\outputs\reststop-blender-300s-2026-09-23\frames\frame-06587.jpg'
24:13.484  render           | Saved: 'C:\Users\ljh\tralalero Shooter\outputs\reststop-blender-300s-2026-09-23\frames\frame-06588.jpg'
24:14.000  render           | Saved: 'C:\Users\ljh\tralalero Shooter\outputs\reststop-blender-300s-2026-09-23\frames\frame-06589.jpg'
24:14.500  render           | Saved: 'C:\Users\ljh\tralalero Shooter\outputs\reststop-blender-300s-2026-09-23\frames\frame-06590.jpg'
24:15.031  render           | Saved: 'C:\Users\ljh\tralalero Shooter\outputs\reststop-blender-300s-2026-09-23\frames\frame-06591.jpg'
24:15.547  render           | Saved: 'C:\Users\ljh\tralalero Shooter\outputs\reststop-blender-300s-2026-09-23\frames\frame-06592.jpg'
24:16.078  render           | Saved: 'C:\Users\ljh\tralalero Shooter\outputs\reststop-blender-300s-2026-09-23\frames\frame-06593.jpg'
24:16.609  render           | Saved: 'C:\Users\ljh\tralalero Shooter\outputs\reststop-blender-300s-2026-09-23\frames\frame-06594.jpg'
24:17.141  render           | Saved: 'C:\Users\ljh\tralalero Shooter\outputs\reststop-blender-300s-2026-09-23\frames\frame-06595.jpg'
24:17.656  render           | Saved: 'C:\Users\ljh\tralalero Shooter\outputs\reststop-blender-300s-2026-09-23\frames\frame-06596.jpg'
24:18.172  render           | Saved: 'C:\Users\ljh\tralalero Shooter\outputs\reststop-blender-300s-2026-09-23\frames\frame-06597.jpg'
24:18.672  render           | Saved: 'C:\Users\ljh\tralalero Shooter\outputs\reststop-blender-300s-2026-09-23\frames\frame-06598.jpg'
PROGRESS {"frame": 6598, "end": 7200, "rendered": 2808, "elapsed": 1457.4982907772064, "last_24_mean": 0.5151970088481903, "width": 1280, "engine": "BLENDER_EEVEE", "step": 1}
24:19.188  render           | Saved: 'C:\Users\ljh\tralalero Shooter\outputs\reststop-blender-300s-2026-09-23\frames\frame-06599.jpg'
24:19.703  render           | Saved: 'C:\Users\ljh\tralalero Shooter\outputs\reststop-blender-300s-2026-09-23\frames\frame-06600.jpg'
24:20.219  render           | Saved: 'C:\Users\ljh\tralalero Shooter\outputs\reststop-blender-300s-2026-09-23\frames\frame-06601.jpg'
24:20.750  render           | Saved: 'C:\Users\ljh\tralalero Shooter\outputs\reststop-blender-300s-2026-09-23\frames\frame-06602.jpg'
24:21.266  render           | Saved: 'C:\Users\ljh\tralalero Shooter\outputs\reststop-blender-300s-2026-09-23\frames\frame-06603.jpg'
24:21.797  render           | Saved: 'C:\Users\ljh\tralalero Shooter\outputs\reststop-blender-300s-2026-09-23\frames\frame-06604.jpg'
24:22.359  render           | Saved: 'C:\Users\ljh\tralalero Shooter\outputs\reststop-blender-300s-2026-09-23\frames\frame-06605.jpg'
24:22.922  render           | Saved: 'C:\Users\ljh\tralalero Shooter\outputs\reststop-blender-300s-2026-09-23\frames\frame-06606.jpg'
24:23.484  render           | Saved: 'C:\Users\ljh\tralalero Shooter\outputs\reststop-blender-300s-2026-09-23\frames\frame-06607.jpg'
24:24.047  render           | Saved: 'C:\Users\ljh\tralalero Shooter\outputs\reststop-blender-300s-2026-09-23\frames\frame-06608.jpg'
24:24.625  render           | Saved: 'C:\Users\ljh\tralalero Shooter\outputs\reststop-blender-300s-2026-09-23\frames\frame-06609.jpg'
24:25.172  render           | Saved: 'C:\Users\ljh\tralalero Shooter\outputs\reststop-blender-300s-2026-09-23\frames\frame-06610.jpg'
24:25.781  render           | Saved: 'C:\Users\ljh\tralalero Shooter\outputs\reststop-blender-300s-2026-09-23\frames\frame-06611.jpg'
24:26.359  render           | Saved: 'C:\Users\ljh\tralalero Shooter\outputs\reststop-blender-300s-2026-09-23\frames\frame-06612.jpg'
24:26.953  render           | Saved: 'C:\Users\ljh\tralalero Shooter\outputs\reststop-blender-300s-2026-09-23\frames\frame-06613.jpg'
24:27.516  render           | Saved: 'C:\Users\ljh\tralalero Shooter\outputs\reststop-blender-300s-2026-09-23\frames\frame-06614.jpg'
24:28.172  render           | Saved: 'C:\Users\ljh\tralalero Shooter\outputs\reststop-blender-300s-2026-09-23\frames\frame-06615.jpg'
24:28.797  render           | Saved: 'C:\Users\ljh\tralalero Shooter\outputs\reststop-blender-300s-2026-09-23\frames\frame-06616.jpg'
24:29.375  render           | Saved: 'C:\Users\ljh\tralalero Shooter\outputs\reststop-blender-300s-2026-09-23\frames\frame-06617.jpg'
24:29.953  render           | Saved: 'C:\Users\ljh\tralalero Shooter\outputs\reststop-blender-300s-2026-09-23\frames\frame-06618.jpg'
24:30.531  render           | Saved: 'C:\Users\ljh\tralalero Shooter\outputs\reststop-blender-300s-2026-09-23\frames\frame-06619.jpg'
24:31.094  render           | Saved: 'C:\Users\ljh\tralalero Shooter\outputs\reststop-blender-300s-2026-09-23\frames\frame-06620.jpg'
24:31.625  render           | Saved: 'C:\Users\ljh\tralalero Shooter\outputs\reststop-blender-300s-2026-09-23\frames\frame-06621.jpg'
24:32.156  render           | Saved: 'C:\Users\ljh\tralalero Shooter\outputs\reststop-blender-300s-2026-09-23\frames\frame-06622.jpg'
PROGRESS {"frame": 6622, "end": 7200, "rendered": 2832, "elapsed": 1470.9903888702393, "last_24_mean": 0.5619394977887472, "width": 1280, "engine": "BLENDER_EEVEE", "step": 1}
24:32.688  render           | Saved: 'C:\Users\ljh\tralalero Shooter\outputs\reststop-blender-300s-2026-09-23\frames\frame-06623.jpg'
24:33.219  render           | Saved: 'C:\Users\ljh\tralalero Shooter\outputs\reststop-blender-300s-2026-09-23\frames\frame-06624.jpg'
24:33.719  render           | Saved: 'C:\Users\ljh\tralalero Shooter\outputs\reststop-blender-300s-2026-09-23\frames\frame-06625.jpg'
24:34.219  render           | Saved: 'C:\Users\ljh\tralalero Shooter\outputs\reststop-blender-300s-2026-09-23\frames\frame-06626.jpg'
24:34.719  render           | Saved: 'C:\Users\ljh\tralalero Shooter\outputs\reststop-blender-300s-2026-09-23\frames\frame-06627.jpg'
24:35.219  render           | Saved: 'C:\Users\ljh\tralalero Shooter\outputs\reststop-blender-300s-2026-09-23\frames\frame-06628.jpg'
24:35.703  render           | Saved: 'C:\Users\ljh\tralalero Shooter\outputs\reststop-blender-300s-2026-09-23\frames\frame-06629.jpg'
24:36.188  render           | Saved: 'C:\Users\ljh\tralalero Shooter\outputs\reststop-blender-300s-2026-09-23\frames\frame-06630.jpg'
24:36.703  render           | Saved: 'C:\Users\ljh\tralalero Shooter\outputs\reststop-blender-300s-2026-09-23\frames\frame-06631.jpg'
24:37.203  render           | Saved: 'C:\Users\ljh\tralalero Shooter\outputs\reststop-blender-300s-2026-09-23\frames\frame-06632.jpg'
24:37.672  render           | Saved: 'C:\Users\ljh\tralalero Shooter\outputs\reststop-blender-300s-2026-09-23\frames\frame-06633.jpg'
24:38.188  render           | Saved: 'C:\Users\ljh\tralalero Shooter\outputs\reststop-blender-300s-2026-09-23\frames\frame-06634.jpg'
24:38.656  render           | Saved: 'C:\Users\ljh\tralalero Shooter\outputs\reststop-blender-300s-2026-09-23\frames\frame-06635.jpg'
24:39.172  render           | Saved: 'C:\Users\ljh\tralalero Shooter\outputs\reststop-blender-300s-2026-09-23\frames\frame-06636.jpg'
24:39.672  render           | Saved: 'C:\Users\ljh\tralalero Shooter\outputs\reststop-blender-300s-2026-09-23\frames\frame-06637.jpg'
24:40.156  render           | Saved: 'C:\Users\ljh\tralalero Shooter\outputs\reststop-blender-300s-2026-09-23\frames\frame-06638.jpg'
24:40.641  render           | Saved: 'C:\Users\ljh\tralalero Shooter\outputs\reststop-blender-300s-2026-09-23\frames\frame-06639.jpg'
24:41.156  render           | Saved: 'C:\Users\ljh\tralalero Shooter\outputs\reststop-blender-300s-2026-09-23\frames\frame-06640.jpg'
24:41.625  render           | Saved: 'C:\Users\ljh\tralalero Shooter\outputs\reststop-blender-300s-2026-09-23\frames\frame-06641.jpg'
24:42.172  render           | Saved: 'C:\Users\ljh\tralalero Shooter\outputs\reststop-blender-300s-2026-09-23\frames\frame-06642.jpg'
24:42.703  render           | Saved: 'C:\Users\ljh\tralalero Shooter\outputs\reststop-blender-300s-2026-09-23\frames\frame-06643.jpg'
24:43.203  render           | Saved: 'C:\Users\ljh\tralalero Shooter\outputs\reststop-blender-300s-2026-09-23\frames\frame-06644.jpg'
24:43.781  render           | Saved: 'C:\Users\ljh\tralalero Shooter\outputs\reststop-blender-300s-2026-09-23\frames\frame-06645.jpg'
24:44.297  render           | Saved: 'C:\Users\ljh\tralalero Shooter\outputs\reststop-blender-300s-2026-09-23\frames\frame-06646.jpg'
PROGRESS {"frame": 6646, "end": 7200, "rendered": 2856, "elapsed": 1483.1418898105621, "last_24_mean": 0.5060614148775736, "width": 1280, "engine": "BLENDER_EEVEE", "step": 1}
24:44.828  render           | Saved: 'C:\Users\ljh\tralalero Shooter\outputs\reststop-blender-300s-2026-09-23\frames\frame-06647.jpg'
24:45.344  render           | Saved: 'C:\Users\ljh\tralalero Shooter\outputs\reststop-blender-300s-2026-09-23\frames\frame-06648.jpg'
24:45.828  render           | Saved: 'C:\Users\ljh\tralalero Shooter\outputs\reststop-blender-300s-2026-09-23\frames\frame-06649.jpg'
24:46.328  render           | Saved: 'C:\Users\ljh\tralalero Shooter\outputs\reststop-blender-300s-2026-09-23\frames\frame-06650.jpg'
24:46.828  render           | Saved: 'C:\Users\ljh\tralalero Shooter\outputs\reststop-blender-300s-2026-09-23\frames\frame-06651.jpg'
24:47.359  render           | Saved: 'C:\Users\ljh\tralalero Shooter\outputs\reststop-blender-300s-2026-09-23\frames\frame-06652.jpg'
24:47.859  render           | Saved: 'C:\Users\ljh\tralalero Shooter\outputs\reststop-blender-300s-2026-09-23\frames\frame-06653.jpg'
24:48.375  render           | Saved: 'C:\Users\ljh\tralalero Shooter\outputs\reststop-blender-300s-2026-09-23\frames\frame-06654.jpg'
24:48.875  render           | Saved: 'C:\Users\ljh\tralalero Shooter\outputs\reststop-blender-300s-2026-09-23\frames\frame-06655.jpg'
24:49.359  render           | Saved: 'C:\Users\ljh\tralalero Shooter\outputs\reststop-blender-300s-2026-09-23\frames\frame-06656.jpg'
24:49.844  render           | Saved: 'C:\Users\ljh\tralalero Shooter\outputs\reststop-blender-300s-2026-09-23\frames\frame-06657.jpg'
24:50.375  render           | Saved: 'C:\Users\ljh\tralalero Shooter\outputs\reststop-blender-300s-2026-09-23\frames\frame-06658.jpg'
24:50.906  render           | Saved: 'C:\Users\ljh\tralalero Shooter\outputs\reststop-blender-300s-2026-09-23\frames\frame-06659.jpg'
24:51.438  render           | Saved: 'C:\Users\ljh\tralalero Shooter\outputs\reststop-blender-300s-2026-09-23\frames\frame-06660.jpg'
24:51.953  render           | Saved: 'C:\Users\ljh\tralalero Shooter\outputs\reststop-blender-300s-2026-09-23\frames\frame-06661.jpg'
24:52.453  render           | Saved: 'C:\Users\ljh\tralalero Shooter\outputs\reststop-blender-300s-2026-09-23\frames\frame-06662.jpg'
24:52.953  render           | Saved: 'C:\Users\ljh\tralalero Shooter\outputs\reststop-blender-300s-2026-09-23\frames\frame-06663.jpg'
24:53.453  render           | Saved: 'C:\Users\ljh\tralalero Shooter\outputs\reststop-blender-300s-2026-09-23\frames\frame-06664.jpg'
24:53.938  render           | Saved: 'C:\Users\ljh\tralalero Shooter\outputs\reststop-blender-300s-2026-09-23\frames\frame-06665.jpg'
24:54.438  render           | Saved: 'C:\Users\ljh\tralalero Shooter\outputs\reststop-blender-300s-2026-09-23\frames\frame-06666.jpg'
24:54.938  render           | Saved: 'C:\Users\ljh\tralalero Shooter\outputs\reststop-blender-300s-2026-09-23\frames\frame-06667.jpg'
24:55.438  render           | Saved: 'C:\Users\ljh\tralalero Shooter\outputs\reststop-blender-300s-2026-09-23\frames\frame-06668.jpg'
24:56.000  render           | Saved: 'C:\Users\ljh\tralalero Shooter\outputs\reststop-blender-300s-2026-09-23\frames\frame-06669.jpg'
24:56.516  render           | Saved: 'C:\Users\ljh\tralalero Shooter\outputs\reststop-blender-300s-2026-09-23\frames\frame-06670.jpg'
PROGRESS {"frame": 6670, "end": 7200, "rendered": 2880, "elapsed": 1495.351395368576, "last_24_mean": 0.5085099935531616, "width": 1280, "engine": "BLENDER_EEVEE", "step": 1}
24:57.078  render           | Saved: 'C:\Users\ljh\tralalero Shooter\outputs\reststop-blender-300s-2026-09-23\frames\frame-06671.jpg'
24:57.656  render           | Saved: 'C:\Users\ljh\tralalero Shooter\outputs\reststop-blender-300s-2026-09-23\frames\frame-06672.jpg'
24:58.234  render           | Saved: 'C:\Users\ljh\tralalero Shooter\outputs\reststop-blender-300s-2026-09-23\frames\frame-06673.jpg'
24:58.797  render           | Saved: 'C:\Users\ljh\tralalero Shooter\outputs\reststop-blender-300s-2026-09-23\frames\frame-06674.jpg'
24:59.281  render           | Saved: 'C:\Users\ljh\tralalero Shooter\outputs\reststop-blender-300s-2026-09-23\frames\frame-06675.jpg'
24:59.781  render           | Saved: 'C:\Users\ljh\tralalero Shooter\outputs\reststop-blender-300s-2026-09-23\frames\frame-06676.jpg'
25:00.359  render           | Saved: 'C:\Users\ljh\tralalero Shooter\outputs\reststop-blender-300s-2026-09-23\frames\frame-06677.jpg'
25:00.875  render           | Saved: 'C:\Users\ljh\tralalero Shooter\outputs\reststop-blender-300s-2026-09-23\frames\frame-06678.jpg'
25:01.359  render           | Saved: 'C:\Users\ljh\tralalero Shooter\outputs\reststop-blender-300s-2026-09-23\frames\frame-06679.jpg'
25:01.813  render           | Saved: 'C:\Users\ljh\tralalero Shooter\outputs\reststop-blender-300s-2026-09-23\frames\frame-06680.jpg'
25:02.266  render           | Saved: 'C:\Users\ljh\tralalero Shooter\outputs\reststop-blender-300s-2026-09-23\frames\frame-06681.jpg'
25:02.719  render           | Saved: 'C:\Users\ljh\tralalero Shooter\outputs\reststop-blender-300s-2026-09-23\frames\frame-06682.jpg'
25:03.172  render           | Saved: 'C:\Users\ljh\tralalero Shooter\outputs\reststop-blender-300s-2026-09-23\frames\frame-06683.jpg'
25:03.625  render           | Saved: 'C:\Users\ljh\tralalero Shooter\outputs\reststop-blender-300s-2026-09-23\frames\frame-06684.jpg'
25:04.094  render           | Saved: 'C:\Users\ljh\tralalero Shooter\outputs\reststop-blender-300s-2026-09-23\frames\frame-06685.jpg'
25:04.563  render           | Saved: 'C:\Users\ljh\tralalero Shooter\outputs\reststop-blender-300s-2026-09-23\frames\frame-06686.jpg'
25:05.031  render           | Saved: 'C:\Users\ljh\tralalero Shooter\outputs\reststop-blender-300s-2026-09-23\frames\frame-06687.jpg'
25:05.484  render           | Saved: 'C:\Users\ljh\tralalero Shooter\outputs\reststop-blender-300s-2026-09-23\frames\frame-06688.jpg'
25:05.938  render           | Saved: 'C:\Users\ljh\tralalero Shooter\outputs\reststop-blender-300s-2026-09-23\frames\frame-06689.jpg'
25:06.406  render           | Saved: 'C:\Users\ljh\tralalero Shooter\outputs\reststop-blender-300s-2026-09-23\frames\frame-06690.jpg'
25:06.891  render           | Saved: 'C:\Users\ljh\tralalero Shooter\outputs\reststop-blender-300s-2026-09-23\frames\frame-06691.jpg'
25:07.344  render           | Saved: 'C:\Users\ljh\tralalero Shooter\outputs\reststop-blender-300s-2026-09-23\frames\frame-06692.jpg'
25:07.813  render           | Saved: 'C:\Users\ljh\tralalero Shooter\outputs\reststop-blender-300s-2026-09-23\frames\frame-06693.jpg'
25:08.266  render           | Saved: 'C:\Users\ljh\tralalero Shooter\outputs\reststop-blender-300s-2026-09-23\frames\frame-06694.jpg'
PROGRESS {"frame": 6694, "end": 7200, "rendered": 2904, "elapsed": 1507.0965106487274, "last_24_mean": 0.48913819591204327, "width": 1280, "engine": "BLENDER_EEVEE", "step": 1}
25:08.734  render           | Saved: 'C:\Users\ljh\tralalero Shooter\outputs\reststop-blender-300s-2026-09-23\frames\frame-06695.jpg'
25:09.203  render           | Saved: 'C:\Users\ljh\tralalero Shooter\outputs\reststop-blender-300s-2026-09-23\frames\frame-06696.jpg'
25:09.672  render           | Saved: 'C:\Users\ljh\tralalero Shooter\outputs\reststop-blender-300s-2026-09-23\frames\frame-06697.jpg'
25:10.125  render           | Saved: 'C:\Users\ljh\tralalero Shooter\outputs\reststop-blender-300s-2026-09-23\frames\frame-06698.jpg'
25:10.578  render           | Saved: 'C:\Users\ljh\tralalero Shooter\outputs\reststop-blender-300s-2026-09-23\frames\frame-06699.jpg'
25:11.031  render           | Saved: 'C:\Users\ljh\tralalero Shooter\outputs\reststop-blender-300s-2026-09-23\frames\frame-06700.jpg'
25:11.484  render           | Saved: 'C:\Users\ljh\tralalero Shooter\outputs\reststop-blender-300s-2026-09-23\frames\frame-06701.jpg'
25:11.922  render           | Saved: 'C:\Users\ljh\tralalero Shooter\outputs\reststop-blender-300s-2026-09-23\frames\frame-06702.jpg'
25:12.375  render           | Saved: 'C:\Users\ljh\tralalero Shooter\outputs\reststop-blender-300s-2026-09-23\frames\frame-06703.jpg'
25:12.797  render           | Saved: 'C:\Users\ljh\tralalero Shooter\outputs\reststop-blender-300s-2026-09-23\frames\frame-06704.jpg'
25:13.234  render           | Saved: 'C:\Users\ljh\tralalero Shooter\outputs\reststop-blender-300s-2026-09-23\frames\frame-06705.jpg'
25:13.688  render           | Saved: 'C:\Users\ljh\tralalero Shooter\outputs\reststop-blender-300s-2026-09-23\frames\frame-06706.jpg'
25:14.125  render           | Saved: 'C:\Users\ljh\tralalero Shooter\outputs\reststop-blender-300s-2026-09-23\frames\frame-06707.jpg'
25:14.563  render           | Saved: 'C:\Users\ljh\tralalero Shooter\outputs\reststop-blender-300s-2026-09-23\frames\frame-06708.jpg'
25:15.016  render           | Saved: 'C:\Users\ljh\tralalero Shooter\outputs\reststop-blender-300s-2026-09-23\frames\frame-06709.jpg'
25:15.453  render           | Saved: 'C:\Users\ljh\tralalero Shooter\outputs\reststop-blender-300s-2026-09-23\frames\frame-06710.jpg'
25:15.906  render           | Saved: 'C:\Users\ljh\tralalero Shooter\outputs\reststop-blender-300s-2026-09-23\frames\frame-06711.jpg'
25:16.344  render           | Saved: 'C:\Users\ljh\tralalero Shooter\outputs\reststop-blender-300s-2026-09-23\frames\frame-06712.jpg'
25:16.781  render           | Saved: 'C:\Users\ljh\tralalero Shooter\outputs\reststop-blender-300s-2026-09-23\frames\frame-06713.jpg'
25:17.219  render           | Saved: 'C:\Users\ljh\tralalero Shooter\outputs\reststop-blender-300s-2026-09-23\frames\frame-06714.jpg'
25:17.672  render           | Saved: 'C:\Users\ljh\tralalero Shooter\outputs\reststop-blender-300s-2026-09-23\frames\frame-06715.jpg'
25:18.109  render           | Saved: 'C:\Users\ljh\tralalero Shooter\outputs\reststop-blender-300s-2026-09-23\frames\frame-06716.jpg'
25:18.547  render           | Saved: 'C:\Users\ljh\tralalero Shooter\outputs\reststop-blender-300s-2026-09-23\frames\frame-06717.jpg'
25:18.984  render           | Saved: 'C:\Users\ljh\tralalero Shooter\outputs\reststop-blender-300s-2026-09-23\frames\frame-06718.jpg'
PROGRESS {"frame": 6718, "end": 7200, "rendered": 2928, "elapsed": 1517.8218607902527, "last_24_mean": 0.4466579357783, "width": 1280, "engine": "BLENDER_EEVEE", "step": 1}
25:19.438  render           | Saved: 'C:\Users\ljh\tralalero Shooter\outputs\reststop-blender-300s-2026-09-23\frames\frame-06719.jpg'
25:19.859  render           | Saved: 'C:\Users\ljh\tralalero Shooter\outputs\reststop-blender-300s-2026-09-23\frames\frame-06720.jpg'
25:20.281  render           | Saved: 'C:\Users\ljh\tralalero Shooter\outputs\reststop-blender-300s-2026-09-23\frames\frame-06721.jpg'
25:20.719  render           | Saved: 'C:\Users\ljh\tralalero Shooter\outputs\reststop-blender-300s-2026-09-23\frames\frame-06722.jpg'
25:21.141  render           | Saved: 'C:\Users\ljh\tralalero Shooter\outputs\reststop-blender-300s-2026-09-23\frames\frame-06723.jpg'
25:21.578  render           | Saved: 'C:\Users\ljh\tralalero Shooter\outputs\reststop-blender-300s-2026-09-23\frames\frame-06724.jpg'
25:22.047  render           | Saved: 'C:\Users\ljh\tralalero Shooter\outputs\reststop-blender-300s-2026-09-23\frames\frame-06725.jpg'
25:22.500  render           | Saved: 'C:\Users\ljh\tralalero Shooter\outputs\reststop-blender-300s-2026-09-23\frames\frame-06726.jpg'
25:22.969  render           | Saved: 'C:\Users\ljh\tralalero Shooter\outputs\reststop-blender-300s-2026-09-23\frames\frame-06727.jpg'
25:23.422  render           | Saved: 'C:\Users\ljh\tralalero Shooter\outputs\reststop-blender-300s-2026-09-23\frames\frame-06728.jpg'
25:23.875  render           | Saved: 'C:\Users\ljh\tralalero Shooter\outputs\reststop-blender-300s-2026-09-23\frames\frame-06729.jpg'
25:24.328  render           | Saved: 'C:\Users\ljh\tralalero Shooter\outputs\reststop-blender-300s-2026-09-23\frames\frame-06730.jpg'
25:24.750  render           | Saved: 'C:\Users\ljh\tralalero Shooter\outputs\reststop-blender-300s-2026-09-23\frames\frame-06731.jpg'
25:25.188  render           | Saved: 'C:\Users\ljh\tralalero Shooter\outputs\reststop-blender-300s-2026-09-23\frames\frame-06732.jpg'
25:25.625  render           | Saved: 'C:\Users\ljh\tralalero Shooter\outputs\reststop-blender-300s-2026-09-23\frames\frame-06733.jpg'
25:26.063  render           | Saved: 'C:\Users\ljh\tralalero Shooter\outputs\reststop-blender-300s-2026-09-23\frames\frame-06734.jpg'
25:26.484  render           | Saved: 'C:\Users\ljh\tralalero Shooter\outputs\reststop-blender-300s-2026-09-23\frames\frame-06735.jpg'
25:26.906  render           | Saved: 'C:\Users\ljh\tralalero Shooter\outputs\reststop-blender-300s-2026-09-23\frames\frame-06736.jpg'
25:27.344  render           | Saved: 'C:\Users\ljh\tralalero Shooter\outputs\reststop-blender-300s-2026-09-23\frames\frame-06737.jpg'
25:27.781  render           | Saved: 'C:\Users\ljh\tralalero Shooter\outputs\reststop-blender-300s-2026-09-23\frames\frame-06738.jpg'
25:28.203  render           | Saved: 'C:\Users\ljh\tralalero Shooter\outputs\reststop-blender-300s-2026-09-23\frames\frame-06739.jpg'
25:28.641  render           | Saved: 'C:\Users\ljh\tralalero Shooter\outputs\reststop-blender-300s-2026-09-23\frames\frame-06740.jpg'
25:29.078  render           | Saved: 'C:\Users\ljh\tralalero Shooter\outputs\reststop-blender-300s-2026-09-23\frames\frame-06741.jpg'
25:29.516  render           | Saved: 'C:\Users\ljh\tralalero Shooter\outputs\reststop-blender-300s-2026-09-23\frames\frame-06742.jpg'
PROGRESS {"frame": 6742, "end": 7200, "rendered": 2952, "elapsed": 1528.3439404964447, "last_24_mean": 0.4381844600041707, "width": 1280, "engine": "BLENDER_EEVEE", "step": 1}
25:29.953  render           | Saved: 'C:\Users\ljh\tralalero Shooter\outputs\reststop-blender-300s-2026-09-23\frames\frame-06743.jpg'
25:30.375  render           | Saved: 'C:\Users\ljh\tralalero Shooter\outputs\reststop-blender-300s-2026-09-23\frames\frame-06744.jpg'
25:30.813  render           | Saved: 'C:\Users\ljh\tralalero Shooter\outputs\reststop-blender-300s-2026-09-23\frames\frame-06745.jpg'
25:31.250  render           | Saved: 'C:\Users\ljh\tralalero Shooter\outputs\reststop-blender-300s-2026-09-23\frames\frame-06746.jpg'
25:31.672  render           | Saved: 'C:\Users\ljh\tralalero Shooter\outputs\reststop-blender-300s-2026-09-23\frames\frame-06747.jpg'
25:32.094  render           | Saved: 'C:\Users\ljh\tralalero Shooter\outputs\reststop-blender-300s-2026-09-23\frames\frame-06748.jpg'
25:32.531  render           | Saved: 'C:\Users\ljh\tralalero Shooter\outputs\reststop-blender-300s-2026-09-23\frames\frame-06749.jpg'
25:32.953  render           | Saved: 'C:\Users\ljh\tralalero Shooter\outputs\reststop-blender-300s-2026-09-23\frames\frame-06750.jpg'
25:33.391  render           | Saved: 'C:\Users\ljh\tralalero Shooter\outputs\reststop-blender-300s-2026-09-23\frames\frame-06751.jpg'
25:33.813  render           | Saved: 'C:\Users\ljh\tralalero Shooter\outputs\reststop-blender-300s-2026-09-23\frames\frame-06752.jpg'
25:34.234  render           | Saved: 'C:\Users\ljh\tralalero Shooter\outputs\reststop-blender-300s-2026-09-23\frames\frame-06753.jpg'
25:34.672  render           | Saved: 'C:\Users\ljh\tralalero Shooter\outputs\reststop-blender-300s-2026-09-23\frames\frame-06754.jpg'
25:35.109  render           | Saved: 'C:\Users\ljh\tralalero Shooter\outputs\reststop-blender-300s-2026-09-23\frames\frame-06755.jpg'
25:35.531  render           | Saved: 'C:\Users\ljh\tralalero Shooter\outputs\reststop-blender-300s-2026-09-23\frames\frame-06756.jpg'
25:35.969  render           | Saved: 'C:\Users\ljh\tralalero Shooter\outputs\reststop-blender-300s-2026-09-23\frames\frame-06757.jpg'
25:36.391  render           | Saved: 'C:\Users\ljh\tralalero Shooter\outputs\reststop-blender-300s-2026-09-23\frames\frame-06758.jpg'
25:36.813  render           | Saved: 'C:\Users\ljh\tralalero Shooter\outputs\reststop-blender-300s-2026-09-23\frames\frame-06759.jpg'
25:37.250  render           | Saved: 'C:\Users\ljh\tralalero Shooter\outputs\reststop-blender-300s-2026-09-23\frames\frame-06760.jpg'
25:37.672  render           | Saved: 'C:\Users\ljh\tralalero Shooter\outputs\reststop-blender-300s-2026-09-23\frames\frame-06761.jpg'
25:38.078  render           | Saved: 'C:\Users\ljh\tralalero Shooter\outputs\reststop-blender-300s-2026-09-23\frames\frame-06762.jpg'
25:38.500  render           | Saved: 'C:\Users\ljh\tralalero Shooter\outputs\reststop-blender-300s-2026-09-23\frames\frame-06763.jpg'
25:38.938  render           | Saved: 'C:\Users\ljh\tralalero Shooter\outputs\reststop-blender-300s-2026-09-23\frames\frame-06764.jpg'
25:39.359  render           | Saved: 'C:\Users\ljh\tralalero Shooter\outputs\reststop-blender-300s-2026-09-23\frames\frame-06765.jpg'
25:39.813  render           | Saved: 'C:\Users\ljh\tralalero Shooter\outputs\reststop-blender-300s-2026-09-23\frames\frame-06766.jpg'
PROGRESS {"frame": 6766, "end": 7200, "rendered": 2976, "elapsed": 1538.6444871425629, "last_24_mean": 0.4289592504501343, "width": 1280, "engine": "BLENDER_EEVEE", "step": 1}
25:40.250  render           | Saved: 'C:\Users\ljh\tralalero Shooter\outputs\reststop-blender-300s-2026-09-23\frames\frame-06767.jpg'
25:40.688  render           | Saved: 'C:\Users\ljh\tralalero Shooter\outputs\reststop-blender-300s-2026-09-23\frames\frame-06768.jpg'
25:41.109  render           | Saved: 'C:\Users\ljh\tralalero Shooter\outputs\reststop-blender-300s-2026-09-23\frames\frame-06769.jpg'
25:41.531  render           | Saved: 'C:\Users\ljh\tralalero Shooter\outputs\reststop-blender-300s-2026-09-23\frames\frame-06770.jpg'
25:41.953  render           | Saved: 'C:\Users\ljh\tralalero Shooter\outputs\reststop-blender-300s-2026-09-23\frames\frame-06771.jpg'
25:42.391  render           | Saved: 'C:\Users\ljh\tralalero Shooter\outputs\reststop-blender-300s-2026-09-23\frames\frame-06772.jpg'
25:42.813  render           | Saved: 'C:\Users\ljh\tralalero Shooter\outputs\reststop-blender-300s-2026-09-23\frames\frame-06773.jpg'
25:43.219  render           | Saved: 'C:\Users\ljh\tralalero Shooter\outputs\reststop-blender-300s-2026-09-23\frames\frame-06774.jpg'
25:43.641  render           | Saved: 'C:\Users\ljh\tralalero Shooter\outputs\reststop-blender-300s-2026-09-23\frames\frame-06775.jpg'
25:44.063  render           | Saved: 'C:\Users\ljh\tralalero Shooter\outputs\reststop-blender-300s-2026-09-23\frames\frame-06776.jpg'
25:44.484  render           | Saved: 'C:\Users\ljh\tralalero Shooter\outputs\reststop-blender-300s-2026-09-23\frames\frame-06777.jpg'
25:44.906  render           | Saved: 'C:\Users\ljh\tralalero Shooter\outputs\reststop-blender-300s-2026-09-23\frames\frame-06778.jpg'
25:45.328  render           | Saved: 'C:\Users\ljh\tralalero Shooter\outputs\reststop-blender-300s-2026-09-23\frames\frame-06779.jpg'
25:45.766  render           | Saved: 'C:\Users\ljh\tralalero Shooter\outputs\reststop-blender-300s-2026-09-23\frames\frame-06780.jpg'
25:46.188  render           | Saved: 'C:\Users\ljh\tralalero Shooter\outputs\reststop-blender-300s-2026-09-23\frames\frame-06781.jpg'
25:46.609  render           | Saved: 'C:\Users\ljh\tralalero Shooter\outputs\reststop-blender-300s-2026-09-23\frames\frame-06782.jpg'
25:47.031  render           | Saved: 'C:\Users\ljh\tralalero Shooter\outputs\reststop-blender-300s-2026-09-23\frames\frame-06783.jpg'
25:47.469  render           | Saved: 'C:\Users\ljh\tralalero Shooter\outputs\reststop-blender-300s-2026-09-23\frames\frame-06784.jpg'
25:47.891  render           | Saved: 'C:\Users\ljh\tralalero Shooter\outputs\reststop-blender-300s-2026-09-23\frames\frame-06785.jpg'
25:48.313  render           | Saved: 'C:\Users\ljh\tralalero Shooter\outputs\reststop-blender-300s-2026-09-23\frames\frame-06786.jpg'
25:48.734  render           | Saved: 'C:\Users\ljh\tralalero Shooter\outputs\reststop-blender-300s-2026-09-23\frames\frame-06787.jpg'
25:49.172  render           | Saved: 'C:\Users\ljh\tralalero Shooter\outputs\reststop-blender-300s-2026-09-23\frames\frame-06788.jpg'
25:49.594  render           | Saved: 'C:\Users\ljh\tralalero Shooter\outputs\reststop-blender-300s-2026-09-23\frames\frame-06789.jpg'
25:50.031  render           | Saved: 'C:\Users\ljh\tralalero Shooter\outputs\reststop-blender-300s-2026-09-23\frames\frame-06790.jpg'
PROGRESS {"frame": 6790, "end": 7200, "rendered": 3000, "elapsed": 1548.8626654148102, "last_24_mean": 0.4255368908246358, "width": 1280, "engine": "BLENDER_EEVEE", "step": 1}
25:50.469  render           | Saved: 'C:\Users\ljh\tralalero Shooter\outputs\reststop-blender-300s-2026-09-23\frames\frame-06791.jpg'
25:50.906  render           | Saved: 'C:\Users\ljh\tralalero Shooter\outputs\reststop-blender-300s-2026-09-23\frames\frame-06792.jpg'
25:51.328  render           | Saved: 'C:\Users\ljh\tralalero Shooter\outputs\reststop-blender-300s-2026-09-23\frames\frame-06793.jpg'
25:51.781  render           | Saved: 'C:\Users\ljh\tralalero Shooter\outputs\reststop-blender-300s-2026-09-23\frames\frame-06794.jpg'
25:52.203  render           | Saved: 'C:\Users\ljh\tralalero Shooter\outputs\reststop-blender-300s-2026-09-23\frames\frame-06795.jpg'
25:52.656  render           | Saved: 'C:\Users\ljh\tralalero Shooter\outputs\reststop-blender-300s-2026-09-23\frames\frame-06796.jpg'
25:53.094  render           | Saved: 'C:\Users\ljh\tralalero Shooter\outputs\reststop-blender-300s-2026-09-23\frames\frame-06797.jpg'
25:53.531  render           | Saved: 'C:\Users\ljh\tralalero Shooter\outputs\reststop-blender-300s-2026-09-23\frames\frame-06798.jpg'
25:54.016  render           | Saved: 'C:\Users\ljh\tralalero Shooter\outputs\reststop-blender-300s-2026-09-23\frames\frame-06799.jpg'
25:54.531  render           | Saved: 'C:\Users\ljh\tralalero Shooter\outputs\reststop-blender-300s-2026-09-23\frames\frame-06800.jpg'
25:55.016  render           | Saved: 'C:\Users\ljh\tralalero Shooter\outputs\reststop-blender-300s-2026-09-23\frames\frame-06801.jpg'
25:55.469  render           | Saved: 'C:\Users\ljh\tralalero Shooter\outputs\reststop-blender-300s-2026-09-23\frames\frame-06802.jpg'
25:55.969  render           | Saved: 'C:\Users\ljh\tralalero Shooter\outputs\reststop-blender-300s-2026-09-23\frames\frame-06803.jpg'
25:56.469  render           | Saved: 'C:\Users\ljh\tralalero Shooter\outputs\reststop-blender-300s-2026-09-23\frames\frame-06804.jpg'
25:56.953  render           | Saved: 'C:\Users\ljh\tralalero Shooter\outputs\reststop-blender-300s-2026-09-23\frames\frame-06805.jpg'
25:57.438  render           | Saved: 'C:\Users\ljh\tralalero Shooter\outputs\reststop-blender-300s-2026-09-23\frames\frame-06806.jpg'
25:57.922  render           | Saved: 'C:\Users\ljh\tralalero Shooter\outputs\reststop-blender-300s-2026-09-23\frames\frame-06807.jpg'
25:58.375  render           | Saved: 'C:\Users\ljh\tralalero Shooter\outputs\reststop-blender-300s-2026-09-23\frames\frame-06808.jpg'
25:58.813  render           | Saved: 'C:\Users\ljh\tralalero Shooter\outputs\reststop-blender-300s-2026-09-23\frames\frame-06809.jpg'
25:59.297  render           | Saved: 'C:\Users\ljh\tralalero Shooter\outputs\reststop-blender-300s-2026-09-23\frames\frame-06810.jpg'
25:59.875  render           | Saved: 'C:\Users\ljh\tralalero Shooter\outputs\reststop-blender-300s-2026-09-23\frames\frame-06811.jpg'
26:00.406  render           | Saved: 'C:\Users\ljh\tralalero Shooter\outputs\reststop-blender-300s-2026-09-23\frames\frame-06812.jpg'
26:01.000  render           | Saved: 'C:\Users\ljh\tralalero Shooter\outputs\reststop-blender-300s-2026-09-23\frames\frame-06813.jpg'
26:01.531  render           | Saved: 'C:\Users\ljh\tralalero Shooter\outputs\reststop-blender-300s-2026-09-23\frames\frame-06814.jpg'
PROGRESS {"frame": 6814, "end": 7200, "rendered": 3024, "elapsed": 1560.3657565116882, "last_24_mean": 0.4790625274181366, "width": 1280, "engine": "BLENDER_EEVEE", "step": 1}
26:02.031  render           | Saved: 'C:\Users\ljh\tralalero Shooter\outputs\reststop-blender-300s-2026-09-23\frames\frame-06815.jpg'
26:02.547  render           | Saved: 'C:\Users\ljh\tralalero Shooter\outputs\reststop-blender-300s-2026-09-23\frames\frame-06816.jpg'
26:03.063  render           | Saved: 'C:\Users\ljh\tralalero Shooter\outputs\reststop-blender-300s-2026-09-23\frames\frame-06817.jpg'
26:03.625  render           | Saved: 'C:\Users\ljh\tralalero Shooter\outputs\reststop-blender-300s-2026-09-23\frames\frame-06818.jpg'
26:04.156  render           | Saved: 'C:\Users\ljh\tralalero Shooter\outputs\reststop-blender-300s-2026-09-23\frames\frame-06819.jpg'
26:04.688  render           | Saved: 'C:\Users\ljh\tralalero Shooter\outputs\reststop-blender-300s-2026-09-23\frames\frame-06820.jpg'
26:05.188  render           | Saved: 'C:\Users\ljh\tralalero Shooter\outputs\reststop-blender-300s-2026-09-23\frames\frame-06821.jpg'
26:05.703  render           | Saved: 'C:\Users\ljh\tralalero Shooter\outputs\reststop-blender-300s-2026-09-23\frames\frame-06822.jpg'
26:06.219  render           | Saved: 'C:\Users\ljh\tralalero Shooter\outputs\reststop-blender-300s-2026-09-23\frames\frame-06823.jpg'
26:06.672  render           | Saved: 'C:\Users\ljh\tralalero Shooter\outputs\reststop-blender-300s-2026-09-23\frames\frame-06824.jpg'
26:07.188  render           | Saved: 'C:\Users\ljh\tralalero Shooter\outputs\reststop-blender-300s-2026-09-23\frames\frame-06825.jpg'
26:07.703  render           | Saved: 'C:\Users\ljh\tralalero Shooter\outputs\reststop-blender-300s-2026-09-23\frames\frame-06826.jpg'
26:08.203  render           | Saved: 'C:\Users\ljh\tralalero Shooter\outputs\reststop-blender-300s-2026-09-23\frames\frame-06827.jpg'
26:08.656  render           | Saved: 'C:\Users\ljh\tralalero Shooter\outputs\reststop-blender-300s-2026-09-23\frames\frame-06828.jpg'
26:09.141  render           | Saved: 'C:\Users\ljh\tralalero Shooter\outputs\reststop-blender-300s-2026-09-23\frames\frame-06829.jpg'
26:09.625  render           | Saved: 'C:\Users\ljh\tralalero Shooter\outputs\reststop-blender-300s-2026-09-23\frames\frame-06830.jpg'
26:10.109  render           | Saved: 'C:\Users\ljh\tralalero Shooter\outputs\reststop-blender-300s-2026-09-23\frames\frame-06831.jpg'
26:10.594  render           | Saved: 'C:\Users\ljh\tralalero Shooter\outputs\reststop-blender-300s-2026-09-23\frames\frame-06832.jpg'
26:11.094  render           | Saved: 'C:\Users\ljh\tralalero Shooter\outputs\reststop-blender-300s-2026-09-23\frames\frame-06833.jpg'
26:11.563  render           | Saved: 'C:\Users\ljh\tralalero Shooter\outputs\reststop-blender-300s-2026-09-23\frames\frame-06834.jpg'
26:12.016  render           | Saved: 'C:\Users\ljh\tralalero Shooter\outputs\reststop-blender-300s-2026-09-23\frames\frame-06835.jpg'
26:12.469  render           | Saved: 'C:\Users\ljh\tralalero Shooter\outputs\reststop-blender-300s-2026-09-23\frames\frame-06836.jpg'
26:12.922  render           | Saved: 'C:\Users\ljh\tralalero Shooter\outputs\reststop-blender-300s-2026-09-23\frames\frame-06837.jpg'
26:13.359  render           | Saved: 'C:\Users\ljh\tralalero Shooter\outputs\reststop-blender-300s-2026-09-23\frames\frame-06838.jpg'
PROGRESS {"frame": 6838, "end": 7200, "rendered": 3048, "elapsed": 1572.1918189525604, "last_24_mean": 0.4925142526626587, "width": 1280, "engine": "BLENDER_EEVEE", "step": 1}
26:13.844  render           | Saved: 'C:\Users\ljh\tralalero Shooter\outputs\reststop-blender-300s-2026-09-23\frames\frame-06839.jpg'
26:14.344  render           | Saved: 'C:\Users\ljh\tralalero Shooter\outputs\reststop-blender-300s-2026-09-23\frames\frame-06840.jpg'
26:14.844  render           | Saved: 'C:\Users\ljh\tralalero Shooter\outputs\reststop-blender-300s-2026-09-23\frames\frame-06841.jpg'
26:15.391  render           | Saved: 'C:\Users\ljh\tralalero Shooter\outputs\reststop-blender-300s-2026-09-23\frames\frame-06842.jpg'
26:15.906  render           | Saved: 'C:\Users\ljh\tralalero Shooter\outputs\reststop-blender-300s-2026-09-23\frames\frame-06843.jpg'
26:16.422  render           | Saved: 'C:\Users\ljh\tralalero Shooter\outputs\reststop-blender-300s-2026-09-23\frames\frame-06844.jpg'
26:16.875  render           | Saved: 'C:\Users\ljh\tralalero Shooter\outputs\reststop-blender-300s-2026-09-23\frames\frame-06845.jpg'
26:17.359  render           | Saved: 'C:\Users\ljh\tralalero Shooter\outputs\reststop-blender-300s-2026-09-23\frames\frame-06846.jpg'
26:17.797  render           | Saved: 'C:\Users\ljh\tralalero Shooter\outputs\reststop-blender-300s-2026-09-23\frames\frame-06847.jpg'
26:18.234  render           | Saved: 'C:\Users\ljh\tralalero Shooter\outputs\reststop-blender-300s-2026-09-23\frames\frame-06848.jpg'
26:18.656  render           | Saved: 'C:\Users\ljh\tralalero Shooter\outputs\reststop-blender-300s-2026-09-23\frames\frame-06849.jpg'
26:19.125  render           | Saved: 'C:\Users\ljh\tralalero Shooter\outputs\reststop-blender-300s-2026-09-23\frames\frame-06850.jpg'
26:19.563  render           | Saved: 'C:\Users\ljh\tralalero Shooter\outputs\reststop-blender-300s-2026-09-23\frames\frame-06851.jpg'
26:20.000  render           | Saved: 'C:\Users\ljh\tralalero Shooter\outputs\reststop-blender-300s-2026-09-23\frames\frame-06852.jpg'
26:20.469  render           | Saved: 'C:\Users\ljh\tralalero Shooter\outputs\reststop-blender-300s-2026-09-23\frames\frame-06853.jpg'
26:20.922  render           | Saved: 'C:\Users\ljh\tralalero Shooter\outputs\reststop-blender-300s-2026-09-23\frames\frame-06854.jpg'
26:21.375  render           | Saved: 'C:\Users\ljh\tralalero Shooter\outputs\reststop-blender-300s-2026-09-23\frames\frame-06855.jpg'
26:21.844  render           | Saved: 'C:\Users\ljh\tralalero Shooter\outputs\reststop-blender-300s-2026-09-23\frames\frame-06856.jpg'
26:22.281  render           | Saved: 'C:\Users\ljh\tralalero Shooter\outputs\reststop-blender-300s-2026-09-23\frames\frame-06857.jpg'
26:22.719  render           | Saved: 'C:\Users\ljh\tralalero Shooter\outputs\reststop-blender-300s-2026-09-23\frames\frame-06858.jpg'
26:23.172  render           | Saved: 'C:\Users\ljh\tralalero Shooter\outputs\reststop-blender-300s-2026-09-23\frames\frame-06859.jpg'
26:23.625  render           | Saved: 'C:\Users\ljh\tralalero Shooter\outputs\reststop-blender-300s-2026-09-23\frames\frame-06860.jpg'
26:24.078  render           | Saved: 'C:\Users\ljh\tralalero Shooter\outputs\reststop-blender-300s-2026-09-23\frames\frame-06861.jpg'
26:24.531  render           | Saved: 'C:\Users\ljh\tralalero Shooter\outputs\reststop-blender-300s-2026-09-23\frames\frame-06862.jpg'
PROGRESS {"frame": 6862, "end": 7200, "rendered": 3072, "elapsed": 1583.3550453186035, "last_24_mean": 0.46488335728645325, "width": 1280, "engine": "BLENDER_EEVEE", "step": 1}
26:24.953  render           | Saved: 'C:\Users\ljh\tralalero Shooter\outputs\reststop-blender-300s-2026-09-23\frames\frame-06863.jpg'
26:25.391  render           | Saved: 'C:\Users\ljh\tralalero Shooter\outputs\reststop-blender-300s-2026-09-23\frames\frame-06864.jpg'
26:25.828  render           | Saved: 'C:\Users\ljh\tralalero Shooter\outputs\reststop-blender-300s-2026-09-23\frames\frame-06865.jpg'
26:26.250  render           | Saved: 'C:\Users\ljh\tralalero Shooter\outputs\reststop-blender-300s-2026-09-23\frames\frame-06866.jpg'
26:26.672  render           | Saved: 'C:\Users\ljh\tralalero Shooter\outputs\reststop-blender-300s-2026-09-23\frames\frame-06867.jpg'
26:27.109  render           | Saved: 'C:\Users\ljh\tralalero Shooter\outputs\reststop-blender-300s-2026-09-23\frames\frame-06868.jpg'
26:27.547  render           | Saved: 'C:\Users\ljh\tralalero Shooter\outputs\reststop-blender-300s-2026-09-23\frames\frame-06869.jpg'
26:27.969  render           | Saved: 'C:\Users\ljh\tralalero Shooter\outputs\reststop-blender-300s-2026-09-23\frames\frame-06870.jpg'
26:28.391  render           | Saved: 'C:\Users\ljh\tralalero Shooter\outputs\reststop-blender-300s-2026-09-23\frames\frame-06871.jpg'
26:28.828  render           | Saved: 'C:\Users\ljh\tralalero Shooter\outputs\reststop-blender-300s-2026-09-23\frames\frame-06872.jpg'
26:29.250  render           | Saved: 'C:\Users\ljh\tralalero Shooter\outputs\reststop-blender-300s-2026-09-23\frames\frame-06873.jpg'
26:29.703  render           | Saved: 'C:\Users\ljh\tralalero Shooter\outputs\reststop-blender-300s-2026-09-23\frames\frame-06874.jpg'
26:30.141  render           | Saved: 'C:\Users\ljh\tralalero Shooter\outputs\reststop-blender-300s-2026-09-23\frames\frame-06875.jpg'
26:30.594  render           | Saved: 'C:\Users\ljh\tralalero Shooter\outputs\reststop-blender-300s-2026-09-23\frames\frame-06876.jpg'
26:31.047  render           | Saved: 'C:\Users\ljh\tralalero Shooter\outputs\reststop-blender-300s-2026-09-23\frames\frame-06877.jpg'
26:31.484  render           | Saved: 'C:\Users\ljh\tralalero Shooter\outputs\reststop-blender-300s-2026-09-23\frames\frame-06878.jpg'
26:31.984  render           | Saved: 'C:\Users\ljh\tralalero Shooter\outputs\reststop-blender-300s-2026-09-23\frames\frame-06879.jpg'
26:32.547  render           | Saved: 'C:\Users\ljh\tralalero Shooter\outputs\reststop-blender-300s-2026-09-23\frames\frame-06880.jpg'
26:33.000  render           | Saved: 'C:\Users\ljh\tralalero Shooter\outputs\reststop-blender-300s-2026-09-23\frames\frame-06881.jpg'
26:33.484  render           | Saved: 'C:\Users\ljh\tralalero Shooter\outputs\reststop-blender-300s-2026-09-23\frames\frame-06882.jpg'
26:33.938  render           | Saved: 'C:\Users\ljh\tralalero Shooter\outputs\reststop-blender-300s-2026-09-23\frames\frame-06883.jpg'
26:34.359  render           | Saved: 'C:\Users\ljh\tralalero Shooter\outputs\reststop-blender-300s-2026-09-23\frames\frame-06884.jpg'
26:34.797  render           | Saved: 'C:\Users\ljh\tralalero Shooter\outputs\reststop-blender-300s-2026-09-23\frames\frame-06885.jpg'
26:35.219  render           | Saved: 'C:\Users\ljh\tralalero Shooter\outputs\reststop-blender-300s-2026-09-23\frames\frame-06886.jpg'
PROGRESS {"frame": 6886, "end": 7200, "rendered": 3096, "elapsed": 1594.0506596565247, "last_24_mean": 0.44539453585942584, "width": 1280, "engine": "BLENDER_EEVEE", "step": 1}
26:35.641  render           | Saved: 'C:\Users\ljh\tralalero Shooter\outputs\reststop-blender-300s-2026-09-23\frames\frame-06887.jpg'
26:36.094  render           | Saved: 'C:\Users\ljh\tralalero Shooter\outputs\reststop-blender-300s-2026-09-23\frames\frame-06888.jpg'
26:36.531  render           | Saved: 'C:\Users\ljh\tralalero Shooter\outputs\reststop-blender-300s-2026-09-23\frames\frame-06889.jpg'
26:36.953  render           | Saved: 'C:\Users\ljh\tralalero Shooter\outputs\reststop-blender-300s-2026-09-23\frames\frame-06890.jpg'
26:37.422  render           | Saved: 'C:\Users\ljh\tralalero Shooter\outputs\reststop-blender-300s-2026-09-23\frames\frame-06891.jpg'
26:37.813  render           | Saved: 'C:\Users\ljh\tralalero Shooter\outputs\reststop-blender-300s-2026-09-23\frames\frame-06892.jpg'
26:38.203  render           | Saved: 'C:\Users\ljh\tralalero Shooter\outputs\reststop-blender-300s-2026-09-23\frames\frame-06893.jpg'
26:38.625  render           | Saved: 'C:\Users\ljh\tralalero Shooter\outputs\reststop-blender-300s-2026-09-23\frames\frame-06894.jpg'
26:39.156  render           | Saved: 'C:\Users\ljh\tralalero Shooter\outputs\reststop-blender-300s-2026-09-23\frames\frame-06895.jpg'
26:39.656  render           | Saved: 'C:\Users\ljh\tralalero Shooter\outputs\reststop-blender-300s-2026-09-23\frames\frame-06896.jpg'
26:40.125  render           | Saved: 'C:\Users\ljh\tralalero Shooter\outputs\reststop-blender-300s-2026-09-23\frames\frame-06897.jpg'
26:40.563  render           | Saved: 'C:\Users\ljh\tralalero Shooter\outputs\reststop-blender-300s-2026-09-23\frames\frame-06898.jpg'
26:41.016  render           | Saved: 'C:\Users\ljh\tralalero Shooter\outputs\reststop-blender-300s-2026-09-23\frames\frame-06899.jpg'
26:41.516  render           | Saved: 'C:\Users\ljh\tralalero Shooter\outputs\reststop-blender-300s-2026-09-23\frames\frame-06900.jpg'
26:42.000  render           | Saved: 'C:\Users\ljh\tralalero Shooter\outputs\reststop-blender-300s-2026-09-23\frames\frame-06901.jpg'
26:42.438  render           | Saved: 'C:\Users\ljh\tralalero Shooter\outputs\reststop-blender-300s-2026-09-23\frames\frame-06902.jpg'
26:42.859  render           | Saved: 'C:\Users\ljh\tralalero Shooter\outputs\reststop-blender-300s-2026-09-23\frames\frame-06903.jpg'
26:43.313  render           | Saved: 'C:\Users\ljh\tralalero Shooter\outputs\reststop-blender-300s-2026-09-23\frames\frame-06904.jpg'
26:43.781  render           | Saved: 'C:\Users\ljh\tralalero Shooter\outputs\reststop-blender-300s-2026-09-23\frames\frame-06905.jpg'
26:44.219  render           | Saved: 'C:\Users\ljh\tralalero Shooter\outputs\reststop-blender-300s-2026-09-23\frames\frame-06906.jpg'
26:44.656  render           | Saved: 'C:\Users\ljh\tralalero Shooter\outputs\reststop-blender-300s-2026-09-23\frames\frame-06907.jpg'
26:45.109  render           | Saved: 'C:\Users\ljh\tralalero Shooter\outputs\reststop-blender-300s-2026-09-23\frames\frame-06908.jpg'
26:45.563  render           | Saved: 'C:\Users\ljh\tralalero Shooter\outputs\reststop-blender-300s-2026-09-23\frames\frame-06909.jpg'
26:46.063  render           | Saved: 'C:\Users\ljh\tralalero Shooter\outputs\reststop-blender-300s-2026-09-23\frames\frame-06910.jpg'
PROGRESS {"frame": 6910, "end": 7200, "rendered": 3120, "elapsed": 1604.896556377411, "last_24_mean": 0.4516596496105194, "width": 1280, "engine": "BLENDER_EEVEE", "step": 1}
26:46.563  render           | Saved: 'C:\Users\ljh\tralalero Shooter\outputs\reststop-blender-300s-2026-09-23\frames\frame-06911.jpg'
26:46.984  render           | Saved: 'C:\Users\ljh\tralalero Shooter\outputs\reststop-blender-300s-2026-09-23\frames\frame-06912.jpg'
26:47.406  render           | Saved: 'C:\Users\ljh\tralalero Shooter\outputs\reststop-blender-300s-2026-09-23\frames\frame-06913.jpg'
26:47.844  render           | Saved: 'C:\Users\ljh\tralalero Shooter\outputs\reststop-blender-300s-2026-09-23\frames\frame-06914.jpg'
26:48.281  render           | Saved: 'C:\Users\ljh\tralalero Shooter\outputs\reststop-blender-300s-2026-09-23\frames\frame-06915.jpg'
26:48.688  render           | Saved: 'C:\Users\ljh\tralalero Shooter\outputs\reststop-blender-300s-2026-09-23\frames\frame-06916.jpg'
26:49.094  render           | Saved: 'C:\Users\ljh\tralalero Shooter\outputs\reststop-blender-300s-2026-09-23\frames\frame-06917.jpg'
26:49.516  render           | Saved: 'C:\Users\ljh\tralalero Shooter\outputs\reststop-blender-300s-2026-09-23\frames\frame-06918.jpg'
26:49.938  render           | Saved: 'C:\Users\ljh\tralalero Shooter\outputs\reststop-blender-300s-2026-09-23\frames\frame-06919.jpg'
26:50.359  render           | Saved: 'C:\Users\ljh\tralalero Shooter\outputs\reststop-blender-300s-2026-09-23\frames\frame-06920.jpg'
26:50.781  render           | Saved: 'C:\Users\ljh\tralalero Shooter\outputs\reststop-blender-300s-2026-09-23\frames\frame-06921.jpg'
26:51.203  render           | Saved: 'C:\Users\ljh\tralalero Shooter\outputs\reststop-blender-300s-2026-09-23\frames\frame-06922.jpg'
26:51.641  render           | Saved: 'C:\Users\ljh\tralalero Shooter\outputs\reststop-blender-300s-2026-09-23\frames\frame-06923.jpg'
26:52.094  render           | Saved: 'C:\Users\ljh\tralalero Shooter\outputs\reststop-blender-300s-2026-09-23\frames\frame-06924.jpg'
26:52.531  render           | Saved: 'C:\Users\ljh\tralalero Shooter\outputs\reststop-blender-300s-2026-09-23\frames\frame-06925.jpg'
26:52.969  render           | Saved: 'C:\Users\ljh\tralalero Shooter\outputs\reststop-blender-300s-2026-09-23\frames\frame-06926.jpg'
26:53.391  render           | Saved: 'C:\Users\ljh\tralalero Shooter\outputs\reststop-blender-300s-2026-09-23\frames\frame-06927.jpg'
26:53.813  render           | Saved: 'C:\Users\ljh\tralalero Shooter\outputs\reststop-blender-300s-2026-09-23\frames\frame-06928.jpg'
26:54.250  render           | Saved: 'C:\Users\ljh\tralalero Shooter\outputs\reststop-blender-300s-2026-09-23\frames\frame-06929.jpg'
26:54.688  render           | Saved: 'C:\Users\ljh\tralalero Shooter\outputs\reststop-blender-300s-2026-09-23\frames\frame-06930.jpg'
26:55.094  render           | Saved: 'C:\Users\ljh\tralalero Shooter\outputs\reststop-blender-300s-2026-09-23\frames\frame-06931.jpg'
26:55.531  render           | Saved: 'C:\Users\ljh\tralalero Shooter\outputs\reststop-blender-300s-2026-09-23\frames\frame-06932.jpg'
26:55.953  render           | Saved: 'C:\Users\ljh\tralalero Shooter\outputs\reststop-blender-300s-2026-09-23\frames\frame-06933.jpg'
26:56.391  render           | Saved: 'C:\Users\ljh\tralalero Shooter\outputs\reststop-blender-300s-2026-09-23\frames\frame-06934.jpg'
PROGRESS {"frame": 6934, "end": 7200, "rendered": 3144, "elapsed": 1615.2222299575806, "last_24_mean": 0.4299955368041992, "width": 1280, "engine": "BLENDER_EEVEE", "step": 1}
26:56.828  render           | Saved: 'C:\Users\ljh\tralalero Shooter\outputs\reststop-blender-300s-2026-09-23\frames\frame-06935.jpg'
26:57.234  render           | Saved: 'C:\Users\ljh\tralalero Shooter\outputs\reststop-blender-300s-2026-09-23\frames\frame-06936.jpg'
26:57.656  render           | Saved: 'C:\Users\ljh\tralalero Shooter\outputs\reststop-blender-300s-2026-09-23\frames\frame-06937.jpg'
26:58.078  render           | Saved: 'C:\Users\ljh\tralalero Shooter\outputs\reststop-blender-300s-2026-09-23\frames\frame-06938.jpg'
26:58.516  render           | Saved: 'C:\Users\ljh\tralalero Shooter\outputs\reststop-blender-300s-2026-09-23\frames\frame-06939.jpg'
26:58.938  render           | Saved: 'C:\Users\ljh\tralalero Shooter\outputs\reststop-blender-300s-2026-09-23\frames\frame-06940.jpg'
26:59.359  render           | Saved: 'C:\Users\ljh\tralalero Shooter\outputs\reststop-blender-300s-2026-09-23\frames\frame-06941.jpg'
26:59.781  render           | Saved: 'C:\Users\ljh\tralalero Shooter\outputs\reststop-blender-300s-2026-09-23\frames\frame-06942.jpg'
27:00.188  render           | Saved: 'C:\Users\ljh\tralalero Shooter\outputs\reststop-blender-300s-2026-09-23\frames\frame-06943.jpg'
27:00.641  render           | Saved: 'C:\Users\ljh\tralalero Shooter\outputs\reststop-blender-300s-2026-09-23\frames\frame-06944.jpg'
27:01.063  render           | Saved: 'C:\Users\ljh\tralalero Shooter\outputs\reststop-blender-300s-2026-09-23\frames\frame-06945.jpg'
27:01.484  render           | Saved: 'C:\Users\ljh\tralalero Shooter\outputs\reststop-blender-300s-2026-09-23\frames\frame-06946.jpg'
27:01.906  render           | Saved: 'C:\Users\ljh\tralalero Shooter\outputs\reststop-blender-300s-2026-09-23\frames\frame-06947.jpg'
27:02.328  render           | Saved: 'C:\Users\ljh\tralalero Shooter\outputs\reststop-blender-300s-2026-09-23\frames\frame-06948.jpg'
27:02.750  render           | Saved: 'C:\Users\ljh\tralalero Shooter\outputs\reststop-blender-300s-2026-09-23\frames\frame-06949.jpg'
27:03.188  render           | Saved: 'C:\Users\ljh\tralalero Shooter\outputs\reststop-blender-300s-2026-09-23\frames\frame-06950.jpg'
27:03.625  render           | Saved: 'C:\Users\ljh\tralalero Shooter\outputs\reststop-blender-300s-2026-09-23\frames\frame-06951.jpg'
27:04.063  render           | Saved: 'C:\Users\ljh\tralalero Shooter\outputs\reststop-blender-300s-2026-09-23\frames\frame-06952.jpg'
27:04.484  render           | Saved: 'C:\Users\ljh\tralalero Shooter\outputs\reststop-blender-300s-2026-09-23\frames\frame-06953.jpg'
27:04.922  render           | Saved: 'C:\Users\ljh\tralalero Shooter\outputs\reststop-blender-300s-2026-09-23\frames\frame-06954.jpg'
27:05.344  render           | Saved: 'C:\Users\ljh\tralalero Shooter\outputs\reststop-blender-300s-2026-09-23\frames\frame-06955.jpg'
27:05.781  render           | Saved: 'C:\Users\ljh\tralalero Shooter\outputs\reststop-blender-300s-2026-09-23\frames\frame-06956.jpg'
27:06.203  render           | Saved: 'C:\Users\ljh\tralalero Shooter\outputs\reststop-blender-300s-2026-09-23\frames\frame-06957.jpg'
27:06.641  render           | Saved: 'C:\Users\ljh\tralalero Shooter\outputs\reststop-blender-300s-2026-09-23\frames\frame-06958.jpg'
PROGRESS {"frame": 6958, "end": 7200, "rendered": 3168, "elapsed": 1625.4674010276794, "last_24_mean": 0.42665571967760724, "width": 1280, "engine": "BLENDER_EEVEE", "step": 1}
27:07.078  render           | Saved: 'C:\Users\ljh\tralalero Shooter\outputs\reststop-blender-300s-2026-09-23\frames\frame-06959.jpg'
27:07.500  render           | Saved: 'C:\Users\ljh\tralalero Shooter\outputs\reststop-blender-300s-2026-09-23\frames\frame-06960.jpg'
27:07.938  render           | Saved: 'C:\Users\ljh\tralalero Shooter\outputs\reststop-blender-300s-2026-09-23\frames\frame-06961.jpg'
27:08.359  render           | Saved: 'C:\Users\ljh\tralalero Shooter\outputs\reststop-blender-300s-2026-09-23\frames\frame-06962.jpg'
27:08.797  render           | Saved: 'C:\Users\ljh\tralalero Shooter\outputs\reststop-blender-300s-2026-09-23\frames\frame-06963.jpg'
27:09.234  render           | Saved: 'C:\Users\ljh\tralalero Shooter\outputs\reststop-blender-300s-2026-09-23\frames\frame-06964.jpg'
27:09.656  render           | Saved: 'C:\Users\ljh\tralalero Shooter\outputs\reststop-blender-300s-2026-09-23\frames\frame-06965.jpg'
27:10.094  render           | Saved: 'C:\Users\ljh\tralalero Shooter\outputs\reststop-blender-300s-2026-09-23\frames\frame-06966.jpg'
27:10.516  render           | Saved: 'C:\Users\ljh\tralalero Shooter\outputs\reststop-blender-300s-2026-09-23\frames\frame-06967.jpg'
27:10.953  render           | Saved: 'C:\Users\ljh\tralalero Shooter\outputs\reststop-blender-300s-2026-09-23\frames\frame-06968.jpg'
27:11.391  render           | Saved: 'C:\Users\ljh\tralalero Shooter\outputs\reststop-blender-300s-2026-09-23\frames\frame-06969.jpg'
27:11.813  render           | Saved: 'C:\Users\ljh\tralalero Shooter\outputs\reststop-blender-300s-2026-09-23\frames\frame-06970.jpg'
27:12.250  render           | Saved: 'C:\Users\ljh\tralalero Shooter\outputs\reststop-blender-300s-2026-09-23\frames\frame-06971.jpg'
27:12.672  render           | Saved: 'C:\Users\ljh\tralalero Shooter\outputs\reststop-blender-300s-2026-09-23\frames\frame-06972.jpg'
27:13.094  render           | Saved: 'C:\Users\ljh\tralalero Shooter\outputs\reststop-blender-300s-2026-09-23\frames\frame-06973.jpg'
27:13.516  render           | Saved: 'C:\Users\ljh\tralalero Shooter\outputs\reststop-blender-300s-2026-09-23\frames\frame-06974.jpg'
27:13.938  render           | Saved: 'C:\Users\ljh\tralalero Shooter\outputs\reststop-blender-300s-2026-09-23\frames\frame-06975.jpg'
27:14.359  render           | Saved: 'C:\Users\ljh\tralalero Shooter\outputs\reststop-blender-300s-2026-09-23\frames\frame-06976.jpg'
27:14.781  render           | Saved: 'C:\Users\ljh\tralalero Shooter\outputs\reststop-blender-300s-2026-09-23\frames\frame-06977.jpg'
27:15.203  render           | Saved: 'C:\Users\ljh\tralalero Shooter\outputs\reststop-blender-300s-2026-09-23\frames\frame-06978.jpg'
27:15.625  render           | Saved: 'C:\Users\ljh\tralalero Shooter\outputs\reststop-blender-300s-2026-09-23\frames\frame-06979.jpg'
27:16.047  render           | Saved: 'C:\Users\ljh\tralalero Shooter\outputs\reststop-blender-300s-2026-09-23\frames\frame-06980.jpg'
27:16.469  render           | Saved: 'C:\Users\ljh\tralalero Shooter\outputs\reststop-blender-300s-2026-09-23\frames\frame-06981.jpg'
27:16.906  render           | Saved: 'C:\Users\ljh\tralalero Shooter\outputs\reststop-blender-300s-2026-09-23\frames\frame-06982.jpg'
PROGRESS {"frame": 6982, "end": 7200, "rendered": 3192, "elapsed": 1635.7235543727875, "last_24_mean": 0.42710723479588825, "width": 1280, "engine": "BLENDER_EEVEE", "step": 1}
27:17.328  render           | Saved: 'C:\Users\ljh\tralalero Shooter\outputs\reststop-blender-300s-2026-09-23\frames\frame-06983.jpg'
27:17.750  render           | Saved: 'C:\Users\ljh\tralalero Shooter\outputs\reststop-blender-300s-2026-09-23\frames\frame-06984.jpg'
27:18.172  render           | Saved: 'C:\Users\ljh\tralalero Shooter\outputs\reststop-blender-300s-2026-09-23\frames\frame-06985.jpg'
27:18.594  render           | Saved: 'C:\Users\ljh\tralalero Shooter\outputs\reststop-blender-300s-2026-09-23\frames\frame-06986.jpg'
27:19.031  render           | Saved: 'C:\Users\ljh\tralalero Shooter\outputs\reststop-blender-300s-2026-09-23\frames\frame-06987.jpg'
27:19.469  render           | Saved: 'C:\Users\ljh\tralalero Shooter\outputs\reststop-blender-300s-2026-09-23\frames\frame-06988.jpg'
27:19.906  render           | Saved: 'C:\Users\ljh\tralalero Shooter\outputs\reststop-blender-300s-2026-09-23\frames\frame-06989.jpg'
27:20.344  render           | Saved: 'C:\Users\ljh\tralalero Shooter\outputs\reststop-blender-300s-2026-09-23\frames\frame-06990.jpg'
27:20.766  render           | Saved: 'C:\Users\ljh\tralalero Shooter\outputs\reststop-blender-300s-2026-09-23\frames\frame-06991.jpg'
27:21.188  render           | Saved: 'C:\Users\ljh\tralalero Shooter\outputs\reststop-blender-300s-2026-09-23\frames\frame-06992.jpg'
27:21.625  render           | Saved: 'C:\Users\ljh\tralalero Shooter\outputs\reststop-blender-300s-2026-09-23\frames\frame-06993.jpg'
27:22.063  render           | Saved: 'C:\Users\ljh\tralalero Shooter\outputs\reststop-blender-300s-2026-09-23\frames\frame-06994.jpg'
27:22.484  render           | Saved: 'C:\Users\ljh\tralalero Shooter\outputs\reststop-blender-300s-2026-09-23\frames\frame-06995.jpg'
27:22.938  render           | Saved: 'C:\Users\ljh\tralalero Shooter\outputs\reststop-blender-300s-2026-09-23\frames\frame-06996.jpg'
27:23.453  render           | Saved: 'C:\Users\ljh\tralalero Shooter\outputs\reststop-blender-300s-2026-09-23\frames\frame-06997.jpg'
27:23.984  render           | Saved: 'C:\Users\ljh\tralalero Shooter\outputs\reststop-blender-300s-2026-09-23\frames\frame-06998.jpg'
27:24.484  render           | Saved: 'C:\Users\ljh\tralalero Shooter\outputs\reststop-blender-300s-2026-09-23\frames\frame-06999.jpg'
27:25.094  render           | Saved: 'C:\Users\ljh\tralalero Shooter\outputs\reststop-blender-300s-2026-09-23\frames\frame-07000.jpg'
27:25.641  render           | Saved: 'C:\Users\ljh\tralalero Shooter\outputs\reststop-blender-300s-2026-09-23\frames\frame-07001.jpg'
27:26.234  render           | Saved: 'C:\Users\ljh\tralalero Shooter\outputs\reststop-blender-300s-2026-09-23\frames\frame-07002.jpg'
27:26.766  render           | Saved: 'C:\Users\ljh\tralalero Shooter\outputs\reststop-blender-300s-2026-09-23\frames\frame-07003.jpg'
27:27.281  render           | Saved: 'C:\Users\ljh\tralalero Shooter\outputs\reststop-blender-300s-2026-09-23\frames\frame-07004.jpg'
27:27.781  render           | Saved: 'C:\Users\ljh\tralalero Shooter\outputs\reststop-blender-300s-2026-09-23\frames\frame-07005.jpg'
27:28.313  render           | Saved: 'C:\Users\ljh\tralalero Shooter\outputs\reststop-blender-300s-2026-09-23\frames\frame-07006.jpg'
PROGRESS {"frame": 7006, "end": 7200, "rendered": 3216, "elapsed": 1647.155480146408, "last_24_mean": 0.4760989149411519, "width": 1280, "engine": "BLENDER_EEVEE", "step": 1}
27:28.844  render           | Saved: 'C:\Users\ljh\tralalero Shooter\outputs\reststop-blender-300s-2026-09-23\frames\frame-07007.jpg'
27:29.422  render           | Saved: 'C:\Users\ljh\tralalero Shooter\outputs\reststop-blender-300s-2026-09-23\frames\frame-07008.jpg'
27:29.938  render           | Saved: 'C:\Users\ljh\tralalero Shooter\outputs\reststop-blender-300s-2026-09-23\frames\frame-07009.jpg'
27:30.500  render           | Saved: 'C:\Users\ljh\tralalero Shooter\outputs\reststop-blender-300s-2026-09-23\frames\frame-07010.jpg'
27:31.109  render           | Saved: 'C:\Users\ljh\tralalero Shooter\outputs\reststop-blender-300s-2026-09-23\frames\frame-07011.jpg'
27:31.641  render           | Saved: 'C:\Users\ljh\tralalero Shooter\outputs\reststop-blender-300s-2026-09-23\frames\frame-07012.jpg'
27:32.172  render           | Saved: 'C:\Users\ljh\tralalero Shooter\outputs\reststop-blender-300s-2026-09-23\frames\frame-07013.jpg'
27:32.719  render           | Saved: 'C:\Users\ljh\tralalero Shooter\outputs\reststop-blender-300s-2026-09-23\frames\frame-07014.jpg'
27:33.281  render           | Saved: 'C:\Users\ljh\tralalero Shooter\outputs\reststop-blender-300s-2026-09-23\frames\frame-07015.jpg'
27:33.797  render           | Saved: 'C:\Users\ljh\tralalero Shooter\outputs\reststop-blender-300s-2026-09-23\frames\frame-07016.jpg'
27:34.313  render           | Saved: 'C:\Users\ljh\tralalero Shooter\outputs\reststop-blender-300s-2026-09-23\frames\frame-07017.jpg'
27:34.828  render           | Saved: 'C:\Users\ljh\tralalero Shooter\outputs\reststop-blender-300s-2026-09-23\frames\frame-07018.jpg'
27:35.344  render           | Saved: 'C:\Users\ljh\tralalero Shooter\outputs\reststop-blender-300s-2026-09-23\frames\frame-07019.jpg'
27:35.906  render           | Saved: 'C:\Users\ljh\tralalero Shooter\outputs\reststop-blender-300s-2026-09-23\frames\frame-07020.jpg'
27:36.422  render           | Saved: 'C:\Users\ljh\tralalero Shooter\outputs\reststop-blender-300s-2026-09-23\frames\frame-07021.jpg'
27:36.938  render           | Saved: 'C:\Users\ljh\tralalero Shooter\outputs\reststop-blender-300s-2026-09-23\frames\frame-07022.jpg'
27:37.422  render           | Saved: 'C:\Users\ljh\tralalero Shooter\outputs\reststop-blender-300s-2026-09-23\frames\frame-07023.jpg'
27:37.922  render           | Saved: 'C:\Users\ljh\tralalero Shooter\outputs\reststop-blender-300s-2026-09-23\frames\frame-07024.jpg'
27:38.438  render           | Saved: 'C:\Users\ljh\tralalero Shooter\outputs\reststop-blender-300s-2026-09-23\frames\frame-07025.jpg'
27:38.938  render           | Saved: 'C:\Users\ljh\tralalero Shooter\outputs\reststop-blender-300s-2026-09-23\frames\frame-07026.jpg'
27:39.438  render           | Saved: 'C:\Users\ljh\tralalero Shooter\outputs\reststop-blender-300s-2026-09-23\frames\frame-07027.jpg'
27:39.938  render           | Saved: 'C:\Users\ljh\tralalero Shooter\outputs\reststop-blender-300s-2026-09-23\frames\frame-07028.jpg'
27:40.453  render           | Saved: 'C:\Users\ljh\tralalero Shooter\outputs\reststop-blender-300s-2026-09-23\frames\frame-07029.jpg'
27:40.984  render           | Saved: 'C:\Users\ljh\tralalero Shooter\outputs\reststop-blender-300s-2026-09-23\frames\frame-07030.jpg'
PROGRESS {"frame": 7030, "end": 7200, "rendered": 3240, "elapsed": 1659.8166055679321, "last_24_mean": 0.5272784431775411, "width": 1280, "engine": "BLENDER_EEVEE", "step": 1}
27:41.484  render           | Saved: 'C:\Users\ljh\tralalero Shooter\outputs\reststop-blender-300s-2026-09-23\frames\frame-07031.jpg'
27:42.016  render           | Saved: 'C:\Users\ljh\tralalero Shooter\outputs\reststop-blender-300s-2026-09-23\frames\frame-07032.jpg'
27:42.516  render           | Saved: 'C:\Users\ljh\tralalero Shooter\outputs\reststop-blender-300s-2026-09-23\frames\frame-07033.jpg'
27:43.016  render           | Saved: 'C:\Users\ljh\tralalero Shooter\outputs\reststop-blender-300s-2026-09-23\frames\frame-07034.jpg'
27:43.500  render           | Saved: 'C:\Users\ljh\tralalero Shooter\outputs\reststop-blender-300s-2026-09-23\frames\frame-07035.jpg'
27:44.000  render           | Saved: 'C:\Users\ljh\tralalero Shooter\outputs\reststop-blender-300s-2026-09-23\frames\frame-07036.jpg'
27:44.516  render           | Saved: 'C:\Users\ljh\tralalero Shooter\outputs\reststop-blender-300s-2026-09-23\frames\frame-07037.jpg'
27:45.000  render           | Saved: 'C:\Users\ljh\tralalero Shooter\outputs\reststop-blender-300s-2026-09-23\frames\frame-07038.jpg'
27:45.484  render           | Saved: 'C:\Users\ljh\tralalero Shooter\outputs\reststop-blender-300s-2026-09-23\frames\frame-07039.jpg'
27:46.000  render           | Saved: 'C:\Users\ljh\tralalero Shooter\outputs\reststop-blender-300s-2026-09-23\frames\frame-07040.jpg'
27:46.500  render           | Saved: 'C:\Users\ljh\tralalero Shooter\outputs\reststop-blender-300s-2026-09-23\frames\frame-07041.jpg'
27:46.984  render           | Saved: 'C:\Users\ljh\tralalero Shooter\outputs\reststop-blender-300s-2026-09-23\frames\frame-07042.jpg'
27:47.469  render           | Saved: 'C:\Users\ljh\tralalero Shooter\outputs\reststop-blender-300s-2026-09-23\frames\frame-07043.jpg'
27:47.953  render           | Saved: 'C:\Users\ljh\tralalero Shooter\outputs\reststop-blender-300s-2026-09-23\frames\frame-07044.jpg'
27:48.422  render           | Saved: 'C:\Users\ljh\tralalero Shooter\outputs\reststop-blender-300s-2026-09-23\frames\frame-07045.jpg'
27:48.938  render           | Saved: 'C:\Users\ljh\tralalero Shooter\outputs\reststop-blender-300s-2026-09-23\frames\frame-07046.jpg'
27:49.438  render           | Saved: 'C:\Users\ljh\tralalero Shooter\outputs\reststop-blender-300s-2026-09-23\frames\frame-07047.jpg'
27:49.984  render           | Saved: 'C:\Users\ljh\tralalero Shooter\outputs\reststop-blender-300s-2026-09-23\frames\frame-07048.jpg'
27:50.484  render           | Saved: 'C:\Users\ljh\tralalero Shooter\outputs\reststop-blender-300s-2026-09-23\frames\frame-07049.jpg'
27:50.969  render           | Saved: 'C:\Users\ljh\tralalero Shooter\outputs\reststop-blender-300s-2026-09-23\frames\frame-07050.jpg'
27:51.438  render           | Saved: 'C:\Users\ljh\tralalero Shooter\outputs\reststop-blender-300s-2026-09-23\frames\frame-07051.jpg'
27:51.922  render           | Saved: 'C:\Users\ljh\tralalero Shooter\outputs\reststop-blender-300s-2026-09-23\frames\frame-07052.jpg'
27:52.391  render           | Saved: 'C:\Users\ljh\tralalero Shooter\outputs\reststop-blender-300s-2026-09-23\frames\frame-07053.jpg'
27:52.922  render           | Saved: 'C:\Users\ljh\tralalero Shooter\outputs\reststop-blender-300s-2026-09-23\frames\frame-07054.jpg'
PROGRESS {"frame": 7054, "end": 7200, "rendered": 3264, "elapsed": 1671.756459236145, "last_24_mean": 0.49722716212272644, "width": 1280, "engine": "BLENDER_EEVEE", "step": 1}
27:53.406  render           | Saved: 'C:\Users\ljh\tralalero Shooter\outputs\reststop-blender-300s-2026-09-23\frames\frame-07055.jpg'
27:53.906  render           | Saved: 'C:\Users\ljh\tralalero Shooter\outputs\reststop-blender-300s-2026-09-23\frames\frame-07056.jpg'
27:54.422  render           | Saved: 'C:\Users\ljh\tralalero Shooter\outputs\reststop-blender-300s-2026-09-23\frames\frame-07057.jpg'
27:54.891  render           | Saved: 'C:\Users\ljh\tralalero Shooter\outputs\reststop-blender-300s-2026-09-23\frames\frame-07058.jpg'
27:55.375  render           | Saved: 'C:\Users\ljh\tralalero Shooter\outputs\reststop-blender-300s-2026-09-23\frames\frame-07059.jpg'
27:55.844  render           | Saved: 'C:\Users\ljh\tralalero Shooter\outputs\reststop-blender-300s-2026-09-23\frames\frame-07060.jpg'
27:56.297  render           | Saved: 'C:\Users\ljh\tralalero Shooter\outputs\reststop-blender-300s-2026-09-23\frames\frame-07061.jpg'
27:56.781  render           | Saved: 'C:\Users\ljh\tralalero Shooter\outputs\reststop-blender-300s-2026-09-23\frames\frame-07062.jpg'
27:57.297  render           | Saved: 'C:\Users\ljh\tralalero Shooter\outputs\reststop-blender-300s-2026-09-23\frames\frame-07063.jpg'
27:57.781  render           | Saved: 'C:\Users\ljh\tralalero Shooter\outputs\reststop-blender-300s-2026-09-23\frames\frame-07064.jpg'
27:58.250  render           | Saved: 'C:\Users\ljh\tralalero Shooter\outputs\reststop-blender-300s-2026-09-23\frames\frame-07065.jpg'
27:58.734  render           | Saved: 'C:\Users\ljh\tralalero Shooter\outputs\reststop-blender-300s-2026-09-23\frames\frame-07066.jpg'
27:59.219  render           | Saved: 'C:\Users\ljh\tralalero Shooter\outputs\reststop-blender-300s-2026-09-23\frames\frame-07067.jpg'
27:59.734  render           | Saved: 'C:\Users\ljh\tralalero Shooter\outputs\reststop-blender-300s-2026-09-23\frames\frame-07068.jpg'
28:00.234  render           | Saved: 'C:\Users\ljh\tralalero Shooter\outputs\reststop-blender-300s-2026-09-23\frames\frame-07069.jpg'
28:00.719  render           | Saved: 'C:\Users\ljh\tralalero Shooter\outputs\reststop-blender-300s-2026-09-23\frames\frame-07070.jpg'
28:01.188  render           | Saved: 'C:\Users\ljh\tralalero Shooter\outputs\reststop-blender-300s-2026-09-23\frames\frame-07071.jpg'
28:01.656  render           | Saved: 'C:\Users\ljh\tralalero Shooter\outputs\reststop-blender-300s-2026-09-23\frames\frame-07072.jpg'
28:02.125  render           | Saved: 'C:\Users\ljh\tralalero Shooter\outputs\reststop-blender-300s-2026-09-23\frames\frame-07073.jpg'
28:02.578  render           | Saved: 'C:\Users\ljh\tralalero Shooter\outputs\reststop-blender-300s-2026-09-23\frames\frame-07074.jpg'
28:03.047  render           | Saved: 'C:\Users\ljh\tralalero Shooter\outputs\reststop-blender-300s-2026-09-23\frames\frame-07075.jpg'
28:03.516  render           | Saved: 'C:\Users\ljh\tralalero Shooter\outputs\reststop-blender-300s-2026-09-23\frames\frame-07076.jpg'
28:03.969  render           | Saved: 'C:\Users\ljh\tralalero Shooter\outputs\reststop-blender-300s-2026-09-23\frames\frame-07077.jpg'
28:04.453  render           | Saved: 'C:\Users\ljh\tralalero Shooter\outputs\reststop-blender-300s-2026-09-23\frames\frame-07078.jpg'
PROGRESS {"frame": 7078, "end": 7200, "rendered": 3288, "elapsed": 1683.2810530662537, "last_24_mean": 0.4798939327398936, "width": 1280, "engine": "BLENDER_EEVEE", "step": 1}
28:04.922  render           | Saved: 'C:\Users\ljh\tralalero Shooter\outputs\reststop-blender-300s-2026-09-23\frames\frame-07079.jpg'
28:05.375  render           | Saved: 'C:\Users\ljh\tralalero Shooter\outputs\reststop-blender-300s-2026-09-23\frames\frame-07080.jpg'
28:05.828  render           | Saved: 'C:\Users\ljh\tralalero Shooter\outputs\reststop-blender-300s-2026-09-23\frames\frame-07081.jpg'
28:06.281  render           | Saved: 'C:\Users\ljh\tralalero Shooter\outputs\reststop-blender-300s-2026-09-23\frames\frame-07082.jpg'
28:06.734  render           | Saved: 'C:\Users\ljh\tralalero Shooter\outputs\reststop-blender-300s-2026-09-23\frames\frame-07083.jpg'
28:07.188  render           | Saved: 'C:\Users\ljh\tralalero Shooter\outputs\reststop-blender-300s-2026-09-23\frames\frame-07084.jpg'
28:07.641  render           | Saved: 'C:\Users\ljh\tralalero Shooter\outputs\reststop-blender-300s-2026-09-23\frames\frame-07085.jpg'
28:08.109  render           | Saved: 'C:\Users\ljh\tralalero Shooter\outputs\reststop-blender-300s-2026-09-23\frames\frame-07086.jpg'
28:08.578  render           | Saved: 'C:\Users\ljh\tralalero Shooter\outputs\reststop-blender-300s-2026-09-23\frames\frame-07087.jpg'
28:09.047  render           | Saved: 'C:\Users\ljh\tralalero Shooter\outputs\reststop-blender-300s-2026-09-23\frames\frame-07088.jpg'
28:09.547  render           | Saved: 'C:\Users\ljh\tralalero Shooter\outputs\reststop-blender-300s-2026-09-23\frames\frame-07089.jpg'
28:10.016  render           | Saved: 'C:\Users\ljh\tralalero Shooter\outputs\reststop-blender-300s-2026-09-23\frames\frame-07090.jpg'
28:10.469  render           | Saved: 'C:\Users\ljh\tralalero Shooter\outputs\reststop-blender-300s-2026-09-23\frames\frame-07091.jpg'
28:10.922  render           | Saved: 'C:\Users\ljh\tralalero Shooter\outputs\reststop-blender-300s-2026-09-23\frames\frame-07092.jpg'
28:11.375  render           | Saved: 'C:\Users\ljh\tralalero Shooter\outputs\reststop-blender-300s-2026-09-23\frames\frame-07093.jpg'
28:11.828  render           | Saved: 'C:\Users\ljh\tralalero Shooter\outputs\reststop-blender-300s-2026-09-23\frames\frame-07094.jpg'
28:12.313  render           | Saved: 'C:\Users\ljh\tralalero Shooter\outputs\reststop-blender-300s-2026-09-23\frames\frame-07095.jpg'
28:12.813  render           | Saved: 'C:\Users\ljh\tralalero Shooter\outputs\reststop-blender-300s-2026-09-23\frames\frame-07096.jpg'
28:13.266  render           | Saved: 'C:\Users\ljh\tralalero Shooter\outputs\reststop-blender-300s-2026-09-23\frames\frame-07097.jpg'
28:13.719  render           | Saved: 'C:\Users\ljh\tralalero Shooter\outputs\reststop-blender-300s-2026-09-23\frames\frame-07098.jpg'
28:14.188  render           | Saved: 'C:\Users\ljh\tralalero Shooter\outputs\reststop-blender-300s-2026-09-23\frames\frame-07099.jpg'
28:14.641  render           | Saved: 'C:\Users\ljh\tralalero Shooter\outputs\reststop-blender-300s-2026-09-23\frames\frame-07100.jpg'
28:15.109  render           | Saved: 'C:\Users\ljh\tralalero Shooter\outputs\reststop-blender-300s-2026-09-23\frames\frame-07101.jpg'
28:15.578  render           | Saved: 'C:\Users\ljh\tralalero Shooter\outputs\reststop-blender-300s-2026-09-23\frames\frame-07102.jpg'
PROGRESS {"frame": 7102, "end": 7200, "rendered": 3312, "elapsed": 1694.412143945694, "last_24_mean": 0.46354930599530536, "width": 1280, "engine": "BLENDER_EEVEE", "step": 1}
28:16.031  render           | Saved: 'C:\Users\ljh\tralalero Shooter\outputs\reststop-blender-300s-2026-09-23\frames\frame-07103.jpg'
28:16.484  render           | Saved: 'C:\Users\ljh\tralalero Shooter\outputs\reststop-blender-300s-2026-09-23\frames\frame-07104.jpg'
28:16.969  render           | Saved: 'C:\Users\ljh\tralalero Shooter\outputs\reststop-blender-300s-2026-09-23\frames\frame-07105.jpg'
28:17.422  render           | Saved: 'C:\Users\ljh\tralalero Shooter\outputs\reststop-blender-300s-2026-09-23\frames\frame-07106.jpg'
28:17.875  render           | Saved: 'C:\Users\ljh\tralalero Shooter\outputs\reststop-blender-300s-2026-09-23\frames\frame-07107.jpg'
28:18.375  render           | Saved: 'C:\Users\ljh\tralalero Shooter\outputs\reststop-blender-300s-2026-09-23\frames\frame-07108.jpg'
28:18.828  render           | Saved: 'C:\Users\ljh\tralalero Shooter\outputs\reststop-blender-300s-2026-09-23\frames\frame-07109.jpg'
28:19.297  render           | Saved: 'C:\Users\ljh\tralalero Shooter\outputs\reststop-blender-300s-2026-09-23\frames\frame-07110.jpg'
28:19.766  render           | Saved: 'C:\Users\ljh\tralalero Shooter\outputs\reststop-blender-300s-2026-09-23\frames\frame-07111.jpg'
28:20.219  render           | Saved: 'C:\Users\ljh\tralalero Shooter\outputs\reststop-blender-300s-2026-09-23\frames\frame-07112.jpg'
28:20.688  render           | Saved: 'C:\Users\ljh\tralalero Shooter\outputs\reststop-blender-300s-2026-09-23\frames\frame-07113.jpg'
28:21.188  render           | Saved: 'C:\Users\ljh\tralalero Shooter\outputs\reststop-blender-300s-2026-09-23\frames\frame-07114.jpg'
28:21.641  render           | Saved: 'C:\Users\ljh\tralalero Shooter\outputs\reststop-blender-300s-2026-09-23\frames\frame-07115.jpg'
28:22.125  render           | Saved: 'C:\Users\ljh\tralalero Shooter\outputs\reststop-blender-300s-2026-09-23\frames\frame-07116.jpg'
28:22.609  render           | Saved: 'C:\Users\ljh\tralalero Shooter\outputs\reststop-blender-300s-2026-09-23\frames\frame-07117.jpg'
28:23.078  render           | Saved: 'C:\Users\ljh\tralalero Shooter\outputs\reststop-blender-300s-2026-09-23\frames\frame-07118.jpg'
28:23.547  render           | Saved: 'C:\Users\ljh\tralalero Shooter\outputs\reststop-blender-300s-2026-09-23\frames\frame-07119.jpg'
28:24.047  render           | Saved: 'C:\Users\ljh\tralalero Shooter\outputs\reststop-blender-300s-2026-09-23\frames\frame-07120.jpg'
28:24.531  render           | Saved: 'C:\Users\ljh\tralalero Shooter\outputs\reststop-blender-300s-2026-09-23\frames\frame-07121.jpg'
28:25.016  render           | Saved: 'C:\Users\ljh\tralalero Shooter\outputs\reststop-blender-300s-2026-09-23\frames\frame-07122.jpg'
28:25.516  render           | Saved: 'C:\Users\ljh\tralalero Shooter\outputs\reststop-blender-300s-2026-09-23\frames\frame-07123.jpg'
28:26.000  render           | Saved: 'C:\Users\ljh\tralalero Shooter\outputs\reststop-blender-300s-2026-09-23\frames\frame-07124.jpg'
28:26.484  render           | Saved: 'C:\Users\ljh\tralalero Shooter\outputs\reststop-blender-300s-2026-09-23\frames\frame-07125.jpg'
28:26.969  render           | Saved: 'C:\Users\ljh\tralalero Shooter\outputs\reststop-blender-300s-2026-09-23\frames\frame-07126.jpg'
PROGRESS {"frame": 7126, "end": 7200, "rendered": 3336, "elapsed": 1705.8069911003113, "last_24_mean": 0.4745553334554036, "width": 1280, "engine": "BLENDER_EEVEE", "step": 1}
28:27.453  render           | Saved: 'C:\Users\ljh\tralalero Shooter\outputs\reststop-blender-300s-2026-09-23\frames\frame-07127.jpg'
28:27.922  render           | Saved: 'C:\Users\ljh\tralalero Shooter\outputs\reststop-blender-300s-2026-09-23\frames\frame-07128.jpg'
28:28.406  render           | Saved: 'C:\Users\ljh\tralalero Shooter\outputs\reststop-blender-300s-2026-09-23\frames\frame-07129.jpg'
28:28.875  render           | Saved: 'C:\Users\ljh\tralalero Shooter\outputs\reststop-blender-300s-2026-09-23\frames\frame-07130.jpg'
28:29.344  render           | Saved: 'C:\Users\ljh\tralalero Shooter\outputs\reststop-blender-300s-2026-09-23\frames\frame-07131.jpg'
28:29.797  render           | Saved: 'C:\Users\ljh\tralalero Shooter\outputs\reststop-blender-300s-2026-09-23\frames\frame-07132.jpg'
28:30.266  render           | Saved: 'C:\Users\ljh\tralalero Shooter\outputs\reststop-blender-300s-2026-09-23\frames\frame-07133.jpg'
28:30.750  render           | Saved: 'C:\Users\ljh\tralalero Shooter\outputs\reststop-blender-300s-2026-09-23\frames\frame-07134.jpg'
28:31.219  render           | Saved: 'C:\Users\ljh\tralalero Shooter\outputs\reststop-blender-300s-2026-09-23\frames\frame-07135.jpg'
28:31.688  render           | Saved: 'C:\Users\ljh\tralalero Shooter\outputs\reststop-blender-300s-2026-09-23\frames\frame-07136.jpg'
28:32.141  render           | Saved: 'C:\Users\ljh\tralalero Shooter\outputs\reststop-blender-300s-2026-09-23\frames\frame-07137.jpg'
28:32.609  render           | Saved: 'C:\Users\ljh\tralalero Shooter\outputs\reststop-blender-300s-2026-09-23\frames\frame-07138.jpg'
28:33.063  render           | Saved: 'C:\Users\ljh\tralalero Shooter\outputs\reststop-blender-300s-2026-09-23\frames\frame-07139.jpg'
28:33.531  render           | Saved: 'C:\Users\ljh\tralalero Shooter\outputs\reststop-blender-300s-2026-09-23\frames\frame-07140.jpg'
28:34.000  render           | Saved: 'C:\Users\ljh\tralalero Shooter\outputs\reststop-blender-300s-2026-09-23\frames\frame-07141.jpg'
28:34.453  render           | Saved: 'C:\Users\ljh\tralalero Shooter\outputs\reststop-blender-300s-2026-09-23\frames\frame-07142.jpg'
28:34.891  render           | Saved: 'C:\Users\ljh\tralalero Shooter\outputs\reststop-blender-300s-2026-09-23\frames\frame-07143.jpg'
28:35.344  render           | Saved: 'C:\Users\ljh\tralalero Shooter\outputs\reststop-blender-300s-2026-09-23\frames\frame-07144.jpg'
28:35.813  render           | Saved: 'C:\Users\ljh\tralalero Shooter\outputs\reststop-blender-300s-2026-09-23\frames\frame-07145.jpg'
28:36.266  render           | Saved: 'C:\Users\ljh\tralalero Shooter\outputs\reststop-blender-300s-2026-09-23\frames\frame-07146.jpg'
28:36.719  render           | Saved: 'C:\Users\ljh\tralalero Shooter\outputs\reststop-blender-300s-2026-09-23\frames\frame-07147.jpg'
28:37.172  render           | Saved: 'C:\Users\ljh\tralalero Shooter\outputs\reststop-blender-300s-2026-09-23\frames\frame-07148.jpg'
28:37.625  render           | Saved: 'C:\Users\ljh\tralalero Shooter\outputs\reststop-blender-300s-2026-09-23\frames\frame-07149.jpg'
28:38.078  render           | Saved: 'C:\Users\ljh\tralalero Shooter\outputs\reststop-blender-300s-2026-09-23\frames\frame-07150.jpg'
PROGRESS {"frame": 7150, "end": 7200, "rendered": 3360, "elapsed": 1716.914244890213, "last_24_mean": 0.462563157081604, "width": 1280, "engine": "BLENDER_EEVEE", "step": 1}
28:38.531  render           | Saved: 'C:\Users\ljh\tralalero Shooter\outputs\reststop-blender-300s-2026-09-23\frames\frame-07151.jpg'
28:38.984  render           | Saved: 'C:\Users\ljh\tralalero Shooter\outputs\reststop-blender-300s-2026-09-23\frames\frame-07152.jpg'
28:39.438  render           | Saved: 'C:\Users\ljh\tralalero Shooter\outputs\reststop-blender-300s-2026-09-23\frames\frame-07153.jpg'
28:39.891  render           | Saved: 'C:\Users\ljh\tralalero Shooter\outputs\reststop-blender-300s-2026-09-23\frames\frame-07154.jpg'
28:40.375  render           | Saved: 'C:\Users\ljh\tralalero Shooter\outputs\reststop-blender-300s-2026-09-23\frames\frame-07155.jpg'
28:40.844  render           | Saved: 'C:\Users\ljh\tralalero Shooter\outputs\reststop-blender-300s-2026-09-23\frames\frame-07156.jpg'
28:41.297  render           | Saved: 'C:\Users\ljh\tralalero Shooter\outputs\reststop-blender-300s-2026-09-23\frames\frame-07157.jpg'
28:41.766  render           | Saved: 'C:\Users\ljh\tralalero Shooter\outputs\reststop-blender-300s-2026-09-23\frames\frame-07158.jpg'
28:42.250  render           | Saved: 'C:\Users\ljh\tralalero Shooter\outputs\reststop-blender-300s-2026-09-23\frames\frame-07159.jpg'
28:42.719  render           | Saved: 'C:\Users\ljh\tralalero Shooter\outputs\reststop-blender-300s-2026-09-23\frames\frame-07160.jpg'
28:43.188  render           | Saved: 'C:\Users\ljh\tralalero Shooter\outputs\reststop-blender-300s-2026-09-23\frames\frame-07161.jpg'
28:43.656  render           | Saved: 'C:\Users\ljh\tralalero Shooter\outputs\reststop-blender-300s-2026-09-23\frames\frame-07162.jpg'
28:44.109  render           | Saved: 'C:\Users\ljh\tralalero Shooter\outputs\reststop-blender-300s-2026-09-23\frames\frame-07163.jpg'
28:44.563  render           | Saved: 'C:\Users\ljh\tralalero Shooter\outputs\reststop-blender-300s-2026-09-23\frames\frame-07164.jpg'
28:45.031  render           | Saved: 'C:\Users\ljh\tralalero Shooter\outputs\reststop-blender-300s-2026-09-23\frames\frame-07165.jpg'
28:45.469  render           | Saved: 'C:\Users\ljh\tralalero Shooter\outputs\reststop-blender-300s-2026-09-23\frames\frame-07166.jpg'
28:45.922  render           | Saved: 'C:\Users\ljh\tralalero Shooter\outputs\reststop-blender-300s-2026-09-23\frames\frame-07167.jpg'
28:46.391  render           | Saved: 'C:\Users\ljh\tralalero Shooter\outputs\reststop-blender-300s-2026-09-23\frames\frame-07168.jpg'
28:46.891  render           | Saved: 'C:\Users\ljh\tralalero Shooter\outputs\reststop-blender-300s-2026-09-23\frames\frame-07169.jpg'
28:47.391  render           | Saved: 'C:\Users\ljh\tralalero Shooter\outputs\reststop-blender-300s-2026-09-23\frames\frame-07170.jpg'
28:47.859  render           | Saved: 'C:\Users\ljh\tralalero Shooter\outputs\reststop-blender-300s-2026-09-23\frames\frame-07171.jpg'
28:48.359  render           | Saved: 'C:\Users\ljh\tralalero Shooter\outputs\reststop-blender-300s-2026-09-23\frames\frame-07172.jpg'
28:48.875  render           | Saved: 'C:\Users\ljh\tralalero Shooter\outputs\reststop-blender-300s-2026-09-23\frames\frame-07173.jpg'
28:49.359  render           | Saved: 'C:\Users\ljh\tralalero Shooter\outputs\reststop-blender-300s-2026-09-23\frames\frame-07174.jpg'
PROGRESS {"frame": 7174, "end": 7200, "rendered": 3384, "elapsed": 1728.2009484767914, "last_24_mean": 0.47004619240760803, "width": 1280, "engine": "BLENDER_EEVEE", "step": 1}
28:49.828  render           | Saved: 'C:\Users\ljh\tralalero Shooter\outputs\reststop-blender-300s-2026-09-23\frames\frame-07175.jpg'
28:50.297  render           | Saved: 'C:\Users\ljh\tralalero Shooter\outputs\reststop-blender-300s-2026-09-23\frames\frame-07176.jpg'
28:50.734  render           | Saved: 'C:\Users\ljh\tralalero Shooter\outputs\reststop-blender-300s-2026-09-23\frames\frame-07177.jpg'
28:51.188  render           | Saved: 'C:\Users\ljh\tralalero Shooter\outputs\reststop-blender-300s-2026-09-23\frames\frame-07178.jpg'
28:51.656  render           | Saved: 'C:\Users\ljh\tralalero Shooter\outputs\reststop-blender-300s-2026-09-23\frames\frame-07179.jpg'
28:52.109  render           | Saved: 'C:\Users\ljh\tralalero Shooter\outputs\reststop-blender-300s-2026-09-23\frames\frame-07180.jpg'
28:52.578  render           | Saved: 'C:\Users\ljh\tralalero Shooter\outputs\reststop-blender-300s-2026-09-23\frames\frame-07181.jpg'
28:53.063  render           | Saved: 'C:\Users\ljh\tralalero Shooter\outputs\reststop-blender-300s-2026-09-23\frames\frame-07182.jpg'
28:53.531  render           | Saved: 'C:\Users\ljh\tralalero Shooter\outputs\reststop-blender-300s-2026-09-23\frames\frame-07183.jpg'
28:53.984  render           | Saved: 'C:\Users\ljh\tralalero Shooter\outputs\reststop-blender-300s-2026-09-23\frames\frame-07184.jpg'
28:54.453  render           | Saved: 'C:\Users\ljh\tralalero Shooter\outputs\reststop-blender-300s-2026-09-23\frames\frame-07185.jpg'
28:54.906  render           | Saved: 'C:\Users\ljh\tralalero Shooter\outputs\reststop-blender-300s-2026-09-23\frames\frame-07186.jpg'
28:55.359  render           | Saved: 'C:\Users\ljh\tralalero Shooter\outputs\reststop-blender-300s-2026-09-23\frames\frame-07187.jpg'
28:55.844  render           | Saved: 'C:\Users\ljh\tralalero Shooter\outputs\reststop-blender-300s-2026-09-23\frames\frame-07188.jpg'
28:56.297  render           | Saved: 'C:\Users\ljh\tralalero Shooter\outputs\reststop-blender-300s-2026-09-23\frames\frame-07189.jpg'
28:56.734  render           | Saved: 'C:\Users\ljh\tralalero Shooter\outputs\reststop-blender-300s-2026-09-23\frames\frame-07190.jpg'
28:57.203  render           | Saved: 'C:\Users\ljh\tralalero Shooter\outputs\reststop-blender-300s-2026-09-23\frames\frame-07191.jpg'
28:57.672  render           | Saved: 'C:\Users\ljh\tralalero Shooter\outputs\reststop-blender-300s-2026-09-23\frames\frame-07192.jpg'
28:58.125  render           | Saved: 'C:\Users\ljh\tralalero Shooter\outputs\reststop-blender-300s-2026-09-23\frames\frame-07193.jpg'
28:58.609  render           | Saved: 'C:\Users\ljh\tralalero Shooter\outputs\reststop-blender-300s-2026-09-23\frames\frame-07194.jpg'
28:59.078  render           | Saved: 'C:\Users\ljh\tralalero Shooter\outputs\reststop-blender-300s-2026-09-23\frames\frame-07195.jpg'
28:59.547  render           | Saved: 'C:\Users\ljh\tralalero Shooter\outputs\reststop-blender-300s-2026-09-23\frames\frame-07196.jpg'
29:00.016  render           | Saved: 'C:\Users\ljh\tralalero Shooter\outputs\reststop-blender-300s-2026-09-23\frames\frame-07197.jpg'
29:00.484  render           | Saved: 'C:\Users\ljh\tralalero Shooter\outputs\reststop-blender-300s-2026-09-23\frames\frame-07198.jpg'
PROGRESS {"frame": 7198, "end": 7200, "rendered": 3408, "elapsed": 1739.321040391922, "last_24_mean": 0.46307294567426044, "width": 1280, "engine": "BLENDER_EEVEE", "step": 1}
29:00.953  render           | Saved: 'C:\Users\ljh\tralalero Shooter\outputs\reststop-blender-300s-2026-09-23\frames\frame-07199.jpg'
29:01.438  render           | Saved: 'C:\Users\ljh\tralalero Shooter\outputs\reststop-blender-300s-2026-09-23\frames\frame-07200.jpg'
Blender 5.2.1 LTS (hash 9e2066aef7ef built 2026-08-25 02:38:20)

Blender quit
