{"pid": 38728, "started": 1790186185.3813317, "script": "C:\\Users\\ljh\\tralalero Shooter\\tools\\run-reststop-trellis-production.py", "threads": 4, "logicalProcessors": [0, 1, 2, 3, 4, 5, 6, 7], "priority": "below-normal", "availableMemoryBytes": 17365819392}
{"active": true, "message": "\ud30c\uc77c \ubaa9\ub85d\uc744 \uc900\ube44\ud558\uace0 \uc788\uc2b5\ub2c8\ub2e4.", "done": 0, "total": 0}
{"active": true, "message": "\ud30c\uc77c \uc0ac\uc774 \ud734\uc2dd \u00b7 \ub2e4\uc74c \ud30c\uc77c \uc2dc\uc791\uae4c\uc9c0 29\ucd08", "done": 0, "total": 90}
{"active": true, "message": "\ud30c\uc77c \uc0ac\uc774 \ud734\uc2dd \u00b7 \ub2e4\uc74c \ud30c\uc77c \uc2dc\uc791\uae4c\uc9c0 24\ucd08", "done": 0, "total": 90}
{"active": true, "message": "\ud30c\uc77c \uc0ac\uc774 \ud734\uc2dd \u00b7 \ub2e4\uc74c \ud30c\uc77c \uc2dc\uc791\uae4c\uc9c0 18\ucd08", "done": 0, "total": 90}
{"active": true, "message": "\ud30c\uc77c \uc0ac\uc774 \ud734\uc2dd \u00b7 \ub2e4\uc74c \ud30c\uc77c \uc2dc\uc791\uae4c\uc9c0 13\ucd08", "done": 0, "total": 90}
{"active": true, "message": "\ud30c\uc77c \uc0ac\uc774 \ud734\uc2dd \u00b7 \ub2e4\uc74c \ud30c\uc77c \uc2dc\uc791\uae4c\uc9c0 8\ucd08", "done": 0, "total": 90}
{"active": true, "message": "\ud30c\uc77c \uc0ac\uc774 \ud734\uc2dd \u00b7 \ub2e4\uc74c \ud30c\uc77c \uc2dc\uc791\uae4c\uc9c0 3\ucd08", "done": 0, "total": 90}
{"active": true, "message": "H01.png \u00b7 TRELLIS \uc0dd\uc131 \uc911", "done": 0, "total": 90}
{"active": true, "message": "H01.png \u00b7 shape \uc2dc\uac01\uac80\uc0ac", "done": 0, "total": 90}
{"active": true, "message": "H01.png \u00b7 Awaiting main-agent visual review: shape", "done": 0, "total": 90}
{"active": true, "message": "H01.png \u00b7 TRELLIS \uc0dd\uc131 \uc911", "done": 0, "total": 90}
{"active": true, "message": "H01.png \u00b7 texture_source \uc2dc\uac01\uac80\uc0ac", "done": 0, "total": 90}
{"active": true, "message": "H01.png \u00b7 Awaiting main-agent visual review: texture_source", "done": 0, "total": 90}
{"active": true, "message": "H01.png \u00b7 Blender \u00b7 Import source GLB", "done": 0, "total": 90}
{"active": true, "message": "H01.png \u00b7 Blender \u00b7 Bake BaseColor", "done": 0, "total": 90}
{"active": true, "message": "H01.png \u00b7 Blender \u00b7 Bake Metallic", "done": 0, "total": 90}
{"active": true, "message": "H01.png \u00b7 Blender \u00b7 Render preview", "done": 0, "total": 90}
{"active": true, "message": "H01.png \u00b7 final_compare \uc2dc\uac01\uac80\uc0ac", "done": 0, "total": 90}
{"active": true, "message": "H01.png \u00b7 Awaiting main-agent visual review: final_compare", "done": 0, "total": 90}
{"active": true, "message": "\ud30c\uc77c \uc0ac\uc774 \ud734\uc2dd \u00b7 \ub2e4\uc74c \ud30c\uc77c \uc2dc\uc791\uae4c\uc9c0 56\ucd08", "done": 1, "total": 90}
{"active": true, "message": "\ud30c\uc77c \uc0ac\uc774 \ud734\uc2dd \u00b7 \ub2e4\uc74c \ud30c\uc77c \uc2dc\uc791\uae4c\uc9c0 51\ucd08", "done": 1, "total": 90}
{"active": true, "message": "\ud30c\uc77c \uc0ac\uc774 \ud734\uc2dd \u00b7 \ub2e4\uc74c \ud30c\uc77c \uc2dc\uc791\uae4c\uc9c0 46\ucd08", "done": 1, "total": 90}
{"active": true, "message": "\ud30c\uc77c \uc0ac\uc774 \ud734\uc2dd \u00b7 \ub2e4\uc74c \ud30c\uc77c \uc2dc\uc791\uae4c\uc9c0 41\ucd08", "done": 1, "total": 90}
{"active": true, "message": "\ud30c\uc77c \uc0ac\uc774 \ud734\uc2dd \u00b7 \ub2e4\uc74c \ud30c\uc77c \uc2dc\uc791\uae4c\uc9c0 36\ucd08", "done": 1, "total": 90}
{"active": true, "message": "\ud30c\uc77c \uc0ac\uc774 \ud734\uc2dd \u00b7 \ub2e4\uc74c \ud30c\uc77c \uc2dc\uc791\uae4c\uc9c0 31\ucd08", "done": 1, "total": 90}
{"active": true, "message": "\ud30c\uc77c \uc0ac\uc774 \ud734\uc2dd \u00b7 \ub2e4\uc74c \ud30c\uc77c \uc2dc\uc791\uae4c\uc9c0 25\ucd08", "done": 1, "total": 90}
{"active": true, "message": "\ud30c\uc77c \uc0ac\uc774 \ud734\uc2dd \u00b7 \ub2e4\uc74c \ud30c\uc77c \uc2dc\uc791\uae4c\uc9c0 20\ucd08", "done": 1, "total": 90}
{"active": true, "message": "\ud30c\uc77c \uc0ac\uc774 \ud734\uc2dd \u00b7 \ub2e4\uc74c \ud30c\uc77c \uc2dc\uc791\uae4c\uc9c0 15\ucd08", "done": 1, "total": 90}
{"active": true, "message": "\ud30c\uc77c \uc0ac\uc774 \ud734\uc2dd \u00b7 \ub2e4\uc74c \ud30c\uc77c \uc2dc\uc791\uae4c\uc9c0 10\ucd08", "done": 1, "total": 90}
{"active": true, "message": "\ud30c\uc77c \uc0ac\uc774 \ud734\uc2dd \u00b7 \ub2e4\uc74c \ud30c\uc77c \uc2dc\uc791\uae4c\uc9c0 5\ucd08", "done": 1, "total": 90}
{"active": true, "message": "H02.png \u00b7 TRELLIS \uc0dd\uc131 \uc911", "done": 1, "total": 90}
{"active": true, "message": "H02.png \u00b7 shape \uc2dc\uac01\uac80\uc0ac", "done": 1, "total": 90}
{"active": true, "message": "H02.png \u00b7 Awaiting main-agent visual review: shape", "done": 1, "total": 90}
{"active": true, "message": "H02.png \u00b7 TRELLIS \uc0dd\uc131 \uc911", "done": 1, "total": 90}
{"active": true, "message": "H02.png \u00b7 texture_source \uc2dc\uac01\uac80\uc0ac", "done": 1, "total": 90}
{"active": true, "message": "H02.png \u00b7 Awaiting main-agent visual review: texture_source", "done": 1, "total": 90}
{"active": true, "message": "H02.png \u00b7 Blender parts \uac10\ub7c9\u00b7\ubca0\uc774\ud06c", "done": 1, "total": 90}
{"active": true, "message": "H02.png \u00b7 Blender \u00b7 Bake Roughness", "done": 1, "total": 90}
{"active": true, "message": "H02.png \u00b7 Blender \u00b7 Render preview", "done": 1, "total": 90}
{"active": true, "message": "H02.png \u00b7 final_compare \uc2dc\uac01\uac80\uc0ac", "done": 1, "total": 90}
{"active": true, "message": "H02.png \u00b7 Awaiting main-agent visual review: final_compare", "done": 1, "total": 90}
{"active": true, "message": "\ud30c\uc77c \uc0ac\uc774 \ud734\uc2dd \u00b7 \ub2e4\uc74c \ud30c\uc77c \uc2dc\uc791\uae4c\uc9c0 56\ucd08", "done": 2, "total": 90}
{"active": true, "message": "\ud30c\uc77c \uc0ac\uc774 \ud734\uc2dd \u00b7 \ub2e4\uc74c \ud30c\uc77c \uc2dc\uc791\uae4c\uc9c0 51\ucd08", "done": 2, "total": 90}
{"active": true, "message": "\ud30c\uc77c \uc0ac\uc774 \ud734\uc2dd \u00b7 \ub2e4\uc74c \ud30c\uc77c \uc2dc\uc791\uae4c\uc9c0 46\ucd08", "done": 2, "total": 90}
{"active": true, "message": "\ud30c\uc77c \uc0ac\uc774 \ud734\uc2dd \u00b7 \ub2e4\uc74c \ud30c\uc77c \uc2dc\uc791\uae4c\uc9c0 41\ucd08", "done": 2, "total": 90}
{"active": true, "message": "\ud30c\uc77c \uc0ac\uc774 \ud734\uc2dd \u00b7 \ub2e4\uc74c \ud30c\uc77c \uc2dc\uc791\uae4c\uc9c0 36\ucd08", "done": 2, "total": 90}
{"active": true, "message": "\ud30c\uc77c \uc0ac\uc774 \ud734\uc2dd \u00b7 \ub2e4\uc74c \ud30c\uc77c \uc2dc\uc791\uae4c\uc9c0 31\ucd08", "done": 2, "total": 90}
{"active": true, "message": "\ud30c\uc77c \uc0ac\uc774 \ud734\uc2dd \u00b7 \ub2e4\uc74c \ud30c\uc77c \uc2dc\uc791\uae4c\uc9c0 26\ucd08", "done": 2, "total": 90}
{"active": true, "message": "\ud30c\uc77c \uc0ac\uc774 \ud734\uc2dd \u00b7 \ub2e4\uc74c \ud30c\uc77c \uc2dc\uc791\uae4c\uc9c0 21\ucd08", "done": 2, "total": 90}
{"active": true, "message": "\ud30c\uc77c \uc0ac\uc774 \ud734\uc2dd \u00b7 \ub2e4\uc74c \ud30c\uc77c \uc2dc\uc791\uae4c\uc9c0 16\ucd08", "done": 2, "total": 90}
{"active": true, "message": "\ud30c\uc77c \uc0ac\uc774 \ud734\uc2dd \u00b7 \ub2e4\uc74c \ud30c\uc77c \uc2dc\uc791\uae4c\uc9c0 11\ucd08", "done": 2, "total": 90}
{"active": true, "message": "\ud30c\uc77c \uc0ac\uc774 \ud734\uc2dd \u00b7 \ub2e4\uc74c \ud30c\uc77c \uc2dc\uc791\uae4c\uc9c0 6\ucd08", "done": 2, "total": 90}
{"active": true, "message": "H03.png \u00b7 TRELLIS \uc0dd\uc131 \uc911", "done": 2, "total": 90}
{"active": true, "message": "H03.png \u00b7 shape \uc2dc\uac01\uac80\uc0ac", "done": 2, "total": 90}
{"active": true, "message": "H03.png \u00b7 Awaiting main-agent visual review: shape", "done": 2, "total": 90}
{"active": true, "message": "H03.png \u00b7 TRELLIS \uc0dd\uc131 \uc911", "done": 2, "total": 90}
{"active": true, "message": "H03.png \u00b7 texture_source \uc2dc\uac01\uac80\uc0ac", "done": 2, "total": 90}
{"active": true, "message": "H03.png \u00b7 Awaiting main-agent visual review: texture_source", "done": 2, "total": 90}
{"active": true, "message": "H03.png \u00b7 Blender parts \uac10\ub7c9\u00b7\ubca0\uc774\ud06c", "done": 2, "total": 90}
{"active": true, "message": "H03.png \u00b7 Blender \u00b7 Bake BaseColor", "done": 2, "total": 90}
{"active": true, "message": "H03.png \u00b7 Blender \u00b7 Render preview", "done": 2, "total": 90}
{"active": true, "message": "H03.png \u00b7 final_compare \uc2dc\uac01\uac80\uc0ac", "done": 2, "total": 90}
{"active": true, "message": "H03.png \u00b7 Awaiting main-agent visual review: final_compare", "done": 2, "total": 90}
{"active": true, "message": "\ud30c\uc77c \uc0ac\uc774 \ud734\uc2dd \u00b7 \ub2e4\uc74c \ud30c\uc77c \uc2dc\uc791\uae4c\uc9c0 58\ucd08", "done": 3, "total": 90}
{"active": true, "message": "\ud30c\uc77c \uc0ac\uc774 \ud734\uc2dd \u00b7 \ub2e4\uc74c \ud30c\uc77c \uc2dc\uc791\uae4c\uc9c0 53\ucd08", "done": 3, "total": 90}
{"active": true, "message": "\ud30c\uc77c \uc0ac\uc774 \ud734\uc2dd \u00b7 \ub2e4\uc74c \ud30c\uc77c \uc2dc\uc791\uae4c\uc9c0 48\ucd08", "done": 3, "total": 90}
{"active": true, "message": "\ud30c\uc77c \uc0ac\uc774 \ud734\uc2dd \u00b7 \ub2e4\uc74c \ud30c\uc77c \uc2dc\uc791\uae4c\uc9c0 42\ucd08", "done": 3, "total": 90}
{"active": true, "message": "\ud30c\uc77c \uc0ac\uc774 \ud734\uc2dd \u00b7 \ub2e4\uc74c \ud30c\uc77c \uc2dc\uc791\uae4c\uc9c0 37\ucd08", "done": 3, "total": 90}
{"active": true, "message": "\ud30c\uc77c \uc0ac\uc774 \ud734\uc2dd \u00b7 \ub2e4\uc74c \ud30c\uc77c \uc2dc\uc791\uae4c\uc9c0 32\ucd08", "done": 3, "total": 90}
{"active": true, "message": "\ud30c\uc77c \uc0ac\uc774 \ud734\uc2dd \u00b7 \ub2e4\uc74c \ud30c\uc77c \uc2dc\uc791\uae4c\uc9c0 27\ucd08", "done": 3, "total": 90}
{"active": true, "message": "\ud30c\uc77c \uc0ac\uc774 \ud734\uc2dd \u00b7 \ub2e4\uc74c \ud30c\uc77c \uc2dc\uc791\uae4c\uc9c0 22\ucd08", "done": 3, "total": 90}
{"active": true, "message": "\ud30c\uc77c \uc0ac\uc774 \ud734\uc2dd \u00b7 \ub2e4\uc74c \ud30c\uc77c \uc2dc\uc791\uae4c\uc9c0 17\ucd08", "done": 3, "total": 90}
{"active": true, "message": "\ud30c\uc77c \uc0ac\uc774 \ud734\uc2dd \u00b7 \ub2e4\uc74c \ud30c\uc77c \uc2dc\uc791\uae4c\uc9c0 12\ucd08", "done": 3, "total": 90}
{"active": true, "message": "\ud30c\uc77c \uc0ac\uc774 \ud734\uc2dd \u00b7 \ub2e4\uc74c \ud30c\uc77c \uc2dc\uc791\uae4c\uc9c0 7\ucd08", "done": 3, "total": 90}
{"active": true, "message": "\ud30c\uc77c \uc0ac\uc774 \ud734\uc2dd \u00b7 \ub2e4\uc74c \ud30c\uc77c \uc2dc\uc791\uae4c\uc9c0 2\ucd08", "done": 3, "total": 90}
{"active": true, "message": "H04.png \u00b7 TRELLIS \uc0dd\uc131 \uc911", "done": 3, "total": 90}
{"active": true, "message": "H04.png \u00b7 shape \uc2dc\uac01\uac80\uc0ac", "done": 3, "total": 90}
{"active": true, "message": "H04.png \u00b7 Awaiting main-agent visual review: shape", "done": 3, "total": 90}
{"active": true, "message": "H04.png \u00b7 TRELLIS \uc0dd\uc131 \uc911", "done": 3, "total": 90}
{"active": true, "message": "H04.png \u00b7 texture_source \uc2dc\uac01\uac80\uc0ac", "done": 3, "total": 90}
{"active": true, "message": "H04.png \u00b7 Awaiting main-agent visual review: texture_source", "done": 3, "total": 90}
{"active": true, "message": "H04.png \u00b7 Blender \u00b7 Import source GLB", "done": 3, "total": 90}
{"active": true, "message": "H04.png \u00b7 Blender \u00b7 Bake Roughness", "done": 3, "total": 90}
{"active": true, "message": "H04.png \u00b7 Blender \u00b7 Render preview", "done": 3, "total": 90}
{"active": true, "message": "H04.png \u00b7 final_compare \uc2dc\uac01\uac80\uc0ac", "done": 3, "total": 90}
{"active": true, "message": "H04.png \u00b7 Awaiting main-agent visual review: final_compare", "done": 3, "total": 90}
{"active": true, "message": "\ud30c\uc77c \uc0ac\uc774 \ud734\uc2dd \u00b7 \ub2e4\uc74c \ud30c\uc77c \uc2dc\uc791\uae4c\uc9c0 58\ucd08", "done": 4, "total": 90}
{"active": true, "message": "\ud30c\uc77c \uc0ac\uc774 \ud734\uc2dd \u00b7 \ub2e4\uc74c \ud30c\uc77c \uc2dc\uc791\uae4c\uc9c0 53\ucd08", "done": 4, "total": 90}
{"active": true, "message": "\ud30c\uc77c \uc0ac\uc774 \ud734\uc2dd \u00b7 \ub2e4\uc74c \ud30c\uc77c \uc2dc\uc791\uae4c\uc9c0 48\ucd08", "done": 4, "total": 90}
{"active": true, "message": "\ud30c\uc77c \uc0ac\uc774 \ud734\uc2dd \u00b7 \ub2e4\uc74c \ud30c\uc77c \uc2dc\uc791\uae4c\uc9c0 43\ucd08", "done": 4, "total": 90}
{"active": true, "message": "\ud30c\uc77c \uc0ac\uc774 \ud734\uc2dd \u00b7 \ub2e4\uc74c \ud30c\uc77c \uc2dc\uc791\uae4c\uc9c0 38\ucd08", "done": 4, "total": 90}
{"active": true, "message": "\ud30c\uc77c \uc0ac\uc774 \ud734\uc2dd \u00b7 \ub2e4\uc74c \ud30c\uc77c \uc2dc\uc791\uae4c\uc9c0 33\ucd08", "done": 4, "total": 90}
{"active": true, "message": "\ud30c\uc77c \uc0ac\uc774 \ud734\uc2dd \u00b7 \ub2e4\uc74c \ud30c\uc77c \uc2dc\uc791\uae4c\uc9c0 28\ucd08", "done": 4, "total": 90}
{"active": true, "message": "\ud30c\uc77c \uc0ac\uc774 \ud734\uc2dd \u00b7 \ub2e4\uc74c \ud30c\uc77c \uc2dc\uc791\uae4c\uc9c0 23\ucd08", "done": 4, "total": 90}
{"active": true, "message": "\ud30c\uc77c \uc0ac\uc774 \ud734\uc2dd \u00b7 \ub2e4\uc74c \ud30c\uc77c \uc2dc\uc791\uae4c\uc9c0 18\ucd08", "done": 4, "total": 90}
{"active": true, "message": "\ud30c\uc77c \uc0ac\uc774 \ud734\uc2dd \u00b7 \ub2e4\uc74c \ud30c\uc77c \uc2dc\uc791\uae4c\uc9c0 13\ucd08", "done": 4, "total": 90}
{"active": true, "message": "\ud30c\uc77c \uc0ac\uc774 \ud734\uc2dd \u00b7 \ub2e4\uc74c \ud30c\uc77c \uc2dc\uc791\uae4c\uc9c0 8\ucd08", "done": 4, "total": 90}
{"active": true, "message": "\ud30c\uc77c \uc0ac\uc774 \ud734\uc2dd \u00b7 \ub2e4\uc74c \ud30c\uc77c \uc2dc\uc791\uae4c\uc9c0 3\ucd08", "done": 4, "total": 90}
{"active": true, "message": "H05.png \u00b7 TRELLIS \uc0dd\uc131 \uc911", "done": 4, "total": 90}
{"active": true, "message": "H05.png \u00b7 shape \uc2dc\uac01\uac80\uc0ac", "done": 4, "total": 90}
{"active": true, "message": "H05.png \u00b7 Awaiting main-agent visual review: shape", "done": 4, "total": 90}
{"active": true, "message": "H05.png \u00b7 TRELLIS \uc0dd\uc131 \uc911", "done": 4, "total": 90}
{"active": true, "message": "H05.png \u00b7 texture_source \uc2dc\uac01\uac80\uc0ac", "done": 4, "total": 90}
{"active": true, "message": "H05.png \u00b7 Awaiting main-agent visual review: texture_source", "done": 4, "total": 90}
{"active": true, "message": "H05.png \u00b7 Blender \u00b7 Reduce triangle count", "done": 4, "total": 90}
{"active": true, "message": "H05.png \u00b7 Blender \u00b7 Bake Normal", "done": 4, "total": 90}
{"active": true, "message": "H05.png \u00b7 Blender \u00b7 Render preview", "done": 4, "total": 90}
{"active": true, "message": "H05.png \u00b7 final_compare \uc2dc\uac01\uac80\uc0ac", "done": 4, "total": 90}
{"active": true, "message": "H05.png \u00b7 Awaiting main-agent visual review: final_compare", "done": 4, "total": 90}
{"active": true, "message": "\ud30c\uc77c \uc0ac\uc774 \ud734\uc2dd \u00b7 \ub2e4\uc74c \ud30c\uc77c \uc2dc\uc791\uae4c\uc9c0 59\ucd08", "done": 5, "total": 90}
{"active": true, "message": "\ud30c\uc77c \uc0ac\uc774 \ud734\uc2dd \u00b7 \ub2e4\uc74c \ud30c\uc77c \uc2dc\uc791\uae4c\uc9c0 54\ucd08", "done": 5, "total": 90}
{"active": true, "message": "\ud30c\uc77c \uc0ac\uc774 \ud734\uc2dd \u00b7 \ub2e4\uc74c \ud30c\uc77c \uc2dc\uc791\uae4c\uc9c0 49\ucd08", "done": 5, "total": 90}
{"active": true, "message": "\ud30c\uc77c \uc0ac\uc774 \ud734\uc2dd \u00b7 \ub2e4\uc74c \ud30c\uc77c \uc2dc\uc791\uae4c\uc9c0 44\ucd08", "done": 5, "total": 90}
{"active": true, "message": "\ud30c\uc77c \uc0ac\uc774 \ud734\uc2dd \u00b7 \ub2e4\uc74c \ud30c\uc77c \uc2dc\uc791\uae4c\uc9c0 39\ucd08", "done": 5, "total": 90}
{"active": true, "message": "\ud30c\uc77c \uc0ac\uc774 \ud734\uc2dd \u00b7 \ub2e4\uc74c \ud30c\uc77c \uc2dc\uc791\uae4c\uc9c0 34\ucd08", "done": 5, "total": 90}
{"active": true, "message": "\ud30c\uc77c \uc0ac\uc774 \ud734\uc2dd \u00b7 \ub2e4\uc74c \ud30c\uc77c \uc2dc\uc791\uae4c\uc9c0 29\ucd08", "done": 5, "total": 90}
{"active": true, "message": "\ud30c\uc77c \uc0ac\uc774 \ud734\uc2dd \u00b7 \ub2e4\uc74c \ud30c\uc77c \uc2dc\uc791\uae4c\uc9c0 24\ucd08", "done": 5, "total": 90}
{"active": true, "message": "\ud30c\uc77c \uc0ac\uc774 \ud734\uc2dd \u00b7 \ub2e4\uc74c \ud30c\uc77c \uc2dc\uc791\uae4c\uc9c0 19\ucd08", "done": 5, "total": 90}
{"active": true, "message": "\ud30c\uc77c \uc0ac\uc774 \ud734\uc2dd \u00b7 \ub2e4\uc74c \ud30c\uc77c \uc2dc\uc791\uae4c\uc9c0 14\ucd08", "done": 5, "total": 90}
{"active": true, "message": "\ud30c\uc77c \uc0ac\uc774 \ud734\uc2dd \u00b7 \ub2e4\uc74c \ud30c\uc77c \uc2dc\uc791\uae4c\uc9c0 9\ucd08", "done": 5, "total": 90}
{"active": true, "message": "\ud30c\uc77c \uc0ac\uc774 \ud734\uc2dd \u00b7 \ub2e4\uc74c \ud30c\uc77c \uc2dc\uc791\uae4c\uc9c0 4\ucd08", "done": 5, "total": 90}
{"active": true, "message": "H06.png \u00b7 TRELLIS \uc0dd\uc131 \uc911", "done": 5, "total": 90}
{"active": true, "message": "H06.png \u00b7 shape \uc2dc\uac01\uac80\uc0ac", "done": 5, "total": 90}
{"active": true, "message": "H06.png \u00b7 Awaiting main-agent visual review: shape", "done": 5, "total": 90}
{"active": true, "message": "H06.png \u00b7 TRELLIS \uc0dd\uc131 \uc911", "done": 5, "total": 90}
{"active": true, "message": "H06.png \u00b7 texture_source \uc2dc\uac01\uac80\uc0ac", "done": 5, "total": 90}
{"active": true, "message": "H06.png \u00b7 Awaiting main-agent visual review: texture_source", "done": 5, "total": 90}
{"active": true, "message": "H06.png \u00b7 Blender \u00b7 Import source GLB", "done": 5, "total": 90}
{"active": true, "message": "H06.png \u00b7 Blender \u00b7 Bake Roughness", "done": 5, "total": 90}
{"active": true, "message": "H06.png \u00b7 Blender \u00b7 Render preview", "done": 5, "total": 90}
{"active": true, "message": "H06.png \u00b7 final_compare \uc2dc\uac01\uac80\uc0ac", "done": 5, "total": 90}
{"active": true, "message": "H06.png \u00b7 Awaiting main-agent visual review: final_compare", "done": 5, "total": 90}
{"active": true, "message": "\ud30c\uc77c \uc0ac\uc774 \ud734\uc2dd \u00b7 \ub2e4\uc74c \ud30c\uc77c \uc2dc\uc791\uae4c\uc9c0 59\ucd08", "done": 6, "total": 90}
{"active": true, "message": "\ud30c\uc77c \uc0ac\uc774 \ud734\uc2dd \u00b7 \ub2e4\uc74c \ud30c\uc77c \uc2dc\uc791\uae4c\uc9c0 54\ucd08", "done": 6, "total": 90}
{"active": true, "message": "\ud30c\uc77c \uc0ac\uc774 \ud734\uc2dd \u00b7 \ub2e4\uc74c \ud30c\uc77c \uc2dc\uc791\uae4c\uc9c0 49\ucd08", "done": 6, "total": 90}
{"active": true, "message": "\ud30c\uc77c \uc0ac\uc774 \ud734\uc2dd \u00b7 \ub2e4\uc74c \ud30c\uc77c \uc2dc\uc791\uae4c\uc9c0 44\ucd08", "done": 6, "total": 90}
{"active": true, "message": "\ud30c\uc77c \uc0ac\uc774 \ud734\uc2dd \u00b7 \ub2e4\uc74c \ud30c\uc77c \uc2dc\uc791\uae4c\uc9c0 39\ucd08", "done": 6, "total": 90}
{"active": true, "message": "\ud30c\uc77c \uc0ac\uc774 \ud734\uc2dd \u00b7 \ub2e4\uc74c \ud30c\uc77c \uc2dc\uc791\uae4c\uc9c0 34\ucd08", "done": 6, "total": 90}
{"active": true, "message": "\ud30c\uc77c \uc0ac\uc774 \ud734\uc2dd \u00b7 \ub2e4\uc74c \ud30c\uc77c \uc2dc\uc791\uae4c\uc9c0 29\ucd08", "done": 6, "total": 90}
{"active": true, "message": "\ud30c\uc77c \uc0ac\uc774 \ud734\uc2dd \u00b7 \ub2e4\uc74c \ud30c\uc77c \uc2dc\uc791\uae4c\uc9c0 24\ucd08", "done": 6, "total": 90}
{"active": true, "message": "\ud30c\uc77c \uc0ac\uc774 \ud734\uc2dd \u00b7 \ub2e4\uc74c \ud30c\uc77c \uc2dc\uc791\uae4c\uc9c0 19\ucd08", "done": 6, "total": 90}
{"active": true, "message": "\ud30c\uc77c \uc0ac\uc774 \ud734\uc2dd \u00b7 \ub2e4\uc74c \ud30c\uc77c \uc2dc\uc791\uae4c\uc9c0 14\ucd08", "done": 6, "total": 90}
{"active": true, "message": "\ud30c\uc77c \uc0ac\uc774 \ud734\uc2dd \u00b7 \ub2e4\uc74c \ud30c\uc77c \uc2dc\uc791\uae4c\uc9c0 9\ucd08", "done": 6, "total": 90}
{"active": true, "message": "\ud30c\uc77c \uc0ac\uc774 \ud734\uc2dd \u00b7 \ub2e4\uc74c \ud30c\uc77c \uc2dc\uc791\uae4c\uc9c0 4\ucd08", "done": 6, "total": 90}
{"active": true, "message": "H07.png \u00b7 TRELLIS \uc0dd\uc131 \uc911", "done": 6, "total": 90}
{"active": true, "message": "H07.png \u00b7 shape \uc2dc\uac01\uac80\uc0ac", "done": 6, "total": 90}
{"active": true, "message": "H07.png \u00b7 Awaiting main-agent visual review: shape", "done": 6, "total": 90}
{"active": true, "message": "H07.png \u00b7 TRELLIS \uc0dd\uc131 \uc911", "done": 6, "total": 90}
{"active": true, "message": "H07.png \u00b7 texture_source \uc2dc\uac01\uac80\uc0ac", "done": 6, "total": 90}
{"active": true, "message": "H07.png \u00b7 Awaiting main-agent visual review: texture_source", "done": 6, "total": 90}
{"active": true, "message": "H07.png \u00b7 Blender \u00b7 Import source GLB", "done": 6, "total": 90}
{"active": true, "message": "H07.png \u00b7 Blender \u00b7 Bake Metallic", "done": 6, "total": 90}
{"active": true, "message": "H07.png \u00b7 Blender \u00b7 Saved", "done": 6, "total": 90}
{"active": true, "message": "H07.png \u00b7 final_compare \uc2dc\uac01\uac80\uc0ac", "done": 6, "total": 90}
{"active": true, "message": "H07.png \u00b7 Awaiting main-agent visual review: final_compare", "done": 6, "total": 90}
{"active": true, "message": "\ud30c\uc77c \uc0ac\uc774 \ud734\uc2dd \u00b7 \ub2e4\uc74c \ud30c\uc77c \uc2dc\uc791\uae4c\uc9c0 58\ucd08", "done": 7, "total": 90}
{"active": true, "message": "\ud30c\uc77c \uc0ac\uc774 \ud734\uc2dd \u00b7 \ub2e4\uc74c \ud30c\uc77c \uc2dc\uc791\uae4c\uc9c0 53\ucd08", "done": 7, "total": 90}
{"active": true, "message": "\ud30c\uc77c \uc0ac\uc774 \ud734\uc2dd \u00b7 \ub2e4\uc74c \ud30c\uc77c \uc2dc\uc791\uae4c\uc9c0 48\ucd08", "done": 7, "total": 90}
{"active": true, "message": "\ud30c\uc77c \uc0ac\uc774 \ud734\uc2dd \u00b7 \ub2e4\uc74c \ud30c\uc77c \uc2dc\uc791\uae4c\uc9c0 43\ucd08", "done": 7, "total": 90}
{"active": true, "message": "\ud30c\uc77c \uc0ac\uc774 \ud734\uc2dd \u00b7 \ub2e4\uc74c \ud30c\uc77c \uc2dc\uc791\uae4c\uc9c0 38\ucd08", "done": 7, "total": 90}
{"active": true, "message": "\ud30c\uc77c \uc0ac\uc774 \ud734\uc2dd \u00b7 \ub2e4\uc74c \ud30c\uc77c \uc2dc\uc791\uae4c\uc9c0 33\ucd08", "done": 7, "total": 90}
{"active": true, "message": "\ud30c\uc77c \uc0ac\uc774 \ud734\uc2dd \u00b7 \ub2e4\uc74c \ud30c\uc77c \uc2dc\uc791\uae4c\uc9c0 28\ucd08", "done": 7, "total": 90}
{"active": true, "message": "\ud30c\uc77c \uc0ac\uc774 \ud734\uc2dd \u00b7 \ub2e4\uc74c \ud30c\uc77c \uc2dc\uc791\uae4c\uc9c0 23\ucd08", "done": 7, "total": 90}
{"active": true, "message": "\ud30c\uc77c \uc0ac\uc774 \ud734\uc2dd \u00b7 \ub2e4\uc74c \ud30c\uc77c \uc2dc\uc791\uae4c\uc9c0 18\ucd08", "done": 7, "total": 90}
{"active": true, "message": "\ud30c\uc77c \uc0ac\uc774 \ud734\uc2dd \u00b7 \ub2e4\uc74c \ud30c\uc77c \uc2dc\uc791\uae4c\uc9c0 13\ucd08", "done": 7, "total": 90}
{"active": true, "message": "\ud30c\uc77c \uc0ac\uc774 \ud734\uc2dd \u00b7 \ub2e4\uc74c \ud30c\uc77c \uc2dc\uc791\uae4c\uc9c0 8\ucd08", "done": 7, "total": 90}
{"active": true, "message": "\ud30c\uc77c \uc0ac\uc774 \ud734\uc2dd \u00b7 \ub2e4\uc74c \ud30c\uc77c \uc2dc\uc791\uae4c\uc9c0 3\ucd08", "done": 7, "total": 90}
{"active": true, "message": "H08.png \u00b7 TRELLIS \uc0dd\uc131 \uc911", "done": 7, "total": 90}
{"active": true, "message": "H08.png \u00b7 shape \uc2dc\uac01\uac80\uc0ac", "done": 7, "total": 90}
{"active": true, "message": "H08.png \u00b7 Awaiting main-agent visual review: shape", "done": 7, "total": 90}
{"active": true, "message": "H08.png \u00b7 TRELLIS \uc0dd\uc131 \uc911", "done": 7, "total": 90}
{"active": true, "message": "H08.png \u00b7 texture_source \uc2dc\uac01\uac80\uc0ac", "done": 7, "total": 90}
{"active": true, "message": "H08.png \u00b7 Awaiting main-agent visual review: texture_source", "done": 7, "total": 90}
{"active": true, "message": "H08.png \u00b7 Blender \u00b7 Import source GLB", "done": 7, "total": 90}
{"active": true, "message": "H08.png \u00b7 Blender \u00b7 Bake Metallic", "done": 7, "total": 90}
{"active": true, "message": "H08.png \u00b7 Blender \u00b7 Render preview", "done": 7, "total": 90}
{"active": true, "message": "H08.png \u00b7 final_compare \uc2dc\uac01\uac80\uc0ac", "done": 7, "total": 90}
{"active": true, "message": "H08.png \u00b7 Awaiting main-agent visual review: final_compare", "done": 7, "total": 90}
{"active": true, "message": "\ud30c\uc77c \uc0ac\uc774 \ud734\uc2dd \u00b7 \ub2e4\uc74c \ud30c\uc77c \uc2dc\uc791\uae4c\uc9c0 59\ucd08", "done": 8, "total": 90}
{"active": true, "message": "\ud30c\uc77c \uc0ac\uc774 \ud734\uc2dd \u00b7 \ub2e4\uc74c \ud30c\uc77c \uc2dc\uc791\uae4c\uc9c0 54\ucd08", "done": 8, "total": 90}
{"active": true, "message": "\ud30c\uc77c \uc0ac\uc774 \ud734\uc2dd \u00b7 \ub2e4\uc74c \ud30c\uc77c \uc2dc\uc791\uae4c\uc9c0 49\ucd08", "done": 8, "total": 90}
{"active": true, "message": "\ud30c\uc77c \uc0ac\uc774 \ud734\uc2dd \u00b7 \ub2e4\uc74c \ud30c\uc77c \uc2dc\uc791\uae4c\uc9c0 44\ucd08", "done": 8, "total": 90}
{"active": true, "message": "\ud30c\uc77c \uc0ac\uc774 \ud734\uc2dd \u00b7 \ub2e4\uc74c \ud30c\uc77c \uc2dc\uc791\uae4c\uc9c0 39\ucd08", "done": 8, "total": 90}
{"active": true, "message": "\ud30c\uc77c \uc0ac\uc774 \ud734\uc2dd \u00b7 \ub2e4\uc74c \ud30c\uc77c \uc2dc\uc791\uae4c\uc9c0 34\ucd08", "done": 8, "total": 90}
{"active": true, "message": "\ud30c\uc77c \uc0ac\uc774 \ud734\uc2dd \u00b7 \ub2e4\uc74c \ud30c\uc77c \uc2dc\uc791\uae4c\uc9c0 29\ucd08", "done": 8, "total": 90}
{"active": true, "message": "\ud30c\uc77c \uc0ac\uc774 \ud734\uc2dd \u00b7 \ub2e4\uc74c \ud30c\uc77c \uc2dc\uc791\uae4c\uc9c0 24\ucd08", "done": 8, "total": 90}
{"active": true, "message": "\ud30c\uc77c \uc0ac\uc774 \ud734\uc2dd \u00b7 \ub2e4\uc74c \ud30c\uc77c \uc2dc\uc791\uae4c\uc9c0 19\ucd08", "done": 8, "total": 90}
{"active": true, "message": "\ud30c\uc77c \uc0ac\uc774 \ud734\uc2dd \u00b7 \ub2e4\uc74c \ud30c\uc77c \uc2dc\uc791\uae4c\uc9c0 14\ucd08", "done": 8, "total": 90}
{"active": true, "message": "\ud30c\uc77c \uc0ac\uc774 \ud734\uc2dd \u00b7 \ub2e4\uc74c \ud30c\uc77c \uc2dc\uc791\uae4c\uc9c0 9\ucd08", "done": 8, "total": 90}
{"active": true, "message": "\ud30c\uc77c \uc0ac\uc774 \ud734\uc2dd \u00b7 \ub2e4\uc74c \ud30c\uc77c \uc2dc\uc791\uae4c\uc9c0 4\ucd08", "done": 8, "total": 90}
{"active": true, "message": "B01.png \u00b7 TRELLIS \uc0dd\uc131 \uc911", "done": 8, "total": 90}
{"active": true, "message": "B01.png \u00b7 shape \uc2dc\uac01\uac80\uc0ac", "done": 8, "total": 90}
{"active": true, "message": "B01.png \u00b7 Awaiting main-agent visual review: shape", "done": 8, "total": 90}
{"active": true, "message": "B01.png \u00b7 TRELLIS \uc0dd\uc131 \uc911", "done": 8, "total": 90}
{"active": true, "message": "B01.png \u00b7 texture_source \uc2dc\uac01\uac80\uc0ac", "done": 8, "total": 90}
{"active": true, "message": "B01.png \u00b7 Awaiting main-agent visual review: texture_source", "done": 8, "total": 90}
{"active": true, "message": "B01.png \u00b7 Blender \u00b7 Import source GLB", "done": 8, "total": 90}
{"active": true, "message": "B01.png \u00b7 Blender \u00b7 Bake BaseColor", "done": 8, "total": 90}
{"active": true, "message": "B01.png \u00b7 Blender \u00b7 Bake Normal", "done": 8, "total": 90}
{"active": true, "message": "B01.png \u00b7 Blender \u00b7 Render preview", "done": 8, "total": 90}
{"active": true, "message": "B01.png \u00b7 final_compare \uc2dc\uac01\uac80\uc0ac", "done": 8, "total": 90}
{"active": true, "message": "B01.png \u00b7 Awaiting main-agent visual review: final_compare", "done": 8, "total": 90}
{"active": true, "message": "\ud30c\uc77c \uc0ac\uc774 \ud734\uc2dd \u00b7 \ub2e4\uc74c \ud30c\uc77c \uc2dc\uc791\uae4c\uc9c0 59\ucd08", "done": 9, "total": 90}
{"active": true, "message": "\ud30c\uc77c \uc0ac\uc774 \ud734\uc2dd \u00b7 \ub2e4\uc74c \ud30c\uc77c \uc2dc\uc791\uae4c\uc9c0 54\ucd08", "done": 9, "total": 90}
{"active": true, "message": "\ud30c\uc77c \uc0ac\uc774 \ud734\uc2dd \u00b7 \ub2e4\uc74c \ud30c\uc77c \uc2dc\uc791\uae4c\uc9c0 49\ucd08", "done": 9, "total": 90}
{"active": true, "message": "\ud30c\uc77c \uc0ac\uc774 \ud734\uc2dd \u00b7 \ub2e4\uc74c \ud30c\uc77c \uc2dc\uc791\uae4c\uc9c0 44\ucd08", "done": 9, "total": 90}
{"active": true, "message": "\ud30c\uc77c \uc0ac\uc774 \ud734\uc2dd \u00b7 \ub2e4\uc74c \ud30c\uc77c \uc2dc\uc791\uae4c\uc9c0 38\ucd08", "done": 9, "total": 90}
{"active": true, "message": "\ud30c\uc77c \uc0ac\uc774 \ud734\uc2dd \u00b7 \ub2e4\uc74c \ud30c\uc77c \uc2dc\uc791\uae4c\uc9c0 33\ucd08", "done": 9, "total": 90}
{"active": true, "message": "\ud30c\uc77c \uc0ac\uc774 \ud734\uc2dd \u00b7 \ub2e4\uc74c \ud30c\uc77c \uc2dc\uc791\uae4c\uc9c0 28\ucd08", "done": 9, "total": 90}
{"active": true, "message": "\ud30c\uc77c \uc0ac\uc774 \ud734\uc2dd \u00b7 \ub2e4\uc74c \ud30c\uc77c \uc2dc\uc791\uae4c\uc9c0 23\ucd08", "done": 9, "total": 90}
{"active": true, "message": "\ud30c\uc77c \uc0ac\uc774 \ud734\uc2dd \u00b7 \ub2e4\uc74c \ud30c\uc77c \uc2dc\uc791\uae4c\uc9c0 18\ucd08", "done": 9, "total": 90}
{"active": true, "message": "\ud30c\uc77c \uc0ac\uc774 \ud734\uc2dd \u00b7 \ub2e4\uc74c \ud30c\uc77c \uc2dc\uc791\uae4c\uc9c0 13\ucd08", "done": 9, "total": 90}
{"active": true, "message": "\ud30c\uc77c \uc0ac\uc774 \ud734\uc2dd \u00b7 \ub2e4\uc74c \ud30c\uc77c \uc2dc\uc791\uae4c\uc9c0 8\ucd08", "done": 9, "total": 90}
{"active": true, "message": "\ud30c\uc77c \uc0ac\uc774 \ud734\uc2dd \u00b7 \ub2e4\uc74c \ud30c\uc77c \uc2dc\uc791\uae4c\uc9c0 3\ucd08", "done": 9, "total": 90}
{"active": true, "message": "B02.png \u00b7 TRELLIS \uc0dd\uc131 \uc911", "done": 9, "total": 90}
{"active": true, "message": "B02.png \u00b7 shape \uc2dc\uac01\uac80\uc0ac", "done": 9, "total": 90}
{"active": true, "message": "B02.png \u00b7 Awaiting main-agent visual review: shape", "done": 9, "total": 90}
{"active": true, "message": "B02.png \u00b7 TRELLIS \uc0dd\uc131 \uc911", "done": 9, "total": 90}
{"active": true, "message": "B02.png \u00b7 texture_source \uc2dc\uac01\uac80\uc0ac", "done": 9, "total": 90}
{"active": true, "message": "B02.png \u00b7 Awaiting main-agent visual review: texture_source", "done": 9, "total": 90}
{"active": true, "message": "B02.png \u00b7 Blender \u00b7 Bake BaseColor", "done": 9, "total": 90}
{"active": true, "message": "B02.png \u00b7 Blender \u00b7 Bake Normal", "done": 9, "total": 90}
{"active": true, "message": "B02.png \u00b7 Blender \u00b7 Render preview", "done": 9, "total": 90}
{"active": true, "message": "B02.png \u00b7 final_compare \uc2dc\uac01\uac80\uc0ac", "done": 9, "total": 90}
{"active": true, "message": "B02.png \u00b7 Awaiting main-agent visual review: final_compare", "done": 9, "total": 90}
{"active": true, "message": "B02.png \u00b7 Blender \u00b7 Reduce triangle count", "done": 9, "total": 90}
{"active": true, "message": "B02.png \u00b7 Blender \u00b7 Bake Metallic", "done": 9, "total": 90}
{"active": true, "message": "B02.png \u00b7 Blender \u00b7 Render preview", "done": 9, "total": 90}
{"active": true, "message": "B02.png \u00b7 final_compare \uc2dc\uac01\uac80\uc0ac", "done": 9, "total": 90}
{"active": true, "message": "B02.png \u00b7 Awaiting main-agent visual review: final_compare", "done": 9, "total": 90}
{"active": true, "message": "\ud30c\uc77c \uc0ac\uc774 \ud734\uc2dd \u00b7 \ub2e4\uc74c \ud30c\uc77c \uc2dc\uc791\uae4c\uc9c0 60\ucd08", "done": 9, "total": 90}
{"active": true, "message": "\ud30c\uc77c \uc0ac\uc774 \ud734\uc2dd \u00b7 \ub2e4\uc74c \ud30c\uc77c \uc2dc\uc791\uae4c\uc9c0 55\ucd08", "done": 9, "total": 90}
{"active": true, "message": "\ud30c\uc77c \uc0ac\uc774 \ud734\uc2dd \u00b7 \ub2e4\uc74c \ud30c\uc77c \uc2dc\uc791\uae4c\uc9c0 50\ucd08", "done": 9, "total": 90}
{"active": true, "message": "\ud30c\uc77c \uc0ac\uc774 \ud734\uc2dd \u00b7 \ub2e4\uc74c \ud30c\uc77c \uc2dc\uc791\uae4c\uc9c0 45\ucd08", "done": 9, "total": 90}
{"active": true, "message": "\ud30c\uc77c \uc0ac\uc774 \ud734\uc2dd \u00b7 \ub2e4\uc74c \ud30c\uc77c \uc2dc\uc791\uae4c\uc9c0 40\ucd08", "done": 9, "total": 90}
{"active": true, "message": "\ud30c\uc77c \uc0ac\uc774 \ud734\uc2dd \u00b7 \ub2e4\uc74c \ud30c\uc77c \uc2dc\uc791\uae4c\uc9c0 35\ucd08", "done": 9, "total": 90}
{"active": true, "message": "\ud30c\uc77c \uc0ac\uc774 \ud734\uc2dd \u00b7 \ub2e4\uc74c \ud30c\uc77c \uc2dc\uc791\uae4c\uc9c0 30\ucd08", "done": 9, "total": 90}
{"active": true, "message": "\ud30c\uc77c \uc0ac\uc774 \ud734\uc2dd \u00b7 \ub2e4\uc74c \ud30c\uc77c \uc2dc\uc791\uae4c\uc9c0 25\ucd08", "done": 9, "total": 90}
{"active": true, "message": "\ud30c\uc77c \uc0ac\uc774 \ud734\uc2dd \u00b7 \ub2e4\uc74c \ud30c\uc77c \uc2dc\uc791\uae4c\uc9c0 20\ucd08", "done": 9, "total": 90}
{"active": true, "message": "\ud30c\uc77c \uc0ac\uc774 \ud734\uc2dd \u00b7 \ub2e4\uc74c \ud30c\uc77c \uc2dc\uc791\uae4c\uc9c0 15\ucd08", "done": 9, "total": 90}
{"active": true, "message": "\ud30c\uc77c \uc0ac\uc774 \ud734\uc2dd \u00b7 \ub2e4\uc74c \ud30c\uc77c \uc2dc\uc791\uae4c\uc9c0 10\ucd08", "done": 9, "total": 90}
{"active": true, "message": "\ud30c\uc77c \uc0ac\uc774 \ud734\uc2dd \u00b7 \ub2e4\uc74c \ud30c\uc77c \uc2dc\uc791\uae4c\uc9c0 5\ucd08", "done": 9, "total": 90}
{"active": true, "message": "B03.png \u00b7 TRELLIS \uc0dd\uc131 \uc911", "done": 9, "total": 90}
{"active": true, "message": "B03.png \u00b7 shape \uc2dc\uac01\uac80\uc0ac", "done": 9, "total": 90}
{"active": true, "message": "B03.png \u00b7 Awaiting main-agent visual review: shape", "done": 9, "total": 90}
{"active": true, "message": "B03.png \u00b7 TRELLIS \uc0dd\uc131 \uc911", "done": 9, "total": 90}
{"active": true, "message": "B03.png \u00b7 shape \uc2dc\uac01\uac80\uc0ac", "done": 9, "total": 90}
{"active": true, "message": "B03.png \u00b7 Awaiting main-agent visual review: shape", "done": 9, "total": 90}
{"active": true, "message": "B03.png \u00b7 TRELLIS \uc0dd\uc131 \uc911", "done": 9, "total": 90}
{"active": true, "message": "B03.png \u00b7 shape \uc2dc\uac01\uac80\uc0ac", "done": 9, "total": 90}
{"active": true, "message": "B03.png \u00b7 Awaiting main-agent visual review: shape", "done": 9, "total": 90}
{"active": true, "message": "B03.png \u00b7 TRELLIS \uc0dd\uc131 \uc911", "done": 9, "total": 90}
{"active": true, "message": "B03.png \u00b7 texture_source \uc2dc\uac01\uac80\uc0ac", "done": 9, "total": 90}
{"active": true, "message": "B03.png \u00b7 Awaiting main-agent visual review: texture_source", "done": 9, "total": 90}
{"active": true, "message": "B03.png \u00b7 Blender \u00b7 Clean mesh", "done": 9, "total": 90}
{"active": true, "message": "B03.png \u00b7 Blender \u00b7 Bake Roughness", "done": 9, "total": 90}
{"active": true, "message": "B03.png \u00b7 Blender \u00b7 Render preview", "done": 9, "total": 90}
{"active": true, "message": "B03.png \u00b7 final_compare \uc2dc\uac01\uac80\uc0ac", "done": 9, "total": 90}
{"active": true, "message": "B03.png \u00b7 Awaiting main-agent visual review: final_compare", "done": 9, "total": 90}
{"active": true, "message": "B03.png \u00b7 Blender \u00b7 Reduce triangle count", "done": 9, "total": 90}
{"active": true, "message": "B03.png \u00b7 Blender \u00b7 Bake Metallic", "done": 9, "total": 90}
{"active": true, "message": "B03.png \u00b7 Blender \u00b7 Render preview", "done": 9, "total": 90}
{"active": true, "message": "B03.png \u00b7 final_compare \uc2dc\uac01\uac80\uc0ac", "done": 9, "total": 90}
{"active": true, "message": "B03.png \u00b7 Awaiting main-agent visual review: final_compare", "done": 9, "total": 90}
{"active": true, "message": "\ud30c\uc77c \uc0ac\uc774 \ud734\uc2dd \u00b7 \ub2e4\uc74c \ud30c\uc77c \uc2dc\uc791\uae4c\uc9c0 60\ucd08", "done": 9, "total": 90}
{"active": true, "message": "\ud30c\uc77c \uc0ac\uc774 \ud734\uc2dd \u00b7 \ub2e4\uc74c \ud30c\uc77c \uc2dc\uc791\uae4c\uc9c0 55\ucd08", "done": 9, "total": 90}
{"active": true, "message": "\ud30c\uc77c \uc0ac\uc774 \ud734\uc2dd \u00b7 \ub2e4\uc74c \ud30c\uc77c \uc2dc\uc791\uae4c\uc9c0 50\ucd08", "done": 9, "total": 90}
{"active": true, "message": "\ud30c\uc77c \uc0ac\uc774 \ud734\uc2dd \u00b7 \ub2e4\uc74c \ud30c\uc77c \uc2dc\uc791\uae4c\uc9c0 45\ucd08", "done": 9, "total": 90}
{"active": true, "message": "\ud30c\uc77c \uc0ac\uc774 \ud734\uc2dd \u00b7 \ub2e4\uc74c \ud30c\uc77c \uc2dc\uc791\uae4c\uc9c0 40\ucd08", "done": 9, "total": 90}
{"active": true, "message": "\ud30c\uc77c \uc0ac\uc774 \ud734\uc2dd \u00b7 \ub2e4\uc74c \ud30c\uc77c \uc2dc\uc791\uae4c\uc9c0 35\ucd08", "done": 9, "total": 90}
{"active": true, "message": "\ud30c\uc77c \uc0ac\uc774 \ud734\uc2dd \u00b7 \ub2e4\uc74c \ud30c\uc77c \uc2dc\uc791\uae4c\uc9c0 30\ucd08", "done": 9, "total": 90}
{"active": true, "message": "\ud30c\uc77c \uc0ac\uc774 \ud734\uc2dd \u00b7 \ub2e4\uc74c \ud30c\uc77c \uc2dc\uc791\uae4c\uc9c0 25\ucd08", "done": 9, "total": 90}
{"active": true, "message": "\ud30c\uc77c \uc0ac\uc774 \ud734\uc2dd \u00b7 \ub2e4\uc74c \ud30c\uc77c \uc2dc\uc791\uae4c\uc9c0 20\ucd08", "done": 9, "total": 90}
{"active": true, "message": "\ud30c\uc77c \uc0ac\uc774 \ud734\uc2dd \u00b7 \ub2e4\uc74c \ud30c\uc77c \uc2dc\uc791\uae4c\uc9c0 15\ucd08", "done": 9, "total": 90}
{"active": true, "message": "\ud30c\uc77c \uc0ac\uc774 \ud734\uc2dd \u00b7 \ub2e4\uc74c \ud30c\uc77c \uc2dc\uc791\uae4c\uc9c0 10\ucd08", "done": 9, "total": 90}
{"active": true, "message": "\ud30c\uc77c \uc0ac\uc774 \ud734\uc2dd \u00b7 \ub2e4\uc74c \ud30c\uc77c \uc2dc\uc791\uae4c\uc9c0 5\ucd08", "done": 9, "total": 90}
{"active": true, "message": "B04.png \u00b7 TRELLIS \uc0dd\uc131 \uc911", "done": 9, "total": 90}
{"active": true, "message": "B04.png \u00b7 shape \uc2dc\uac01\uac80\uc0ac", "done": 9, "total": 90}
{"active": true, "message": "B04.png \u00b7 Awaiting main-agent visual review: shape", "done": 9, "total": 90}
{"active": true, "message": "B04.png \u00b7 TRELLIS \uc0dd\uc131 \uc911", "done": 9, "total": 90}
{"active": true, "message": "B04.png \u00b7 texture_source \uc2dc\uac01\uac80\uc0ac", "done": 9, "total": 90}
{"active": true, "message": "B04.png \u00b7 Awaiting main-agent visual review: texture_source", "done": 9, "total": 90}
{"active": true, "message": "B04.png \u00b7 Blender parts \uac10\ub7c9\u00b7\ubca0\uc774\ud06c", "done": 9, "total": 90}
{"active": true, "message": "B04.png \u00b7 Blender \u00b7 Bake BaseColor", "done": 9, "total": 90}
{"active": true, "message": "B04.png \u00b7 Blender \u00b7 Bake Metallic", "done": 9, "total": 90}
{"active": true, "message": "B04.png \u00b7 Blender \u00b7 Render preview", "done": 9, "total": 90}
{"active": true, "message": "B04.png \u00b7 final_compare \uc2dc\uac01\uac80\uc0ac", "done": 9, "total": 90}
{"active": true, "message": "B04.png \u00b7 Awaiting main-agent visual review: final_compare", "done": 9, "total": 90}
{"active": true, "message": "\ud30c\uc77c \uc0ac\uc774 \ud734\uc2dd \u00b7 \ub2e4\uc74c \ud30c\uc77c \uc2dc\uc791\uae4c\uc9c0 56\ucd08", "done": 10, "total": 90}
{"active": true, "message": "\ud30c\uc77c \uc0ac\uc774 \ud734\uc2dd \u00b7 \ub2e4\uc74c \ud30c\uc77c \uc2dc\uc791\uae4c\uc9c0 51\ucd08", "done": 10, "total": 90}
{"active": true, "message": "\ud30c\uc77c \uc0ac\uc774 \ud734\uc2dd \u00b7 \ub2e4\uc74c \ud30c\uc77c \uc2dc\uc791\uae4c\uc9c0 46\ucd08", "done": 10, "total": 90}
{"active": true, "message": "\ud30c\uc77c \uc0ac\uc774 \ud734\uc2dd \u00b7 \ub2e4\uc74c \ud30c\uc77c \uc2dc\uc791\uae4c\uc9c0 41\ucd08", "done": 10, "total": 90}
{"active": true, "message": "\ud30c\uc77c \uc0ac\uc774 \ud734\uc2dd \u00b7 \ub2e4\uc74c \ud30c\uc77c \uc2dc\uc791\uae4c\uc9c0 36\ucd08", "done": 10, "total": 90}
{"active": true, "message": "\ud30c\uc77c \uc0ac\uc774 \ud734\uc2dd \u00b7 \ub2e4\uc74c \ud30c\uc77c \uc2dc\uc791\uae4c\uc9c0 31\ucd08", "done": 10, "total": 90}
{"active": true, "message": "\ud30c\uc77c \uc0ac\uc774 \ud734\uc2dd \u00b7 \ub2e4\uc74c \ud30c\uc77c \uc2dc\uc791\uae4c\uc9c0 26\ucd08", "done": 10, "total": 90}
{"active": true, "message": "\ud30c\uc77c \uc0ac\uc774 \ud734\uc2dd \u00b7 \ub2e4\uc74c \ud30c\uc77c \uc2dc\uc791\uae4c\uc9c0 21\ucd08", "done": 10, "total": 90}
{"active": true, "message": "\ud30c\uc77c \uc0ac\uc774 \ud734\uc2dd \u00b7 \ub2e4\uc74c \ud30c\uc77c \uc2dc\uc791\uae4c\uc9c0 16\ucd08", "done": 10, "total": 90}
{"active": true, "message": "\ud30c\uc77c \uc0ac\uc774 \ud734\uc2dd \u00b7 \ub2e4\uc74c \ud30c\uc77c \uc2dc\uc791\uae4c\uc9c0 11\ucd08", "done": 10, "total": 90}
{"active": true, "message": "\ud30c\uc77c \uc0ac\uc774 \ud734\uc2dd \u00b7 \ub2e4\uc74c \ud30c\uc77c \uc2dc\uc791\uae4c\uc9c0 6\ucd08", "done": 10, "total": 90}
{"active": true, "message": "B05.png \u00b7 TRELLIS \uc0dd\uc131 \uc911", "done": 10, "total": 90}
{"active": true, "message": "B05.png \u00b7 shape \uc2dc\uac01\uac80\uc0ac", "done": 10, "total": 90}
{"active": true, "message": "B05.png \u00b7 Awaiting main-agent visual review: shape", "done": 10, "total": 90}
{"active": true, "message": "B05.png \u00b7 TRELLIS \uc0dd\uc131 \uc911", "done": 10, "total": 90}
{"active": true, "message": "B05.png \u00b7 texture_source \uc2dc\uac01\uac80\uc0ac", "done": 10, "total": 90}
{"active": true, "message": "B05.png \u00b7 Awaiting main-agent visual review: texture_source", "done": 10, "total": 90}
{"active": true, "message": "B05.png \u00b7 Blender \u00b7 Clean mesh", "done": 10, "total": 90}
{"active": true, "message": "B05.png \u00b7 Blender \u00b7 Bake Roughness", "done": 10, "total": 90}
{"active": true, "message": "B05.png \u00b7 Blender \u00b7 Render preview", "done": 10, "total": 90}
{"active": true, "message": "B05.png \u00b7 final_compare \uc2dc\uac01\uac80\uc0ac", "done": 10, "total": 90}
{"active": true, "message": "B05.png \u00b7 Awaiting main-agent visual review: final_compare", "done": 10, "total": 90}
{"active": true, "message": "\ud30c\uc77c \uc0ac\uc774 \ud734\uc2dd \u00b7 \ub2e4\uc74c \ud30c\uc77c \uc2dc\uc791\uae4c\uc9c0 56\ucd08", "done": 11, "total": 90}
{"active": true, "message": "\ud30c\uc77c \uc0ac\uc774 \ud734\uc2dd \u00b7 \ub2e4\uc74c \ud30c\uc77c \uc2dc\uc791\uae4c\uc9c0 51\ucd08", "done": 11, "total": 90}
{"active": true, "message": "\ud30c\uc77c \uc0ac\uc774 \ud734\uc2dd \u00b7 \ub2e4\uc74c \ud30c\uc77c \uc2dc\uc791\uae4c\uc9c0 46\ucd08", "done": 11, "total": 90}
{"active": true, "message": "\ud30c\uc77c \uc0ac\uc774 \ud734\uc2dd \u00b7 \ub2e4\uc74c \ud30c\uc77c \uc2dc\uc791\uae4c\uc9c0 41\ucd08", "done": 11, "total": 90}
{"active": true, "message": "\ud30c\uc77c \uc0ac\uc774 \ud734\uc2dd \u00b7 \ub2e4\uc74c \ud30c\uc77c \uc2dc\uc791\uae4c\uc9c0 36\ucd08", "done": 11, "total": 90}
{"active": true, "message": "\ud30c\uc77c \uc0ac\uc774 \ud734\uc2dd \u00b7 \ub2e4\uc74c \ud30c\uc77c \uc2dc\uc791\uae4c\uc9c0 31\ucd08", "done": 11, "total": 90}
{"active": true, "message": "\ud30c\uc77c \uc0ac\uc774 \ud734\uc2dd \u00b7 \ub2e4\uc74c \ud30c\uc77c \uc2dc\uc791\uae4c\uc9c0 26\ucd08", "done": 11, "total": 90}
{"active": true, "message": "\ud30c\uc77c \uc0ac\uc774 \ud734\uc2dd \u00b7 \ub2e4\uc74c \ud30c\uc77c \uc2dc\uc791\uae4c\uc9c0 21\ucd08", "done": 11, "total": 90}
{"active": true, "message": "\ud30c\uc77c \uc0ac\uc774 \ud734\uc2dd \u00b7 \ub2e4\uc74c \ud30c\uc77c \uc2dc\uc791\uae4c\uc9c0 16\ucd08", "done": 11, "total": 90}
{"active": true, "message": "\ud30c\uc77c \uc0ac\uc774 \ud734\uc2dd \u00b7 \ub2e4\uc74c \ud30c\uc77c \uc2dc\uc791\uae4c\uc9c0 11\ucd08", "done": 11, "total": 90}
{"active": true, "message": "\ud30c\uc77c \uc0ac\uc774 \ud734\uc2dd \u00b7 \ub2e4\uc74c \ud30c\uc77c \uc2dc\uc791\uae4c\uc9c0 6\ucd08", "done": 11, "total": 90}
{"active": true, "message": "B06.png \u00b7 TRELLIS \uc0dd\uc131 \uc911", "done": 11, "total": 90}
{"active": true, "message": "B06.png \u00b7 shape \uc2dc\uac01\uac80\uc0ac", "done": 11, "total": 90}
{"active": true, "message": "B06.png \u00b7 Awaiting main-agent visual review: shape", "done": 11, "total": 90}
{"active": true, "message": "B06.png \u00b7 TRELLIS \uc0dd\uc131 \uc911", "done": 11, "total": 90}
{"active": true, "message": "B06.png \u00b7 shape \uc2dc\uac01\uac80\uc0ac", "done": 11, "total": 90}
{"active": true, "message": "B06.png \u00b7 Awaiting main-agent visual review: shape", "done": 11, "total": 90}
{"active": true, "message": "B06.png \u00b7 TRELLIS \uc0dd\uc131 \uc911", "done": 11, "total": 90}
{"active": true, "message": "B06.png \u00b7 shape \uc2dc\uac01\uac80\uc0ac", "done": 11, "total": 90}
{"active": true, "message": "B06.png \u00b7 Awaiting main-agent visual review: shape", "done": 11, "total": 90}
{"active": true, "message": "\ud30c\uc77c \uc0ac\uc774 \ud734\uc2dd \u00b7 \ub2e4\uc74c \ud30c\uc77c \uc2dc\uc791\uae4c\uc9c0 59\ucd08", "done": 11, "total": 90}
{"active": true, "message": "\ud30c\uc77c \uc0ac\uc774 \ud734\uc2dd \u00b7 \ub2e4\uc74c \ud30c\uc77c \uc2dc\uc791\uae4c\uc9c0 54\ucd08", "done": 11, "total": 90}
{"active": true, "message": "\ud30c\uc77c \uc0ac\uc774 \ud734\uc2dd \u00b7 \ub2e4\uc74c \ud30c\uc77c \uc2dc\uc791\uae4c\uc9c0 49\ucd08", "done": 11, "total": 90}
{"active": true, "message": "\ud30c\uc77c \uc0ac\uc774 \ud734\uc2dd \u00b7 \ub2e4\uc74c \ud30c\uc77c \uc2dc\uc791\uae4c\uc9c0 44\ucd08", "done": 11, "total": 90}
{"active": true, "message": "\ud30c\uc77c \uc0ac\uc774 \ud734\uc2dd \u00b7 \ub2e4\uc74c \ud30c\uc77c \uc2dc\uc791\uae4c\uc9c0 39\ucd08", "done": 11, "total": 90}
{"active": true, "message": "\ud30c\uc77c \uc0ac\uc774 \ud734\uc2dd \u00b7 \ub2e4\uc74c \ud30c\uc77c \uc2dc\uc791\uae4c\uc9c0 34\ucd08", "done": 11, "total": 90}
{"active": true, "message": "\ud30c\uc77c \uc0ac\uc774 \ud734\uc2dd \u00b7 \ub2e4\uc74c \ud30c\uc77c \uc2dc\uc791\uae4c\uc9c0 29\ucd08", "done": 11, "total": 90}
{"active": true, "message": "\ud30c\uc77c \uc0ac\uc774 \ud734\uc2dd \u00b7 \ub2e4\uc74c \ud30c\uc77c \uc2dc\uc791\uae4c\uc9c0 24\ucd08", "done": 11, "total": 90}
{"active": true, "message": "\ud30c\uc77c \uc0ac\uc774 \ud734\uc2dd \u00b7 \ub2e4\uc74c \ud30c\uc77c \uc2dc\uc791\uae4c\uc9c0 19\ucd08", "done": 11, "total": 90}
{"active": true, "message": "\ud30c\uc77c \uc0ac\uc774 \ud734\uc2dd \u00b7 \ub2e4\uc74c \ud30c\uc77c \uc2dc\uc791\uae4c\uc9c0 14\ucd08", "done": 11, "total": 90}
{"active": true, "message": "\ud30c\uc77c \uc0ac\uc774 \ud734\uc2dd \u00b7 \ub2e4\uc74c \ud30c\uc77c \uc2dc\uc791\uae4c\uc9c0 9\ucd08", "done": 11, "total": 90}
{"active": true, "message": "\ud30c\uc77c \uc0ac\uc774 \ud734\uc2dd \u00b7 \ub2e4\uc74c \ud30c\uc77c \uc2dc\uc791\uae4c\uc9c0 4\ucd08", "done": 11, "total": 90}
{"active": true, "message": "B07.png \u00b7 TRELLIS \uc0dd\uc131 \uc911", "done": 11, "total": 90}
{"active": true, "message": "B07.png \u00b7 shape \uc2dc\uac01\uac80\uc0ac", "done": 11, "total": 90}
{"active": true, "message": "B07.png \u00b7 Awaiting main-agent visual review: shape", "done": 11, "total": 90}
{"active": true, "message": "B07.png \u00b7 TRELLIS \uc0dd\uc131 \uc911", "done": 11, "total": 90}
{"active": true, "message": "B07.png \u00b7 texture_source \uc2dc\uac01\uac80\uc0ac", "done": 11, "total": 90}
{"active": true, "message": "B07.png \u00b7 Awaiting main-agent visual review: texture_source", "done": 11, "total": 90}
{"active": true, "message": "B07.png \u00b7 Blender \u00b7 Clean mesh", "done": 11, "total": 90}
{"active": true, "message": "B07.png \u00b7 Blender \u00b7 Bake Roughness", "done": 11, "total": 90}
{"active": true, "message": "B07.png \u00b7 Blender \u00b7 Render preview", "done": 11, "total": 90}
{"active": true, "message": "B07.png \u00b7 final_compare \uc2dc\uac01\uac80\uc0ac", "done": 11, "total": 90}
{"active": true, "message": "B07.png \u00b7 Awaiting main-agent visual review: final_compare", "done": 11, "total": 90}
{"active": true, "message": "\ud30c\uc77c \uc0ac\uc774 \ud734\uc2dd \u00b7 \ub2e4\uc74c \ud30c\uc77c \uc2dc\uc791\uae4c\uc9c0 59\ucd08", "done": 12, "total": 90}
{"active": true, "message": "\ud30c\uc77c \uc0ac\uc774 \ud734\uc2dd \u00b7 \ub2e4\uc74c \ud30c\uc77c \uc2dc\uc791\uae4c\uc9c0 54\ucd08", "done": 12, "total": 90}
{"active": true, "message": "\ud30c\uc77c \uc0ac\uc774 \ud734\uc2dd \u00b7 \ub2e4\uc74c \ud30c\uc77c \uc2dc\uc791\uae4c\uc9c0 49\ucd08", "done": 12, "total": 90}
{"active": true, "message": "\ud30c\uc77c \uc0ac\uc774 \ud734\uc2dd \u00b7 \ub2e4\uc74c \ud30c\uc77c \uc2dc\uc791\uae4c\uc9c0 44\ucd08", "done": 12, "total": 90}
{"active": true, "message": "\ud30c\uc77c \uc0ac\uc774 \ud734\uc2dd \u00b7 \ub2e4\uc74c \ud30c\uc77c \uc2dc\uc791\uae4c\uc9c0 39\ucd08", "done": 12, "total": 90}
{"active": true, "message": "\ud30c\uc77c \uc0ac\uc774 \ud734\uc2dd \u00b7 \ub2e4\uc74c \ud30c\uc77c \uc2dc\uc791\uae4c\uc9c0 34\ucd08", "done": 12, "total": 90}
{"active": true, "message": "\ud30c\uc77c \uc0ac\uc774 \ud734\uc2dd \u00b7 \ub2e4\uc74c \ud30c\uc77c \uc2dc\uc791\uae4c\uc9c0 29\ucd08", "done": 12, "total": 90}
{"active": true, "message": "\ud30c\uc77c \uc0ac\uc774 \ud734\uc2dd \u00b7 \ub2e4\uc74c \ud30c\uc77c \uc2dc\uc791\uae4c\uc9c0 24\ucd08", "done": 12, "total": 90}
{"active": true, "message": "\ud30c\uc77c \uc0ac\uc774 \ud734\uc2dd \u00b7 \ub2e4\uc74c \ud30c\uc77c \uc2dc\uc791\uae4c\uc9c0 19\ucd08", "done": 12, "total": 90}
{"active": true, "message": "\ud30c\uc77c \uc0ac\uc774 \ud734\uc2dd \u00b7 \ub2e4\uc74c \ud30c\uc77c \uc2dc\uc791\uae4c\uc9c0 14\ucd08", "done": 12, "total": 90}
{"active": true, "message": "\ud30c\uc77c \uc0ac\uc774 \ud734\uc2dd \u00b7 \ub2e4\uc74c \ud30c\uc77c \uc2dc\uc791\uae4c\uc9c0 9\ucd08", "done": 12, "total": 90}
{"active": true, "message": "\ud30c\uc77c \uc0ac\uc774 \ud734\uc2dd \u00b7 \ub2e4\uc74c \ud30c\uc77c \uc2dc\uc791\uae4c\uc9c0 4\ucd08", "done": 12, "total": 90}
{"active": true, "message": "B08.png \u00b7 TRELLIS \uc0dd\uc131 \uc911", "done": 12, "total": 90}
{"active": true, "message": "B08.png \u00b7 shape \uc2dc\uac01\uac80\uc0ac", "done": 12, "total": 90}
{"active": true, "message": "B08.png \u00b7 Awaiting main-agent visual review: shape", "done": 12, "total": 90}
{"active": true, "message": "B08.png \u00b7 TRELLIS \uc0dd\uc131 \uc911", "done": 12, "total": 90}
{"active": true, "message": "B08.png \u00b7 texture_source \uc2dc\uac01\uac80\uc0ac", "done": 12, "total": 90}
{"active": true, "message": "B08.png \u00b7 Awaiting main-agent visual review: texture_source", "done": 12, "total": 90}
{"active": true, "message": "B08.png \u00b7 Blender parts \uac10\ub7c9\u00b7\ubca0\uc774\ud06c", "done": 12, "total": 90}
{"active": true, "message": "B08.png \u00b7 Blender \u00b7 Bake BaseColor", "done": 12, "total": 90}
{"active": true, "message": "B08.png \u00b7 Blender \u00b7 Bake Normal", "done": 12, "total": 90}
{"active": true, "message": "B08.png \u00b7 Blender \u00b7 Render preview", "done": 12, "total": 90}
{"active": true, "message": "B08.png \u00b7 final_compare \uc2dc\uac01\uac80\uc0ac", "done": 12, "total": 90}
{"active": true, "message": "B08.png \u00b7 Awaiting main-agent visual review: final_compare", "done": 12, "total": 90}
{"active": true, "message": "\ud30c\uc77c \uc0ac\uc774 \ud734\uc2dd \u00b7 \ub2e4\uc74c \ud30c\uc77c \uc2dc\uc791\uae4c\uc9c0 58\ucd08", "done": 13, "total": 90}
{"active": true, "message": "\ud30c\uc77c \uc0ac\uc774 \ud734\uc2dd \u00b7 \ub2e4\uc74c \ud30c\uc77c \uc2dc\uc791\uae4c\uc9c0 53\ucd08", "done": 13, "total": 90}
{"active": true, "message": "\ud30c\uc77c \uc0ac\uc774 \ud734\uc2dd \u00b7 \ub2e4\uc74c \ud30c\uc77c \uc2dc\uc791\uae4c\uc9c0 48\ucd08", "done": 13, "total": 90}
{"active": true, "message": "\ud30c\uc77c \uc0ac\uc774 \ud734\uc2dd \u00b7 \ub2e4\uc74c \ud30c\uc77c \uc2dc\uc791\uae4c\uc9c0 43\ucd08", "done": 13, "total": 90}
{"active": true, "message": "\ud30c\uc77c \uc0ac\uc774 \ud734\uc2dd \u00b7 \ub2e4\uc74c \ud30c\uc77c \uc2dc\uc791\uae4c\uc9c0 38\ucd08", "done": 13, "total": 90}
{"active": true, "message": "\ud30c\uc77c \uc0ac\uc774 \ud734\uc2dd \u00b7 \ub2e4\uc74c \ud30c\uc77c \uc2dc\uc791\uae4c\uc9c0 33\ucd08", "done": 13, "total": 90}
{"active": true, "message": "\ud30c\uc77c \uc0ac\uc774 \ud734\uc2dd \u00b7 \ub2e4\uc74c \ud30c\uc77c \uc2dc\uc791\uae4c\uc9c0 28\ucd08", "done": 13, "total": 90}
{"active": true, "message": "\ud30c\uc77c \uc0ac\uc774 \ud734\uc2dd \u00b7 \ub2e4\uc74c \ud30c\uc77c \uc2dc\uc791\uae4c\uc9c0 23\ucd08", "done": 13, "total": 90}
{"active": true, "message": "\ud30c\uc77c \uc0ac\uc774 \ud734\uc2dd \u00b7 \ub2e4\uc74c \ud30c\uc77c \uc2dc\uc791\uae4c\uc9c0 18\ucd08", "done": 13, "total": 90}
{"active": true, "message": "\ud30c\uc77c \uc0ac\uc774 \ud734\uc2dd \u00b7 \ub2e4\uc74c \ud30c\uc77c \uc2dc\uc791\uae4c\uc9c0 13\ucd08", "done": 13, "total": 90}
{"active": true, "message": "\ud30c\uc77c \uc0ac\uc774 \ud734\uc2dd \u00b7 \ub2e4\uc74c \ud30c\uc77c \uc2dc\uc791\uae4c\uc9c0 8\ucd08", "done": 13, "total": 90}
{"active": true, "message": "\ud30c\uc77c \uc0ac\uc774 \ud734\uc2dd \u00b7 \ub2e4\uc74c \ud30c\uc77c \uc2dc\uc791\uae4c\uc9c0 3\ucd08", "done": 13, "total": 90}
{"active": true, "message": "B09.png \u00b7 TRELLIS \uc0dd\uc131 \uc911", "done": 13, "total": 90}
{"active": true, "message": "B09.png \u00b7 shape \uc2dc\uac01\uac80\uc0ac", "done": 13, "total": 90}
{"active": true, "message": "B09.png \u00b7 Awaiting main-agent visual review: shape", "done": 13, "total": 90}
{"active": true, "message": "B09.png \u00b7 TRELLIS \uc0dd\uc131 \uc911", "done": 13, "total": 90}
{"active": true, "message": "B09.png \u00b7 texture_source \uc2dc\uac01\uac80\uc0ac", "done": 13, "total": 90}
{"active": true, "message": "B09.png \u00b7 Awaiting main-agent visual review: texture_source", "done": 13, "total": 90}
{"active": true, "message": "B09.png \u00b7 \uba54\uc2dc 1/3 \u00b7 \ud14d\uc2a4\ucc98 \ucd1d 2/3 \uc0dd\uc131", "done": 13, "total": 90}
{"active": true, "message": "B09.png \u00b7 TRELLIS \uc0dd\uc131 \uc911", "done": 13, "total": 90}
{"active": true, "message": "B09.png \u00b7 texture_source \uc2dc\uac01\uac80\uc0ac", "done": 13, "total": 90}
{"active": true, "message": "B09.png \u00b7 Awaiting main-agent visual review: texture_source", "done": 13, "total": 90}
{"active": true, "message": "B09.png \u00b7 Blender \u00b7 Import source GLB", "done": 13, "total": 90}
{"active": true, "message": "B09.png \u00b7 Blender \u00b7 Bake BaseColor", "done": 13, "total": 90}
{"active": true, "message": "B09.png \u00b7 Blender \u00b7 Render preview", "done": 13, "total": 90}
{"active": true, "message": "B09.png \u00b7 final_compare \uc2dc\uac01\uac80\uc0ac", "done": 13, "total": 90}
{"active": true, "message": "B09.png \u00b7 Awaiting main-agent visual review: final_compare", "done": 13, "total": 90}
{"active": true, "message": "B09.png \u00b7 Blender \u00b7 Reduce triangle count", "done": 13, "total": 90}
{"active": true, "message": "B09.png \u00b7 Blender \u00b7 Bake Metallic", "done": 13, "total": 90}
{"active": true, "message": "B09.png \u00b7 Blender \u00b7 Render preview", "done": 13, "total": 90}
{"active": true, "message": "B09.png \u00b7 final_compare \uc2dc\uac01\uac80\uc0ac", "done": 13, "total": 90}
{"active": true, "message": "B09.png \u00b7 Awaiting main-agent visual review: final_compare", "done": 13, "total": 90}
{"active": true, "message": "\ud30c\uc77c \uc0ac\uc774 \ud734\uc2dd \u00b7 \ub2e4\uc74c \ud30c\uc77c \uc2dc\uc791\uae4c\uc9c0 58\ucd08", "done": 13, "total": 90}
{"active": true, "message": "\ud30c\uc77c \uc0ac\uc774 \ud734\uc2dd \u00b7 \ub2e4\uc74c \ud30c\uc77c \uc2dc\uc791\uae4c\uc9c0 53\ucd08", "done": 13, "total": 90}
{"active": true, "message": "\ud30c\uc77c \uc0ac\uc774 \ud734\uc2dd \u00b7 \ub2e4\uc74c \ud30c\uc77c \uc2dc\uc791\uae4c\uc9c0 48\ucd08", "done": 13, "total": 90}
{"active": true, "message": "\ud30c\uc77c \uc0ac\uc774 \ud734\uc2dd \u00b7 \ub2e4\uc74c \ud30c\uc77c \uc2dc\uc791\uae4c\uc9c0 43\ucd08", "done": 13, "total": 90}
{"active": true, "message": "\ud30c\uc77c \uc0ac\uc774 \ud734\uc2dd \u00b7 \ub2e4\uc74c \ud30c\uc77c \uc2dc\uc791\uae4c\uc9c0 38\ucd08", "done": 13, "total": 90}
{"active": true, "message": "\ud30c\uc77c \uc0ac\uc774 \ud734\uc2dd \u00b7 \ub2e4\uc74c \ud30c\uc77c \uc2dc\uc791\uae4c\uc9c0 33\ucd08", "done": 13, "total": 90}
{"active": true, "message": "\ud30c\uc77c \uc0ac\uc774 \ud734\uc2dd \u00b7 \ub2e4\uc74c \ud30c\uc77c \uc2dc\uc791\uae4c\uc9c0 28\ucd08", "done": 13, "total": 90}
{"active": true, "message": "\ud30c\uc77c \uc0ac\uc774 \ud734\uc2dd \u00b7 \ub2e4\uc74c \ud30c\uc77c \uc2dc\uc791\uae4c\uc9c0 23\ucd08", "done": 13, "total": 90}
{"active": true, "message": "\ud30c\uc77c \uc0ac\uc774 \ud734\uc2dd \u00b7 \ub2e4\uc74c \ud30c\uc77c \uc2dc\uc791\uae4c\uc9c0 18\ucd08", "done": 13, "total": 90}
{"active": true, "message": "\ud30c\uc77c \uc0ac\uc774 \ud734\uc2dd \u00b7 \ub2e4\uc74c \ud30c\uc77c \uc2dc\uc791\uae4c\uc9c0 13\ucd08", "done": 13, "total": 90}
{"active": true, "message": "\ud30c\uc77c \uc0ac\uc774 \ud734\uc2dd \u00b7 \ub2e4\uc74c \ud30c\uc77c \uc2dc\uc791\uae4c\uc9c0 8\ucd08", "done": 13, "total": 90}
{"active": true, "message": "\ud30c\uc77c \uc0ac\uc774 \ud734\uc2dd \u00b7 \ub2e4\uc74c \ud30c\uc77c \uc2dc\uc791\uae4c\uc9c0 3\ucd08", "done": 13, "total": 90}
{"active": true, "message": "B10.png \u00b7 TRELLIS \uc0dd\uc131 \uc911", "done": 13, "total": 90}
{"active": true, "message": "B10.png \u00b7 shape \uc2dc\uac01\uac80\uc0ac", "done": 13, "total": 90}
{"active": true, "message": "B10.png \u00b7 Awaiting main-agent visual review: shape", "done": 13, "total": 90}
{"active": true, "message": "\ud30c\uc77c \uc0ac\uc774 \ud734\uc2dd \u00b7 \ub2e4\uc74c \ud30c\uc77c \uc2dc\uc791\uae4c\uc9c0 28\ucd08", "done": 13, "total": 90}
{"active": true, "message": "\ud30c\uc77c \uc0ac\uc774 \ud734\uc2dd \u00b7 \ub2e4\uc74c \ud30c\uc77c \uc2dc\uc791\uae4c\uc9c0 23\ucd08", "done": 13, "total": 90}
{"active": true, "message": "\ud30c\uc77c \uc0ac\uc774 \ud734\uc2dd \u00b7 \ub2e4\uc74c \ud30c\uc77c \uc2dc\uc791\uae4c\uc9c0 17\ucd08", "done": 13, "total": 90}
{"active": true, "message": "\ud30c\uc77c \uc0ac\uc774 \ud734\uc2dd \u00b7 \ub2e4\uc74c \ud30c\uc77c \uc2dc\uc791\uae4c\uc9c0 12\ucd08", "done": 13, "total": 90}
{"active": true, "message": "\ud30c\uc77c \uc0ac\uc774 \ud734\uc2dd \u00b7 \ub2e4\uc74c \ud30c\uc77c \uc2dc\uc791\uae4c\uc9c0 7\ucd08", "done": 13, "total": 90}
{"active": true, "message": "\ud30c\uc77c \uc0ac\uc774 \ud734\uc2dd \u00b7 \ub2e4\uc74c \ud30c\uc77c \uc2dc\uc791\uae4c\uc9c0 2\ucd08", "done": 13, "total": 90}
{"active": true, "message": "B10.png \u00b7 TRELLIS \uc0dd\uc131 \uc911", "done": 13, "total": 90}
{"active": true, "message": "B10.png \u00b7 texture_source \uc2dc\uac01\uac80\uc0ac", "done": 13, "total": 90}
{"active": true, "message": "B10.png \u00b7 Awaiting main-agent visual review: texture_source", "done": 13, "total": 90}
{"active": true, "message": "B10.png \u00b7 Blender \u00b7 Reduce triangle count", "done": 13, "total": 90}
{"active": true, "message": "B10.png \u00b7 Blender \u00b7 Bake Normal", "done": 13, "total": 90}
{"active": true, "message": "B10.png \u00b7 final_compare \uc2dc\uac01\uac80\uc0ac", "done": 13, "total": 90}
{"active": true, "message": "B10.png \u00b7 Awaiting main-agent visual review: final_compare", "done": 13, "total": 90}
{"active": true, "message": "\ud30c\uc77c \uc0ac\uc774 \ud734\uc2dd \u00b7 \ub2e4\uc74c \ud30c\uc77c \uc2dc\uc791\uae4c\uc9c0 58\ucd08", "done": 14, "total": 90}
{"active": true, "message": "\ud30c\uc77c \uc0ac\uc774 \ud734\uc2dd \u00b7 \ub2e4\uc74c \ud30c\uc77c \uc2dc\uc791\uae4c\uc9c0 53\ucd08", "done": 14, "total": 90}
{"active": true, "message": "\ud30c\uc77c \uc0ac\uc774 \ud734\uc2dd \u00b7 \ub2e4\uc74c \ud30c\uc77c \uc2dc\uc791\uae4c\uc9c0 48\ucd08", "done": 14, "total": 90}
{"active": true, "message": "\ud30c\uc77c \uc0ac\uc774 \ud734\uc2dd \u00b7 \ub2e4\uc74c \ud30c\uc77c \uc2dc\uc791\uae4c\uc9c0 43\ucd08", "done": 14, "total": 90}
{"active": true, "message": "\ud30c\uc77c \uc0ac\uc774 \ud734\uc2dd \u00b7 \ub2e4\uc74c \ud30c\uc77c \uc2dc\uc791\uae4c\uc9c0 38\ucd08", "done": 14, "total": 90}
{"active": true, "message": "\ud30c\uc77c \uc0ac\uc774 \ud734\uc2dd \u00b7 \ub2e4\uc74c \ud30c\uc77c \uc2dc\uc791\uae4c\uc9c0 33\ucd08", "done": 14, "total": 90}
{"active": true, "message": "\ud30c\uc77c \uc0ac\uc774 \ud734\uc2dd \u00b7 \ub2e4\uc74c \ud30c\uc77c \uc2dc\uc791\uae4c\uc9c0 28\ucd08", "done": 14, "total": 90}
{"active": true, "message": "\ud30c\uc77c \uc0ac\uc774 \ud734\uc2dd \u00b7 \ub2e4\uc74c \ud30c\uc77c \uc2dc\uc791\uae4c\uc9c0 23\ucd08", "done": 14, "total": 90}
{"active": true, "message": "\ud30c\uc77c \uc0ac\uc774 \ud734\uc2dd \u00b7 \ub2e4\uc74c \ud30c\uc77c \uc2dc\uc791\uae4c\uc9c0 18\ucd08", "done": 14, "total": 90}
{"active": true, "message": "\ud30c\uc77c \uc0ac\uc774 \ud734\uc2dd \u00b7 \ub2e4\uc74c \ud30c\uc77c \uc2dc\uc791\uae4c\uc9c0 12\ucd08", "done": 14, "total": 90}
{"active": true, "message": "\ud30c\uc77c \uc0ac\uc774 \ud734\uc2dd \u00b7 \ub2e4\uc74c \ud30c\uc77c \uc2dc\uc791\uae4c\uc9c0 7\ucd08", "done": 14, "total": 90}
{"active": true, "message": "\ud30c\uc77c \uc0ac\uc774 \ud734\uc2dd \u00b7 \ub2e4\uc74c \ud30c\uc77c \uc2dc\uc791\uae4c\uc9c0 2\ucd08", "done": 14, "total": 90}
{"active": true, "message": "B11.png \u00b7 TRELLIS \uc0dd\uc131 \uc911", "done": 14, "total": 90}
{"active": true, "message": "B11.png \u00b7 shape \uc2dc\uac01\uac80\uc0ac", "done": 14, "total": 90}
{"active": true, "message": "B11.png \u00b7 Awaiting main-agent visual review: shape", "done": 14, "total": 90}
{"active": true, "message": "\ud30c\uc77c \uc0ac\uc774 \ud734\uc2dd \u00b7 \ub2e4\uc74c \ud30c\uc77c \uc2dc\uc791\uae4c\uc9c0 27\ucd08", "done": 14, "total": 90}
{"active": true, "message": "\ud30c\uc77c \uc0ac\uc774 \ud734\uc2dd \u00b7 \ub2e4\uc74c \ud30c\uc77c \uc2dc\uc791\uae4c\uc9c0 22\ucd08", "done": 14, "total": 90}
{"active": true, "message": "\ud30c\uc77c \uc0ac\uc774 \ud734\uc2dd \u00b7 \ub2e4\uc74c \ud30c\uc77c \uc2dc\uc791\uae4c\uc9c0 17\ucd08", "done": 14, "total": 90}
{"active": true, "message": "\ud30c\uc77c \uc0ac\uc774 \ud734\uc2dd \u00b7 \ub2e4\uc74c \ud30c\uc77c \uc2dc\uc791\uae4c\uc9c0 12\ucd08", "done": 14, "total": 90}
{"active": true, "message": "\ud30c\uc77c \uc0ac\uc774 \ud734\uc2dd \u00b7 \ub2e4\uc74c \ud30c\uc77c \uc2dc\uc791\uae4c\uc9c0 7\ucd08", "done": 14, "total": 90}
{"active": true, "message": "\ud30c\uc77c \uc0ac\uc774 \ud734\uc2dd \u00b7 \ub2e4\uc74c \ud30c\uc77c \uc2dc\uc791\uae4c\uc9c0 1\ucd08", "done": 14, "total": 90}
{"active": true, "message": "B11.png \u00b7 TRELLIS \uc0dd\uc131 \uc911", "done": 14, "total": 90}
{"active": true, "message": "B11.png \u00b7 texture_source \uc2dc\uac01\uac80\uc0ac", "done": 14, "total": 90}
{"active": true, "message": "B11.png \u00b7 Awaiting main-agent visual review: texture_source", "done": 14, "total": 90}
{"active": true, "message": "B11.png \u00b7 Blender parts \uac10\ub7c9\u00b7\ubca0\uc774\ud06c", "done": 14, "total": 90}
{"active": true, "message": "B11.png \u00b7 Blender \u00b7 Bake BaseColor", "done": 14, "total": 90}
{"active": true, "message": "B11.png \u00b7 Blender \u00b7 Render preview", "done": 14, "total": 90}
{"active": true, "message": "B11.png \u00b7 final_compare \uc2dc\uac01\uac80\uc0ac", "done": 14, "total": 90}
{"active": true, "message": "B11.png \u00b7 Awaiting main-agent visual review: final_compare", "done": 14, "total": 90}
{"active": true, "message": "\ud30c\uc77c \uc0ac\uc774 \ud734\uc2dd \u00b7 \ub2e4\uc74c \ud30c\uc77c \uc2dc\uc791\uae4c\uc9c0 59\ucd08", "done": 15, "total": 90}
{"active": true, "message": "\ud30c\uc77c \uc0ac\uc774 \ud734\uc2dd \u00b7 \ub2e4\uc74c \ud30c\uc77c \uc2dc\uc791\uae4c\uc9c0 54\ucd08", "done": 15, "total": 90}
{"active": true, "message": "\ud30c\uc77c \uc0ac\uc774 \ud734\uc2dd \u00b7 \ub2e4\uc74c \ud30c\uc77c \uc2dc\uc791\uae4c\uc9c0 49\ucd08", "done": 15, "total": 90}
{"active": true, "message": "\ud30c\uc77c \uc0ac\uc774 \ud734\uc2dd \u00b7 \ub2e4\uc74c \ud30c\uc77c \uc2dc\uc791\uae4c\uc9c0 44\ucd08", "done": 15, "total": 90}
{"active": true, "message": "\ud30c\uc77c \uc0ac\uc774 \ud734\uc2dd \u00b7 \ub2e4\uc74c \ud30c\uc77c \uc2dc\uc791\uae4c\uc9c0 39\ucd08", "done": 15, "total": 90}
{"active": true, "message": "\ud30c\uc77c \uc0ac\uc774 \ud734\uc2dd \u00b7 \ub2e4\uc74c \ud30c\uc77c \uc2dc\uc791\uae4c\uc9c0 34\ucd08", "done": 15, "total": 90}
{"active": true, "message": "\ud30c\uc77c \uc0ac\uc774 \ud734\uc2dd \u00b7 \ub2e4\uc74c \ud30c\uc77c \uc2dc\uc791\uae4c\uc9c0 29\ucd08", "done": 15, "total": 90}
{"active": true, "message": "\ud30c\uc77c \uc0ac\uc774 \ud734\uc2dd \u00b7 \ub2e4\uc74c \ud30c\uc77c \uc2dc\uc791\uae4c\uc9c0 24\ucd08", "done": 15, "total": 90}
{"active": true, "message": "\ud30c\uc77c \uc0ac\uc774 \ud734\uc2dd \u00b7 \ub2e4\uc74c \ud30c\uc77c \uc2dc\uc791\uae4c\uc9c0 19\ucd08", "done": 15, "total": 90}
{"active": true, "message": "\ud30c\uc77c \uc0ac\uc774 \ud734\uc2dd \u00b7 \ub2e4\uc74c \ud30c\uc77c \uc2dc\uc791\uae4c\uc9c0 14\ucd08", "done": 15, "total": 90}
{"active": true, "message": "\ud30c\uc77c \uc0ac\uc774 \ud734\uc2dd \u00b7 \ub2e4\uc74c \ud30c\uc77c \uc2dc\uc791\uae4c\uc9c0 9\ucd08", "done": 15, "total": 90}
{"active": true, "message": "\ud30c\uc77c \uc0ac\uc774 \ud734\uc2dd \u00b7 \ub2e4\uc74c \ud30c\uc77c \uc2dc\uc791\uae4c\uc9c0 4\ucd08", "done": 15, "total": 90}
{"active": true, "message": "B12.png \u00b7 TRELLIS \uc0dd\uc131 \uc911", "done": 15, "total": 90}
{"active": true, "message": "B12.png \u00b7 shape \uc2dc\uac01\uac80\uc0ac", "done": 15, "total": 90}
{"active": true, "message": "B12.png \u00b7 Awaiting main-agent visual review: shape", "done": 15, "total": 90}
{"active": true, "message": "B12.png \u00b7 TRELLIS \uc0dd\uc131 \uc911", "done": 15, "total": 90}
{"active": true, "message": "B12.png \u00b7 texture_source \uc2dc\uac01\uac80\uc0ac", "done": 15, "total": 90}
{"active": true, "message": "B12.png \u00b7 Awaiting main-agent visual review: texture_source", "done": 15, "total": 90}
{"active": true, "message": "B12.png \u00b7 Blender parts \uac10\ub7c9\u00b7\ubca0\uc774\ud06c", "done": 15, "total": 90}
{"active": true, "message": "B12.png \u00b7 Blender \u00b7 Bake BaseColor", "done": 15, "total": 90}
{"active": true, "message": "B12.png \u00b7 Blender \u00b7 Bake Normal", "done": 15, "total": 90}
{"active": true, "message": "B12.png \u00b7 Blender \u00b7 Saved", "done": 15, "total": 90}
{"active": true, "message": "B12.png \u00b7 final_compare \uc2dc\uac01\uac80\uc0ac", "done": 15, "total": 90}
{"active": true, "message": "B12.png \u00b7 Awaiting main-agent visual review: final_compare", "done": 15, "total": 90}
{"active": true, "message": "B12.png \u00b7 Blender \u00b7 Bake BaseColor", "done": 15, "total": 90}
{"active": true, "message": "B12.png \u00b7 Blender \u00b7 Bake Metallic", "done": 15, "total": 90}
{"active": true, "message": "B12.png \u00b7 Blender \u00b7 Saved", "done": 15, "total": 90}
{"active": true, "message": "B12.png \u00b7 final_compare \uc2dc\uac01\uac80\uc0ac", "done": 15, "total": 90}
{"active": true, "message": "B12.png \u00b7 Awaiting main-agent visual review: final_compare", "done": 15, "total": 90}
{"active": true, "message": "\ud30c\uc77c \uc0ac\uc774 \ud734\uc2dd \u00b7 \ub2e4\uc74c \ud30c\uc77c \uc2dc\uc791\uae4c\uc9c0 58\ucd08", "done": 15, "total": 90}
{"active": true, "message": "\ud30c\uc77c \uc0ac\uc774 \ud734\uc2dd \u00b7 \ub2e4\uc74c \ud30c\uc77c \uc2dc\uc791\uae4c\uc9c0 53\ucd08", "done": 15, "total": 90}
{"active": true, "message": "\ud30c\uc77c \uc0ac\uc774 \ud734\uc2dd \u00b7 \ub2e4\uc74c \ud30c\uc77c \uc2dc\uc791\uae4c\uc9c0 48\ucd08", "done": 15, "total": 90}
{"active": true, "message": "\ud30c\uc77c \uc0ac\uc774 \ud734\uc2dd \u00b7 \ub2e4\uc74c \ud30c\uc77c \uc2dc\uc791\uae4c\uc9c0 43\ucd08", "done": 15, "total": 90}
{"active": true, "message": "\ud30c\uc77c \uc0ac\uc774 \ud734\uc2dd \u00b7 \ub2e4\uc74c \ud30c\uc77c \uc2dc\uc791\uae4c\uc9c0 38\ucd08", "done": 15, "total": 90}
{"active": true, "message": "\ud30c\uc77c \uc0ac\uc774 \ud734\uc2dd \u00b7 \ub2e4\uc74c \ud30c\uc77c \uc2dc\uc791\uae4c\uc9c0 33\ucd08", "done": 15, "total": 90}
{"active": true, "message": "\ud30c\uc77c \uc0ac\uc774 \ud734\uc2dd \u00b7 \ub2e4\uc74c \ud30c\uc77c \uc2dc\uc791\uae4c\uc9c0 28\ucd08", "done": 15, "total": 90}
{"active": true, "message": "\ud30c\uc77c \uc0ac\uc774 \ud734\uc2dd \u00b7 \ub2e4\uc74c \ud30c\uc77c \uc2dc\uc791\uae4c\uc9c0 23\ucd08", "done": 15, "total": 90}
{"active": true, "message": "\ud30c\uc77c \uc0ac\uc774 \ud734\uc2dd \u00b7 \ub2e4\uc74c \ud30c\uc77c \uc2dc\uc791\uae4c\uc9c0 18\ucd08", "done": 15, "total": 90}
{"active": true, "message": "\ud30c\uc77c \uc0ac\uc774 \ud734\uc2dd \u00b7 \ub2e4\uc74c \ud30c\uc77c \uc2dc\uc791\uae4c\uc9c0 13\ucd08", "done": 15, "total": 90}
{"active": true, "message": "\ud30c\uc77c \uc0ac\uc774 \ud734\uc2dd \u00b7 \ub2e4\uc74c \ud30c\uc77c \uc2dc\uc791\uae4c\uc9c0 8\ucd08", "done": 15, "total": 90}
{"active": true, "message": "\ud30c\uc77c \uc0ac\uc774 \ud734\uc2dd \u00b7 \ub2e4\uc74c \ud30c\uc77c \uc2dc\uc791\uae4c\uc9c0 3\ucd08", "done": 15, "total": 90}
{"active": true, "message": "E01.png \u00b7 TRELLIS \uc0dd\uc131 \uc911", "done": 15, "total": 90}
{"active": true, "message": "E01.png \u00b7 shape \uc2dc\uac01\uac80\uc0ac", "done": 15, "total": 90}
{"active": true, "message": "E01.png \u00b7 Awaiting main-agent visual review: shape", "done": 15, "total": 90}
{"active": true, "message": "\ud30c\uc77c \uc0ac\uc774 \ud734\uc2dd \u00b7 \ub2e4\uc74c \ud30c\uc77c \uc2dc\uc791\uae4c\uc9c0 16\ucd08", "done": 15, "total": 90}
{"active": true, "message": "\ud30c\uc77c \uc0ac\uc774 \ud734\uc2dd \u00b7 \ub2e4\uc74c \ud30c\uc77c \uc2dc\uc791\uae4c\uc9c0 11\ucd08", "done": 15, "total": 90}
{"active": true, "message": "\ud30c\uc77c \uc0ac\uc774 \ud734\uc2dd \u00b7 \ub2e4\uc74c \ud30c\uc77c \uc2dc\uc791\uae4c\uc9c0 6\ucd08", "done": 15, "total": 90}
{"active": true, "message": "E01.png \u00b7 TRELLIS \uc0dd\uc131 \uc911", "done": 15, "total": 90}
{"active": true, "message": "E01.png \u00b7 texture_source \uc2dc\uac01\uac80\uc0ac", "done": 15, "total": 90}
{"active": true, "message": "E01.png \u00b7 Awaiting main-agent visual review: texture_source", "done": 15, "total": 90}
{"active": true, "message": "E01.png \u00b7 Blender \u00b7 Reduce triangle count", "done": 15, "total": 90}
{"active": true, "message": "E01.png \u00b7 Blender \u00b7 Bake Normal", "done": 15, "total": 90}
{"active": true, "message": "E01.png \u00b7 final_compare \uc2dc\uac01\uac80\uc0ac", "done": 15, "total": 90}
{"active": true, "message": "E01.png \u00b7 Awaiting main-agent visual review: final_compare", "done": 15, "total": 90}
{"active": true, "message": "\ud30c\uc77c \uc0ac\uc774 \ud734\uc2dd \u00b7 \ub2e4\uc74c \ud30c\uc77c \uc2dc\uc791\uae4c\uc9c0 60\ucd08", "done": 16, "total": 90}
{"active": true, "message": "\ud30c\uc77c \uc0ac\uc774 \ud734\uc2dd \u00b7 \ub2e4\uc74c \ud30c\uc77c \uc2dc\uc791\uae4c\uc9c0 55\ucd08", "done": 16, "total": 90}
{"active": true, "message": "\ud30c\uc77c \uc0ac\uc774 \ud734\uc2dd \u00b7 \ub2e4\uc74c \ud30c\uc77c \uc2dc\uc791\uae4c\uc9c0 49\ucd08", "done": 16, "total": 90}
{"active": true, "message": "\ud30c\uc77c \uc0ac\uc774 \ud734\uc2dd \u00b7 \ub2e4\uc74c \ud30c\uc77c \uc2dc\uc791\uae4c\uc9c0 44\ucd08", "done": 16, "total": 90}
{"active": true, "message": "\ud30c\uc77c \uc0ac\uc774 \ud734\uc2dd \u00b7 \ub2e4\uc74c \ud30c\uc77c \uc2dc\uc791\uae4c\uc9c0 39\ucd08", "done": 16, "total": 90}
{"active": true, "message": "\ud30c\uc77c \uc0ac\uc774 \ud734\uc2dd \u00b7 \ub2e4\uc74c \ud30c\uc77c \uc2dc\uc791\uae4c\uc9c0 34\ucd08", "done": 16, "total": 90}
{"active": true, "message": "\ud30c\uc77c \uc0ac\uc774 \ud734\uc2dd \u00b7 \ub2e4\uc74c \ud30c\uc77c \uc2dc\uc791\uae4c\uc9c0 29\ucd08", "done": 16, "total": 90}
{"active": true, "message": "\ud30c\uc77c \uc0ac\uc774 \ud734\uc2dd \u00b7 \ub2e4\uc74c \ud30c\uc77c \uc2dc\uc791\uae4c\uc9c0 24\ucd08", "done": 16, "total": 90}
{"active": true, "message": "\ud30c\uc77c \uc0ac\uc774 \ud734\uc2dd \u00b7 \ub2e4\uc74c \ud30c\uc77c \uc2dc\uc791\uae4c\uc9c0 19\ucd08", "done": 16, "total": 90}
{"active": true, "message": "\ud30c\uc77c \uc0ac\uc774 \ud734\uc2dd \u00b7 \ub2e4\uc74c \ud30c\uc77c \uc2dc\uc791\uae4c\uc9c0 14\ucd08", "done": 16, "total": 90}
{"active": true, "message": "\ud30c\uc77c \uc0ac\uc774 \ud734\uc2dd \u00b7 \ub2e4\uc74c \ud30c\uc77c \uc2dc\uc791\uae4c\uc9c0 9\ucd08", "done": 16, "total": 90}
{"active": true, "message": "\ud30c\uc77c \uc0ac\uc774 \ud734\uc2dd \u00b7 \ub2e4\uc74c \ud30c\uc77c \uc2dc\uc791\uae4c\uc9c0 4\ucd08", "done": 16, "total": 90}
{"active": true, "message": "E02.png \u00b7 TRELLIS \uc0dd\uc131 \uc911", "done": 16, "total": 90}
{"active": true, "message": "E02.png \u00b7 shape \uc2dc\uac01\uac80\uc0ac", "done": 16, "total": 90}
{"active": true, "message": "E02.png \u00b7 Awaiting main-agent visual review: shape", "done": 16, "total": 90}
{"active": true, "message": "\ud30c\uc77c \uc0ac\uc774 \ud734\uc2dd \u00b7 \ub2e4\uc74c \ud30c\uc77c \uc2dc\uc791\uae4c\uc9c0 24\ucd08", "done": 16, "total": 90}
{"active": true, "message": "\ud30c\uc77c \uc0ac\uc774 \ud734\uc2dd \u00b7 \ub2e4\uc74c \ud30c\uc77c \uc2dc\uc791\uae4c\uc9c0 18\ucd08", "done": 16, "total": 90}
{"active": true, "message": "\ud30c\uc77c \uc0ac\uc774 \ud734\uc2dd \u00b7 \ub2e4\uc74c \ud30c\uc77c \uc2dc\uc791\uae4c\uc9c0 12\ucd08", "done": 16, "total": 90}
{"active": true, "message": "\ud30c\uc77c \uc0ac\uc774 \ud734\uc2dd \u00b7 \ub2e4\uc74c \ud30c\uc77c \uc2dc\uc791\uae4c\uc9c0 7\ucd08", "done": 16, "total": 90}
{"active": true, "message": "\ud30c\uc77c \uc0ac\uc774 \ud734\uc2dd \u00b7 \ub2e4\uc74c \ud30c\uc77c \uc2dc\uc791\uae4c\uc9c0 2\ucd08", "done": 16, "total": 90}
{"active": true, "message": "E02.png \u00b7 TRELLIS \uc0dd\uc131 \uc911", "done": 16, "total": 90}
{"active": true, "message": "E02.png \u00b7 texture_source \uc2dc\uac01\uac80\uc0ac", "done": 16, "total": 90}
{"active": true, "message": "E02.png \u00b7 Awaiting main-agent visual review: texture_source", "done": 16, "total": 90}
{"active": true, "message": "E02.png \u00b7 Blender \u00b7 Reduce triangle count", "done": 16, "total": 90}
{"active": true, "message": "E02.png \u00b7 Blender \u00b7 Bake Metallic", "done": 16, "total": 90}
{"active": true, "message": "E02.png \u00b7 Blender \u00b7 Render preview", "done": 16, "total": 90}
{"active": true, "message": "E02.png \u00b7 final_compare \uc2dc\uac01\uac80\uc0ac", "done": 16, "total": 90}
{"active": true, "message": "E02.png \u00b7 Awaiting main-agent visual review: final_compare", "done": 16, "total": 90}
{"active": true, "message": "\ud30c\uc77c \uc0ac\uc774 \ud734\uc2dd \u00b7 \ub2e4\uc74c \ud30c\uc77c \uc2dc\uc791\uae4c\uc9c0 58\ucd08", "done": 17, "total": 90}
{"active": true, "message": "\ud30c\uc77c \uc0ac\uc774 \ud734\uc2dd \u00b7 \ub2e4\uc74c \ud30c\uc77c \uc2dc\uc791\uae4c\uc9c0 53\ucd08", "done": 17, "total": 90}
{"active": true, "message": "\ud30c\uc77c \uc0ac\uc774 \ud734\uc2dd \u00b7 \ub2e4\uc74c \ud30c\uc77c \uc2dc\uc791\uae4c\uc9c0 48\ucd08", "done": 17, "total": 90}
{"active": true, "message": "\ud30c\uc77c \uc0ac\uc774 \ud734\uc2dd \u00b7 \ub2e4\uc74c \ud30c\uc77c \uc2dc\uc791\uae4c\uc9c0 43\ucd08", "done": 17, "total": 90}
{"active": true, "message": "\ud30c\uc77c \uc0ac\uc774 \ud734\uc2dd \u00b7 \ub2e4\uc74c \ud30c\uc77c \uc2dc\uc791\uae4c\uc9c0 38\ucd08", "done": 17, "total": 90}
{"active": true, "message": "\ud30c\uc77c \uc0ac\uc774 \ud734\uc2dd \u00b7 \ub2e4\uc74c \ud30c\uc77c \uc2dc\uc791\uae4c\uc9c0 33\ucd08", "done": 17, "total": 90}
{"active": true, "message": "\ud30c\uc77c \uc0ac\uc774 \ud734\uc2dd \u00b7 \ub2e4\uc74c \ud30c\uc77c \uc2dc\uc791\uae4c\uc9c0 28\ucd08", "done": 17, "total": 90}
{"active": true, "message": "\ud30c\uc77c \uc0ac\uc774 \ud734\uc2dd \u00b7 \ub2e4\uc74c \ud30c\uc77c \uc2dc\uc791\uae4c\uc9c0 23\ucd08", "done": 17, "total": 90}
{"active": true, "message": "\ud30c\uc77c \uc0ac\uc774 \ud734\uc2dd \u00b7 \ub2e4\uc74c \ud30c\uc77c \uc2dc\uc791\uae4c\uc9c0 18\ucd08", "done": 17, "total": 90}
{"active": true, "message": "\ud30c\uc77c \uc0ac\uc774 \ud734\uc2dd \u00b7 \ub2e4\uc74c \ud30c\uc77c \uc2dc\uc791\uae4c\uc9c0 13\ucd08", "done": 17, "total": 90}
{"active": true, "message": "\ud30c\uc77c \uc0ac\uc774 \ud734\uc2dd \u00b7 \ub2e4\uc74c \ud30c\uc77c \uc2dc\uc791\uae4c\uc9c0 8\ucd08", "done": 17, "total": 90}
{"active": true, "message": "\ud30c\uc77c \uc0ac\uc774 \ud734\uc2dd \u00b7 \ub2e4\uc74c \ud30c\uc77c \uc2dc\uc791\uae4c\uc9c0 3\ucd08", "done": 17, "total": 90}
{"active": true, "message": "E03.png \u00b7 TRELLIS \uc0dd\uc131 \uc911", "done": 17, "total": 90}
{"active": true, "message": "E03.png \u00b7 shape \uc2dc\uac01\uac80\uc0ac", "done": 17, "total": 90}
{"active": true, "message": "E03.png \u00b7 Awaiting main-agent visual review: shape", "done": 17, "total": 90}
{"active": true, "message": "\ud30c\uc77c \uc0ac\uc774 \ud734\uc2dd \u00b7 \ub2e4\uc74c \ud30c\uc77c \uc2dc\uc791\uae4c\uc9c0 2\ucd08", "done": 17, "total": 90}
{"active": true, "message": "E03.png \u00b7 TRELLIS \uc0dd\uc131 \uc911", "done": 17, "total": 90}
{"active": true, "message": "E03.png \u00b7 shape \uc2dc\uac01\uac80\uc0ac", "done": 17, "total": 90}
{"active": true, "message": "E03.png \u00b7 Awaiting main-agent visual review: shape", "done": 17, "total": 90}
{"active": true, "message": "E03.png \u00b7 TRELLIS \uc0dd\uc131 \uc911", "done": 17, "total": 90}
{"active": true, "message": "E03.png \u00b7 shape \uc2dc\uac01\uac80\uc0ac", "done": 17, "total": 90}
{"active": true, "message": "E03.png \u00b7 Awaiting main-agent visual review: shape", "done": 17, "total": 90}
{"active": true, "message": "\ud30c\uc77c \uc0ac\uc774 \ud734\uc2dd \u00b7 \ub2e4\uc74c \ud30c\uc77c \uc2dc\uc791\uae4c\uc9c0 13\ucd08", "done": 17, "total": 90}
{"active": true, "message": "\ud30c\uc77c \uc0ac\uc774 \ud734\uc2dd \u00b7 \ub2e4\uc74c \ud30c\uc77c \uc2dc\uc791\uae4c\uc9c0 8\ucd08", "done": 17, "total": 90}
{"active": true, "message": "\ud30c\uc77c \uc0ac\uc774 \ud734\uc2dd \u00b7 \ub2e4\uc74c \ud30c\uc77c \uc2dc\uc791\uae4c\uc9c0 3\ucd08", "done": 17, "total": 90}
{"active": true, "message": "E03.png \u00b7 TRELLIS \uc0dd\uc131 \uc911", "done": 17, "total": 90}
{"active": true, "message": "E03.png \u00b7 texture_source \uc2dc\uac01\uac80\uc0ac", "done": 17, "total": 90}
{"active": true, "message": "E03.png \u00b7 Awaiting main-agent visual review: texture_source", "done": 17, "total": 90}
{"active": true, "message": "E03.png \u00b7 Blender \u00b7 Reduce triangle count", "done": 17, "total": 90}
{"active": true, "message": "E03.png \u00b7 Blender \u00b7 Bake Metallic", "done": 17, "total": 90}
{"active": true, "message": "E03.png \u00b7 Blender \u00b7 Render preview", "done": 17, "total": 90}
{"active": true, "message": "E03.png \u00b7 final_compare \uc2dc\uac01\uac80\uc0ac", "done": 17, "total": 90}
{"active": true, "message": "E03.png \u00b7 Awaiting main-agent visual review: final_compare", "done": 17, "total": 90}
{"active": true, "message": "\ud30c\uc77c \uc0ac\uc774 \ud734\uc2dd \u00b7 \ub2e4\uc74c \ud30c\uc77c \uc2dc\uc791\uae4c\uc9c0 59\ucd08", "done": 18, "total": 90}
{"active": true, "message": "\ud30c\uc77c \uc0ac\uc774 \ud734\uc2dd \u00b7 \ub2e4\uc74c \ud30c\uc77c \uc2dc\uc791\uae4c\uc9c0 54\ucd08", "done": 18, "total": 90}
{"active": true, "message": "\ud30c\uc77c \uc0ac\uc774 \ud734\uc2dd \u00b7 \ub2e4\uc74c \ud30c\uc77c \uc2dc\uc791\uae4c\uc9c0 49\ucd08", "done": 18, "total": 90}
{"active": true, "message": "\ud30c\uc77c \uc0ac\uc774 \ud734\uc2dd \u00b7 \ub2e4\uc74c \ud30c\uc77c \uc2dc\uc791\uae4c\uc9c0 44\ucd08", "done": 18, "total": 90}
{"active": true, "message": "\ud30c\uc77c \uc0ac\uc774 \ud734\uc2dd \u00b7 \ub2e4\uc74c \ud30c\uc77c \uc2dc\uc791\uae4c\uc9c0 39\ucd08", "done": 18, "total": 90}
{"active": true, "message": "\ud30c\uc77c \uc0ac\uc774 \ud734\uc2dd \u00b7 \ub2e4\uc74c \ud30c\uc77c \uc2dc\uc791\uae4c\uc9c0 34\ucd08", "done": 18, "total": 90}
{"active": true, "message": "\ud30c\uc77c \uc0ac\uc774 \ud734\uc2dd \u00b7 \ub2e4\uc74c \ud30c\uc77c \uc2dc\uc791\uae4c\uc9c0 29\ucd08", "done": 18, "total": 90}
{"active": true, "message": "\ud30c\uc77c \uc0ac\uc774 \ud734\uc2dd \u00b7 \ub2e4\uc74c \ud30c\uc77c \uc2dc\uc791\uae4c\uc9c0 24\ucd08", "done": 18, "total": 90}
{"active": true, "message": "\ud30c\uc77c \uc0ac\uc774 \ud734\uc2dd \u00b7 \ub2e4\uc74c \ud30c\uc77c \uc2dc\uc791\uae4c\uc9c0 19\ucd08", "done": 18, "total": 90}
{"active": true, "message": "\ud30c\uc77c \uc0ac\uc774 \ud734\uc2dd \u00b7 \ub2e4\uc74c \ud30c\uc77c \uc2dc\uc791\uae4c\uc9c0 14\ucd08", "done": 18, "total": 90}
{"active": true, "message": "\ud30c\uc77c \uc0ac\uc774 \ud734\uc2dd \u00b7 \ub2e4\uc74c \ud30c\uc77c \uc2dc\uc791\uae4c\uc9c0 9\ucd08", "done": 18, "total": 90}
{"active": true, "message": "\ud30c\uc77c \uc0ac\uc774 \ud734\uc2dd \u00b7 \ub2e4\uc74c \ud30c\uc77c \uc2dc\uc791\uae4c\uc9c0 4\ucd08", "done": 18, "total": 90}
{"active": true, "message": "E04.png \u00b7 TRELLIS \uc0dd\uc131 \uc911", "done": 18, "total": 90}
{"active": true, "message": "E04.png \u00b7 shape \uc2dc\uac01\uac80\uc0ac", "done": 18, "total": 90}
{"active": true, "message": "E04.png \u00b7 Awaiting main-agent visual review: shape", "done": 18, "total": 90}
{"active": true, "message": "\ud30c\uc77c \uc0ac\uc774 \ud734\uc2dd \u00b7 \ub2e4\uc74c \ud30c\uc77c \uc2dc\uc791\uae4c\uc9c0 2\ucd08", "done": 18, "total": 90}
{"active": true, "message": "E04.png \u00b7 TRELLIS \uc0dd\uc131 \uc911", "done": 18, "total": 90}
{"active": true, "message": "E04.png \u00b7 texture_source \uc2dc\uac01\uac80\uc0ac", "done": 18, "total": 90}
{"active": true, "message": "E04.png \u00b7 Awaiting main-agent visual review: texture_source", "done": 18, "total": 90}
{"active": true, "message": "E04.png \u00b7 Blender \u00b7 Reduce triangle count", "done": 18, "total": 90}
{"active": true, "message": "E04.png \u00b7 Blender \u00b7 Bake Roughness", "done": 18, "total": 90}
{"active": true, "message": "E04.png \u00b7 Blender \u00b7 Render preview", "done": 18, "total": 90}
{"active": true, "message": "E04.png \u00b7 final_compare \uc2dc\uac01\uac80\uc0ac", "done": 18, "total": 90}
{"active": true, "message": "E04.png \u00b7 Awaiting main-agent visual review: final_compare", "done": 18, "total": 90}
{"active": true, "message": "\ud30c\uc77c \uc0ac\uc774 \ud734\uc2dd \u00b7 \ub2e4\uc74c \ud30c\uc77c \uc2dc\uc791\uae4c\uc9c0 58\ucd08", "done": 19, "total": 90}
{"active": true, "message": "\ud30c\uc77c \uc0ac\uc774 \ud734\uc2dd \u00b7 \ub2e4\uc74c \ud30c\uc77c \uc2dc\uc791\uae4c\uc9c0 53\ucd08", "done": 19, "total": 90}
{"active": true, "message": "\ud30c\uc77c \uc0ac\uc774 \ud734\uc2dd \u00b7 \ub2e4\uc74c \ud30c\uc77c \uc2dc\uc791\uae4c\uc9c0 48\ucd08", "done": 19, "total": 90}
{"active": true, "message": "\ud30c\uc77c \uc0ac\uc774 \ud734\uc2dd \u00b7 \ub2e4\uc74c \ud30c\uc77c \uc2dc\uc791\uae4c\uc9c0 43\ucd08", "done": 19, "total": 90}
{"active": true, "message": "\ud30c\uc77c \uc0ac\uc774 \ud734\uc2dd \u00b7 \ub2e4\uc74c \ud30c\uc77c \uc2dc\uc791\uae4c\uc9c0 38\ucd08", "done": 19, "total": 90}
{"active": true, "message": "\ud30c\uc77c \uc0ac\uc774 \ud734\uc2dd \u00b7 \ub2e4\uc74c \ud30c\uc77c \uc2dc\uc791\uae4c\uc9c0 33\ucd08", "done": 19, "total": 90}
{"active": true, "message": "\ud30c\uc77c \uc0ac\uc774 \ud734\uc2dd \u00b7 \ub2e4\uc74c \ud30c\uc77c \uc2dc\uc791\uae4c\uc9c0 28\ucd08", "done": 19, "total": 90}
{"active": true, "message": "\ud30c\uc77c \uc0ac\uc774 \ud734\uc2dd \u00b7 \ub2e4\uc74c \ud30c\uc77c \uc2dc\uc791\uae4c\uc9c0 23\ucd08", "done": 19, "total": 90}
{"active": true, "message": "\ud30c\uc77c \uc0ac\uc774 \ud734\uc2dd \u00b7 \ub2e4\uc74c \ud30c\uc77c \uc2dc\uc791\uae4c\uc9c0 18\ucd08", "done": 19, "total": 90}
{"active": true, "message": "\ud30c\uc77c \uc0ac\uc774 \ud734\uc2dd \u00b7 \ub2e4\uc74c \ud30c\uc77c \uc2dc\uc791\uae4c\uc9c0 13\ucd08", "done": 19, "total": 90}
{"active": true, "message": "\ud30c\uc77c \uc0ac\uc774 \ud734\uc2dd \u00b7 \ub2e4\uc74c \ud30c\uc77c \uc2dc\uc791\uae4c\uc9c0 8\ucd08", "done": 19, "total": 90}
{"active": true, "message": "\ud30c\uc77c \uc0ac\uc774 \ud734\uc2dd \u00b7 \ub2e4\uc74c \ud30c\uc77c \uc2dc\uc791\uae4c\uc9c0 3\ucd08", "done": 19, "total": 90}
{"active": true, "message": "E05.png \u00b7 TRELLIS \uc0dd\uc131 \uc911", "done": 19, "total": 90}
{"active": true, "message": "E05.png \u00b7 shape \uc2dc\uac01\uac80\uc0ac", "done": 19, "total": 90}
{"active": true, "message": "E05.png \u00b7 Awaiting main-agent visual review: shape", "done": 19, "total": 90}
{"active": true, "message": "\ud30c\uc77c \uc0ac\uc774 \ud734\uc2dd \u00b7 \ub2e4\uc74c \ud30c\uc77c \uc2dc\uc791\uae4c\uc9c0 15\ucd08", "done": 19, "total": 90}
{"active": true, "message": "\ud30c\uc77c \uc0ac\uc774 \ud734\uc2dd \u00b7 \ub2e4\uc74c \ud30c\uc77c \uc2dc\uc791\uae4c\uc9c0 10\ucd08", "done": 19, "total": 90}
{"active": true, "message": "\ud30c\uc77c \uc0ac\uc774 \ud734\uc2dd \u00b7 \ub2e4\uc74c \ud30c\uc77c \uc2dc\uc791\uae4c\uc9c0 5\ucd08", "done": 19, "total": 90}
{"active": true, "message": "E05.png \u00b7 TRELLIS \uc0dd\uc131 \uc911", "done": 19, "total": 90}
{"active": true, "message": "E05.png \u00b7 texture_source \uc2dc\uac01\uac80\uc0ac", "done": 19, "total": 90}
{"active": true, "message": "E05.png \u00b7 Awaiting main-agent visual review: texture_source", "done": 19, "total": 90}
{"active": true, "message": "E05.png \u00b7 Blender parts \uac10\ub7c9\u00b7\ubca0\uc774\ud06c", "done": 19, "total": 90}
{"active": true, "message": "E05.png \u00b7 Blender \u00b7 Bake BaseColor", "done": 19, "total": 90}
{"active": true, "message": "E05.png \u00b7 Blender \u00b7 Render preview", "done": 19, "total": 90}
{"active": true, "message": "E05.png \u00b7 final_compare \uc2dc\uac01\uac80\uc0ac", "done": 19, "total": 90}
{"active": true, "message": "E05.png \u00b7 Awaiting main-agent visual review: final_compare", "done": 19, "total": 90}
{"active": true, "message": "\ud30c\uc77c \uc0ac\uc774 \ud734\uc2dd \u00b7 \ub2e4\uc74c \ud30c\uc77c \uc2dc\uc791\uae4c\uc9c0 60\ucd08", "done": 20, "total": 90}
{"active": true, "message": "\ud30c\uc77c \uc0ac\uc774 \ud734\uc2dd \u00b7 \ub2e4\uc74c \ud30c\uc77c \uc2dc\uc791\uae4c\uc9c0 55\ucd08", "done": 20, "total": 90}
{"active": true, "message": "\ud30c\uc77c \uc0ac\uc774 \ud734\uc2dd \u00b7 \ub2e4\uc74c \ud30c\uc77c \uc2dc\uc791\uae4c\uc9c0 50\ucd08", "done": 20, "total": 90}
{"active": true, "message": "\ud30c\uc77c \uc0ac\uc774 \ud734\uc2dd \u00b7 \ub2e4\uc74c \ud30c\uc77c \uc2dc\uc791\uae4c\uc9c0 45\ucd08", "done": 20, "total": 90}
{"active": true, "message": "\ud30c\uc77c \uc0ac\uc774 \ud734\uc2dd \u00b7 \ub2e4\uc74c \ud30c\uc77c \uc2dc\uc791\uae4c\uc9c0 40\ucd08", "done": 20, "total": 90}
{"active": true, "message": "\ud30c\uc77c \uc0ac\uc774 \ud734\uc2dd \u00b7 \ub2e4\uc74c \ud30c\uc77c \uc2dc\uc791\uae4c\uc9c0 34\ucd08", "done": 20, "total": 90}
{"active": true, "message": "\ud30c\uc77c \uc0ac\uc774 \ud734\uc2dd \u00b7 \ub2e4\uc74c \ud30c\uc77c \uc2dc\uc791\uae4c\uc9c0 29\ucd08", "done": 20, "total": 90}
{"active": true, "message": "\ud30c\uc77c \uc0ac\uc774 \ud734\uc2dd \u00b7 \ub2e4\uc74c \ud30c\uc77c \uc2dc\uc791\uae4c\uc9c0 24\ucd08", "done": 20, "total": 90}
{"active": true, "message": "\ud30c\uc77c \uc0ac\uc774 \ud734\uc2dd \u00b7 \ub2e4\uc74c \ud30c\uc77c \uc2dc\uc791\uae4c\uc9c0 19\ucd08", "done": 20, "total": 90}
{"active": true, "message": "\ud30c\uc77c \uc0ac\uc774 \ud734\uc2dd \u00b7 \ub2e4\uc74c \ud30c\uc77c \uc2dc\uc791\uae4c\uc9c0 14\ucd08", "done": 20, "total": 90}
{"active": true, "message": "\ud30c\uc77c \uc0ac\uc774 \ud734\uc2dd \u00b7 \ub2e4\uc74c \ud30c\uc77c \uc2dc\uc791\uae4c\uc9c0 9\ucd08", "done": 20, "total": 90}
{"active": true, "message": "\ud30c\uc77c \uc0ac\uc774 \ud734\uc2dd \u00b7 \ub2e4\uc74c \ud30c\uc77c \uc2dc\uc791\uae4c\uc9c0 4\ucd08", "done": 20, "total": 90}
{"active": true, "message": "E06.png \u00b7 TRELLIS \uc0dd\uc131 \uc911", "done": 20, "total": 90}
{"active": true, "message": "E06.png \u00b7 shape \uc2dc\uac01\uac80\uc0ac", "done": 20, "total": 90}
{"active": true, "message": "E06.png \u00b7 Awaiting main-agent visual review: shape", "done": 20, "total": 90}
{"active": true, "message": "E06.png \u00b7 TRELLIS \uc0dd\uc131 \uc911", "done": 20, "total": 90}
{"active": true, "message": "E06.png \u00b7 texture_source \uc2dc\uac01\uac80\uc0ac", "done": 20, "total": 90}
{"active": true, "message": "E06.png \u00b7 Awaiting main-agent visual review: texture_source", "done": 20, "total": 90}
{"active": true, "message": "E06.png \u00b7 Blender \u00b7 Clean mesh", "done": 20, "total": 90}
{"active": true, "message": "E06.png \u00b7 Blender \u00b7 Bake Roughness", "done": 20, "total": 90}
{"active": true, "message": "E06.png \u00b7 Blender \u00b7 Render preview", "done": 20, "total": 90}
{"active": true, "message": "E06.png \u00b7 final_compare \uc2dc\uac01\uac80\uc0ac", "done": 20, "total": 90}
{"active": true, "message": "E06.png \u00b7 Awaiting main-agent visual review: final_compare", "done": 20, "total": 90}
{"active": true, "message": "\ud30c\uc77c \uc0ac\uc774 \ud734\uc2dd \u00b7 \ub2e4\uc74c \ud30c\uc77c \uc2dc\uc791\uae4c\uc9c0 60\ucd08", "done": 21, "total": 90}
{"active": true, "message": "\ud30c\uc77c \uc0ac\uc774 \ud734\uc2dd \u00b7 \ub2e4\uc74c \ud30c\uc77c \uc2dc\uc791\uae4c\uc9c0 55\ucd08", "done": 21, "total": 90}
{"active": true, "message": "\ud30c\uc77c \uc0ac\uc774 \ud734\uc2dd \u00b7 \ub2e4\uc74c \ud30c\uc77c \uc2dc\uc791\uae4c\uc9c0 50\ucd08", "done": 21, "total": 90}
{"active": true, "message": "\ud30c\uc77c \uc0ac\uc774 \ud734\uc2dd \u00b7 \ub2e4\uc74c \ud30c\uc77c \uc2dc\uc791\uae4c\uc9c0 45\ucd08", "done": 21, "total": 90}
{"active": true, "message": "\ud30c\uc77c \uc0ac\uc774 \ud734\uc2dd \u00b7 \ub2e4\uc74c \ud30c\uc77c \uc2dc\uc791\uae4c\uc9c0 40\ucd08", "done": 21, "total": 90}
{"active": true, "message": "\ud30c\uc77c \uc0ac\uc774 \ud734\uc2dd \u00b7 \ub2e4\uc74c \ud30c\uc77c \uc2dc\uc791\uae4c\uc9c0 35\ucd08", "done": 21, "total": 90}
{"active": true, "message": "\ud30c\uc77c \uc0ac\uc774 \ud734\uc2dd \u00b7 \ub2e4\uc74c \ud30c\uc77c \uc2dc\uc791\uae4c\uc9c0 30\ucd08", "done": 21, "total": 90}
{"active": true, "message": "\ud30c\uc77c \uc0ac\uc774 \ud734\uc2dd \u00b7 \ub2e4\uc74c \ud30c\uc77c \uc2dc\uc791\uae4c\uc9c0 25\ucd08", "done": 21, "total": 90}
{"active": true, "message": "\ud30c\uc77c \uc0ac\uc774 \ud734\uc2dd \u00b7 \ub2e4\uc74c \ud30c\uc77c \uc2dc\uc791\uae4c\uc9c0 20\ucd08", "done": 21, "total": 90}
{"active": true, "message": "\ud30c\uc77c \uc0ac\uc774 \ud734\uc2dd \u00b7 \ub2e4\uc74c \ud30c\uc77c \uc2dc\uc791\uae4c\uc9c0 14\ucd08", "done": 21, "total": 90}
{"active": true, "message": "\ud30c\uc77c \uc0ac\uc774 \ud734\uc2dd \u00b7 \ub2e4\uc74c \ud30c\uc77c \uc2dc\uc791\uae4c\uc9c0 9\ucd08", "done": 21, "total": 90}
{"active": true, "message": "\ud30c\uc77c \uc0ac\uc774 \ud734\uc2dd \u00b7 \ub2e4\uc74c \ud30c\uc77c \uc2dc\uc791\uae4c\uc9c0 4\ucd08", "done": 21, "total": 90}
{"active": true, "message": "E07.png \u00b7 TRELLIS \uc0dd\uc131 \uc911", "done": 21, "total": 90}
{"active": true, "message": "E07.png \u00b7 shape \uc2dc\uac01\uac80\uc0ac", "done": 21, "total": 90}
{"active": true, "message": "E07.png \u00b7 Awaiting main-agent visual review: shape", "done": 21, "total": 90}
{"active": true, "message": "E07.png \u00b7 TRELLIS \uc0dd\uc131 \uc911", "done": 21, "total": 90}
{"active": true, "message": "E07.png \u00b7 texture_source \uc2dc\uac01\uac80\uc0ac", "done": 21, "total": 90}
{"active": true, "message": "E07.png \u00b7 Awaiting main-agent visual review: texture_source", "done": 21, "total": 90}
{"active": true, "message": "E07.png \u00b7 Blender \u00b7 Clean mesh", "done": 21, "total": 90}
{"active": true, "message": "E07.png \u00b7 Blender \u00b7 Bake Roughness", "done": 21, "total": 90}
{"active": true, "message": "E07.png \u00b7 Blender \u00b7 Render preview", "done": 21, "total": 90}
{"active": true, "message": "E07.png \u00b7 final_compare \uc2dc\uac01\uac80\uc0ac", "done": 21, "total": 90}
{"active": true, "message": "E07.png \u00b7 Awaiting main-agent visual review: final_compare", "done": 21, "total": 90}
{"active": true, "message": "\ud30c\uc77c \uc0ac\uc774 \ud734\uc2dd \u00b7 \ub2e4\uc74c \ud30c\uc77c \uc2dc\uc791\uae4c\uc9c0 56\ucd08", "done": 22, "total": 90}
{"active": true, "message": "\ud30c\uc77c \uc0ac\uc774 \ud734\uc2dd \u00b7 \ub2e4\uc74c \ud30c\uc77c \uc2dc\uc791\uae4c\uc9c0 51\ucd08", "done": 22, "total": 90}
{"active": true, "message": "\ud30c\uc77c \uc0ac\uc774 \ud734\uc2dd \u00b7 \ub2e4\uc74c \ud30c\uc77c \uc2dc\uc791\uae4c\uc9c0 46\ucd08", "done": 22, "total": 90}
{"active": true, "message": "\ud30c\uc77c \uc0ac\uc774 \ud734\uc2dd \u00b7 \ub2e4\uc74c \ud30c\uc77c \uc2dc\uc791\uae4c\uc9c0 41\ucd08", "done": 22, "total": 90}
{"active": true, "message": "\ud30c\uc77c \uc0ac\uc774 \ud734\uc2dd \u00b7 \ub2e4\uc74c \ud30c\uc77c \uc2dc\uc791\uae4c\uc9c0 36\ucd08", "done": 22, "total": 90}
{"active": true, "message": "\ud30c\uc77c \uc0ac\uc774 \ud734\uc2dd \u00b7 \ub2e4\uc74c \ud30c\uc77c \uc2dc\uc791\uae4c\uc9c0 31\ucd08", "done": 22, "total": 90}
{"active": true, "message": "\ud30c\uc77c \uc0ac\uc774 \ud734\uc2dd \u00b7 \ub2e4\uc74c \ud30c\uc77c \uc2dc\uc791\uae4c\uc9c0 26\ucd08", "done": 22, "total": 90}
{"active": true, "message": "\ud30c\uc77c \uc0ac\uc774 \ud734\uc2dd \u00b7 \ub2e4\uc74c \ud30c\uc77c \uc2dc\uc791\uae4c\uc9c0 21\ucd08", "done": 22, "total": 90}
{"active": true, "message": "\ud30c\uc77c \uc0ac\uc774 \ud734\uc2dd \u00b7 \ub2e4\uc74c \ud30c\uc77c \uc2dc\uc791\uae4c\uc9c0 15\ucd08", "done": 22, "total": 90}
{"active": true, "message": "\ud30c\uc77c \uc0ac\uc774 \ud734\uc2dd \u00b7 \ub2e4\uc74c \ud30c\uc77c \uc2dc\uc791\uae4c\uc9c0 10\ucd08", "done": 22, "total": 90}
{"active": true, "message": "\ud30c\uc77c \uc0ac\uc774 \ud734\uc2dd \u00b7 \ub2e4\uc74c \ud30c\uc77c \uc2dc\uc791\uae4c\uc9c0 5\ucd08", "done": 22, "total": 90}
{"active": true, "message": "F01.png \u00b7 TRELLIS \uc0dd\uc131 \uc911", "done": 22, "total": 90}
{"active": true, "message": "F01.png \u00b7 shape \uc2dc\uac01\uac80\uc0ac", "done": 22, "total": 90}
{"active": true, "message": "F01.png \u00b7 Awaiting main-agent visual review: shape", "done": 22, "total": 90}
{"active": true, "message": "\ud30c\uc77c \uc0ac\uc774 \ud734\uc2dd \u00b7 \ub2e4\uc74c \ud30c\uc77c \uc2dc\uc791\uae4c\uc9c0 14\ucd08", "done": 22, "total": 90}
{"active": true, "message": "\ud30c\uc77c \uc0ac\uc774 \ud734\uc2dd \u00b7 \ub2e4\uc74c \ud30c\uc77c \uc2dc\uc791\uae4c\uc9c0 9\ucd08", "done": 22, "total": 90}
{"active": true, "message": "\ud30c\uc77c \uc0ac\uc774 \ud734\uc2dd \u00b7 \ub2e4\uc74c \ud30c\uc77c \uc2dc\uc791\uae4c\uc9c0 4\ucd08", "done": 22, "total": 90}
{"active": true, "message": "F01.png \u00b7 TRELLIS \uc0dd\uc131 \uc911", "done": 22, "total": 90}
{"active": true, "message": "F01.png \u00b7 texture_source \uc2dc\uac01\uac80\uc0ac", "done": 22, "total": 90}
{"active": true, "message": "F01.png \u00b7 Awaiting main-agent visual review: texture_source", "done": 22, "total": 90}
{"active": true, "message": "F01.png \u00b7 Blender parts \uac10\ub7c9\u00b7\ubca0\uc774\ud06c", "done": 22, "total": 90}
{"active": true, "message": "F01.png \u00b7 Blender \u00b7 Bake BaseColor", "done": 22, "total": 90}
{"active": true, "message": "F01.png \u00b7 Blender \u00b7 Bake Normal", "done": 22, "total": 90}
{"active": true, "message": "F01.png \u00b7 Blender \u00b7 Render preview", "done": 22, "total": 90}
{"active": true, "message": "F01.png \u00b7 final_compare \uc2dc\uac01\uac80\uc0ac", "done": 22, "total": 90}
{"active": true, "message": "F01.png \u00b7 Awaiting main-agent visual review: final_compare", "done": 22, "total": 90}
{"active": true, "message": "\ud30c\uc77c \uc0ac\uc774 \ud734\uc2dd \u00b7 \ub2e4\uc74c \ud30c\uc77c \uc2dc\uc791\uae4c\uc9c0 60\ucd08", "done": 23, "total": 90}
{"active": true, "message": "\ud30c\uc77c \uc0ac\uc774 \ud734\uc2dd \u00b7 \ub2e4\uc74c \ud30c\uc77c \uc2dc\uc791\uae4c\uc9c0 55\ucd08", "done": 23, "total": 90}
{"active": true, "message": "\ud30c\uc77c \uc0ac\uc774 \ud734\uc2dd \u00b7 \ub2e4\uc74c \ud30c\uc77c \uc2dc\uc791\uae4c\uc9c0 50\ucd08", "done": 23, "total": 90}
{"active": true, "message": "\ud30c\uc77c \uc0ac\uc774 \ud734\uc2dd \u00b7 \ub2e4\uc74c \ud30c\uc77c \uc2dc\uc791\uae4c\uc9c0 45\ucd08", "done": 23, "total": 90}
{"active": true, "message": "\ud30c\uc77c \uc0ac\uc774 \ud734\uc2dd \u00b7 \ub2e4\uc74c \ud30c\uc77c \uc2dc\uc791\uae4c\uc9c0 40\ucd08", "done": 23, "total": 90}
{"active": true, "message": "\ud30c\uc77c \uc0ac\uc774 \ud734\uc2dd \u00b7 \ub2e4\uc74c \ud30c\uc77c \uc2dc\uc791\uae4c\uc9c0 35\ucd08", "done": 23, "total": 90}
{"active": true, "message": "\ud30c\uc77c \uc0ac\uc774 \ud734\uc2dd \u00b7 \ub2e4\uc74c \ud30c\uc77c \uc2dc\uc791\uae4c\uc9c0 30\ucd08", "done": 23, "total": 90}
{"active": true, "message": "\ud30c\uc77c \uc0ac\uc774 \ud734\uc2dd \u00b7 \ub2e4\uc74c \ud30c\uc77c \uc2dc\uc791\uae4c\uc9c0 25\ucd08", "done": 23, "total": 90}
{"active": true, "message": "\ud30c\uc77c \uc0ac\uc774 \ud734\uc2dd \u00b7 \ub2e4\uc74c \ud30c\uc77c \uc2dc\uc791\uae4c\uc9c0 20\ucd08", "done": 23, "total": 90}
{"active": true, "message": "\ud30c\uc77c \uc0ac\uc774 \ud734\uc2dd \u00b7 \ub2e4\uc74c \ud30c\uc77c \uc2dc\uc791\uae4c\uc9c0 15\ucd08", "done": 23, "total": 90}
{"active": true, "message": "\ud30c\uc77c \uc0ac\uc774 \ud734\uc2dd \u00b7 \ub2e4\uc74c \ud30c\uc77c \uc2dc\uc791\uae4c\uc9c0 10\ucd08", "done": 23, "total": 90}
{"active": true, "message": "\ud30c\uc77c \uc0ac\uc774 \ud734\uc2dd \u00b7 \ub2e4\uc74c \ud30c\uc77c \uc2dc\uc791\uae4c\uc9c0 5\ucd08", "done": 23, "total": 90}
{"active": true, "message": "F02.png \u00b7 TRELLIS \uc0dd\uc131 \uc911", "done": 23, "total": 90}
{"active": true, "message": "F02.png \u00b7 shape \uc2dc\uac01\uac80\uc0ac", "done": 23, "total": 90}
{"active": true, "message": "F02.png \u00b7 Awaiting main-agent visual review: shape", "done": 23, "total": 90}
{"active": true, "message": "\ud30c\uc77c \uc0ac\uc774 \ud734\uc2dd \u00b7 \ub2e4\uc74c \ud30c\uc77c \uc2dc\uc791\uae4c\uc9c0 10\ucd08", "done": 23, "total": 90}
{"active": true, "message": "\ud30c\uc77c \uc0ac\uc774 \ud734\uc2dd \u00b7 \ub2e4\uc74c \ud30c\uc77c \uc2dc\uc791\uae4c\uc9c0 5\ucd08", "done": 23, "total": 90}
{"active": true, "message": "F02.png \u00b7 TRELLIS \uc0dd\uc131 \uc911", "done": 23, "total": 90}
{"active": true, "message": "F02.png \u00b7 texture_source \uc2dc\uac01\uac80\uc0ac", "done": 23, "total": 90}
{"active": true, "message": "F02.png \u00b7 Awaiting main-agent visual review: texture_source", "done": 23, "total": 90}
{"active": true, "message": "F02.png \u00b7 Blender \u00b7 Clean mesh", "done": 23, "total": 90}
{"active": true, "message": "F02.png \u00b7 Blender \u00b7 Bake Roughness", "done": 23, "total": 90}
{"active": true, "message": "F02.png \u00b7 Blender \u00b7 Render preview", "done": 23, "total": 90}
{"active": true, "message": "F02.png \u00b7 final_compare \uc2dc\uac01\uac80\uc0ac", "done": 23, "total": 90}
{"active": true, "message": "F02.png \u00b7 Awaiting main-agent visual review: final_compare", "done": 23, "total": 90}
{"active": true, "message": "\ud30c\uc77c \uc0ac\uc774 \ud734\uc2dd \u00b7 \ub2e4\uc74c \ud30c\uc77c \uc2dc\uc791\uae4c\uc9c0 59\ucd08", "done": 24, "total": 90}
{"active": true, "message": "\ud30c\uc77c \uc0ac\uc774 \ud734\uc2dd \u00b7 \ub2e4\uc74c \ud30c\uc77c \uc2dc\uc791\uae4c\uc9c0 54\ucd08", "done": 24, "total": 90}
{"active": true, "message": "\ud30c\uc77c \uc0ac\uc774 \ud734\uc2dd \u00b7 \ub2e4\uc74c \ud30c\uc77c \uc2dc\uc791\uae4c\uc9c0 48\ucd08", "done": 24, "total": 90}
{"active": true, "message": "\ud30c\uc77c \uc0ac\uc774 \ud734\uc2dd \u00b7 \ub2e4\uc74c \ud30c\uc77c \uc2dc\uc791\uae4c\uc9c0 43\ucd08", "done": 24, "total": 90}
{"active": true, "message": "\ud30c\uc77c \uc0ac\uc774 \ud734\uc2dd \u00b7 \ub2e4\uc74c \ud30c\uc77c \uc2dc\uc791\uae4c\uc9c0 38\ucd08", "done": 24, "total": 90}
{"active": true, "message": "\ud30c\uc77c \uc0ac\uc774 \ud734\uc2dd \u00b7 \ub2e4\uc74c \ud30c\uc77c \uc2dc\uc791\uae4c\uc9c0 33\ucd08", "done": 24, "total": 90}
{"active": true, "message": "\ud30c\uc77c \uc0ac\uc774 \ud734\uc2dd \u00b7 \ub2e4\uc74c \ud30c\uc77c \uc2dc\uc791\uae4c\uc9c0 28\ucd08", "done": 24, "total": 90}
{"active": true, "message": "\ud30c\uc77c \uc0ac\uc774 \ud734\uc2dd \u00b7 \ub2e4\uc74c \ud30c\uc77c \uc2dc\uc791\uae4c\uc9c0 23\ucd08", "done": 24, "total": 90}
{"active": true, "message": "\ud30c\uc77c \uc0ac\uc774 \ud734\uc2dd \u00b7 \ub2e4\uc74c \ud30c\uc77c \uc2dc\uc791\uae4c\uc9c0 18\ucd08", "done": 24, "total": 90}
{"active": true, "message": "\ud30c\uc77c \uc0ac\uc774 \ud734\uc2dd \u00b7 \ub2e4\uc74c \ud30c\uc77c \uc2dc\uc791\uae4c\uc9c0 13\ucd08", "done": 24, "total": 90}
{"active": true, "message": "\ud30c\uc77c \uc0ac\uc774 \ud734\uc2dd \u00b7 \ub2e4\uc74c \ud30c\uc77c \uc2dc\uc791\uae4c\uc9c0 8\ucd08", "done": 24, "total": 90}
{"active": true, "message": "\ud30c\uc77c \uc0ac\uc774 \ud734\uc2dd \u00b7 \ub2e4\uc74c \ud30c\uc77c \uc2dc\uc791\uae4c\uc9c0 3\ucd08", "done": 24, "total": 90}
{"active": true, "message": "F03.png \u00b7 TRELLIS \uc0dd\uc131 \uc911", "done": 24, "total": 90}
{"active": true, "message": "F03.png \u00b7 shape \uc2dc\uac01\uac80\uc0ac", "done": 24, "total": 90}
{"active": true, "message": "F03.png \u00b7 Awaiting main-agent visual review: shape", "done": 24, "total": 90}
{"active": true, "message": "\ud30c\uc77c \uc0ac\uc774 \ud734\uc2dd \u00b7 \ub2e4\uc74c \ud30c\uc77c \uc2dc\uc791\uae4c\uc9c0 6\ucd08", "done": 24, "total": 90}
{"active": true, "message": "\ud30c\uc77c \uc0ac\uc774 \ud734\uc2dd \u00b7 \ub2e4\uc74c \ud30c\uc77c \uc2dc\uc791\uae4c\uc9c0 1\ucd08", "done": 24, "total": 90}
{"active": true, "message": "F03.png \u00b7 TRELLIS \uc0dd\uc131 \uc911", "done": 24, "total": 90}
{"active": true, "message": "F03.png \u00b7 texture_source \uc2dc\uac01\uac80\uc0ac", "done": 24, "total": 90}
{"active": true, "message": "F03.png \u00b7 Awaiting main-agent visual review: texture_source", "done": 24, "total": 90}
{"active": true, "message": "F03.png \u00b7 Blender \u00b7 Reduce triangle count", "done": 24, "total": 90}
{"finished": true, "message": "\uc911\uc9c0\ub428 \u00b7 \ub2e4\uc2dc \uc2dc\uc791\ud558\uba74 \uc774\uc5b4\uc11c \ucc98\ub9ac\ud569\ub2c8\ub2e4."}
