{"pid": 3596, "started": 1790165595.9745805, "script": "C:\\Users\\ljh\\tralalero Shooter\\tools\\reststop-previs-v2\\render.py", "threads": 4, "logicalProcessors": [0, 1, 2, 3, 4, 5, 6, 7], "priority": "below-normal", "availableMemoryBytes": 20756398080}
00:00.922  blend            | Read blend: "C:\Users\ljh\tralalero Shooter\outputs\reststop-blender-v2-2026-09-23\reststop-v2.blend"
00:02.718  render           | Saved: 'C:\Users\ljh\tralalero Shooter\outputs\reststop-blender-v2-2026-09-23\frames\frame-00001.jpg'
00:02.859  render           | Saved: 'C:\Users\ljh\tralalero Shooter\outputs\reststop-blender-v2-2026-09-23\frames\frame-00002.jpg'
00:02.984  render           | Saved: 'C:\Users\ljh\tralalero Shooter\outputs\reststop-blender-v2-2026-09-23\frames\frame-00003.jpg'
00:03.109  render           | Saved: 'C:\Users\ljh\tralalero Shooter\outputs\reststop-blender-v2-2026-09-23\frames\frame-00004.jpg'
00:03.234  render           | Saved: 'C:\Users\ljh\tralalero Shooter\outputs\reststop-blender-v2-2026-09-23\frames\frame-00005.jpg'
00:03.359  render           | Saved: 'C:\Users\ljh\tralalero Shooter\outputs\reststop-blender-v2-2026-09-23\frames\frame-00006.jpg'
00:03.468  render           | Saved: 'C:\Users\ljh\tralalero Shooter\outputs\reststop-blender-v2-2026-09-23\frames\frame-00007.jpg'
00:03.593  render           | Saved: 'C:\Users\ljh\tralalero Shooter\outputs\reststop-blender-v2-2026-09-23\frames\frame-00008.jpg'
00:03.703  render           | Saved: 'C:\Users\ljh\tralalero Shooter\outputs\reststop-blender-v2-2026-09-23\frames\frame-00009.jpg'
00:03.828  render           | Saved: 'C:\Users\ljh\tralalero Shooter\outputs\reststop-blender-v2-2026-09-23\frames\frame-00010.jpg'
00:03.953  render           | Saved: 'C:\Users\ljh\tralalero Shooter\outputs\reststop-blender-v2-2026-09-23\frames\frame-00011.jpg'
00:04.078  render           | Saved: 'C:\Users\ljh\tralalero Shooter\outputs\reststop-blender-v2-2026-09-23\frames\frame-00012.jpg'
00:04.203  render           | Saved: 'C:\Users\ljh\tralalero Shooter\outputs\reststop-blender-v2-2026-09-23\frames\frame-00013.jpg'
00:04.312  render           | Saved: 'C:\Users\ljh\tralalero Shooter\outputs\reststop-blender-v2-2026-09-23\frames\frame-00014.jpg'
00:04.437  render           | Saved: 'C:\Users\ljh\tralalero Shooter\outputs\reststop-blender-v2-2026-09-23\frames\frame-00015.jpg'
00:04.547  render           | Saved: 'C:\Users\ljh\tralalero Shooter\outputs\reststop-blender-v2-2026-09-23\frames\frame-00016.jpg'
00:04.656  render           | Saved: 'C:\Users\ljh\tralalero Shooter\outputs\reststop-blender-v2-2026-09-23\frames\frame-00017.jpg'
00:04.781  render           | Saved: 'C:\Users\ljh\tralalero Shooter\outputs\reststop-blender-v2-2026-09-23\frames\frame-00018.jpg'
00:04.890  render           | Saved: 'C:\Users\ljh\tralalero Shooter\outputs\reststop-blender-v2-2026-09-23\frames\frame-00019.jpg'
00:05.000  render           | Saved: 'C:\Users\ljh\tralalero Shooter\outputs\reststop-blender-v2-2026-09-23\frames\frame-00020.jpg'
00:05.125  render           | Saved: 'C:\Users\ljh\tralalero Shooter\outputs\reststop-blender-v2-2026-09-23\frames\frame-00021.jpg'
00:05.250  render           | Saved: 'C:\Users\ljh\tralalero Shooter\outputs\reststop-blender-v2-2026-09-23\frames\frame-00022.jpg'
00:05.375  render           | Saved: 'C:\Users\ljh\tralalero Shooter\outputs\reststop-blender-v2-2026-09-23\frames\frame-00023.jpg'
00:05.484  render           | Saved: 'C:\Users\ljh\tralalero Shooter\outputs\reststop-blender-v2-2026-09-23\frames\frame-00024.jpg'
PROGRESS {"frame": 24, "end": 7200, "count": 24, "elapsed": 4.239997625350952, "mean_seconds_per_frame": 0.1766666372617086}
00:05.593  render           | Saved: 'C:\Users\ljh\tralalero Shooter\outputs\reststop-blender-v2-2026-09-23\frames\frame-00025.jpg'
00:05.718  render           | Saved: 'C:\Users\ljh\tralalero Shooter\outputs\reststop-blender-v2-2026-09-23\frames\frame-00026.jpg'
00:05.828  render           | Saved: 'C:\Users\ljh\tralalero Shooter\outputs\reststop-blender-v2-2026-09-23\frames\frame-00027.jpg'
00:05.953  render           | Saved: 'C:\Users\ljh\tralalero Shooter\outputs\reststop-blender-v2-2026-09-23\frames\frame-00028.jpg'
00:06.078  render           | Saved: 'C:\Users\ljh\tralalero Shooter\outputs\reststop-blender-v2-2026-09-23\frames\frame-00029.jpg'
00:06.187  render           | Saved: 'C:\Users\ljh\tralalero Shooter\outputs\reststop-blender-v2-2026-09-23\frames\frame-00030.jpg'
00:06.312  render           | Saved: 'C:\Users\ljh\tralalero Shooter\outputs\reststop-blender-v2-2026-09-23\frames\frame-00031.jpg'
00:06.437  render           | Saved: 'C:\Users\ljh\tralalero Shooter\outputs\reststop-blender-v2-2026-09-23\frames\frame-00032.jpg'
00:06.562  render           | Saved: 'C:\Users\ljh\tralalero Shooter\outputs\reststop-blender-v2-2026-09-23\frames\frame-00033.jpg'
00:06.687  render           | Saved: 'C:\Users\ljh\tralalero Shooter\outputs\reststop-blender-v2-2026-09-23\frames\frame-00034.jpg'
00:06.797  render           | Saved: 'C:\Users\ljh\tralalero Shooter\outputs\reststop-blender-v2-2026-09-23\frames\frame-00035.jpg'
00:06.922  render           | Saved: 'C:\Users\ljh\tralalero Shooter\outputs\reststop-blender-v2-2026-09-23\frames\frame-00036.jpg'
00:07.031  render           | Saved: 'C:\Users\ljh\tralalero Shooter\outputs\reststop-blender-v2-2026-09-23\frames\frame-00037.jpg'
00:07.140  render           | Saved: 'C:\Users\ljh\tralalero Shooter\outputs\reststop-blender-v2-2026-09-23\frames\frame-00038.jpg'
00:07.250  render           | Saved: 'C:\Users\ljh\tralalero Shooter\outputs\reststop-blender-v2-2026-09-23\frames\frame-00039.jpg'
00:07.390  render           | Saved: 'C:\Users\ljh\tralalero Shooter\outputs\reststop-blender-v2-2026-09-23\frames\frame-00040.jpg'
00:07.500  render           | Saved: 'C:\Users\ljh\tralalero Shooter\outputs\reststop-blender-v2-2026-09-23\frames\frame-00041.jpg'
00:07.625  render           | Saved: 'C:\Users\ljh\tralalero Shooter\outputs\reststop-blender-v2-2026-09-23\frames\frame-00042.jpg'
00:07.734  render           | Saved: 'C:\Users\ljh\tralalero Shooter\outputs\reststop-blender-v2-2026-09-23\frames\frame-00043.jpg'
00:07.843  render           | Saved: 'C:\Users\ljh\tralalero Shooter\outputs\reststop-blender-v2-2026-09-23\frames\frame-00044.jpg'
00:07.968  render           | Saved: 'C:\Users\ljh\tralalero Shooter\outputs\reststop-blender-v2-2026-09-23\frames\frame-00045.jpg'
00:08.078  render           | Saved: 'C:\Users\ljh\tralalero Shooter\outputs\reststop-blender-v2-2026-09-23\frames\frame-00046.jpg'
00:08.203  render           | Saved: 'C:\Users\ljh\tralalero Shooter\outputs\reststop-blender-v2-2026-09-23\frames\frame-00047.jpg'
00:08.328  render           | Saved: 'C:\Users\ljh\tralalero Shooter\outputs\reststop-blender-v2-2026-09-23\frames\frame-00048.jpg'
PROGRESS {"frame": 48, "end": 7200, "count": 48, "elapsed": 7.07430100440979, "mean_seconds_per_frame": 0.14738129079341888}
00:08.437  render           | Saved: 'C:\Users\ljh\tralalero Shooter\outputs\reststop-blender-v2-2026-09-23\frames\frame-00049.jpg'
00:08.562  render           | Saved: 'C:\Users\ljh\tralalero Shooter\outputs\reststop-blender-v2-2026-09-23\frames\frame-00050.jpg'
00:08.672  render           | Saved: 'C:\Users\ljh\tralalero Shooter\outputs\reststop-blender-v2-2026-09-23\frames\frame-00051.jpg'
00:08.797  render           | Saved: 'C:\Users\ljh\tralalero Shooter\outputs\reststop-blender-v2-2026-09-23\frames\frame-00052.jpg'
00:08.906  render           | Saved: 'C:\Users\ljh\tralalero Shooter\outputs\reststop-blender-v2-2026-09-23\frames\frame-00053.jpg'
00:09.031  render           | Saved: 'C:\Users\ljh\tralalero Shooter\outputs\reststop-blender-v2-2026-09-23\frames\frame-00054.jpg'
00:09.140  render           | Saved: 'C:\Users\ljh\tralalero Shooter\outputs\reststop-blender-v2-2026-09-23\frames\frame-00055.jpg'
00:09.265  render           | Saved: 'C:\Users\ljh\tralalero Shooter\outputs\reststop-blender-v2-2026-09-23\frames\frame-00056.jpg'
00:09.375  render           | Saved: 'C:\Users\ljh\tralalero Shooter\outputs\reststop-blender-v2-2026-09-23\frames\frame-00057.jpg'
00:09.500  render           | Saved: 'C:\Users\ljh\tralalero Shooter\outputs\reststop-blender-v2-2026-09-23\frames\frame-00058.jpg'
00:09.609  render           | Saved: 'C:\Users\ljh\tralalero Shooter\outputs\reststop-blender-v2-2026-09-23\frames\frame-00059.jpg'
00:09.750  render           | Saved: 'C:\Users\ljh\tralalero Shooter\outputs\reststop-blender-v2-2026-09-23\frames\frame-00060.jpg'
00:09.875  render           | Saved: 'C:\Users\ljh\tralalero Shooter\outputs\reststop-blender-v2-2026-09-23\frames\frame-00061.jpg'
00:09.984  render           | Saved: 'C:\Users\ljh\tralalero Shooter\outputs\reststop-blender-v2-2026-09-23\frames\frame-00062.jpg'
00:10.093  render           | Saved: 'C:\Users\ljh\tralalero Shooter\outputs\reststop-blender-v2-2026-09-23\frames\frame-00063.jpg'
00:10.218  render           | Saved: 'C:\Users\ljh\tralalero Shooter\outputs\reststop-blender-v2-2026-09-23\frames\frame-00064.jpg'
00:10.328  render           | Saved: 'C:\Users\ljh\tralalero Shooter\outputs\reststop-blender-v2-2026-09-23\frames\frame-00065.jpg'
00:10.453  render           | Saved: 'C:\Users\ljh\tralalero Shooter\outputs\reststop-blender-v2-2026-09-23\frames\frame-00066.jpg'
00:10.578  render           | Saved: 'C:\Users\ljh\tralalero Shooter\outputs\reststop-blender-v2-2026-09-23\frames\frame-00067.jpg'
00:10.687  render           | Saved: 'C:\Users\ljh\tralalero Shooter\outputs\reststop-blender-v2-2026-09-23\frames\frame-00068.jpg'
00:10.812  render           | Saved: 'C:\Users\ljh\tralalero Shooter\outputs\reststop-blender-v2-2026-09-23\frames\frame-00069.jpg'
00:10.937  render           | Saved: 'C:\Users\ljh\tralalero Shooter\outputs\reststop-blender-v2-2026-09-23\frames\frame-00070.jpg'
00:11.078  render           | Saved: 'C:\Users\ljh\tralalero Shooter\outputs\reststop-blender-v2-2026-09-23\frames\frame-00071.jpg'
00:11.203  render           | Saved: 'C:\Users\ljh\tralalero Shooter\outputs\reststop-blender-v2-2026-09-23\frames\frame-00072.jpg'
PROGRESS {"frame": 72, "end": 7200, "count": 72, "elapsed": 9.96331262588501, "mean_seconds_per_frame": 0.138379348648919}
00:11.328  render           | Saved: 'C:\Users\ljh\tralalero Shooter\outputs\reststop-blender-v2-2026-09-23\frames\frame-00073.jpg'
00:11.453  render           | Saved: 'C:\Users\ljh\tralalero Shooter\outputs\reststop-blender-v2-2026-09-23\frames\frame-00074.jpg'
00:11.562  render           | Saved: 'C:\Users\ljh\tralalero Shooter\outputs\reststop-blender-v2-2026-09-23\frames\frame-00075.jpg'
00:11.687  render           | Saved: 'C:\Users\ljh\tralalero Shooter\outputs\reststop-blender-v2-2026-09-23\frames\frame-00076.jpg'
00:11.797  render           | Saved: 'C:\Users\ljh\tralalero Shooter\outputs\reststop-blender-v2-2026-09-23\frames\frame-00077.jpg'
00:11.922  render           | Saved: 'C:\Users\ljh\tralalero Shooter\outputs\reststop-blender-v2-2026-09-23\frames\frame-00078.jpg'
00:12.047  render           | Saved: 'C:\Users\ljh\tralalero Shooter\outputs\reststop-blender-v2-2026-09-23\frames\frame-00079.jpg'
00:12.156  render           | Saved: 'C:\Users\ljh\tralalero Shooter\outputs\reststop-blender-v2-2026-09-23\frames\frame-00080.jpg'
00:12.281  render           | Saved: 'C:\Users\ljh\tralalero Shooter\outputs\reststop-blender-v2-2026-09-23\frames\frame-00081.jpg'
00:12.390  render           | Saved: 'C:\Users\ljh\tralalero Shooter\outputs\reststop-blender-v2-2026-09-23\frames\frame-00082.jpg'
00:12.515  render           | Saved: 'C:\Users\ljh\tralalero Shooter\outputs\reststop-blender-v2-2026-09-23\frames\frame-00083.jpg'
00:12.625  render           | Saved: 'C:\Users\ljh\tralalero Shooter\outputs\reststop-blender-v2-2026-09-23\frames\frame-00084.jpg'
00:12.750  render           | Saved: 'C:\Users\ljh\tralalero Shooter\outputs\reststop-blender-v2-2026-09-23\frames\frame-00085.jpg'
00:12.859  render           | Saved: 'C:\Users\ljh\tralalero Shooter\outputs\reststop-blender-v2-2026-09-23\frames\frame-00086.jpg'
00:12.984  render           | Saved: 'C:\Users\ljh\tralalero Shooter\outputs\reststop-blender-v2-2026-09-23\frames\frame-00087.jpg'
00:13.109  render           | Saved: 'C:\Users\ljh\tralalero Shooter\outputs\reststop-blender-v2-2026-09-23\frames\frame-00088.jpg'
00:13.234  render           | Saved: 'C:\Users\ljh\tralalero Shooter\outputs\reststop-blender-v2-2026-09-23\frames\frame-00089.jpg'
00:13.343  render           | Saved: 'C:\Users\ljh\tralalero Shooter\outputs\reststop-blender-v2-2026-09-23\frames\frame-00090.jpg'
00:13.468  render           | Saved: 'C:\Users\ljh\tralalero Shooter\outputs\reststop-blender-v2-2026-09-23\frames\frame-00091.jpg'
00:13.593  render           | Saved: 'C:\Users\ljh\tralalero Shooter\outputs\reststop-blender-v2-2026-09-23\frames\frame-00092.jpg'
00:13.703  render           | Saved: 'C:\Users\ljh\tralalero Shooter\outputs\reststop-blender-v2-2026-09-23\frames\frame-00093.jpg'
00:13.828  render           | Saved: 'C:\Users\ljh\tralalero Shooter\outputs\reststop-blender-v2-2026-09-23\frames\frame-00094.jpg'
00:13.937  render           | Saved: 'C:\Users\ljh\tralalero Shooter\outputs\reststop-blender-v2-2026-09-23\frames\frame-00095.jpg'
00:14.062  render           | Saved: 'C:\Users\ljh\tralalero Shooter\outputs\reststop-blender-v2-2026-09-23\frames\frame-00096.jpg'
PROGRESS {"frame": 96, "end": 7200, "count": 96, "elapsed": 12.813260555267334, "mean_seconds_per_frame": 0.13347147156794867}
00:14.187  render           | Saved: 'C:\Users\ljh\tralalero Shooter\outputs\reststop-blender-v2-2026-09-23\frames\frame-00097.jpg'
00:14.297  render           | Saved: 'C:\Users\ljh\tralalero Shooter\outputs\reststop-blender-v2-2026-09-23\frames\frame-00098.jpg'
00:14.422  render           | Saved: 'C:\Users\ljh\tralalero Shooter\outputs\reststop-blender-v2-2026-09-23\frames\frame-00099.jpg'
00:14.531  render           | Saved: 'C:\Users\ljh\tralalero Shooter\outputs\reststop-blender-v2-2026-09-23\frames\frame-00100.jpg'
00:14.656  render           | Saved: 'C:\Users\ljh\tralalero Shooter\outputs\reststop-blender-v2-2026-09-23\frames\frame-00101.jpg'
00:14.765  render           | Saved: 'C:\Users\ljh\tralalero Shooter\outputs\reststop-blender-v2-2026-09-23\frames\frame-00102.jpg'
00:14.890  render           | Saved: 'C:\Users\ljh\tralalero Shooter\outputs\reststop-blender-v2-2026-09-23\frames\frame-00103.jpg'
00:15.015  render           | Saved: 'C:\Users\ljh\tralalero Shooter\outputs\reststop-blender-v2-2026-09-23\frames\frame-00104.jpg'
00:15.125  render           | Saved: 'C:\Users\ljh\tralalero Shooter\outputs\reststop-blender-v2-2026-09-23\frames\frame-00105.jpg'
00:15.250  render           | Saved: 'C:\Users\ljh\tralalero Shooter\outputs\reststop-blender-v2-2026-09-23\frames\frame-00106.jpg'
00:15.359  render           | Saved: 'C:\Users\ljh\tralalero Shooter\outputs\reststop-blender-v2-2026-09-23\frames\frame-00107.jpg'
00:15.484  render           | Saved: 'C:\Users\ljh\tralalero Shooter\outputs\reststop-blender-v2-2026-09-23\frames\frame-00108.jpg'
00:15.609  render           | Saved: 'C:\Users\ljh\tralalero Shooter\outputs\reststop-blender-v2-2026-09-23\frames\frame-00109.jpg'
00:15.718  render           | Saved: 'C:\Users\ljh\tralalero Shooter\outputs\reststop-blender-v2-2026-09-23\frames\frame-00110.jpg'
00:15.828  render           | Saved: 'C:\Users\ljh\tralalero Shooter\outputs\reststop-blender-v2-2026-09-23\frames\frame-00111.jpg'
00:15.953  render           | Saved: 'C:\Users\ljh\tralalero Shooter\outputs\reststop-blender-v2-2026-09-23\frames\frame-00112.jpg'
00:16.078  render           | Saved: 'C:\Users\ljh\tralalero Shooter\outputs\reststop-blender-v2-2026-09-23\frames\frame-00113.jpg'
00:16.187  render           | Saved: 'C:\Users\ljh\tralalero Shooter\outputs\reststop-blender-v2-2026-09-23\frames\frame-00114.jpg'
00:16.312  render           | Saved: 'C:\Users\ljh\tralalero Shooter\outputs\reststop-blender-v2-2026-09-23\frames\frame-00115.jpg'
00:16.422  render           | Saved: 'C:\Users\ljh\tralalero Shooter\outputs\reststop-blender-v2-2026-09-23\frames\frame-00116.jpg'
00:16.547  render           | Saved: 'C:\Users\ljh\tralalero Shooter\outputs\reststop-blender-v2-2026-09-23\frames\frame-00117.jpg'
00:16.656  render           | Saved: 'C:\Users\ljh\tralalero Shooter\outputs\reststop-blender-v2-2026-09-23\frames\frame-00118.jpg'
00:16.765  render           | Saved: 'C:\Users\ljh\tralalero Shooter\outputs\reststop-blender-v2-2026-09-23\frames\frame-00119.jpg'
00:16.890  render           | Saved: 'C:\Users\ljh\tralalero Shooter\outputs\reststop-blender-v2-2026-09-23\frames\frame-00120.jpg'
PROGRESS {"frame": 120, "end": 7200, "count": 120, "elapsed": 15.640082359313965, "mean_seconds_per_frame": 0.1303340256214142}
00:17.000  render           | Saved: 'C:\Users\ljh\tralalero Shooter\outputs\reststop-blender-v2-2026-09-23\frames\frame-00121.jpg'
00:17.125  render           | Saved: 'C:\Users\ljh\tralalero Shooter\outputs\reststop-blender-v2-2026-09-23\frames\frame-00122.jpg'
00:17.234  render           | Saved: 'C:\Users\ljh\tralalero Shooter\outputs\reststop-blender-v2-2026-09-23\frames\frame-00123.jpg'
00:17.359  render           | Saved: 'C:\Users\ljh\tralalero Shooter\outputs\reststop-blender-v2-2026-09-23\frames\frame-00124.jpg'
00:17.484  render           | Saved: 'C:\Users\ljh\tralalero Shooter\outputs\reststop-blender-v2-2026-09-23\frames\frame-00125.jpg'
00:17.593  render           | Saved: 'C:\Users\ljh\tralalero Shooter\outputs\reststop-blender-v2-2026-09-23\frames\frame-00126.jpg'
00:17.718  render           | Saved: 'C:\Users\ljh\tralalero Shooter\outputs\reststop-blender-v2-2026-09-23\frames\frame-00127.jpg'
00:17.828  render           | Saved: 'C:\Users\ljh\tralalero Shooter\outputs\reststop-blender-v2-2026-09-23\frames\frame-00128.jpg'
00:17.953  render           | Saved: 'C:\Users\ljh\tralalero Shooter\outputs\reststop-blender-v2-2026-09-23\frames\frame-00129.jpg'
00:18.062  render           | Saved: 'C:\Users\ljh\tralalero Shooter\outputs\reststop-blender-v2-2026-09-23\frames\frame-00130.jpg'
00:18.172  render           | Saved: 'C:\Users\ljh\tralalero Shooter\outputs\reststop-blender-v2-2026-09-23\frames\frame-00131.jpg'
00:18.297  render           | Saved: 'C:\Users\ljh\tralalero Shooter\outputs\reststop-blender-v2-2026-09-23\frames\frame-00132.jpg'
00:18.406  render           | Saved: 'C:\Users\ljh\tralalero Shooter\outputs\reststop-blender-v2-2026-09-23\frames\frame-00133.jpg'
00:18.515  render           | Saved: 'C:\Users\ljh\tralalero Shooter\outputs\reststop-blender-v2-2026-09-23\frames\frame-00134.jpg'
00:18.640  render           | Saved: 'C:\Users\ljh\tralalero Shooter\outputs\reststop-blender-v2-2026-09-23\frames\frame-00135.jpg'
00:18.765  render           | Saved: 'C:\Users\ljh\tralalero Shooter\outputs\reststop-blender-v2-2026-09-23\frames\frame-00136.jpg'
00:18.890  render           | Saved: 'C:\Users\ljh\tralalero Shooter\outputs\reststop-blender-v2-2026-09-23\frames\frame-00137.jpg'
00:19.000  render           | Saved: 'C:\Users\ljh\tralalero Shooter\outputs\reststop-blender-v2-2026-09-23\frames\frame-00138.jpg'
00:19.109  render           | Saved: 'C:\Users\ljh\tralalero Shooter\outputs\reststop-blender-v2-2026-09-23\frames\frame-00139.jpg'
00:19.250  render           | Saved: 'C:\Users\ljh\tralalero Shooter\outputs\reststop-blender-v2-2026-09-23\frames\frame-00140.jpg'
00:19.359  render           | Saved: 'C:\Users\ljh\tralalero Shooter\outputs\reststop-blender-v2-2026-09-23\frames\frame-00141.jpg'
00:19.468  render           | Saved: 'C:\Users\ljh\tralalero Shooter\outputs\reststop-blender-v2-2026-09-23\frames\frame-00142.jpg'
00:19.593  render           | Saved: 'C:\Users\ljh\tralalero Shooter\outputs\reststop-blender-v2-2026-09-23\frames\frame-00143.jpg'
00:19.718  render           | Saved: 'C:\Users\ljh\tralalero Shooter\outputs\reststop-blender-v2-2026-09-23\frames\frame-00144.jpg'
PROGRESS {"frame": 144, "end": 7200, "count": 144, "elapsed": 18.467687845230103, "mean_seconds_per_frame": 0.12824783556991154}
00:19.828  render           | Saved: 'C:\Users\ljh\tralalero Shooter\outputs\reststop-blender-v2-2026-09-23\frames\frame-00145.jpg'
00:19.953  render           | Saved: 'C:\Users\ljh\tralalero Shooter\outputs\reststop-blender-v2-2026-09-23\frames\frame-00146.jpg'
00:20.078  render           | Saved: 'C:\Users\ljh\tralalero Shooter\outputs\reststop-blender-v2-2026-09-23\frames\frame-00147.jpg'
00:20.187  render           | Saved: 'C:\Users\ljh\tralalero Shooter\outputs\reststop-blender-v2-2026-09-23\frames\frame-00148.jpg'
00:20.312  render           | Saved: 'C:\Users\ljh\tralalero Shooter\outputs\reststop-blender-v2-2026-09-23\frames\frame-00149.jpg'
00:20.422  render           | Saved: 'C:\Users\ljh\tralalero Shooter\outputs\reststop-blender-v2-2026-09-23\frames\frame-00150.jpg'
00:20.531  render           | Saved: 'C:\Users\ljh\tralalero Shooter\outputs\reststop-blender-v2-2026-09-23\frames\frame-00151.jpg'
00:20.656  render           | Saved: 'C:\Users\ljh\tralalero Shooter\outputs\reststop-blender-v2-2026-09-23\frames\frame-00152.jpg'
00:20.765  render           | Saved: 'C:\Users\ljh\tralalero Shooter\outputs\reststop-blender-v2-2026-09-23\frames\frame-00153.jpg'
00:20.890  render           | Saved: 'C:\Users\ljh\tralalero Shooter\outputs\reststop-blender-v2-2026-09-23\frames\frame-00154.jpg'
00:21.015  render           | Saved: 'C:\Users\ljh\tralalero Shooter\outputs\reststop-blender-v2-2026-09-23\frames\frame-00155.jpg'
00:21.140  render           | Saved: 'C:\Users\ljh\tralalero Shooter\outputs\reststop-blender-v2-2026-09-23\frames\frame-00156.jpg'
00:21.265  render           | Saved: 'C:\Users\ljh\tralalero Shooter\outputs\reststop-blender-v2-2026-09-23\frames\frame-00157.jpg'
00:21.390  render           | Saved: 'C:\Users\ljh\tralalero Shooter\outputs\reststop-blender-v2-2026-09-23\frames\frame-00158.jpg'
00:21.500  render           | Saved: 'C:\Users\ljh\tralalero Shooter\outputs\reststop-blender-v2-2026-09-23\frames\frame-00159.jpg'
00:21.640  render           | Saved: 'C:\Users\ljh\tralalero Shooter\outputs\reststop-blender-v2-2026-09-23\frames\frame-00160.jpg'
00:21.765  render           | Saved: 'C:\Users\ljh\tralalero Shooter\outputs\reststop-blender-v2-2026-09-23\frames\frame-00161.jpg'
00:21.906  render           | Saved: 'C:\Users\ljh\tralalero Shooter\outputs\reststop-blender-v2-2026-09-23\frames\frame-00162.jpg'
00:22.031  render           | Saved: 'C:\Users\ljh\tralalero Shooter\outputs\reststop-blender-v2-2026-09-23\frames\frame-00163.jpg'
00:22.172  render           | Saved: 'C:\Users\ljh\tralalero Shooter\outputs\reststop-blender-v2-2026-09-23\frames\frame-00164.jpg'
00:22.312  render           | Saved: 'C:\Users\ljh\tralalero Shooter\outputs\reststop-blender-v2-2026-09-23\frames\frame-00165.jpg'
00:22.453  render           | Saved: 'C:\Users\ljh\tralalero Shooter\outputs\reststop-blender-v2-2026-09-23\frames\frame-00166.jpg'
00:22.593  render           | Saved: 'C:\Users\ljh\tralalero Shooter\outputs\reststop-blender-v2-2026-09-23\frames\frame-00167.jpg'
00:22.718  render           | Saved: 'C:\Users\ljh\tralalero Shooter\outputs\reststop-blender-v2-2026-09-23\frames\frame-00168.jpg'
PROGRESS {"frame": 168, "end": 7200, "count": 168, "elapsed": 21.47330117225647, "mean_seconds_per_frame": 0.1278172731399536}
00:22.875  render           | Saved: 'C:\Users\ljh\tralalero Shooter\outputs\reststop-blender-v2-2026-09-23\frames\frame-00169.jpg'
00:23.047  render           | Saved: 'C:\Users\ljh\tralalero Shooter\outputs\reststop-blender-v2-2026-09-23\frames\frame-00170.jpg'
00:23.203  render           | Saved: 'C:\Users\ljh\tralalero Shooter\outputs\reststop-blender-v2-2026-09-23\frames\frame-00171.jpg'
00:23.359  render           | Saved: 'C:\Users\ljh\tralalero Shooter\outputs\reststop-blender-v2-2026-09-23\frames\frame-00172.jpg'
00:23.515  render           | Saved: 'C:\Users\ljh\tralalero Shooter\outputs\reststop-blender-v2-2026-09-23\frames\frame-00173.jpg'
00:23.687  render           | Saved: 'C:\Users\ljh\tralalero Shooter\outputs\reststop-blender-v2-2026-09-23\frames\frame-00174.jpg'
00:23.843  render           | Saved: 'C:\Users\ljh\tralalero Shooter\outputs\reststop-blender-v2-2026-09-23\frames\frame-00175.jpg'
00:24.015  render           | Saved: 'C:\Users\ljh\tralalero Shooter\outputs\reststop-blender-v2-2026-09-23\frames\frame-00176.jpg'
00:24.187  render           | Saved: 'C:\Users\ljh\tralalero Shooter\outputs\reststop-blender-v2-2026-09-23\frames\frame-00177.jpg'
00:24.375  render           | Saved: 'C:\Users\ljh\tralalero Shooter\outputs\reststop-blender-v2-2026-09-23\frames\frame-00178.jpg'
00:24.547  render           | Saved: 'C:\Users\ljh\tralalero Shooter\outputs\reststop-blender-v2-2026-09-23\frames\frame-00179.jpg'
00:24.750  render           | Saved: 'C:\Users\ljh\tralalero Shooter\outputs\reststop-blender-v2-2026-09-23\frames\frame-00180.jpg'
00:24.937  render           | Saved: 'C:\Users\ljh\tralalero Shooter\outputs\reststop-blender-v2-2026-09-23\frames\frame-00181.jpg'
00:25.140  render           | Saved: 'C:\Users\ljh\tralalero Shooter\outputs\reststop-blender-v2-2026-09-23\frames\frame-00182.jpg'
00:25.328  render           | Saved: 'C:\Users\ljh\tralalero Shooter\outputs\reststop-blender-v2-2026-09-23\frames\frame-00183.jpg'
00:25.547  render           | Saved: 'C:\Users\ljh\tralalero Shooter\outputs\reststop-blender-v2-2026-09-23\frames\frame-00184.jpg'
00:25.750  render           | Saved: 'C:\Users\ljh\tralalero Shooter\outputs\reststop-blender-v2-2026-09-23\frames\frame-00185.jpg'
00:25.953  render           | Saved: 'C:\Users\ljh\tralalero Shooter\outputs\reststop-blender-v2-2026-09-23\frames\frame-00186.jpg'
00:26.156  render           | Saved: 'C:\Users\ljh\tralalero Shooter\outputs\reststop-blender-v2-2026-09-23\frames\frame-00187.jpg'
00:26.359  render           | Saved: 'C:\Users\ljh\tralalero Shooter\outputs\reststop-blender-v2-2026-09-23\frames\frame-00188.jpg'
00:26.578  render           | Saved: 'C:\Users\ljh\tralalero Shooter\outputs\reststop-blender-v2-2026-09-23\frames\frame-00189.jpg'
00:26.781  render           | Saved: 'C:\Users\ljh\tralalero Shooter\outputs\reststop-blender-v2-2026-09-23\frames\frame-00190.jpg'
00:26.984  render           | Saved: 'C:\Users\ljh\tralalero Shooter\outputs\reststop-blender-v2-2026-09-23\frames\frame-00191.jpg'
00:27.203  render           | Saved: 'C:\Users\ljh\tralalero Shooter\outputs\reststop-blender-v2-2026-09-23\frames\frame-00192.jpg'
PROGRESS {"frame": 192, "end": 7200, "count": 192, "elapsed": 25.94943356513977, "mean_seconds_per_frame": 0.1351533035437266}
00:27.406  render           | Saved: 'C:\Users\ljh\tralalero Shooter\outputs\reststop-blender-v2-2026-09-23\frames\frame-00193.jpg'
00:27.625  render           | Saved: 'C:\Users\ljh\tralalero Shooter\outputs\reststop-blender-v2-2026-09-23\frames\frame-00194.jpg'
00:27.859  render           | Saved: 'C:\Users\ljh\tralalero Shooter\outputs\reststop-blender-v2-2026-09-23\frames\frame-00195.jpg'
00:28.078  render           | Saved: 'C:\Users\ljh\tralalero Shooter\outputs\reststop-blender-v2-2026-09-23\frames\frame-00196.jpg'
00:28.297  render           | Saved: 'C:\Users\ljh\tralalero Shooter\outputs\reststop-blender-v2-2026-09-23\frames\frame-00197.jpg'
00:28.531  render           | Saved: 'C:\Users\ljh\tralalero Shooter\outputs\reststop-blender-v2-2026-09-23\frames\frame-00198.jpg'
00:28.765  render           | Saved: 'C:\Users\ljh\tralalero Shooter\outputs\reststop-blender-v2-2026-09-23\frames\frame-00199.jpg'
00:28.984  render           | Saved: 'C:\Users\ljh\tralalero Shooter\outputs\reststop-blender-v2-2026-09-23\frames\frame-00200.jpg'
00:29.218  render           | Saved: 'C:\Users\ljh\tralalero Shooter\outputs\reststop-blender-v2-2026-09-23\frames\frame-00201.jpg'
00:29.437  render           | Saved: 'C:\Users\ljh\tralalero Shooter\outputs\reststop-blender-v2-2026-09-23\frames\frame-00202.jpg'
00:29.656  render           | Saved: 'C:\Users\ljh\tralalero Shooter\outputs\reststop-blender-v2-2026-09-23\frames\frame-00203.jpg'
00:29.859  render           | Saved: 'C:\Users\ljh\tralalero Shooter\outputs\reststop-blender-v2-2026-09-23\frames\frame-00204.jpg'
00:30.078  render           | Saved: 'C:\Users\ljh\tralalero Shooter\outputs\reststop-blender-v2-2026-09-23\frames\frame-00205.jpg'
00:30.297  render           | Saved: 'C:\Users\ljh\tralalero Shooter\outputs\reststop-blender-v2-2026-09-23\frames\frame-00206.jpg'
00:30.515  render           | Saved: 'C:\Users\ljh\tralalero Shooter\outputs\reststop-blender-v2-2026-09-23\frames\frame-00207.jpg'
00:30.718  render           | Saved: 'C:\Users\ljh\tralalero Shooter\outputs\reststop-blender-v2-2026-09-23\frames\frame-00208.jpg'
00:30.937  render           | Saved: 'C:\Users\ljh\tralalero Shooter\outputs\reststop-blender-v2-2026-09-23\frames\frame-00209.jpg'
00:31.172  render           | Saved: 'C:\Users\ljh\tralalero Shooter\outputs\reststop-blender-v2-2026-09-23\frames\frame-00210.jpg'
00:31.390  render           | Saved: 'C:\Users\ljh\tralalero Shooter\outputs\reststop-blender-v2-2026-09-23\frames\frame-00211.jpg'
00:31.609  render           | Saved: 'C:\Users\ljh\tralalero Shooter\outputs\reststop-blender-v2-2026-09-23\frames\frame-00212.jpg'
00:31.843  render           | Saved: 'C:\Users\ljh\tralalero Shooter\outputs\reststop-blender-v2-2026-09-23\frames\frame-00213.jpg'
00:32.078  render           | Saved: 'C:\Users\ljh\tralalero Shooter\outputs\reststop-blender-v2-2026-09-23\frames\frame-00214.jpg'
00:32.281  render           | Saved: 'C:\Users\ljh\tralalero Shooter\outputs\reststop-blender-v2-2026-09-23\frames\frame-00215.jpg'
00:32.500  render           | Saved: 'C:\Users\ljh\tralalero Shooter\outputs\reststop-blender-v2-2026-09-23\frames\frame-00216.jpg'
PROGRESS {"frame": 216, "end": 7200, "count": 216, "elapsed": 31.260294437408447, "mean_seconds_per_frame": 0.14472358866974158}
00:32.734  render           | Saved: 'C:\Users\ljh\tralalero Shooter\outputs\reststop-blender-v2-2026-09-23\frames\frame-00217.jpg'
00:32.953  render           | Saved: 'C:\Users\ljh\tralalero Shooter\outputs\reststop-blender-v2-2026-09-23\frames\frame-00218.jpg'
00:33.156  render           | Saved: 'C:\Users\ljh\tralalero Shooter\outputs\reststop-blender-v2-2026-09-23\frames\frame-00219.jpg'
00:33.375  render           | Saved: 'C:\Users\ljh\tralalero Shooter\outputs\reststop-blender-v2-2026-09-23\frames\frame-00220.jpg'
00:33.609  render           | Saved: 'C:\Users\ljh\tralalero Shooter\outputs\reststop-blender-v2-2026-09-23\frames\frame-00221.jpg'
00:33.828  render           | Saved: 'C:\Users\ljh\tralalero Shooter\outputs\reststop-blender-v2-2026-09-23\frames\frame-00222.jpg'
00:34.047  render           | Saved: 'C:\Users\ljh\tralalero Shooter\outputs\reststop-blender-v2-2026-09-23\frames\frame-00223.jpg'
00:34.265  render           | Saved: 'C:\Users\ljh\tralalero Shooter\outputs\reststop-blender-v2-2026-09-23\frames\frame-00224.jpg'
00:34.484  render           | Saved: 'C:\Users\ljh\tralalero Shooter\outputs\reststop-blender-v2-2026-09-23\frames\frame-00225.jpg'
00:34.703  render           | Saved: 'C:\Users\ljh\tralalero Shooter\outputs\reststop-blender-v2-2026-09-23\frames\frame-00226.jpg'
00:34.937  render           | Saved: 'C:\Users\ljh\tralalero Shooter\outputs\reststop-blender-v2-2026-09-23\frames\frame-00227.jpg'
00:35.156  render           | Saved: 'C:\Users\ljh\tralalero Shooter\outputs\reststop-blender-v2-2026-09-23\frames\frame-00228.jpg'
00:35.375  render           | Saved: 'C:\Users\ljh\tralalero Shooter\outputs\reststop-blender-v2-2026-09-23\frames\frame-00229.jpg'
00:35.593  render           | Saved: 'C:\Users\ljh\tralalero Shooter\outputs\reststop-blender-v2-2026-09-23\frames\frame-00230.jpg'
00:35.797  render           | Saved: 'C:\Users\ljh\tralalero Shooter\outputs\reststop-blender-v2-2026-09-23\frames\frame-00231.jpg'
00:36.015  render           | Saved: 'C:\Users\ljh\tralalero Shooter\outputs\reststop-blender-v2-2026-09-23\frames\frame-00232.jpg'
00:36.250  render           | Saved: 'C:\Users\ljh\tralalero Shooter\outputs\reststop-blender-v2-2026-09-23\frames\frame-00233.jpg'
00:36.453  render           | Saved: 'C:\Users\ljh\tralalero Shooter\outputs\reststop-blender-v2-2026-09-23\frames\frame-00234.jpg'
00:36.672  render           | Saved: 'C:\Users\ljh\tralalero Shooter\outputs\reststop-blender-v2-2026-09-23\frames\frame-00235.jpg'
00:36.890  render           | Saved: 'C:\Users\ljh\tralalero Shooter\outputs\reststop-blender-v2-2026-09-23\frames\frame-00236.jpg'
00:37.125  render           | Saved: 'C:\Users\ljh\tralalero Shooter\outputs\reststop-blender-v2-2026-09-23\frames\frame-00237.jpg'
00:37.343  render           | Saved: 'C:\Users\ljh\tralalero Shooter\outputs\reststop-blender-v2-2026-09-23\frames\frame-00238.jpg'
00:37.578  render           | Saved: 'C:\Users\ljh\tralalero Shooter\outputs\reststop-blender-v2-2026-09-23\frames\frame-00239.jpg'
00:37.797  render           | Saved: 'C:\Users\ljh\tralalero Shooter\outputs\reststop-blender-v2-2026-09-23\frames\frame-00240.jpg'
PROGRESS {"frame": 240, "end": 7200, "count": 240, "elapsed": 36.546865701675415, "mean_seconds_per_frame": 0.15227860907713572}
00:38.015  render           | Saved: 'C:\Users\ljh\tralalero Shooter\outputs\reststop-blender-v2-2026-09-23\frames\frame-00241.jpg'
00:38.234  render           | Saved: 'C:\Users\ljh\tralalero Shooter\outputs\reststop-blender-v2-2026-09-23\frames\frame-00242.jpg'
00:38.468  render           | Saved: 'C:\Users\ljh\tralalero Shooter\outputs\reststop-blender-v2-2026-09-23\frames\frame-00243.jpg'
00:38.687  render           | Saved: 'C:\Users\ljh\tralalero Shooter\outputs\reststop-blender-v2-2026-09-23\frames\frame-00244.jpg'
00:38.906  render           | Saved: 'C:\Users\ljh\tralalero Shooter\outputs\reststop-blender-v2-2026-09-23\frames\frame-00245.jpg'
00:39.125  render           | Saved: 'C:\Users\ljh\tralalero Shooter\outputs\reststop-blender-v2-2026-09-23\frames\frame-00246.jpg'
00:39.343  render           | Saved: 'C:\Users\ljh\tralalero Shooter\outputs\reststop-blender-v2-2026-09-23\frames\frame-00247.jpg'
00:39.547  render           | Saved: 'C:\Users\ljh\tralalero Shooter\outputs\reststop-blender-v2-2026-09-23\frames\frame-00248.jpg'
00:39.765  render           | Saved: 'C:\Users\ljh\tralalero Shooter\outputs\reststop-blender-v2-2026-09-23\frames\frame-00249.jpg'
00:39.984  render           | Saved: 'C:\Users\ljh\tralalero Shooter\outputs\reststop-blender-v2-2026-09-23\frames\frame-00250.jpg'
00:40.203  render           | Saved: 'C:\Users\ljh\tralalero Shooter\outputs\reststop-blender-v2-2026-09-23\frames\frame-00251.jpg'
00:40.422  render           | Saved: 'C:\Users\ljh\tralalero Shooter\outputs\reststop-blender-v2-2026-09-23\frames\frame-00252.jpg'
00:40.640  render           | Saved: 'C:\Users\ljh\tralalero Shooter\outputs\reststop-blender-v2-2026-09-23\frames\frame-00253.jpg'
00:40.859  render           | Saved: 'C:\Users\ljh\tralalero Shooter\outputs\reststop-blender-v2-2026-09-23\frames\frame-00254.jpg'
00:41.078  render           | Saved: 'C:\Users\ljh\tralalero Shooter\outputs\reststop-blender-v2-2026-09-23\frames\frame-00255.jpg'
00:41.297  render           | Saved: 'C:\Users\ljh\tralalero Shooter\outputs\reststop-blender-v2-2026-09-23\frames\frame-00256.jpg'
00:41.515  render           | Saved: 'C:\Users\ljh\tralalero Shooter\outputs\reststop-blender-v2-2026-09-23\frames\frame-00257.jpg'
00:41.750  render           | Saved: 'C:\Users\ljh\tralalero Shooter\outputs\reststop-blender-v2-2026-09-23\frames\frame-00258.jpg'
00:41.968  render           | Saved: 'C:\Users\ljh\tralalero Shooter\outputs\reststop-blender-v2-2026-09-23\frames\frame-00259.jpg'
00:42.203  render           | Saved: 'C:\Users\ljh\tralalero Shooter\outputs\reststop-blender-v2-2026-09-23\frames\frame-00260.jpg'
00:42.422  render           | Saved: 'C:\Users\ljh\tralalero Shooter\outputs\reststop-blender-v2-2026-09-23\frames\frame-00261.jpg'
00:42.656  render           | Saved: 'C:\Users\ljh\tralalero Shooter\outputs\reststop-blender-v2-2026-09-23\frames\frame-00262.jpg'
00:42.890  render           | Saved: 'C:\Users\ljh\tralalero Shooter\outputs\reststop-blender-v2-2026-09-23\frames\frame-00263.jpg'
00:43.109  render           | Saved: 'C:\Users\ljh\tralalero Shooter\outputs\reststop-blender-v2-2026-09-23\frames\frame-00264.jpg'
PROGRESS {"frame": 264, "end": 7200, "count": 264, "elapsed": 41.85494041442871, "mean_seconds_per_frame": 0.15854144367304715}
00:43.328  render           | Saved: 'C:\Users\ljh\tralalero Shooter\outputs\reststop-blender-v2-2026-09-23\frames\frame-00265.jpg'
00:43.531  render           | Saved: 'C:\Users\ljh\tralalero Shooter\outputs\reststop-blender-v2-2026-09-23\frames\frame-00266.jpg'
00:43.781  render           | Saved: 'C:\Users\ljh\tralalero Shooter\outputs\reststop-blender-v2-2026-09-23\frames\frame-00267.jpg'
00:44.000  render           | Saved: 'C:\Users\ljh\tralalero Shooter\outputs\reststop-blender-v2-2026-09-23\frames\frame-00268.jpg'
00:44.218  render           | Saved: 'C:\Users\ljh\tralalero Shooter\outputs\reststop-blender-v2-2026-09-23\frames\frame-00269.jpg'
00:44.437  render           | Saved: 'C:\Users\ljh\tralalero Shooter\outputs\reststop-blender-v2-2026-09-23\frames\frame-00270.jpg'
00:44.672  render           | Saved: 'C:\Users\ljh\tralalero Shooter\outputs\reststop-blender-v2-2026-09-23\frames\frame-00271.jpg'
00:44.890  render           | Saved: 'C:\Users\ljh\tralalero Shooter\outputs\reststop-blender-v2-2026-09-23\frames\frame-00272.jpg'
00:45.109  render           | Saved: 'C:\Users\ljh\tralalero Shooter\outputs\reststop-blender-v2-2026-09-23\frames\frame-00273.jpg'
00:45.343  render           | Saved: 'C:\Users\ljh\tralalero Shooter\outputs\reststop-blender-v2-2026-09-23\frames\frame-00274.jpg'
00:45.562  render           | Saved: 'C:\Users\ljh\tralalero Shooter\outputs\reststop-blender-v2-2026-09-23\frames\frame-00275.jpg'
00:45.781  render           | Saved: 'C:\Users\ljh\tralalero Shooter\outputs\reststop-blender-v2-2026-09-23\frames\frame-00276.jpg'
00:46.000  render           | Saved: 'C:\Users\ljh\tralalero Shooter\outputs\reststop-blender-v2-2026-09-23\frames\frame-00277.jpg'
00:46.218  render           | Saved: 'C:\Users\ljh\tralalero Shooter\outputs\reststop-blender-v2-2026-09-23\frames\frame-00278.jpg'
00:46.437  render           | Saved: 'C:\Users\ljh\tralalero Shooter\outputs\reststop-blender-v2-2026-09-23\frames\frame-00279.jpg'
00:46.656  render           | Saved: 'C:\Users\ljh\tralalero Shooter\outputs\reststop-blender-v2-2026-09-23\frames\frame-00280.jpg'
00:46.875  render           | Saved: 'C:\Users\ljh\tralalero Shooter\outputs\reststop-blender-v2-2026-09-23\frames\frame-00281.jpg'
00:47.109  render           | Saved: 'C:\Users\ljh\tralalero Shooter\outputs\reststop-blender-v2-2026-09-23\frames\frame-00282.jpg'
00:47.328  render           | Saved: 'C:\Users\ljh\tralalero Shooter\outputs\reststop-blender-v2-2026-09-23\frames\frame-00283.jpg'
00:47.547  render           | Saved: 'C:\Users\ljh\tralalero Shooter\outputs\reststop-blender-v2-2026-09-23\frames\frame-00284.jpg'
00:47.781  render           | Saved: 'C:\Users\ljh\tralalero Shooter\outputs\reststop-blender-v2-2026-09-23\frames\frame-00285.jpg'
00:47.984  render           | Saved: 'C:\Users\ljh\tralalero Shooter\outputs\reststop-blender-v2-2026-09-23\frames\frame-00286.jpg'
00:48.218  render           | Saved: 'C:\Users\ljh\tralalero Shooter\outputs\reststop-blender-v2-2026-09-23\frames\frame-00287.jpg'
00:48.437  render           | Saved: 'C:\Users\ljh\tralalero Shooter\outputs\reststop-blender-v2-2026-09-23\frames\frame-00288.jpg'
PROGRESS {"frame": 288, "end": 7200, "count": 288, "elapsed": 47.18547701835632, "mean_seconds_per_frame": 0.16383846352497736}
00:48.656  render           | Saved: 'C:\Users\ljh\tralalero Shooter\outputs\reststop-blender-v2-2026-09-23\frames\frame-00289.jpg'
00:48.875  render           | Saved: 'C:\Users\ljh\tralalero Shooter\outputs\reststop-blender-v2-2026-09-23\frames\frame-00290.jpg'
00:49.093  render           | Saved: 'C:\Users\ljh\tralalero Shooter\outputs\reststop-blender-v2-2026-09-23\frames\frame-00291.jpg'
00:49.312  render           | Saved: 'C:\Users\ljh\tralalero Shooter\outputs\reststop-blender-v2-2026-09-23\frames\frame-00292.jpg'
00:49.531  render           | Saved: 'C:\Users\ljh\tralalero Shooter\outputs\reststop-blender-v2-2026-09-23\frames\frame-00293.jpg'
00:49.750  render           | Saved: 'C:\Users\ljh\tralalero Shooter\outputs\reststop-blender-v2-2026-09-23\frames\frame-00294.jpg'
00:49.984  render           | Saved: 'C:\Users\ljh\tralalero Shooter\outputs\reststop-blender-v2-2026-09-23\frames\frame-00295.jpg'
00:50.203  render           | Saved: 'C:\Users\ljh\tralalero Shooter\outputs\reststop-blender-v2-2026-09-23\frames\frame-00296.jpg'
00:50.422  render           | Saved: 'C:\Users\ljh\tralalero Shooter\outputs\reststop-blender-v2-2026-09-23\frames\frame-00297.jpg'
00:50.656  render           | Saved: 'C:\Users\ljh\tralalero Shooter\outputs\reststop-blender-v2-2026-09-23\frames\frame-00298.jpg'
00:50.875  render           | Saved: 'C:\Users\ljh\tralalero Shooter\outputs\reststop-blender-v2-2026-09-23\frames\frame-00299.jpg'
00:51.093  render           | Saved: 'C:\Users\ljh\tralalero Shooter\outputs\reststop-blender-v2-2026-09-23\frames\frame-00300.jpg'
00:51.312  render           | Saved: 'C:\Users\ljh\tralalero Shooter\outputs\reststop-blender-v2-2026-09-23\frames\frame-00301.jpg'
00:51.547  render           | Saved: 'C:\Users\ljh\tralalero Shooter\outputs\reststop-blender-v2-2026-09-23\frames\frame-00302.jpg'
00:51.765  render           | Saved: 'C:\Users\ljh\tralalero Shooter\outputs\reststop-blender-v2-2026-09-23\frames\frame-00303.jpg'
00:51.984  render           | Saved: 'C:\Users\ljh\tralalero Shooter\outputs\reststop-blender-v2-2026-09-23\frames\frame-00304.jpg'
00:52.203  render           | Saved: 'C:\Users\ljh\tralalero Shooter\outputs\reststop-blender-v2-2026-09-23\frames\frame-00305.jpg'
00:52.437  render           | Saved: 'C:\Users\ljh\tralalero Shooter\outputs\reststop-blender-v2-2026-09-23\frames\frame-00306.jpg'
00:52.656  render           | Saved: 'C:\Users\ljh\tralalero Shooter\outputs\reststop-blender-v2-2026-09-23\frames\frame-00307.jpg'
00:52.875  render           | Saved: 'C:\Users\ljh\tralalero Shooter\outputs\reststop-blender-v2-2026-09-23\frames\frame-00308.jpg'
00:53.093  render           | Saved: 'C:\Users\ljh\tralalero Shooter\outputs\reststop-blender-v2-2026-09-23\frames\frame-00309.jpg'
00:53.312  render           | Saved: 'C:\Users\ljh\tralalero Shooter\outputs\reststop-blender-v2-2026-09-23\frames\frame-00310.jpg'
00:53.547  render           | Saved: 'C:\Users\ljh\tralalero Shooter\outputs\reststop-blender-v2-2026-09-23\frames\frame-00311.jpg'
00:53.765  render           | Saved: 'C:\Users\ljh\tralalero Shooter\outputs\reststop-blender-v2-2026-09-23\frames\frame-00312.jpg'
PROGRESS {"frame": 312, "end": 7200, "count": 312, "elapsed": 52.51636052131653, "mean_seconds_per_frame": 0.1683216706300393}
00:53.984  render           | Saved: 'C:\Users\ljh\tralalero Shooter\outputs\reststop-blender-v2-2026-09-23\frames\frame-00313.jpg'
00:54.203  render           | Saved: 'C:\Users\ljh\tralalero Shooter\outputs\reststop-blender-v2-2026-09-23\frames\frame-00314.jpg'
00:54.422  render           | Saved: 'C:\Users\ljh\tralalero Shooter\outputs\reststop-blender-v2-2026-09-23\frames\frame-00315.jpg'
00:54.640  render           | Saved: 'C:\Users\ljh\tralalero Shooter\outputs\reststop-blender-v2-2026-09-23\frames\frame-00316.jpg'
00:54.859  render           | Saved: 'C:\Users\ljh\tralalero Shooter\outputs\reststop-blender-v2-2026-09-23\frames\frame-00317.jpg'
00:55.078  render           | Saved: 'C:\Users\ljh\tralalero Shooter\outputs\reststop-blender-v2-2026-09-23\frames\frame-00318.jpg'
00:55.297  render           | Saved: 'C:\Users\ljh\tralalero Shooter\outputs\reststop-blender-v2-2026-09-23\frames\frame-00319.jpg'
00:55.531  render           | Saved: 'C:\Users\ljh\tralalero Shooter\outputs\reststop-blender-v2-2026-09-23\frames\frame-00320.jpg'
00:55.750  render           | Saved: 'C:\Users\ljh\tralalero Shooter\outputs\reststop-blender-v2-2026-09-23\frames\frame-00321.jpg'
00:55.968  render           | Saved: 'C:\Users\ljh\tralalero Shooter\outputs\reststop-blender-v2-2026-09-23\frames\frame-00322.jpg'
00:56.187  render           | Saved: 'C:\Users\ljh\tralalero Shooter\outputs\reststop-blender-v2-2026-09-23\frames\frame-00323.jpg'
00:56.406  render           | Saved: 'C:\Users\ljh\tralalero Shooter\outputs\reststop-blender-v2-2026-09-23\frames\frame-00324.jpg'
00:56.625  render           | Saved: 'C:\Users\ljh\tralalero Shooter\outputs\reststop-blender-v2-2026-09-23\frames\frame-00325.jpg'
00:56.843  render           | Saved: 'C:\Users\ljh\tralalero Shooter\outputs\reststop-blender-v2-2026-09-23\frames\frame-00326.jpg'
00:57.078  render           | Saved: 'C:\Users\ljh\tralalero Shooter\outputs\reststop-blender-v2-2026-09-23\frames\frame-00327.jpg'
00:57.297  render           | Saved: 'C:\Users\ljh\tralalero Shooter\outputs\reststop-blender-v2-2026-09-23\frames\frame-00328.jpg'
00:57.531  render           | Saved: 'C:\Users\ljh\tralalero Shooter\outputs\reststop-blender-v2-2026-09-23\frames\frame-00329.jpg'
00:57.750  render           | Saved: 'C:\Users\ljh\tralalero Shooter\outputs\reststop-blender-v2-2026-09-23\frames\frame-00330.jpg'
00:57.968  render           | Saved: 'C:\Users\ljh\tralalero Shooter\outputs\reststop-blender-v2-2026-09-23\frames\frame-00331.jpg'
00:58.187  render           | Saved: 'C:\Users\ljh\tralalero Shooter\outputs\reststop-blender-v2-2026-09-23\frames\frame-00332.jpg'
00:58.406  render           | Saved: 'C:\Users\ljh\tralalero Shooter\outputs\reststop-blender-v2-2026-09-23\frames\frame-00333.jpg'
00:58.640  render           | Saved: 'C:\Users\ljh\tralalero Shooter\outputs\reststop-blender-v2-2026-09-23\frames\frame-00334.jpg'
00:58.859  render           | Saved: 'C:\Users\ljh\tralalero Shooter\outputs\reststop-blender-v2-2026-09-23\frames\frame-00335.jpg'
00:59.078  render           | Saved: 'C:\Users\ljh\tralalero Shooter\outputs\reststop-blender-v2-2026-09-23\frames\frame-00336.jpg'
PROGRESS {"frame": 336, "end": 7200, "count": 336, "elapsed": 57.83947515487671, "mean_seconds_per_frame": 0.17214129723253704}
00:59.312  render           | Saved: 'C:\Users\ljh\tralalero Shooter\outputs\reststop-blender-v2-2026-09-23\frames\frame-00337.jpg'
00:59.547  render           | Saved: 'C:\Users\ljh\tralalero Shooter\outputs\reststop-blender-v2-2026-09-23\frames\frame-00338.jpg'
00:59.765  render           | Saved: 'C:\Users\ljh\tralalero Shooter\outputs\reststop-blender-v2-2026-09-23\frames\frame-00339.jpg'
00:59.984  render           | Saved: 'C:\Users\ljh\tralalero Shooter\outputs\reststop-blender-v2-2026-09-23\frames\frame-00340.jpg'
01:00.218  render           | Saved: 'C:\Users\ljh\tralalero Shooter\outputs\reststop-blender-v2-2026-09-23\frames\frame-00341.jpg'
01:00.437  render           | Saved: 'C:\Users\ljh\tralalero Shooter\outputs\reststop-blender-v2-2026-09-23\frames\frame-00342.jpg'
01:00.656  render           | Saved: 'C:\Users\ljh\tralalero Shooter\outputs\reststop-blender-v2-2026-09-23\frames\frame-00343.jpg'
01:00.890  render           | Saved: 'C:\Users\ljh\tralalero Shooter\outputs\reststop-blender-v2-2026-09-23\frames\frame-00344.jpg'
01:01.109  render           | Saved: 'C:\Users\ljh\tralalero Shooter\outputs\reststop-blender-v2-2026-09-23\frames\frame-00345.jpg'
01:01.343  render           | Saved: 'C:\Users\ljh\tralalero Shooter\outputs\reststop-blender-v2-2026-09-23\frames\frame-00346.jpg'
01:01.562  render           | Saved: 'C:\Users\ljh\tralalero Shooter\outputs\reststop-blender-v2-2026-09-23\frames\frame-00347.jpg'
01:01.781  render           | Saved: 'C:\Users\ljh\tralalero Shooter\outputs\reststop-blender-v2-2026-09-23\frames\frame-00348.jpg'
01:02.000  render           | Saved: 'C:\Users\ljh\tralalero Shooter\outputs\reststop-blender-v2-2026-09-23\frames\frame-00349.jpg'
01:02.234  render           | Saved: 'C:\Users\ljh\tralalero Shooter\outputs\reststop-blender-v2-2026-09-23\frames\frame-00350.jpg'
01:02.453  render           | Saved: 'C:\Users\ljh\tralalero Shooter\outputs\reststop-blender-v2-2026-09-23\frames\frame-00351.jpg'
01:02.687  render           | Saved: 'C:\Users\ljh\tralalero Shooter\outputs\reststop-blender-v2-2026-09-23\frames\frame-00352.jpg'
01:02.906  render           | Saved: 'C:\Users\ljh\tralalero Shooter\outputs\reststop-blender-v2-2026-09-23\frames\frame-00353.jpg'
01:03.140  render           | Saved: 'C:\Users\ljh\tralalero Shooter\outputs\reststop-blender-v2-2026-09-23\frames\frame-00354.jpg'
01:03.375  render           | Saved: 'C:\Users\ljh\tralalero Shooter\outputs\reststop-blender-v2-2026-09-23\frames\frame-00355.jpg'
01:03.593  render           | Saved: 'C:\Users\ljh\tralalero Shooter\outputs\reststop-blender-v2-2026-09-23\frames\frame-00356.jpg'
01:03.828  render           | Saved: 'C:\Users\ljh\tralalero Shooter\outputs\reststop-blender-v2-2026-09-23\frames\frame-00357.jpg'
01:04.047  render           | Saved: 'C:\Users\ljh\tralalero Shooter\outputs\reststop-blender-v2-2026-09-23\frames\frame-00358.jpg'
01:04.265  render           | Saved: 'C:\Users\ljh\tralalero Shooter\outputs\reststop-blender-v2-2026-09-23\frames\frame-00359.jpg'
01:04.484  render           | Saved: 'C:\Users\ljh\tralalero Shooter\outputs\reststop-blender-v2-2026-09-23\frames\frame-00360.jpg'
PROGRESS {"frame": 360, "end": 7200, "count": 360, "elapsed": 63.243367195129395, "mean_seconds_per_frame": 0.1756760213110182}
01:04.718  render           | Saved: 'C:\Users\ljh\tralalero Shooter\outputs\reststop-blender-v2-2026-09-23\frames\frame-00361.jpg'
01:04.937  render           | Saved: 'C:\Users\ljh\tralalero Shooter\outputs\reststop-blender-v2-2026-09-23\frames\frame-00362.jpg'
01:05.156  render           | Saved: 'C:\Users\ljh\tralalero Shooter\outputs\reststop-blender-v2-2026-09-23\frames\frame-00363.jpg'
01:05.390  render           | Saved: 'C:\Users\ljh\tralalero Shooter\outputs\reststop-blender-v2-2026-09-23\frames\frame-00364.jpg'
01:05.609  render           | Saved: 'C:\Users\ljh\tralalero Shooter\outputs\reststop-blender-v2-2026-09-23\frames\frame-00365.jpg'
01:05.843  render           | Saved: 'C:\Users\ljh\tralalero Shooter\outputs\reststop-blender-v2-2026-09-23\frames\frame-00366.jpg'
01:06.093  render           | Saved: 'C:\Users\ljh\tralalero Shooter\outputs\reststop-blender-v2-2026-09-23\frames\frame-00367.jpg'
01:06.328  render           | Saved: 'C:\Users\ljh\tralalero Shooter\outputs\reststop-blender-v2-2026-09-23\frames\frame-00368.jpg'
01:06.562  render           | Saved: 'C:\Users\ljh\tralalero Shooter\outputs\reststop-blender-v2-2026-09-23\frames\frame-00369.jpg'
01:06.781  render           | Saved: 'C:\Users\ljh\tralalero Shooter\outputs\reststop-blender-v2-2026-09-23\frames\frame-00370.jpg'
01:07.015  render           | Saved: 'C:\Users\ljh\tralalero Shooter\outputs\reststop-blender-v2-2026-09-23\frames\frame-00371.jpg'
01:07.250  render           | Saved: 'C:\Users\ljh\tralalero Shooter\outputs\reststop-blender-v2-2026-09-23\frames\frame-00372.jpg'
01:07.468  render           | Saved: 'C:\Users\ljh\tralalero Shooter\outputs\reststop-blender-v2-2026-09-23\frames\frame-00373.jpg'
01:07.703  render           | Saved: 'C:\Users\ljh\tralalero Shooter\outputs\reststop-blender-v2-2026-09-23\frames\frame-00374.jpg'
01:07.953  render           | Saved: 'C:\Users\ljh\tralalero Shooter\outputs\reststop-blender-v2-2026-09-23\frames\frame-00375.jpg'
01:08.218  render           | Saved: 'C:\Users\ljh\tralalero Shooter\outputs\reststop-blender-v2-2026-09-23\frames\frame-00376.jpg'
01:08.468  render           | Saved: 'C:\Users\ljh\tralalero Shooter\outputs\reststop-blender-v2-2026-09-23\frames\frame-00377.jpg'
01:08.718  render           | Saved: 'C:\Users\ljh\tralalero Shooter\outputs\reststop-blender-v2-2026-09-23\frames\frame-00378.jpg'
01:08.968  render           | Saved: 'C:\Users\ljh\tralalero Shooter\outputs\reststop-blender-v2-2026-09-23\frames\frame-00379.jpg'
01:09.234  render           | Saved: 'C:\Users\ljh\tralalero Shooter\outputs\reststop-blender-v2-2026-09-23\frames\frame-00380.jpg'
01:09.500  render           | Saved: 'C:\Users\ljh\tralalero Shooter\outputs\reststop-blender-v2-2026-09-23\frames\frame-00381.jpg'
01:09.750  render           | Saved: 'C:\Users\ljh\tralalero Shooter\outputs\reststop-blender-v2-2026-09-23\frames\frame-00382.jpg'
01:10.015  render           | Saved: 'C:\Users\ljh\tralalero Shooter\outputs\reststop-blender-v2-2026-09-23\frames\frame-00383.jpg'
01:10.265  render           | Saved: 'C:\Users\ljh\tralalero Shooter\outputs\reststop-blender-v2-2026-09-23\frames\frame-00384.jpg'
PROGRESS {"frame": 384, "end": 7200, "count": 384, "elapsed": 69.02575349807739, "mean_seconds_per_frame": 0.17975456888477007}
01:10.531  render           | Saved: 'C:\Users\ljh\tralalero Shooter\outputs\reststop-blender-v2-2026-09-23\frames\frame-00385.jpg'
01:10.781  render           | Saved: 'C:\Users\ljh\tralalero Shooter\outputs\reststop-blender-v2-2026-09-23\frames\frame-00386.jpg'
01:11.031  render           | Saved: 'C:\Users\ljh\tralalero Shooter\outputs\reststop-blender-v2-2026-09-23\frames\frame-00387.jpg'
01:11.281  render           | Saved: 'C:\Users\ljh\tralalero Shooter\outputs\reststop-blender-v2-2026-09-23\frames\frame-00388.jpg'
01:11.547  render           | Saved: 'C:\Users\ljh\tralalero Shooter\outputs\reststop-blender-v2-2026-09-23\frames\frame-00389.jpg'
01:11.797  render           | Saved: 'C:\Users\ljh\tralalero Shooter\outputs\reststop-blender-v2-2026-09-23\frames\frame-00390.jpg'
01:12.062  render           | Saved: 'C:\Users\ljh\tralalero Shooter\outputs\reststop-blender-v2-2026-09-23\frames\frame-00391.jpg'
01:12.312  render           | Saved: 'C:\Users\ljh\tralalero Shooter\outputs\reststop-blender-v2-2026-09-23\frames\frame-00392.jpg'
01:12.578  render           | Saved: 'C:\Users\ljh\tralalero Shooter\outputs\reststop-blender-v2-2026-09-23\frames\frame-00393.jpg'
01:12.828  render           | Saved: 'C:\Users\ljh\tralalero Shooter\outputs\reststop-blender-v2-2026-09-23\frames\frame-00394.jpg'
01:13.078  render           | Saved: 'C:\Users\ljh\tralalero Shooter\outputs\reststop-blender-v2-2026-09-23\frames\frame-00395.jpg'
01:13.343  render           | Saved: 'C:\Users\ljh\tralalero Shooter\outputs\reststop-blender-v2-2026-09-23\frames\frame-00396.jpg'
01:13.593  render           | Saved: 'C:\Users\ljh\tralalero Shooter\outputs\reststop-blender-v2-2026-09-23\frames\frame-00397.jpg'
01:13.843  render           | Saved: 'C:\Users\ljh\tralalero Shooter\outputs\reststop-blender-v2-2026-09-23\frames\frame-00398.jpg'
01:14.109  render           | Saved: 'C:\Users\ljh\tralalero Shooter\outputs\reststop-blender-v2-2026-09-23\frames\frame-00399.jpg'
01:14.359  render           | Saved: 'C:\Users\ljh\tralalero Shooter\outputs\reststop-blender-v2-2026-09-23\frames\frame-00400.jpg'
01:14.609  render           | Saved: 'C:\Users\ljh\tralalero Shooter\outputs\reststop-blender-v2-2026-09-23\frames\frame-00401.jpg'
01:14.875  render           | Saved: 'C:\Users\ljh\tralalero Shooter\outputs\reststop-blender-v2-2026-09-23\frames\frame-00402.jpg'
01:15.125  render           | Saved: 'C:\Users\ljh\tralalero Shooter\outputs\reststop-blender-v2-2026-09-23\frames\frame-00403.jpg'
01:15.375  render           | Saved: 'C:\Users\ljh\tralalero Shooter\outputs\reststop-blender-v2-2026-09-23\frames\frame-00404.jpg'
01:15.625  render           | Saved: 'C:\Users\ljh\tralalero Shooter\outputs\reststop-blender-v2-2026-09-23\frames\frame-00405.jpg'
01:15.890  render           | Saved: 'C:\Users\ljh\tralalero Shooter\outputs\reststop-blender-v2-2026-09-23\frames\frame-00406.jpg'
01:16.140  render           | Saved: 'C:\Users\ljh\tralalero Shooter\outputs\reststop-blender-v2-2026-09-23\frames\frame-00407.jpg'
01:16.406  render           | Saved: 'C:\Users\ljh\tralalero Shooter\outputs\reststop-blender-v2-2026-09-23\frames\frame-00408.jpg'
PROGRESS {"frame": 408, "end": 7200, "count": 408, "elapsed": 75.15600848197937, "mean_seconds_per_frame": 0.1842059048951841}
01:16.672  render           | Saved: 'C:\Users\ljh\tralalero Shooter\outputs\reststop-blender-v2-2026-09-23\frames\frame-00409.jpg'
01:16.922  render           | Saved: 'C:\Users\ljh\tralalero Shooter\outputs\reststop-blender-v2-2026-09-23\frames\frame-00410.jpg'
01:17.187  render           | Saved: 'C:\Users\ljh\tralalero Shooter\outputs\reststop-blender-v2-2026-09-23\frames\frame-00411.jpg'
01:17.453  render           | Saved: 'C:\Users\ljh\tralalero Shooter\outputs\reststop-blender-v2-2026-09-23\frames\frame-00412.jpg'
01:17.703  render           | Saved: 'C:\Users\ljh\tralalero Shooter\outputs\reststop-blender-v2-2026-09-23\frames\frame-00413.jpg'
01:17.953  render           | Saved: 'C:\Users\ljh\tralalero Shooter\outputs\reststop-blender-v2-2026-09-23\frames\frame-00414.jpg'
01:18.218  render           | Saved: 'C:\Users\ljh\tralalero Shooter\outputs\reststop-blender-v2-2026-09-23\frames\frame-00415.jpg'
01:18.484  render           | Saved: 'C:\Users\ljh\tralalero Shooter\outputs\reststop-blender-v2-2026-09-23\frames\frame-00416.jpg'
01:18.750  render           | Saved: 'C:\Users\ljh\tralalero Shooter\outputs\reststop-blender-v2-2026-09-23\frames\frame-00417.jpg'
01:19.000  render           | Saved: 'C:\Users\ljh\tralalero Shooter\outputs\reststop-blender-v2-2026-09-23\frames\frame-00418.jpg'
01:19.265  render           | Saved: 'C:\Users\ljh\tralalero Shooter\outputs\reststop-blender-v2-2026-09-23\frames\frame-00419.jpg'
01:19.531  render           | Saved: 'C:\Users\ljh\tralalero Shooter\outputs\reststop-blender-v2-2026-09-23\frames\frame-00420.jpg'
01:19.781  render           | Saved: 'C:\Users\ljh\tralalero Shooter\outputs\reststop-blender-v2-2026-09-23\frames\frame-00421.jpg'
01:20.047  render           | Saved: 'C:\Users\ljh\tralalero Shooter\outputs\reststop-blender-v2-2026-09-23\frames\frame-00422.jpg'
01:20.297  render           | Saved: 'C:\Users\ljh\tralalero Shooter\outputs\reststop-blender-v2-2026-09-23\frames\frame-00423.jpg'
01:20.562  render           | Saved: 'C:\Users\ljh\tralalero Shooter\outputs\reststop-blender-v2-2026-09-23\frames\frame-00424.jpg'
01:20.812  render           | Saved: 'C:\Users\ljh\tralalero Shooter\outputs\reststop-blender-v2-2026-09-23\frames\frame-00425.jpg'
01:21.078  render           | Saved: 'C:\Users\ljh\tralalero Shooter\outputs\reststop-blender-v2-2026-09-23\frames\frame-00426.jpg'
01:21.328  render           | Saved: 'C:\Users\ljh\tralalero Shooter\outputs\reststop-blender-v2-2026-09-23\frames\frame-00427.jpg'
01:21.593  render           | Saved: 'C:\Users\ljh\tralalero Shooter\outputs\reststop-blender-v2-2026-09-23\frames\frame-00428.jpg'
01:21.843  render           | Saved: 'C:\Users\ljh\tralalero Shooter\outputs\reststop-blender-v2-2026-09-23\frames\frame-00429.jpg'
01:22.109  render           | Saved: 'C:\Users\ljh\tralalero Shooter\outputs\reststop-blender-v2-2026-09-23\frames\frame-00430.jpg'
01:22.359  render           | Saved: 'C:\Users\ljh\tralalero Shooter\outputs\reststop-blender-v2-2026-09-23\frames\frame-00431.jpg'
01:22.609  render           | Saved: 'C:\Users\ljh\tralalero Shooter\outputs\reststop-blender-v2-2026-09-23\frames\frame-00432.jpg'
PROGRESS {"frame": 432, "end": 7200, "count": 432, "elapsed": 81.36841678619385, "mean_seconds_per_frame": 0.18835281773849769}
01:22.875  render           | Saved: 'C:\Users\ljh\tralalero Shooter\outputs\reststop-blender-v2-2026-09-23\frames\frame-00433.jpg'
01:23.125  render           | Saved: 'C:\Users\ljh\tralalero Shooter\outputs\reststop-blender-v2-2026-09-23\frames\frame-00434.jpg'
01:23.390  render           | Saved: 'C:\Users\ljh\tralalero Shooter\outputs\reststop-blender-v2-2026-09-23\frames\frame-00435.jpg'
01:23.625  render           | Saved: 'C:\Users\ljh\tralalero Shooter\outputs\reststop-blender-v2-2026-09-23\frames\frame-00436.jpg'
01:23.859  render           | Saved: 'C:\Users\ljh\tralalero Shooter\outputs\reststop-blender-v2-2026-09-23\frames\frame-00437.jpg'
01:24.093  render           | Saved: 'C:\Users\ljh\tralalero Shooter\outputs\reststop-blender-v2-2026-09-23\frames\frame-00438.jpg'
01:24.343  render           | Saved: 'C:\Users\ljh\tralalero Shooter\outputs\reststop-blender-v2-2026-09-23\frames\frame-00439.jpg'
01:24.578  render           | Saved: 'C:\Users\ljh\tralalero Shooter\outputs\reststop-blender-v2-2026-09-23\frames\frame-00440.jpg'
01:24.812  render           | Saved: 'C:\Users\ljh\tralalero Shooter\outputs\reststop-blender-v2-2026-09-23\frames\frame-00441.jpg'
01:25.047  render           | Saved: 'C:\Users\ljh\tralalero Shooter\outputs\reststop-blender-v2-2026-09-23\frames\frame-00442.jpg'
01:25.281  render           | Saved: 'C:\Users\ljh\tralalero Shooter\outputs\reststop-blender-v2-2026-09-23\frames\frame-00443.jpg'
01:25.515  render           | Saved: 'C:\Users\ljh\tralalero Shooter\outputs\reststop-blender-v2-2026-09-23\frames\frame-00444.jpg'
01:25.750  render           | Saved: 'C:\Users\ljh\tralalero Shooter\outputs\reststop-blender-v2-2026-09-23\frames\frame-00445.jpg'
01:25.984  render           | Saved: 'C:\Users\ljh\tralalero Shooter\outputs\reststop-blender-v2-2026-09-23\frames\frame-00446.jpg'
01:26.218  render           | Saved: 'C:\Users\ljh\tralalero Shooter\outputs\reststop-blender-v2-2026-09-23\frames\frame-00447.jpg'
01:26.453  render           | Saved: 'C:\Users\ljh\tralalero Shooter\outputs\reststop-blender-v2-2026-09-23\frames\frame-00448.jpg'
01:26.687  render           | Saved: 'C:\Users\ljh\tralalero Shooter\outputs\reststop-blender-v2-2026-09-23\frames\frame-00449.jpg'
01:26.922  render           | Saved: 'C:\Users\ljh\tralalero Shooter\outputs\reststop-blender-v2-2026-09-23\frames\frame-00450.jpg'
01:27.156  render           | Saved: 'C:\Users\ljh\tralalero Shooter\outputs\reststop-blender-v2-2026-09-23\frames\frame-00451.jpg'
01:27.390  render           | Saved: 'C:\Users\ljh\tralalero Shooter\outputs\reststop-blender-v2-2026-09-23\frames\frame-00452.jpg'
01:27.625  render           | Saved: 'C:\Users\ljh\tralalero Shooter\outputs\reststop-blender-v2-2026-09-23\frames\frame-00453.jpg'
01:27.875  render           | Saved: 'C:\Users\ljh\tralalero Shooter\outputs\reststop-blender-v2-2026-09-23\frames\frame-00454.jpg'
01:28.109  render           | Saved: 'C:\Users\ljh\tralalero Shooter\outputs\reststop-blender-v2-2026-09-23\frames\frame-00455.jpg'
01:28.343  render           | Saved: 'C:\Users\ljh\tralalero Shooter\outputs\reststop-blender-v2-2026-09-23\frames\frame-00456.jpg'
PROGRESS {"frame": 456, "end": 7200, "count": 456, "elapsed": 87.09403681755066, "mean_seconds_per_frame": 0.19099569634387367}
01:28.578  render           | Saved: 'C:\Users\ljh\tralalero Shooter\outputs\reststop-blender-v2-2026-09-23\frames\frame-00457.jpg'
01:28.812  render           | Saved: 'C:\Users\ljh\tralalero Shooter\outputs\reststop-blender-v2-2026-09-23\frames\frame-00458.jpg'
01:29.047  render           | Saved: 'C:\Users\ljh\tralalero Shooter\outputs\reststop-blender-v2-2026-09-23\frames\frame-00459.jpg'
01:29.281  render           | Saved: 'C:\Users\ljh\tralalero Shooter\outputs\reststop-blender-v2-2026-09-23\frames\frame-00460.jpg'
01:29.515  render           | Saved: 'C:\Users\ljh\tralalero Shooter\outputs\reststop-blender-v2-2026-09-23\frames\frame-00461.jpg'
01:29.750  render           | Saved: 'C:\Users\ljh\tralalero Shooter\outputs\reststop-blender-v2-2026-09-23\frames\frame-00462.jpg'
01:29.984  render           | Saved: 'C:\Users\ljh\tralalero Shooter\outputs\reststop-blender-v2-2026-09-23\frames\frame-00463.jpg'
01:30.218  render           | Saved: 'C:\Users\ljh\tralalero Shooter\outputs\reststop-blender-v2-2026-09-23\frames\frame-00464.jpg'
01:30.453  render           | Saved: 'C:\Users\ljh\tralalero Shooter\outputs\reststop-blender-v2-2026-09-23\frames\frame-00465.jpg'
01:30.687  render           | Saved: 'C:\Users\ljh\tralalero Shooter\outputs\reststop-blender-v2-2026-09-23\frames\frame-00466.jpg'
01:30.922  render           | Saved: 'C:\Users\ljh\tralalero Shooter\outputs\reststop-blender-v2-2026-09-23\frames\frame-00467.jpg'
01:31.156  render           | Saved: 'C:\Users\ljh\tralalero Shooter\outputs\reststop-blender-v2-2026-09-23\frames\frame-00468.jpg'
01:31.390  render           | Saved: 'C:\Users\ljh\tralalero Shooter\outputs\reststop-blender-v2-2026-09-23\frames\frame-00469.jpg'
01:31.625  render           | Saved: 'C:\Users\ljh\tralalero Shooter\outputs\reststop-blender-v2-2026-09-23\frames\frame-00470.jpg'
01:31.859  render           | Saved: 'C:\Users\ljh\tralalero Shooter\outputs\reststop-blender-v2-2026-09-23\frames\frame-00471.jpg'
01:32.093  render           | Saved: 'C:\Users\ljh\tralalero Shooter\outputs\reststop-blender-v2-2026-09-23\frames\frame-00472.jpg'
01:32.312  render           | Saved: 'C:\Users\ljh\tralalero Shooter\outputs\reststop-blender-v2-2026-09-23\frames\frame-00473.jpg'
01:32.562  render           | Saved: 'C:\Users\ljh\tralalero Shooter\outputs\reststop-blender-v2-2026-09-23\frames\frame-00474.jpg'
01:32.781  render           | Saved: 'C:\Users\ljh\tralalero Shooter\outputs\reststop-blender-v2-2026-09-23\frames\frame-00475.jpg'
01:33.031  render           | Saved: 'C:\Users\ljh\tralalero Shooter\outputs\reststop-blender-v2-2026-09-23\frames\frame-00476.jpg'
01:33.281  render           | Saved: 'C:\Users\ljh\tralalero Shooter\outputs\reststop-blender-v2-2026-09-23\frames\frame-00477.jpg'
01:33.500  render           | Saved: 'C:\Users\ljh\tralalero Shooter\outputs\reststop-blender-v2-2026-09-23\frames\frame-00478.jpg'
01:33.750  render           | Saved: 'C:\Users\ljh\tralalero Shooter\outputs\reststop-blender-v2-2026-09-23\frames\frame-00479.jpg'
01:33.984  render           | Saved: 'C:\Users\ljh\tralalero Shooter\outputs\reststop-blender-v2-2026-09-23\frames\frame-00480.jpg'
PROGRESS {"frame": 480, "end": 7200, "count": 480, "elapsed": 92.73485827445984, "mean_seconds_per_frame": 0.1931976223985354}
01:34.218  render           | Saved: 'C:\Users\ljh\tralalero Shooter\outputs\reststop-blender-v2-2026-09-23\frames\frame-00481.jpg'
01:34.453  render           | Saved: 'C:\Users\ljh\tralalero Shooter\outputs\reststop-blender-v2-2026-09-23\frames\frame-00482.jpg'
01:34.687  render           | Saved: 'C:\Users\ljh\tralalero Shooter\outputs\reststop-blender-v2-2026-09-23\frames\frame-00483.jpg'
01:34.906  render           | Saved: 'C:\Users\ljh\tralalero Shooter\outputs\reststop-blender-v2-2026-09-23\frames\frame-00484.jpg'
01:35.156  render           | Saved: 'C:\Users\ljh\tralalero Shooter\outputs\reststop-blender-v2-2026-09-23\frames\frame-00485.jpg'
01:35.375  render           | Saved: 'C:\Users\ljh\tralalero Shooter\outputs\reststop-blender-v2-2026-09-23\frames\frame-00486.jpg'
01:35.609  render           | Saved: 'C:\Users\ljh\tralalero Shooter\outputs\reststop-blender-v2-2026-09-23\frames\frame-00487.jpg'
01:35.843  render           | Saved: 'C:\Users\ljh\tralalero Shooter\outputs\reststop-blender-v2-2026-09-23\frames\frame-00488.jpg'
01:36.062  render           | Saved: 'C:\Users\ljh\tralalero Shooter\outputs\reststop-blender-v2-2026-09-23\frames\frame-00489.jpg'
01:36.297  render           | Saved: 'C:\Users\ljh\tralalero Shooter\outputs\reststop-blender-v2-2026-09-23\frames\frame-00490.jpg'
01:36.531  render           | Saved: 'C:\Users\ljh\tralalero Shooter\outputs\reststop-blender-v2-2026-09-23\frames\frame-00491.jpg'
01:36.750  render           | Saved: 'C:\Users\ljh\tralalero Shooter\outputs\reststop-blender-v2-2026-09-23\frames\frame-00492.jpg'
01:36.984  render           | Saved: 'C:\Users\ljh\tralalero Shooter\outputs\reststop-blender-v2-2026-09-23\frames\frame-00493.jpg'
01:37.218  render           | Saved: 'C:\Users\ljh\tralalero Shooter\outputs\reststop-blender-v2-2026-09-23\frames\frame-00494.jpg'
01:37.453  render           | Saved: 'C:\Users\ljh\tralalero Shooter\outputs\reststop-blender-v2-2026-09-23\frames\frame-00495.jpg'
01:37.687  render           | Saved: 'C:\Users\ljh\tralalero Shooter\outputs\reststop-blender-v2-2026-09-23\frames\frame-00496.jpg'
01:37.922  render           | Saved: 'C:\Users\ljh\tralalero Shooter\outputs\reststop-blender-v2-2026-09-23\frames\frame-00497.jpg'
01:38.156  render           | Saved: 'C:\Users\ljh\tralalero Shooter\outputs\reststop-blender-v2-2026-09-23\frames\frame-00498.jpg'
01:38.375  render           | Saved: 'C:\Users\ljh\tralalero Shooter\outputs\reststop-blender-v2-2026-09-23\frames\frame-00499.jpg'
01:38.609  render           | Saved: 'C:\Users\ljh\tralalero Shooter\outputs\reststop-blender-v2-2026-09-23\frames\frame-00500.jpg'
01:38.843  render           | Saved: 'C:\Users\ljh\tralalero Shooter\outputs\reststop-blender-v2-2026-09-23\frames\frame-00501.jpg'
01:39.078  render           | Saved: 'C:\Users\ljh\tralalero Shooter\outputs\reststop-blender-v2-2026-09-23\frames\frame-00502.jpg'
01:39.297  render           | Saved: 'C:\Users\ljh\tralalero Shooter\outputs\reststop-blender-v2-2026-09-23\frames\frame-00503.jpg'
01:39.531  render           | Saved: 'C:\Users\ljh\tralalero Shooter\outputs\reststop-blender-v2-2026-09-23\frames\frame-00504.jpg'
PROGRESS {"frame": 504, "end": 7200, "count": 504, "elapsed": 98.28451299667358, "mean_seconds_per_frame": 0.1950089553045848}
01:39.765  render           | Saved: 'C:\Users\ljh\tralalero Shooter\outputs\reststop-blender-v2-2026-09-23\frames\frame-00505.jpg'
01:39.984  render           | Saved: 'C:\Users\ljh\tralalero Shooter\outputs\reststop-blender-v2-2026-09-23\frames\frame-00506.jpg'
01:40.218  render           | Saved: 'C:\Users\ljh\tralalero Shooter\outputs\reststop-blender-v2-2026-09-23\frames\frame-00507.jpg'
01:40.453  render           | Saved: 'C:\Users\ljh\tralalero Shooter\outputs\reststop-blender-v2-2026-09-23\frames\frame-00508.jpg'
01:40.672  render           | Saved: 'C:\Users\ljh\tralalero Shooter\outputs\reststop-blender-v2-2026-09-23\frames\frame-00509.jpg'
01:40.906  render           | Saved: 'C:\Users\ljh\tralalero Shooter\outputs\reststop-blender-v2-2026-09-23\frames\frame-00510.jpg'
01:41.140  render           | Saved: 'C:\Users\ljh\tralalero Shooter\outputs\reststop-blender-v2-2026-09-23\frames\frame-00511.jpg'
01:41.375  render           | Saved: 'C:\Users\ljh\tralalero Shooter\outputs\reststop-blender-v2-2026-09-23\frames\frame-00512.jpg'
01:41.593  render           | Saved: 'C:\Users\ljh\tralalero Shooter\outputs\reststop-blender-v2-2026-09-23\frames\frame-00513.jpg'
01:41.828  render           | Saved: 'C:\Users\ljh\tralalero Shooter\outputs\reststop-blender-v2-2026-09-23\frames\frame-00514.jpg'
01:42.047  render           | Saved: 'C:\Users\ljh\tralalero Shooter\outputs\reststop-blender-v2-2026-09-23\frames\frame-00515.jpg'
01:42.281  render           | Saved: 'C:\Users\ljh\tralalero Shooter\outputs\reststop-blender-v2-2026-09-23\frames\frame-00516.jpg'
01:42.500  render           | Saved: 'C:\Users\ljh\tralalero Shooter\outputs\reststop-blender-v2-2026-09-23\frames\frame-00517.jpg'
01:42.734  render           | Saved: 'C:\Users\ljh\tralalero Shooter\outputs\reststop-blender-v2-2026-09-23\frames\frame-00518.jpg'
01:42.968  render           | Saved: 'C:\Users\ljh\tralalero Shooter\outputs\reststop-blender-v2-2026-09-23\frames\frame-00519.jpg'
01:43.203  render           | Saved: 'C:\Users\ljh\tralalero Shooter\outputs\reststop-blender-v2-2026-09-23\frames\frame-00520.jpg'
01:43.437  render           | Saved: 'C:\Users\ljh\tralalero Shooter\outputs\reststop-blender-v2-2026-09-23\frames\frame-00521.jpg'
01:43.656  render           | Saved: 'C:\Users\ljh\tralalero Shooter\outputs\reststop-blender-v2-2026-09-23\frames\frame-00522.jpg'
01:43.906  render           | Saved: 'C:\Users\ljh\tralalero Shooter\outputs\reststop-blender-v2-2026-09-23\frames\frame-00523.jpg'
01:44.125  render           | Saved: 'C:\Users\ljh\tralalero Shooter\outputs\reststop-blender-v2-2026-09-23\frames\frame-00524.jpg'
01:44.375  render           | Saved: 'C:\Users\ljh\tralalero Shooter\outputs\reststop-blender-v2-2026-09-23\frames\frame-00525.jpg'
01:44.609  render           | Saved: 'C:\Users\ljh\tralalero Shooter\outputs\reststop-blender-v2-2026-09-23\frames\frame-00526.jpg'
01:44.843  render           | Saved: 'C:\Users\ljh\tralalero Shooter\outputs\reststop-blender-v2-2026-09-23\frames\frame-00527.jpg'
01:45.078  render           | Saved: 'C:\Users\ljh\tralalero Shooter\outputs\reststop-blender-v2-2026-09-23\frames\frame-00528.jpg'
PROGRESS {"frame": 528, "end": 7200, "count": 528, "elapsed": 103.82570195198059, "mean_seconds_per_frame": 0.19663958793336694}
01:45.297  render           | Saved: 'C:\Users\ljh\tralalero Shooter\outputs\reststop-blender-v2-2026-09-23\frames\frame-00529.jpg'
01:45.531  render           | Saved: 'C:\Users\ljh\tralalero Shooter\outputs\reststop-blender-v2-2026-09-23\frames\frame-00530.jpg'
01:45.765  render           | Saved: 'C:\Users\ljh\tralalero Shooter\outputs\reststop-blender-v2-2026-09-23\frames\frame-00531.jpg'
01:45.984  render           | Saved: 'C:\Users\ljh\tralalero Shooter\outputs\reststop-blender-v2-2026-09-23\frames\frame-00532.jpg'
01:46.218  render           | Saved: 'C:\Users\ljh\tralalero Shooter\outputs\reststop-blender-v2-2026-09-23\frames\frame-00533.jpg'
01:46.453  render           | Saved: 'C:\Users\ljh\tralalero Shooter\outputs\reststop-blender-v2-2026-09-23\frames\frame-00534.jpg'
01:46.672  render           | Saved: 'C:\Users\ljh\tralalero Shooter\outputs\reststop-blender-v2-2026-09-23\frames\frame-00535.jpg'
01:46.906  render           | Saved: 'C:\Users\ljh\tralalero Shooter\outputs\reststop-blender-v2-2026-09-23\frames\frame-00536.jpg'
01:47.125  render           | Saved: 'C:\Users\ljh\tralalero Shooter\outputs\reststop-blender-v2-2026-09-23\frames\frame-00537.jpg'
01:47.359  render           | Saved: 'C:\Users\ljh\tralalero Shooter\outputs\reststop-blender-v2-2026-09-23\frames\frame-00538.jpg'
01:47.593  render           | Saved: 'C:\Users\ljh\tralalero Shooter\outputs\reststop-blender-v2-2026-09-23\frames\frame-00539.jpg'
01:47.812  render           | Saved: 'C:\Users\ljh\tralalero Shooter\outputs\reststop-blender-v2-2026-09-23\frames\frame-00540.jpg'
01:48.047  render           | Saved: 'C:\Users\ljh\tralalero Shooter\outputs\reststop-blender-v2-2026-09-23\frames\frame-00541.jpg'
01:48.265  render           | Saved: 'C:\Users\ljh\tralalero Shooter\outputs\reststop-blender-v2-2026-09-23\frames\frame-00542.jpg'
01:48.500  render           | Saved: 'C:\Users\ljh\tralalero Shooter\outputs\reststop-blender-v2-2026-09-23\frames\frame-00543.jpg'
01:48.718  render           | Saved: 'C:\Users\ljh\tralalero Shooter\outputs\reststop-blender-v2-2026-09-23\frames\frame-00544.jpg'
01:48.953  render           | Saved: 'C:\Users\ljh\tralalero Shooter\outputs\reststop-blender-v2-2026-09-23\frames\frame-00545.jpg'
01:49.187  render           | Saved: 'C:\Users\ljh\tralalero Shooter\outputs\reststop-blender-v2-2026-09-23\frames\frame-00546.jpg'
01:49.422  render           | Saved: 'C:\Users\ljh\tralalero Shooter\outputs\reststop-blender-v2-2026-09-23\frames\frame-00547.jpg'
01:49.640  render           | Saved: 'C:\Users\ljh\tralalero Shooter\outputs\reststop-blender-v2-2026-09-23\frames\frame-00548.jpg'
01:49.875  render           | Saved: 'C:\Users\ljh\tralalero Shooter\outputs\reststop-blender-v2-2026-09-23\frames\frame-00549.jpg'
01:50.109  render           | Saved: 'C:\Users\ljh\tralalero Shooter\outputs\reststop-blender-v2-2026-09-23\frames\frame-00550.jpg'
01:50.343  render           | Saved: 'C:\Users\ljh\tralalero Shooter\outputs\reststop-blender-v2-2026-09-23\frames\frame-00551.jpg'
01:50.578  render           | Saved: 'C:\Users\ljh\tralalero Shooter\outputs\reststop-blender-v2-2026-09-23\frames\frame-00552.jpg'
PROGRESS {"frame": 552, "end": 7200, "count": 552, "elapsed": 109.32777285575867, "mean_seconds_per_frame": 0.19805756081705508}
01:50.797  render           | Saved: 'C:\Users\ljh\tralalero Shooter\outputs\reststop-blender-v2-2026-09-23\frames\frame-00553.jpg'
01:51.031  render           | Saved: 'C:\Users\ljh\tralalero Shooter\outputs\reststop-blender-v2-2026-09-23\frames\frame-00554.jpg'
01:51.265  render           | Saved: 'C:\Users\ljh\tralalero Shooter\outputs\reststop-blender-v2-2026-09-23\frames\frame-00555.jpg'
01:51.484  render           | Saved: 'C:\Users\ljh\tralalero Shooter\outputs\reststop-blender-v2-2026-09-23\frames\frame-00556.jpg'
01:51.718  render           | Saved: 'C:\Users\ljh\tralalero Shooter\outputs\reststop-blender-v2-2026-09-23\frames\frame-00557.jpg'
01:51.953  render           | Saved: 'C:\Users\ljh\tralalero Shooter\outputs\reststop-blender-v2-2026-09-23\frames\frame-00558.jpg'
01:52.187  render           | Saved: 'C:\Users\ljh\tralalero Shooter\outputs\reststop-blender-v2-2026-09-23\frames\frame-00559.jpg'
01:52.422  render           | Saved: 'C:\Users\ljh\tralalero Shooter\outputs\reststop-blender-v2-2026-09-23\frames\frame-00560.jpg'
01:52.640  render           | Saved: 'C:\Users\ljh\tralalero Shooter\outputs\reststop-blender-v2-2026-09-23\frames\frame-00561.jpg'
01:52.875  render           | Saved: 'C:\Users\ljh\tralalero Shooter\outputs\reststop-blender-v2-2026-09-23\frames\frame-00562.jpg'
01:53.109  render           | Saved: 'C:\Users\ljh\tralalero Shooter\outputs\reststop-blender-v2-2026-09-23\frames\frame-00563.jpg'
01:53.328  render           | Saved: 'C:\Users\ljh\tralalero Shooter\outputs\reststop-blender-v2-2026-09-23\frames\frame-00564.jpg'
01:53.562  render           | Saved: 'C:\Users\ljh\tralalero Shooter\outputs\reststop-blender-v2-2026-09-23\frames\frame-00565.jpg'
01:53.797  render           | Saved: 'C:\Users\ljh\tralalero Shooter\outputs\reststop-blender-v2-2026-09-23\frames\frame-00566.jpg'
01:54.015  render           | Saved: 'C:\Users\ljh\tralalero Shooter\outputs\reststop-blender-v2-2026-09-23\frames\frame-00567.jpg'
01:54.250  render           | Saved: 'C:\Users\ljh\tralalero Shooter\outputs\reststop-blender-v2-2026-09-23\frames\frame-00568.jpg'
01:54.484  render           | Saved: 'C:\Users\ljh\tralalero Shooter\outputs\reststop-blender-v2-2026-09-23\frames\frame-00569.jpg'
01:54.734  render           | Saved: 'C:\Users\ljh\tralalero Shooter\outputs\reststop-blender-v2-2026-09-23\frames\frame-00570.jpg'
01:54.953  render           | Saved: 'C:\Users\ljh\tralalero Shooter\outputs\reststop-blender-v2-2026-09-23\frames\frame-00571.jpg'
01:55.187  render           | Saved: 'C:\Users\ljh\tralalero Shooter\outputs\reststop-blender-v2-2026-09-23\frames\frame-00572.jpg'
01:55.422  render           | Saved: 'C:\Users\ljh\tralalero Shooter\outputs\reststop-blender-v2-2026-09-23\frames\frame-00573.jpg'
01:55.656  render           | Saved: 'C:\Users\ljh\tralalero Shooter\outputs\reststop-blender-v2-2026-09-23\frames\frame-00574.jpg'
01:55.890  render           | Saved: 'C:\Users\ljh\tralalero Shooter\outputs\reststop-blender-v2-2026-09-23\frames\frame-00575.jpg'
01:56.125  render           | Saved: 'C:\Users\ljh\tralalero Shooter\outputs\reststop-blender-v2-2026-09-23\frames\frame-00576.jpg'
PROGRESS {"frame": 576, "end": 7200, "count": 576, "elapsed": 114.8733651638031, "mean_seconds_per_frame": 0.19943292645944488}
01:56.343  render           | Saved: 'C:\Users\ljh\tralalero Shooter\outputs\reststop-blender-v2-2026-09-23\frames\frame-00577.jpg'
01:56.578  render           | Saved: 'C:\Users\ljh\tralalero Shooter\outputs\reststop-blender-v2-2026-09-23\frames\frame-00578.jpg'
01:56.812  render           | Saved: 'C:\Users\ljh\tralalero Shooter\outputs\reststop-blender-v2-2026-09-23\frames\frame-00579.jpg'
01:57.047  render           | Saved: 'C:\Users\ljh\tralalero Shooter\outputs\reststop-blender-v2-2026-09-23\frames\frame-00580.jpg'
01:57.281  render           | Saved: 'C:\Users\ljh\tralalero Shooter\outputs\reststop-blender-v2-2026-09-23\frames\frame-00581.jpg'
01:57.500  render           | Saved: 'C:\Users\ljh\tralalero Shooter\outputs\reststop-blender-v2-2026-09-23\frames\frame-00582.jpg'
01:57.734  render           | Saved: 'C:\Users\ljh\tralalero Shooter\outputs\reststop-blender-v2-2026-09-23\frames\frame-00583.jpg'
01:57.968  render           | Saved: 'C:\Users\ljh\tralalero Shooter\outputs\reststop-blender-v2-2026-09-23\frames\frame-00584.jpg'
01:58.203  render           | Saved: 'C:\Users\ljh\tralalero Shooter\outputs\reststop-blender-v2-2026-09-23\frames\frame-00585.jpg'
01:58.422  render           | Saved: 'C:\Users\ljh\tralalero Shooter\outputs\reststop-blender-v2-2026-09-23\frames\frame-00586.jpg'
01:58.656  render           | Saved: 'C:\Users\ljh\tralalero Shooter\outputs\reststop-blender-v2-2026-09-23\frames\frame-00587.jpg'
01:58.890  render           | Saved: 'C:\Users\ljh\tralalero Shooter\outputs\reststop-blender-v2-2026-09-23\frames\frame-00588.jpg'
01:59.109  render           | Saved: 'C:\Users\ljh\tralalero Shooter\outputs\reststop-blender-v2-2026-09-23\frames\frame-00589.jpg'
01:59.343  render           | Saved: 'C:\Users\ljh\tralalero Shooter\outputs\reststop-blender-v2-2026-09-23\frames\frame-00590.jpg'
01:59.578  render           | Saved: 'C:\Users\ljh\tralalero Shooter\outputs\reststop-blender-v2-2026-09-23\frames\frame-00591.jpg'
01:59.812  render           | Saved: 'C:\Users\ljh\tralalero Shooter\outputs\reststop-blender-v2-2026-09-23\frames\frame-00592.jpg'
02:00.047  render           | Saved: 'C:\Users\ljh\tralalero Shooter\outputs\reststop-blender-v2-2026-09-23\frames\frame-00593.jpg'
02:00.265  render           | Saved: 'C:\Users\ljh\tralalero Shooter\outputs\reststop-blender-v2-2026-09-23\frames\frame-00594.jpg'
02:00.500  render           | Saved: 'C:\Users\ljh\tralalero Shooter\outputs\reststop-blender-v2-2026-09-23\frames\frame-00595.jpg'
02:00.718  render           | Saved: 'C:\Users\ljh\tralalero Shooter\outputs\reststop-blender-v2-2026-09-23\frames\frame-00596.jpg'
02:00.953  render           | Saved: 'C:\Users\ljh\tralalero Shooter\outputs\reststop-blender-v2-2026-09-23\frames\frame-00597.jpg'
02:01.187  render           | Saved: 'C:\Users\ljh\tralalero Shooter\outputs\reststop-blender-v2-2026-09-23\frames\frame-00598.jpg'
02:01.422  render           | Saved: 'C:\Users\ljh\tralalero Shooter\outputs\reststop-blender-v2-2026-09-23\frames\frame-00599.jpg'
02:01.656  render           | Saved: 'C:\Users\ljh\tralalero Shooter\outputs\reststop-blender-v2-2026-09-23\frames\frame-00600.jpg'
PROGRESS {"frame": 600, "end": 7200, "count": 600, "elapsed": 120.40266060829163, "mean_seconds_per_frame": 0.20067110180854797}
02:01.875  render           | Saved: 'C:\Users\ljh\tralalero Shooter\outputs\reststop-blender-v2-2026-09-23\frames\frame-00601.jpg'
02:02.093  render           | Saved: 'C:\Users\ljh\tralalero Shooter\outputs\reststop-blender-v2-2026-09-23\frames\frame-00602.jpg'
02:02.312  render           | Saved: 'C:\Users\ljh\tralalero Shooter\outputs\reststop-blender-v2-2026-09-23\frames\frame-00603.jpg'
02:02.531  render           | Saved: 'C:\Users\ljh\tralalero Shooter\outputs\reststop-blender-v2-2026-09-23\frames\frame-00604.jpg'
02:02.750  render           | Saved: 'C:\Users\ljh\tralalero Shooter\outputs\reststop-blender-v2-2026-09-23\frames\frame-00605.jpg'
02:02.953  render           | Saved: 'C:\Users\ljh\tralalero Shooter\outputs\reststop-blender-v2-2026-09-23\frames\frame-00606.jpg'
02:03.156  render           | Saved: 'C:\Users\ljh\tralalero Shooter\outputs\reststop-blender-v2-2026-09-23\frames\frame-00607.jpg'
02:03.359  render           | Saved: 'C:\Users\ljh\tralalero Shooter\outputs\reststop-blender-v2-2026-09-23\frames\frame-00608.jpg'
02:03.578  render           | Saved: 'C:\Users\ljh\tralalero Shooter\outputs\reststop-blender-v2-2026-09-23\frames\frame-00609.jpg'
02:03.781  render           | Saved: 'C:\Users\ljh\tralalero Shooter\outputs\reststop-blender-v2-2026-09-23\frames\frame-00610.jpg'
02:03.984  render           | Saved: 'C:\Users\ljh\tralalero Shooter\outputs\reststop-blender-v2-2026-09-23\frames\frame-00611.jpg'
02:04.218  render           | Saved: 'C:\Users\ljh\tralalero Shooter\outputs\reststop-blender-v2-2026-09-23\frames\frame-00612.jpg'
02:04.437  render           | Saved: 'C:\Users\ljh\tralalero Shooter\outputs\reststop-blender-v2-2026-09-23\frames\frame-00613.jpg'
02:04.672  render           | Saved: 'C:\Users\ljh\tralalero Shooter\outputs\reststop-blender-v2-2026-09-23\frames\frame-00614.jpg'
02:04.890  render           | Saved: 'C:\Users\ljh\tralalero Shooter\outputs\reststop-blender-v2-2026-09-23\frames\frame-00615.jpg'
02:05.125  render           | Saved: 'C:\Users\ljh\tralalero Shooter\outputs\reststop-blender-v2-2026-09-23\frames\frame-00616.jpg'
02:05.359  render           | Saved: 'C:\Users\ljh\tralalero Shooter\outputs\reststop-blender-v2-2026-09-23\frames\frame-00617.jpg'
02:05.578  render           | Saved: 'C:\Users\ljh\tralalero Shooter\outputs\reststop-blender-v2-2026-09-23\frames\frame-00618.jpg'
02:05.812  render           | Saved: 'C:\Users\ljh\tralalero Shooter\outputs\reststop-blender-v2-2026-09-23\frames\frame-00619.jpg'
02:06.031  render           | Saved: 'C:\Users\ljh\tralalero Shooter\outputs\reststop-blender-v2-2026-09-23\frames\frame-00620.jpg'
02:06.265  render           | Saved: 'C:\Users\ljh\tralalero Shooter\outputs\reststop-blender-v2-2026-09-23\frames\frame-00621.jpg'
02:06.484  render           | Saved: 'C:\Users\ljh\tralalero Shooter\outputs\reststop-blender-v2-2026-09-23\frames\frame-00622.jpg'
02:06.687  render           | Saved: 'C:\Users\ljh\tralalero Shooter\outputs\reststop-blender-v2-2026-09-23\frames\frame-00623.jpg'
02:06.906  render           | Saved: 'C:\Users\ljh\tralalero Shooter\outputs\reststop-blender-v2-2026-09-23\frames\frame-00624.jpg'
PROGRESS {"frame": 624, "end": 7200, "count": 624, "elapsed": 125.65794324874878, "mean_seconds_per_frame": 0.2013749101987252}
02:07.125  render           | Saved: 'C:\Users\ljh\tralalero Shooter\outputs\reststop-blender-v2-2026-09-23\frames\frame-00625.jpg'
02:07.343  render           | Saved: 'C:\Users\ljh\tralalero Shooter\outputs\reststop-blender-v2-2026-09-23\frames\frame-00626.jpg'
02:07.562  render           | Saved: 'C:\Users\ljh\tralalero Shooter\outputs\reststop-blender-v2-2026-09-23\frames\frame-00627.jpg'
02:07.781  render           | Saved: 'C:\Users\ljh\tralalero Shooter\outputs\reststop-blender-v2-2026-09-23\frames\frame-00628.jpg'
02:08.000  render           | Saved: 'C:\Users\ljh\tralalero Shooter\outputs\reststop-blender-v2-2026-09-23\frames\frame-00629.jpg'
02:08.218  render           | Saved: 'C:\Users\ljh\tralalero Shooter\outputs\reststop-blender-v2-2026-09-23\frames\frame-00630.jpg'
02:08.422  render           | Saved: 'C:\Users\ljh\tralalero Shooter\outputs\reststop-blender-v2-2026-09-23\frames\frame-00631.jpg'
02:08.625  render           | Saved: 'C:\Users\ljh\tralalero Shooter\outputs\reststop-blender-v2-2026-09-23\frames\frame-00632.jpg'
02:08.828  render           | Saved: 'C:\Users\ljh\tralalero Shooter\outputs\reststop-blender-v2-2026-09-23\frames\frame-00633.jpg'
02:09.047  render           | Saved: 'C:\Users\ljh\tralalero Shooter\outputs\reststop-blender-v2-2026-09-23\frames\frame-00634.jpg'
02:09.250  render           | Saved: 'C:\Users\ljh\tralalero Shooter\outputs\reststop-blender-v2-2026-09-23\frames\frame-00635.jpg'
02:09.468  render           | Saved: 'C:\Users\ljh\tralalero Shooter\outputs\reststop-blender-v2-2026-09-23\frames\frame-00636.jpg'
02:09.672  render           | Saved: 'C:\Users\ljh\tralalero Shooter\outputs\reststop-blender-v2-2026-09-23\frames\frame-00637.jpg'
02:09.875  render           | Saved: 'C:\Users\ljh\tralalero Shooter\outputs\reststop-blender-v2-2026-09-23\frames\frame-00638.jpg'
02:10.078  render           | Saved: 'C:\Users\ljh\tralalero Shooter\outputs\reststop-blender-v2-2026-09-23\frames\frame-00639.jpg'
02:10.281  render           | Saved: 'C:\Users\ljh\tralalero Shooter\outputs\reststop-blender-v2-2026-09-23\frames\frame-00640.jpg'
02:10.484  render           | Saved: 'C:\Users\ljh\tralalero Shooter\outputs\reststop-blender-v2-2026-09-23\frames\frame-00641.jpg'
02:10.687  render           | Saved: 'C:\Users\ljh\tralalero Shooter\outputs\reststop-blender-v2-2026-09-23\frames\frame-00642.jpg'
02:10.890  render           | Saved: 'C:\Users\ljh\tralalero Shooter\outputs\reststop-blender-v2-2026-09-23\frames\frame-00643.jpg'
02:11.078  render           | Saved: 'C:\Users\ljh\tralalero Shooter\outputs\reststop-blender-v2-2026-09-23\frames\frame-00644.jpg'
02:11.297  render           | Saved: 'C:\Users\ljh\tralalero Shooter\outputs\reststop-blender-v2-2026-09-23\frames\frame-00645.jpg'
02:11.500  render           | Saved: 'C:\Users\ljh\tralalero Shooter\outputs\reststop-blender-v2-2026-09-23\frames\frame-00646.jpg'
02:11.687  render           | Saved: 'C:\Users\ljh\tralalero Shooter\outputs\reststop-blender-v2-2026-09-23\frames\frame-00647.jpg'
02:11.890  render           | Saved: 'C:\Users\ljh\tralalero Shooter\outputs\reststop-blender-v2-2026-09-23\frames\frame-00648.jpg'
PROGRESS {"frame": 648, "end": 7200, "count": 648, "elapsed": 130.64974665641785, "mean_seconds_per_frame": 0.20161998051184196}
02:12.093  render           | Saved: 'C:\Users\ljh\tralalero Shooter\outputs\reststop-blender-v2-2026-09-23\frames\frame-00649.jpg'
02:12.297  render           | Saved: 'C:\Users\ljh\tralalero Shooter\outputs\reststop-blender-v2-2026-09-23\frames\frame-00650.jpg'
02:12.484  render           | Saved: 'C:\Users\ljh\tralalero Shooter\outputs\reststop-blender-v2-2026-09-23\frames\frame-00651.jpg'
02:12.687  render           | Saved: 'C:\Users\ljh\tralalero Shooter\outputs\reststop-blender-v2-2026-09-23\frames\frame-00652.jpg'
02:12.875  render           | Saved: 'C:\Users\ljh\tralalero Shooter\outputs\reststop-blender-v2-2026-09-23\frames\frame-00653.jpg'
02:13.078  render           | Saved: 'C:\Users\ljh\tralalero Shooter\outputs\reststop-blender-v2-2026-09-23\frames\frame-00654.jpg'
02:13.265  render           | Saved: 'C:\Users\ljh\tralalero Shooter\outputs\reststop-blender-v2-2026-09-23\frames\frame-00655.jpg'
02:13.468  render           | Saved: 'C:\Users\ljh\tralalero Shooter\outputs\reststop-blender-v2-2026-09-23\frames\frame-00656.jpg'
02:13.672  render           | Saved: 'C:\Users\ljh\tralalero Shooter\outputs\reststop-blender-v2-2026-09-23\frames\frame-00657.jpg'
02:13.859  render           | Saved: 'C:\Users\ljh\tralalero Shooter\outputs\reststop-blender-v2-2026-09-23\frames\frame-00658.jpg'
02:14.078  render           | Saved: 'C:\Users\ljh\tralalero Shooter\outputs\reststop-blender-v2-2026-09-23\frames\frame-00659.jpg'
02:14.281  render           | Saved: 'C:\Users\ljh\tralalero Shooter\outputs\reststop-blender-v2-2026-09-23\frames\frame-00660.jpg'
02:14.484  render           | Saved: 'C:\Users\ljh\tralalero Shooter\outputs\reststop-blender-v2-2026-09-23\frames\frame-00661.jpg'
02:14.687  render           | Saved: 'C:\Users\ljh\tralalero Shooter\outputs\reststop-blender-v2-2026-09-23\frames\frame-00662.jpg'
02:14.890  render           | Saved: 'C:\Users\ljh\tralalero Shooter\outputs\reststop-blender-v2-2026-09-23\frames\frame-00663.jpg'
02:15.093  render           | Saved: 'C:\Users\ljh\tralalero Shooter\outputs\reststop-blender-v2-2026-09-23\frames\frame-00664.jpg'
02:15.312  render           | Saved: 'C:\Users\ljh\tralalero Shooter\outputs\reststop-blender-v2-2026-09-23\frames\frame-00665.jpg'
02:15.531  render           | Saved: 'C:\Users\ljh\tralalero Shooter\outputs\reststop-blender-v2-2026-09-23\frames\frame-00666.jpg'
02:15.750  render           | Saved: 'C:\Users\ljh\tralalero Shooter\outputs\reststop-blender-v2-2026-09-23\frames\frame-00667.jpg'
02:15.968  render           | Saved: 'C:\Users\ljh\tralalero Shooter\outputs\reststop-blender-v2-2026-09-23\frames\frame-00668.jpg'
02:16.187  render           | Saved: 'C:\Users\ljh\tralalero Shooter\outputs\reststop-blender-v2-2026-09-23\frames\frame-00669.jpg'
02:16.406  render           | Saved: 'C:\Users\ljh\tralalero Shooter\outputs\reststop-blender-v2-2026-09-23\frames\frame-00670.jpg'
02:16.640  render           | Saved: 'C:\Users\ljh\tralalero Shooter\outputs\reststop-blender-v2-2026-09-23\frames\frame-00671.jpg'
02:16.875  render           | Saved: 'C:\Users\ljh\tralalero Shooter\outputs\reststop-blender-v2-2026-09-23\frames\frame-00672.jpg'
PROGRESS {"frame": 672, "end": 7200, "count": 672, "elapsed": 135.63176250457764, "mean_seconds_per_frame": 0.2018329809818949}
02:17.125  render           | Saved: 'C:\Users\ljh\tralalero Shooter\outputs\reststop-blender-v2-2026-09-23\frames\frame-00673.jpg'
02:17.390  render           | Saved: 'C:\Users\ljh\tralalero Shooter\outputs\reststop-blender-v2-2026-09-23\frames\frame-00674.jpg'
02:17.656  render           | Saved: 'C:\Users\ljh\tralalero Shooter\outputs\reststop-blender-v2-2026-09-23\frames\frame-00675.jpg'
02:17.937  render           | Saved: 'C:\Users\ljh\tralalero Shooter\outputs\reststop-blender-v2-2026-09-23\frames\frame-00676.jpg'
02:18.203  render           | Saved: 'C:\Users\ljh\tralalero Shooter\outputs\reststop-blender-v2-2026-09-23\frames\frame-00677.jpg'
02:18.468  render           | Saved: 'C:\Users\ljh\tralalero Shooter\outputs\reststop-blender-v2-2026-09-23\frames\frame-00678.jpg'
02:18.734  render           | Saved: 'C:\Users\ljh\tralalero Shooter\outputs\reststop-blender-v2-2026-09-23\frames\frame-00679.jpg'
02:19.000  render           | Saved: 'C:\Users\ljh\tralalero Shooter\outputs\reststop-blender-v2-2026-09-23\frames\frame-00680.jpg'
02:19.281  render           | Saved: 'C:\Users\ljh\tralalero Shooter\outputs\reststop-blender-v2-2026-09-23\frames\frame-00681.jpg'
02:19.515  render           | Saved: 'C:\Users\ljh\tralalero Shooter\outputs\reststop-blender-v2-2026-09-23\frames\frame-00682.jpg'
02:19.765  render           | Saved: 'C:\Users\ljh\tralalero Shooter\outputs\reststop-blender-v2-2026-09-23\frames\frame-00683.jpg'
02:20.015  render           | Saved: 'C:\Users\ljh\tralalero Shooter\outputs\reststop-blender-v2-2026-09-23\frames\frame-00684.jpg'
02:20.265  render           | Saved: 'C:\Users\ljh\tralalero Shooter\outputs\reststop-blender-v2-2026-09-23\frames\frame-00685.jpg'
02:20.531  render           | Saved: 'C:\Users\ljh\tralalero Shooter\outputs\reststop-blender-v2-2026-09-23\frames\frame-00686.jpg'
02:20.781  render           | Saved: 'C:\Users\ljh\tralalero Shooter\outputs\reststop-blender-v2-2026-09-23\frames\frame-00687.jpg'
02:21.031  render           | Saved: 'C:\Users\ljh\tralalero Shooter\outputs\reststop-blender-v2-2026-09-23\frames\frame-00688.jpg'
02:21.281  render           | Saved: 'C:\Users\ljh\tralalero Shooter\outputs\reststop-blender-v2-2026-09-23\frames\frame-00689.jpg'
02:21.531  render           | Saved: 'C:\Users\ljh\tralalero Shooter\outputs\reststop-blender-v2-2026-09-23\frames\frame-00690.jpg'
02:21.765  render           | Saved: 'C:\Users\ljh\tralalero Shooter\outputs\reststop-blender-v2-2026-09-23\frames\frame-00691.jpg'
02:22.000  render           | Saved: 'C:\Users\ljh\tralalero Shooter\outputs\reststop-blender-v2-2026-09-23\frames\frame-00692.jpg'
02:22.234  render           | Saved: 'C:\Users\ljh\tralalero Shooter\outputs\reststop-blender-v2-2026-09-23\frames\frame-00693.jpg'
02:22.468  render           | Saved: 'C:\Users\ljh\tralalero Shooter\outputs\reststop-blender-v2-2026-09-23\frames\frame-00694.jpg'
02:22.687  render           | Saved: 'C:\Users\ljh\tralalero Shooter\outputs\reststop-blender-v2-2026-09-23\frames\frame-00695.jpg'
02:22.890  render           | Saved: 'C:\Users\ljh\tralalero Shooter\outputs\reststop-blender-v2-2026-09-23\frames\frame-00696.jpg'
PROGRESS {"frame": 696, "end": 7200, "count": 696, "elapsed": 141.64859867095947, "mean_seconds_per_frame": 0.20351810256640115}
02:23.093  render           | Saved: 'C:\Users\ljh\tralalero Shooter\outputs\reststop-blender-v2-2026-09-23\frames\frame-00697.jpg'
02:23.297  render           | Saved: 'C:\Users\ljh\tralalero Shooter\outputs\reststop-blender-v2-2026-09-23\frames\frame-00698.jpg'
02:23.500  render           | Saved: 'C:\Users\ljh\tralalero Shooter\outputs\reststop-blender-v2-2026-09-23\frames\frame-00699.jpg'
02:23.687  render           | Saved: 'C:\Users\ljh\tralalero Shooter\outputs\reststop-blender-v2-2026-09-23\frames\frame-00700.jpg'
02:23.859  render           | Saved: 'C:\Users\ljh\tralalero Shooter\outputs\reststop-blender-v2-2026-09-23\frames\frame-00701.jpg'
02:24.031  render           | Saved: 'C:\Users\ljh\tralalero Shooter\outputs\reststop-blender-v2-2026-09-23\frames\frame-00702.jpg'
02:24.203  render           | Saved: 'C:\Users\ljh\tralalero Shooter\outputs\reststop-blender-v2-2026-09-23\frames\frame-00703.jpg'
02:24.375  render           | Saved: 'C:\Users\ljh\tralalero Shooter\outputs\reststop-blender-v2-2026-09-23\frames\frame-00704.jpg'
02:24.547  render           | Saved: 'C:\Users\ljh\tralalero Shooter\outputs\reststop-blender-v2-2026-09-23\frames\frame-00705.jpg'
02:24.718  render           | Saved: 'C:\Users\ljh\tralalero Shooter\outputs\reststop-blender-v2-2026-09-23\frames\frame-00706.jpg'
02:24.890  render           | Saved: 'C:\Users\ljh\tralalero Shooter\outputs\reststop-blender-v2-2026-09-23\frames\frame-00707.jpg'
02:25.062  render           | Saved: 'C:\Users\ljh\tralalero Shooter\outputs\reststop-blender-v2-2026-09-23\frames\frame-00708.jpg'
02:25.234  render           | Saved: 'C:\Users\ljh\tralalero Shooter\outputs\reststop-blender-v2-2026-09-23\frames\frame-00709.jpg'
02:25.406  render           | Saved: 'C:\Users\ljh\tralalero Shooter\outputs\reststop-blender-v2-2026-09-23\frames\frame-00710.jpg'
02:25.593  render           | Saved: 'C:\Users\ljh\tralalero Shooter\outputs\reststop-blender-v2-2026-09-23\frames\frame-00711.jpg'
02:25.765  render           | Saved: 'C:\Users\ljh\tralalero Shooter\outputs\reststop-blender-v2-2026-09-23\frames\frame-00712.jpg'
02:25.937  render           | Saved: 'C:\Users\ljh\tralalero Shooter\outputs\reststop-blender-v2-2026-09-23\frames\frame-00713.jpg'
02:26.109  render           | Saved: 'C:\Users\ljh\tralalero Shooter\outputs\reststop-blender-v2-2026-09-23\frames\frame-00714.jpg'
02:26.297  render           | Saved: 'C:\Users\ljh\tralalero Shooter\outputs\reststop-blender-v2-2026-09-23\frames\frame-00715.jpg'
02:26.468  render           | Saved: 'C:\Users\ljh\tralalero Shooter\outputs\reststop-blender-v2-2026-09-23\frames\frame-00716.jpg'
02:26.656  render           | Saved: 'C:\Users\ljh\tralalero Shooter\outputs\reststop-blender-v2-2026-09-23\frames\frame-00717.jpg'
02:26.843  render           | Saved: 'C:\Users\ljh\tralalero Shooter\outputs\reststop-blender-v2-2026-09-23\frames\frame-00718.jpg'
02:27.047  render           | Saved: 'C:\Users\ljh\tralalero Shooter\outputs\reststop-blender-v2-2026-09-23\frames\frame-00719.jpg'
02:27.234  render           | Saved: 'C:\Users\ljh\tralalero Shooter\outputs\reststop-blender-v2-2026-09-23\frames\frame-00720.jpg'
PROGRESS {"frame": 720, "end": 7200, "count": 720, "elapsed": 145.9877381324768, "mean_seconds_per_frame": 0.20276074806849162}
02:27.422  render           | Saved: 'C:\Users\ljh\tralalero Shooter\outputs\reststop-blender-v2-2026-09-23\frames\frame-00721.jpg'
02:27.593  render           | Saved: 'C:\Users\ljh\tralalero Shooter\outputs\reststop-blender-v2-2026-09-23\frames\frame-00722.jpg'
02:27.781  render           | Saved: 'C:\Users\ljh\tralalero Shooter\outputs\reststop-blender-v2-2026-09-23\frames\frame-00723.jpg'
02:27.953  render           | Saved: 'C:\Users\ljh\tralalero Shooter\outputs\reststop-blender-v2-2026-09-23\frames\frame-00724.jpg'
02:28.140  render           | Saved: 'C:\Users\ljh\tralalero Shooter\outputs\reststop-blender-v2-2026-09-23\frames\frame-00725.jpg'
02:28.312  render           | Saved: 'C:\Users\ljh\tralalero Shooter\outputs\reststop-blender-v2-2026-09-23\frames\frame-00726.jpg'
02:28.500  render           | Saved: 'C:\Users\ljh\tralalero Shooter\outputs\reststop-blender-v2-2026-09-23\frames\frame-00727.jpg'
02:28.687  render           | Saved: 'C:\Users\ljh\tralalero Shooter\outputs\reststop-blender-v2-2026-09-23\frames\frame-00728.jpg'
02:28.890  render           | Saved: 'C:\Users\ljh\tralalero Shooter\outputs\reststop-blender-v2-2026-09-23\frames\frame-00729.jpg'
02:29.093  render           | Saved: 'C:\Users\ljh\tralalero Shooter\outputs\reststop-blender-v2-2026-09-23\frames\frame-00730.jpg'
02:29.281  render           | Saved: 'C:\Users\ljh\tralalero Shooter\outputs\reststop-blender-v2-2026-09-23\frames\frame-00731.jpg'
02:29.484  render           | Saved: 'C:\Users\ljh\tralalero Shooter\outputs\reststop-blender-v2-2026-09-23\frames\frame-00732.jpg'
02:29.687  render           | Saved: 'C:\Users\ljh\tralalero Shooter\outputs\reststop-blender-v2-2026-09-23\frames\frame-00733.jpg'
02:29.875  render           | Saved: 'C:\Users\ljh\tralalero Shooter\outputs\reststop-blender-v2-2026-09-23\frames\frame-00734.jpg'
02:30.078  render           | Saved: 'C:\Users\ljh\tralalero Shooter\outputs\reststop-blender-v2-2026-09-23\frames\frame-00735.jpg'
02:30.281  render           | Saved: 'C:\Users\ljh\tralalero Shooter\outputs\reststop-blender-v2-2026-09-23\frames\frame-00736.jpg'
02:30.484  render           | Saved: 'C:\Users\ljh\tralalero Shooter\outputs\reststop-blender-v2-2026-09-23\frames\frame-00737.jpg'
02:30.687  render           | Saved: 'C:\Users\ljh\tralalero Shooter\outputs\reststop-blender-v2-2026-09-23\frames\frame-00738.jpg'
02:30.875  render           | Saved: 'C:\Users\ljh\tralalero Shooter\outputs\reststop-blender-v2-2026-09-23\frames\frame-00739.jpg'
02:31.078  render           | Saved: 'C:\Users\ljh\tralalero Shooter\outputs\reststop-blender-v2-2026-09-23\frames\frame-00740.jpg'
02:31.281  render           | Saved: 'C:\Users\ljh\tralalero Shooter\outputs\reststop-blender-v2-2026-09-23\frames\frame-00741.jpg'
02:31.484  render           | Saved: 'C:\Users\ljh\tralalero Shooter\outputs\reststop-blender-v2-2026-09-23\frames\frame-00742.jpg'
02:31.687  render           | Saved: 'C:\Users\ljh\tralalero Shooter\outputs\reststop-blender-v2-2026-09-23\frames\frame-00743.jpg'
02:31.890  render           | Saved: 'C:\Users\ljh\tralalero Shooter\outputs\reststop-blender-v2-2026-09-23\frames\frame-00744.jpg'
PROGRESS {"frame": 744, "end": 7200, "count": 744, "elapsed": 150.65049076080322, "mean_seconds_per_frame": 0.2024872197258857}
02:32.093  render           | Saved: 'C:\Users\ljh\tralalero Shooter\outputs\reststop-blender-v2-2026-09-23\frames\frame-00745.jpg'
02:32.297  render           | Saved: 'C:\Users\ljh\tralalero Shooter\outputs\reststop-blender-v2-2026-09-23\frames\frame-00746.jpg'
02:32.500  render           | Saved: 'C:\Users\ljh\tralalero Shooter\outputs\reststop-blender-v2-2026-09-23\frames\frame-00747.jpg'
02:32.687  render           | Saved: 'C:\Users\ljh\tralalero Shooter\outputs\reststop-blender-v2-2026-09-23\frames\frame-00748.jpg'
02:32.890  render           | Saved: 'C:\Users\ljh\tralalero Shooter\outputs\reststop-blender-v2-2026-09-23\frames\frame-00749.jpg'
02:33.078  render           | Saved: 'C:\Users\ljh\tralalero Shooter\outputs\reststop-blender-v2-2026-09-23\frames\frame-00750.jpg'
02:33.265  render           | Saved: 'C:\Users\ljh\tralalero Shooter\outputs\reststop-blender-v2-2026-09-23\frames\frame-00751.jpg'
02:33.453  render           | Saved: 'C:\Users\ljh\tralalero Shooter\outputs\reststop-blender-v2-2026-09-23\frames\frame-00752.jpg'
02:33.656  render           | Saved: 'C:\Users\ljh\tralalero Shooter\outputs\reststop-blender-v2-2026-09-23\frames\frame-00753.jpg'
02:33.843  render           | Saved: 'C:\Users\ljh\tralalero Shooter\outputs\reststop-blender-v2-2026-09-23\frames\frame-00754.jpg'
02:34.047  render           | Saved: 'C:\Users\ljh\tralalero Shooter\outputs\reststop-blender-v2-2026-09-23\frames\frame-00755.jpg'
02:34.234  render           | Saved: 'C:\Users\ljh\tralalero Shooter\outputs\reststop-blender-v2-2026-09-23\frames\frame-00756.jpg'
02:34.422  render           | Saved: 'C:\Users\ljh\tralalero Shooter\outputs\reststop-blender-v2-2026-09-23\frames\frame-00757.jpg'
02:34.609  render           | Saved: 'C:\Users\ljh\tralalero Shooter\outputs\reststop-blender-v2-2026-09-23\frames\frame-00758.jpg'
02:34.797  render           | Saved: 'C:\Users\ljh\tralalero Shooter\outputs\reststop-blender-v2-2026-09-23\frames\frame-00759.jpg'
02:34.984  render           | Saved: 'C:\Users\ljh\tralalero Shooter\outputs\reststop-blender-v2-2026-09-23\frames\frame-00760.jpg'
02:35.156  render           | Saved: 'C:\Users\ljh\tralalero Shooter\outputs\reststop-blender-v2-2026-09-23\frames\frame-00761.jpg'
02:35.343  render           | Saved: 'C:\Users\ljh\tralalero Shooter\outputs\reststop-blender-v2-2026-09-23\frames\frame-00762.jpg'
02:35.531  render           | Saved: 'C:\Users\ljh\tralalero Shooter\outputs\reststop-blender-v2-2026-09-23\frames\frame-00763.jpg'
02:35.718  render           | Saved: 'C:\Users\ljh\tralalero Shooter\outputs\reststop-blender-v2-2026-09-23\frames\frame-00764.jpg'
02:35.890  render           | Saved: 'C:\Users\ljh\tralalero Shooter\outputs\reststop-blender-v2-2026-09-23\frames\frame-00765.jpg'
02:36.078  render           | Saved: 'C:\Users\ljh\tralalero Shooter\outputs\reststop-blender-v2-2026-09-23\frames\frame-00766.jpg'
02:36.265  render           | Saved: 'C:\Users\ljh\tralalero Shooter\outputs\reststop-blender-v2-2026-09-23\frames\frame-00767.jpg'
02:36.437  render           | Saved: 'C:\Users\ljh\tralalero Shooter\outputs\reststop-blender-v2-2026-09-23\frames\frame-00768.jpg'
PROGRESS {"frame": 768, "end": 7200, "count": 768, "elapsed": 155.18818402290344, "mean_seconds_per_frame": 0.20206794825692972}
02:36.609  render           | Saved: 'C:\Users\ljh\tralalero Shooter\outputs\reststop-blender-v2-2026-09-23\frames\frame-00769.jpg'
02:36.781  render           | Saved: 'C:\Users\ljh\tralalero Shooter\outputs\reststop-blender-v2-2026-09-23\frames\frame-00770.jpg'
02:36.953  render           | Saved: 'C:\Users\ljh\tralalero Shooter\outputs\reststop-blender-v2-2026-09-23\frames\frame-00771.jpg'
02:37.125  render           | Saved: 'C:\Users\ljh\tralalero Shooter\outputs\reststop-blender-v2-2026-09-23\frames\frame-00772.jpg'
02:37.297  render           | Saved: 'C:\Users\ljh\tralalero Shooter\outputs\reststop-blender-v2-2026-09-23\frames\frame-00773.jpg'
02:37.468  render           | Saved: 'C:\Users\ljh\tralalero Shooter\outputs\reststop-blender-v2-2026-09-23\frames\frame-00774.jpg'
02:37.640  render           | Saved: 'C:\Users\ljh\tralalero Shooter\outputs\reststop-blender-v2-2026-09-23\frames\frame-00775.jpg'
02:37.812  render           | Saved: 'C:\Users\ljh\tralalero Shooter\outputs\reststop-blender-v2-2026-09-23\frames\frame-00776.jpg'
02:37.984  render           | Saved: 'C:\Users\ljh\tralalero Shooter\outputs\reststop-blender-v2-2026-09-23\frames\frame-00777.jpg'
02:38.156  render           | Saved: 'C:\Users\ljh\tralalero Shooter\outputs\reststop-blender-v2-2026-09-23\frames\frame-00778.jpg'
02:38.328  render           | Saved: 'C:\Users\ljh\tralalero Shooter\outputs\reststop-blender-v2-2026-09-23\frames\frame-00779.jpg'
02:38.515  render           | Saved: 'C:\Users\ljh\tralalero Shooter\outputs\reststop-blender-v2-2026-09-23\frames\frame-00780.jpg'
