GlobalObjectId_V1-2-75255463483393841ad623c260500c31-1000086581-0|True|(0, 0, 0)|(0.7071068, 0, 0, 0.7071068)|(1, 1, 1)
GlobalObjectId_V1-2-75255463483393841ad623c260500c31-1001475365-0|True|(0, 0, 0)|(0.7071068, 0, 0, 0.7071068)|(1, 1, 1)
GlobalObjectId_V1-2-75255463483393841ad623c260500c31-100393835-0|True|(0, 0, 0)|(0.7071068, 0, 0, 0.7071068)|(1, 1, 1)
GlobalObjectId_V1-2-75255463483393841ad623c260500c31-1006682831-0|True|(0, 0, 0)|(0.7071068, 0, 0, 0.7071068)|(1, 1, 1)
GlobalObjectId_V1-2-75255463483393841ad623c260500c31-1008452801-0|True|(0, 0, 0)|(0.7071068, 0, 0, 0.7071068)|(1, 1, 1)
GlobalObjectId_V1-2-75255463483393841ad623c260500c31-1011278299294594539-1342259368|{"MonoBehaviour":{"m_Enabled":true,"m_EditorHideFlags":0,"m_Name":"","m_EditorClassIdentifier":"Assembly-CSharp::IndianOceanAssets.ShooterSurvival.EnemyMovementController","eventMode":4,"moveSpeed":2.4000000953674318,"patrolAcrossRoad":false,"moveAnimation":0,"targetPoint":{"instanceID":0},"hideWhileWaiting":false,"ambushEntrySide":0.0,"modelForwardYaw":0.0,"arrivalDistance":0.05000000074505806}}
GlobalObjectId_V1-2-75255463483393841ad623c260500c31-1011278299294594539-1807193877|{"MonoBehaviour":{"m_Enabled":true,"m_EditorHideFlags":0,"m_Name":"","m_EditorClassIdentifier":"Assembly-CSharp::IndianOceanAssets.ShooterSurvival.EnemyMovementController","eventMode":4,"moveSpeed":2.4000000953674318,"patrolAcrossRoad":false,"moveAnimation":0,"targetPoint":{"instanceID":0},"hideWhileWaiting":false,"ambushEntrySide":0.0,"modelForwardYaw":0.0,"arrivalDistance":0.05000000074505806}}
GlobalObjectId_V1-2-75255463483393841ad623c260500c31-1011278299294594539-249137488|{"MonoBehaviour":{"m_Enabled":true,"m_EditorHideFlags":0,"m_Name":"","m_EditorClassIdentifier":"Assembly-CSharp::IndianOceanAssets.ShooterSurvival.EnemyMovementController","eventMode":4,"moveSpeed":2.4000000953674318,"patrolAcrossRoad":false,"moveAnimation":0,"targetPoint":{"instanceID":0},"hideWhileWaiting":false,"ambushEntrySide":0.0,"modelForwardYaw":0.0,"arrivalDistance":0.05000000074505806}}
GlobalObjectId_V1-2-75255463483393841ad623c260500c31-1011278299294594539-325631740|{"MonoBehaviour":{"m_Enabled":true,"m_EditorHideFlags":0,"m_Name":"","m_EditorClassIdentifier":"Assembly-CSharp::IndianOceanAssets.ShooterSurvival.EnemyMovementController","eventMode":4,"moveSpeed":2.4000000953674318,"patrolAcrossRoad":false,"moveAnimation":0,"targetPoint":{"instanceID":0},"hideWhileWaiting":false,"ambushEntrySide":0.0,"modelForwardYaw":0.0,"arrivalDistance":0.05000000074505806}}
GlobalObjectId_V1-2-75255463483393841ad623c260500c31-1011278299294594539-673208042|{"MonoBehaviour":{"m_Enabled":true,"m_EditorHideFlags":0,"m_Name":"","m_EditorClassIdentifier":"Assembly-CSharp::IndianOceanAssets.ShooterSurvival.EnemyMovementController","eventMode":4,"moveSpeed":2.4000000953674318,"patrolAcrossRoad":false,"moveAnimation":0,"targetPoint":{"instanceID":0},"hideWhileWaiting":false,"ambushEntrySide":0.0,"modelForwardYaw":0.0,"arrivalDistance":0.05000000074505806}}
GlobalObjectId_V1-2-75255463483393841ad623c260500c31-1011278299294594539-726046513|{"MonoBehaviour":{"m_Enabled":true,"m_EditorHideFlags":0,"m_Name":"","m_EditorClassIdentifier":"Assembly-CSharp::IndianOceanAssets.ShooterSurvival.EnemyMovementController","eventMode":4,"moveSpeed":2.4000000953674318,"patrolAcrossRoad":false,"moveAnimation":0,"targetPoint":{"instanceID":0},"hideWhileWaiting":false,"ambushEntrySide":0.0,"modelForwardYaw":0.0,"arrivalDistance":0.05000000074505806}}
GlobalObjectId_V1-2-75255463483393841ad623c260500c31-101297231-0|True|(0, 0, 0)|(0.7071068, 0, 0, 0.7071068)|(1, 1, 1)
GlobalObjectId_V1-2-75255463483393841ad623c260500c31-1017728558-0|True|(0, 0, 0)|(0.7071068, 0, 0, 0.7071068)|(1, 1, 1)
GlobalObjectId_V1-2-75255463483393841ad623c260500c31-1020200759-0|True|(0, 0, 0)|(0, 0, 0, 1)|(1, 1, 1)
GlobalObjectId_V1-2-75255463483393841ad623c260500c31-1023935393-0|True|(0, 0, 0)|(0.7071068, 0, 0, 0.7071068)|(1, 1, 1)
GlobalObjectId_V1-2-75255463483393841ad623c260500c31-1024474606-0|True|(0, 0, 0)|(0, 0, 0, 1)|(1, 1, 1)
GlobalObjectId_V1-2-75255463483393841ad623c260500c31-1025508180-0|True|(0, 0, 0)|(0.7071068, 0, 0, 0.7071068)|(1, 1, 1)
GlobalObjectId_V1-2-75255463483393841ad623c260500c31-1026844767-0|True|(0, 0, 0)|(0.7071068, 0, 0, 0.7071068)|(1, 1, 1)
GlobalObjectId_V1-2-75255463483393841ad623c260500c31-1030041172-0|True|(0, 0, 0)|(0.7071068, 0, 0, 0.7071068)|(1, 1, 1)
GlobalObjectId_V1-2-75255463483393841ad623c260500c31-1030313115-0|True|(204.036285, 0.464614719, 681.36615)|(0, 0.145200521, 0, 0.9894023)|(1, 1, 1)
GlobalObjectId_V1-2-75255463483393841ad623c260500c31-1032333567-0|True|(0, 0, 0)|(0.7071068, 0, 0, 0.7071068)|(1, 1, 1)
GlobalObjectId_V1-2-75255463483393841ad623c260500c31-1032654331-0|True|(0, 0, 0)|(0.7071068, 0, 0, 0.7071068)|(1, 1, 1)
GlobalObjectId_V1-2-75255463483393841ad623c260500c31-1032878438-0|True|(0, 0, 0)|(0.7071068, 0, 0, 0.7071068)|(1, 1, 1)
GlobalObjectId_V1-2-75255463483393841ad623c260500c31-1034510885-0|True|(0, 0, 0)|(0.7071068, 0, 0, 0.7071068)|(1, 1, 1)
GlobalObjectId_V1-2-75255463483393841ad623c260500c31-1036821734-0|True|(-1.5, 0.7, 0)|(0, 0, 0, 1)|(0.4, 1.1, 0.45)
GlobalObjectId_V1-2-75255463483393841ad623c260500c31-1038168099-0|True|(0, 0, 0)|(0.7071068, 0, 0, 0.7071068)|(1, 1, 1)
GlobalObjectId_V1-2-75255463483393841ad623c260500c31-104331574-0|True|(199.999969, 0.850008845, 642.999146)|(0, 0, 0, 1)|(1, 1, 1)
GlobalObjectId_V1-2-75255463483393841ad623c260500c31-1045802616-0|True|(205.527267, 1.88000727, 539.999756)|(0, -0.0517685935, 0, 0.998659134)|(1, 1, 1)
GlobalObjectId_V1-2-75255463483393841ad623c260500c31-1050565912-0|True|(0, 0, 0)|(0, 0, 0, 1)|(1, 1, 1)
GlobalObjectId_V1-2-75255463483393841ad623c260500c31-1050663832-0|True|(0, 0, 0)|(0.7071068, 0, 0, 0.7071068)|(1, 1, 1)
GlobalObjectId_V1-2-75255463483393841ad623c260500c31-1056253088102051938-1270225228|True|(0, 0.00111999991, 0)|(0, 0, 0, 1)|(1, 1, 1)
GlobalObjectId_V1-2-75255463483393841ad623c260500c31-1056253088102051938-1720144850|True|(0, 0.00111999991, 0)|(0, 0, 0, 1)|(1, 1, 1)
GlobalObjectId_V1-2-75255463483393841ad623c260500c31-1056253088102051938-1742115882|True|(0, 0.00111999991, 0)|(0, 0, 0, 1)|(1, 1, 1)
GlobalObjectId_V1-2-75255463483393841ad623c260500c31-1056253088102051938-1906523992|True|(0, 0.00111999991, 0)|(0, 0, 0, 1)|(1, 1, 1)
GlobalObjectId_V1-2-75255463483393841ad623c260500c31-1056253088102051938-1921694405|True|(0, 0.00111999991, 0)|(0, 0, 0, 1)|(1, 1, 1)
GlobalObjectId_V1-2-75255463483393841ad623c260500c31-1056253088102051938-2052472853|True|(0, 0.00111999991, 0)|(0, 0, 0, 1)|(1, 1, 1)
GlobalObjectId_V1-2-75255463483393841ad623c260500c31-1056253088102051938-303056869|True|(0, 0.00111999991, 0)|(0, 0, 0, 1)|(1, 1, 1)
GlobalObjectId_V1-2-75255463483393841ad623c260500c31-1056253088102051938-308968016|True|(0, 0.00111999991, 0)|(0, 0, 0, 1)|(1, 1, 1)
GlobalObjectId_V1-2-75255463483393841ad623c260500c31-1056253088102051938-764708180|True|(0, 0.00111999991, 0)|(0, 0, 0, 1)|(1, 1, 1)
GlobalObjectId_V1-2-75255463483393841ad623c260500c31-1056253088102051938-924230383|True|(0, 0.00111999991, 0)|(0, 0, 0, 1)|(1, 1, 1)
GlobalObjectId_V1-2-75255463483393841ad623c260500c31-1056950119-0|True|(0, 0, 0)|(0.7071068, 0, 0, 0.7071068)|(1, 1, 1)
GlobalObjectId_V1-2-75255463483393841ad623c260500c31-1057167386-0|True|(0, 0, 0)|(0.7071068, 0, 0, 0.7071068)|(1, 1, 1)
GlobalObjectId_V1-2-75255463483393841ad623c260500c31-1064585406-0|True|(226.34877, 0.157886714, 714.9291)|(0, 0.5158288, 0, 0.8566917)|(1, 1, 1)
GlobalObjectId_V1-2-75255463483393841ad623c260500c31-1068644629-0|True|(1.45, 0, -0.092)|(0, 0, 0, 1)|(0.25, 0.18, 0.018)
GlobalObjectId_V1-2-75255463483393841ad623c260500c31-1069902024-0|True|(0, 0, 0)|(0, 0, 0, 1)|(1, 1, 1)
GlobalObjectId_V1-2-75255463483393841ad623c260500c31-1072834190-0|True|(0, 0, 0)|(0.7071068, 0, 0, 0.7071068)|(1, 1, 1)
GlobalObjectId_V1-2-75255463483393841ad623c260500c31-107693724-0|True|(-416.3, 0.08, -675)|(0, 0, 0, 1)|(1, 1, 1)
GlobalObjectId_V1-2-75255463483393841ad623c260500c31-1077566344-0|True|(0, 0, 0)|(0, 0, 0, 1)|(1, 1, 1)
GlobalObjectId_V1-2-75255463483393841ad623c260500c31-1080508866-0|True|(0, 0, 0)|(0, 0, 0, 1)|(1, 1, 1)
GlobalObjectId_V1-2-75255463483393841ad623c260500c31-108280712-0|True|(0, 0, 0)|(0.7071068, 0, 0, 0.7071068)|(1, 1, 1)
GlobalObjectId_V1-2-75255463483393841ad623c260500c31-1083379463-0|True|(0, 0, 0)|(0.7071068, 0, 0, 0.7071068)|(1, 1, 1)
GlobalObjectId_V1-2-75255463483393841ad623c260500c31-1083698439-0|True|(-422.755066, 0.08, -626.8394)|(0, 0.0248944312, 0, 0.9996901)|(1, 1, 1)
GlobalObjectId_V1-2-75255463483393841ad623c260500c31-1083966982-0|True|(0, 0, 0)|(0.7071068, 0, 0, 0.7071068)|(1, 1, 1)
GlobalObjectId_V1-2-75255463483393841ad623c260500c31-1088658275-0|True|(0, 0, 0)|(0.7071068, 0, 0, 0.7071068)|(1, 1, 1)
GlobalObjectId_V1-2-75255463483393841ad623c260500c31-1088682842-0|True|(0, 0, 0)|(0.7071068, 0, 0, 0.7071068)|(1, 1, 1)
GlobalObjectId_V1-2-75255463483393841ad623c260500c31-1090638043-0|True|(0, 0, 0)|(0.7071068, 0, 0, 0.7071068)|(1, 1, 1)
GlobalObjectId_V1-2-75255463483393841ad623c260500c31-1092281311197260839-1342259368|True|(-1.11758706E-10, 0.00213466655, 9.31322554E-12)|(-0.0128043983, -0.112429693, 0.112429693, 0.9871956)|(1, 0.99999994, 0.99999994)
GlobalObjectId_V1-2-75255463483393841ad623c260500c31-1092281311197260839-1807193877|True|(-1.11758706E-10, 0.00213466655, 9.31322554E-12)|(-0.0128043983, -0.112429693, 0.112429693, 0.9871956)|(1, 0.99999994, 0.99999994)
GlobalObjectId_V1-2-75255463483393841ad623c260500c31-1092281311197260839-249137488|True|(-1.11758706E-10, 0.00213466655, 9.31322554E-12)|(-0.0128043983, -0.112429693, 0.112429693, 0.9871956)|(1, 0.99999994, 0.99999994)
GlobalObjectId_V1-2-75255463483393841ad623c260500c31-1092281311197260839-325631740|True|(-1.11758706E-10, 0.00213466655, 9.31322554E-12)|(-0.0128043983, -0.112429693, 0.112429693, 0.9871956)|(1, 0.99999994, 0.99999994)
GlobalObjectId_V1-2-75255463483393841ad623c260500c31-1092281311197260839-673208042|True|(-1.11758706E-10, 0.00213466655, 9.31322554E-12)|(-0.0128043983, -0.112429693, 0.112429693, 0.9871956)|(1, 0.99999994, 0.99999994)
GlobalObjectId_V1-2-75255463483393841ad623c260500c31-1092281311197260839-726046513|True|(-1.11758706E-10, 0.00213466655, 9.31322554E-12)|(-0.0128043983, -0.112429693, 0.112429693, 0.9871956)|(1, 0.99999994, 0.99999994)
GlobalObjectId_V1-2-75255463483393841ad623c260500c31-1093493561293043819-1081198540|False|(0, 0, 0)|(0, 0, 0, 1)|(0.785714269, 0.785714269, 0.785714269)
GlobalObjectId_V1-2-75255463483393841ad623c260500c31-1093493561293043819-1461267783|False|(0, 0, 0)|(0, 0, 0, 1)|(0.785714269, 0.785714269, 0.785714269)
GlobalObjectId_V1-2-75255463483393841ad623c260500c31-1093594766-0|True|(0, 0, 0)|(0.7071068, 0, 0, 0.7071068)|(1, 1, 1)
GlobalObjectId_V1-2-75255463483393841ad623c260500c31-1094900531-0|True|(2.05000019, 0, -0.092)|(0, 0, 0, 1)|(0.25, 0.18, 0.018)
GlobalObjectId_V1-2-75255463483393841ad623c260500c31-1099656386-0|True|(0, 0, 0)|(0.7071068, 0, 0, 0.7071068)|(1, 1, 1)
GlobalObjectId_V1-2-75255463483393841ad623c260500c31-1100386757-0|True|(0, 0, 0)|(0, 0, 0, 1)|(1, 1, 1)
GlobalObjectId_V1-2-75255463483393841ad623c260500c31-1102302015-0|True|(0, 0, 0)|(0.7071068, 0, 0, 0.7071068)|(1, 1, 1)
GlobalObjectId_V1-2-75255463483393841ad623c260500c31-1103423367-0|True|(0, 0, 0)|(0.7071068, 0, 0, 0.7071068)|(1, 1, 1)
GlobalObjectId_V1-2-75255463483393841ad623c260500c31-1103939992-0|True|(0, 0, 0)|(0, 0, 0, 1)|(1, 1, 1)
GlobalObjectId_V1-2-75255463483393841ad623c260500c31-1105170909-0|True|(0, 0, 0)|(0.7071068, 0, 0, 0.7071068)|(1, 1, 1)
GlobalObjectId_V1-2-75255463483393841ad623c260500c31-1105317487-0|True|(0, 0, 0)|(0, 0, 0, 1)|(1, 1, 1)
GlobalObjectId_V1-2-75255463483393841ad623c260500c31-1106655120-0|True|(1.5, 0, 0)|(0, 0, 0, 1)|(3, 0.17, 0.17)
GlobalObjectId_V1-2-75255463483393841ad623c260500c31-1109791881-0|True|(209.9574, 2.64000678, 463.999359)|(0, 0.008192645, 0, 0.999966443)|(1, 1, 1)
GlobalObjectId_V1-2-75255463483393841ad623c260500c31-1114747481-0|True|(0, 0, 0)|(0.7071068, 0, 0, 0.7071068)|(1, 1, 1)
GlobalObjectId_V1-2-75255463483393841ad623c260500c31-1117014391-0|True|(0, 0, 0)|(0.7071068, 0, 0, 0.7071068)|(1, 1, 1)
GlobalObjectId_V1-2-75255463483393841ad623c260500c31-1120293212-0|True|(0, 0, 0)|(0.7071068, 0, 0, 0.7071068)|(1, 1, 1)
GlobalObjectId_V1-2-75255463483393841ad623c260500c31-1122216655-0|True|(0, 0, 0)|(0.7071068, 0, 0, 0.7071068)|(1, 1, 1)
GlobalObjectId_V1-2-75255463483393841ad623c260500c31-1122394093-0|True|(0, 0, 0)|(0.7071068, 0, 0, 0.7071068)|(1, 1, 1)
GlobalObjectId_V1-2-75255463483393841ad623c260500c31-1122959609-0|True|(-1.5, 0.15, 0)|(0, 0, 0, 1)|(0.35, 0.3, 3.5)
GlobalObjectId_V1-2-75255463483393841ad623c260500c31-1125458561-0|True|(0, 0, 0)|(0.7071068, 0, 0, 0.7071068)|(1, 1, 1)
GlobalObjectId_V1-2-75255463483393841ad623c260500c31-11256306-0|True|(0, 0, 0)|(0.7071068, 0, 0, 0.7071068)|(1, 1, 1)
GlobalObjectId_V1-2-75255463483393841ad623c260500c31-1126596067-0|True|(0, 0, 0)|(0.7071068, 0, 0, 0.7071068)|(1, 1, 1)
GlobalObjectId_V1-2-75255463483393841ad623c260500c31-1132967589-0|True|(0, 0, 0)|(0.7071068, 0, 0, 0.7071068)|(1, 1, 1)
GlobalObjectId_V1-2-75255463483393841ad623c260500c31-1133894227-0|True|(-96.97766, 5.079767, 219.977692)|(0, 0.7001436, 0, 0.7140022)|(1, 1, 1)
GlobalObjectId_V1-2-75255463483393841ad623c260500c31-1140486540-0|True|(0, 0, 0)|(0.7071068, 0, 0, 0.7071068)|(1, 1, 1)
GlobalObjectId_V1-2-75255463483393841ad623c260500c31-1141124281-0|True|(0, 0, 0)|(0.7071068, 0, 0, 0.7071068)|(1, 1, 1)
GlobalObjectId_V1-2-75255463483393841ad623c260500c31-1141424372-0|True|(0, 0, 0)|(0.7071068, 0, 0, 0.7071068)|(1, 1, 1)
GlobalObjectId_V1-2-75255463483393841ad623c260500c31-1142247802-0|True|(0, 0, 0)|(0.7071068, 0, 0, 0.7071068)|(1, 1, 1)
GlobalObjectId_V1-2-75255463483393841ad623c260500c31-1143818673-0|True|(0, 0, 0)|(0.7071068, 0, 0, 0.7071068)|(1, 1, 1)
GlobalObjectId_V1-2-75255463483393841ad623c260500c31-1144143075-0|True|(0, 0, 0)|(0.7071068, 0, 0, 0.7071068)|(1, 1, 1)
GlobalObjectId_V1-2-75255463483393841ad623c260500c31-114557383-0|True|(0, 0, 0)|(0.7071068, 0, 0, 0.7071068)|(1, 1, 1)
GlobalObjectId_V1-2-75255463483393841ad623c260500c31-1147261539-0|True|(0, 0, 0)|(0.7071068, 0, 0, 0.7071068)|(1, 1, 1)
GlobalObjectId_V1-2-75255463483393841ad623c260500c31-1149301345-0|True|(4.5, 0.04, 3)|(0, 0, 0, 1)|(9, 0.025, 0.35)
GlobalObjectId_V1-2-75255463483393841ad623c260500c31-1149533773-0|True|(2.65, 0, -0.092)|(0, 0, 0, 1)|(0.25, 0.18, 0.018)
GlobalObjectId_V1-2-75255463483393841ad623c260500c31-1155249827-0|True|(0.25, 0, -0.092)|(0, 0, 0, 1)|(0.25, 0.18, 0.018)
GlobalObjectId_V1-2-75255463483393841ad623c260500c31-1155654927-0|True|(0.25, 0, -0.092)|(0, 0, 0, 1)|(0.25, 0.18, 0.018)
GlobalObjectId_V1-2-75255463483393841ad623c260500c31-1158359895-0|True|(-235, 0.08, -320.6)|(0, 0, 0, 1)|(1, 1, 1)
GlobalObjectId_V1-2-75255463483393841ad623c260500c31-1162208418-0|True|(0, 0, 0)|(0.7071068, 0, 0, 0.7071068)|(1, 1, 1)
GlobalObjectId_V1-2-75255463483393841ad623c260500c31-1162838537-0|True|(0.25, 0, -0.092)|(0, 0, 0, 1)|(0.25, 0.18, 0.018)
GlobalObjectId_V1-2-75255463483393841ad623c260500c31-1163266791-0|True|(0, 0, 0)|(0.7071068, 0, 0, 0.7071068)|(1, 1, 1)
GlobalObjectId_V1-2-75255463483393841ad623c260500c31-1165277996-0|True|(-1.5, 1.3, 0)|(0, 0, 0, 1)|(1, 1, 1)
GlobalObjectId_V1-2-75255463483393841ad623c260500c31-116642318-0|True|(0, 0, 0)|(0.7071068, 0, 0, 0.7071068)|(1, 1, 1)
GlobalObjectId_V1-2-75255463483393841ad623c260500c31-1166625536-0|True|(0, 0, 0)|(0, 0, 0, 1)|(1, 1, 1)
GlobalObjectId_V1-2-75255463483393841ad623c260500c31-1168088235-0|True|(-407.0009, 0.08, -537.087952)|(0, 0.0151467649, 0, 0.9998853)|(1, 1, 1)
GlobalObjectId_V1-2-75255463483393841ad623c260500c31-1170859242-0|True|(0, 0, 0)|(0.7071068, 0, 0, 0.7071068)|(1, 1, 1)
GlobalObjectId_V1-2-75255463483393841ad623c260500c31-1173060923283893196-1342259368|True|(0.00160000008, 0, 0)|(0.9871956, 0.112429716, 0.112429671, -0.0128043881)|(1.00000036, 1.00000012, 1)
GlobalObjectId_V1-2-75255463483393841ad623c260500c31-1173060923283893196-1807193877|True|(0.00160000008, 0, 0)|(0.9871956, 0.112429716, 0.112429671, -0.0128043881)|(1.00000036, 1.00000012, 1)
GlobalObjectId_V1-2-75255463483393841ad623c260500c31-1173060923283893196-249137488|True|(0.00160000008, 0, 0)|(0.9871956, 0.112429716, 0.112429671, -0.0128043881)|(1.00000036, 1.00000012, 1)
GlobalObjectId_V1-2-75255463483393841ad623c260500c31-1173060923283893196-325631740|True|(0.00160000008, 0, 0)|(0.9871956, 0.112429716, 0.112429671, -0.0128043881)|(1.00000036, 1.00000012, 1)
GlobalObjectId_V1-2-75255463483393841ad623c260500c31-1173060923283893196-673208042|True|(0.00160000008, 0, 0)|(0.9871956, 0.112429716, 0.112429671, -0.0128043881)|(1.00000036, 1.00000012, 1)
GlobalObjectId_V1-2-75255463483393841ad623c260500c31-1173060923283893196-726046513|True|(0.00160000008, 0, 0)|(0.9871956, 0.112429716, 0.112429671, -0.0128043881)|(1.00000036, 1.00000012, 1)
GlobalObjectId_V1-2-75255463483393841ad623c260500c31-1176371661-0|True|(0, 0, 0)|(0.7071068, 0, 0, 0.7071068)|(1, 1, 1)
GlobalObjectId_V1-2-75255463483393841ad623c260500c31-1183339801-0|True|(0, 0, 0)|(0.7071068, 0, 0, 0.7071068)|(1, 1, 1)
GlobalObjectId_V1-2-75255463483393841ad623c260500c31-118370451-0|True|(0, 0, 0)|(0.7071068, 0, 0, 0.7071068)|(1, 1, 1)
GlobalObjectId_V1-2-75255463483393841ad623c260500c31-1184635793-0|True|(0, 0, 0)|(0.7071068, 0, 0, 0.7071068)|(1, 1, 1)
GlobalObjectId_V1-2-75255463483393841ad623c260500c31-1194455437-0|True|(0, 0, 0)|(0, 0, 0, 1)|(1, 1, 1)
GlobalObjectId_V1-2-75255463483393841ad623c260500c31-1197542441-0|True|(0, 0, 0)|(0.7071068, 0, 0, 0.7071068)|(1, 1, 1)
GlobalObjectId_V1-2-75255463483393841ad623c260500c31-1199977771-0|True|(0, 0, 0)|(0.7071068, 0, 0, 0.7071068)|(1, 1, 1)
GlobalObjectId_V1-2-75255463483393841ad623c260500c31-1200116697-0|True|(-150.609558, 2.3301034, -76.9992752)|(0, 0.0224595312, 0, 0.999747753)|(1, 1, 1)
GlobalObjectId_V1-2-75255463483393841ad623c260500c31-1201563619-0|True|(0, 0, 0)|(0.7071068, 0, 0, 0.7071068)|(1, 1, 1)
GlobalObjectId_V1-2-75255463483393841ad623c260500c31-1202145956-0|True|(0, 0, 0)|(0.7071068, 0, 0, 0.7071068)|(1, 1, 1)
GlobalObjectId_V1-2-75255463483393841ad623c260500c31-1204024784-0|True|(0, 0, 0)|(0.7071068, 0, 0, 0.7071068)|(1, 1, 1)
GlobalObjectId_V1-2-75255463483393841ad623c260500c31-1205852493-0|True|(0, 0, 0)|(0.7071068, 0, 0, 0.7071068)|(1, 1, 1)
GlobalObjectId_V1-2-75255463483393841ad623c260500c31-1206238673-0|True|(0, 0, 0)|(0.7071068, 0, 0, 0.7071068)|(1, 1, 1)
GlobalObjectId_V1-2-75255463483393841ad623c260500c31-1210545406592235341-1278433063|True|(0, 0.04000002, -0.12)|(0, 0, 0, 1)|(1, 1, 1)
GlobalObjectId_V1-2-75255463483393841ad623c260500c31-1210545406592235341-1796550201|True|(0, 0.04000002, -0.12)|(0, 0, 0, 1)|(1, 1, 1)
GlobalObjectId_V1-2-75255463483393841ad623c260500c31-1210545406592235341-227182643|True|(0, 0.04000002, -0.12)|(0, 0, 0, 1)|(1, 1, 1)
GlobalObjectId_V1-2-75255463483393841ad623c260500c31-1210545406592235341-4508494|True|(0, 0.04000002, -0.12)|(0, 0, 0, 1)|(1, 1, 1)
GlobalObjectId_V1-2-75255463483393841ad623c260500c31-1210545406592235341-493544818|True|(0, 0.04000002, -0.12)|(0, 0, 0, 1)|(1, 1, 1)
GlobalObjectId_V1-2-75255463483393841ad623c260500c31-1210545406592235341-537414647|True|(0, 0.04000002, -0.12)|(0, 0, 0, 1)|(1, 1, 1)
GlobalObjectId_V1-2-75255463483393841ad623c260500c31-1210545406592235341-616789302|True|(0, 0.04000002, -0.12)|(0, 0, 0, 1)|(1, 1, 1)
GlobalObjectId_V1-2-75255463483393841ad623c260500c31-1210545406592235341-828342056|True|(0, 0.04000002, -0.12)|(0, 0, 0, 1)|(1, 1, 1)
GlobalObjectId_V1-2-75255463483393841ad623c260500c31-1210545406592235341-863157045|True|(0, 0.04000002, -0.12)|(0, 0, 0, 1)|(1, 1, 1)
GlobalObjectId_V1-2-75255463483393841ad623c260500c31-1210545406592235341-950912075|True|(0, 0.04000002, -0.12)|(0, 0, 0, 1)|(1, 1, 1)
GlobalObjectId_V1-2-75255463483393841ad623c260500c31-1210923730-0|True|(0, 0, 0)|(0.7071068, 0, 0, 0.7071068)|(1, 1, 1)
GlobalObjectId_V1-2-75255463483393841ad623c260500c31-1213562032-0|True|(0, 0, 0)|(0.7071068, 0, 0, 0.7071068)|(1, 1, 1)
GlobalObjectId_V1-2-75255463483393841ad623c260500c31-1214204074-0|True|(0, 0, 0)|(0.7071068, 0, 0, 0.7071068)|(1, 1, 1)
GlobalObjectId_V1-2-75255463483393841ad623c260500c31-1214927774-0|True|(2.05000019, 0, -0.092)|(0, 0, 0, 1)|(0.25, 0.18, 0.018)
GlobalObjectId_V1-2-75255463483393841ad623c260500c31-1214970848-0|True|(0, 0, 0)|(0.7071068, 0, 0, 0.7071068)|(1, 1, 1)
GlobalObjectId_V1-2-75255463483393841ad623c260500c31-121667458-0|True|(0, 0, 0)|(0.7071068, 0, 0, 0.7071068)|(1, 1, 1)
GlobalObjectId_V1-2-75255463483393841ad623c260500c31-1216860557604390898-1092392191|True|(2.23517413E-10, 0.004040096, -5.21540644E-10)|(0.108067758, 0.5265708, -0.5265708, 0.658610463)|(1.00000012, 1, 0.9999999)
GlobalObjectId_V1-2-75255463483393841ad623c260500c31-1216860557604390898-1236654927|True|(2.23517413E-10, 0.004040096, -5.21540644E-10)|(0.108067758, 0.5265708, -0.5265708, 0.658610463)|(1.00000012, 1, 0.9999999)
GlobalObjectId_V1-2-75255463483393841ad623c260500c31-1216860557604390898-1830864491|True|(2.23517413E-10, 0.004040096, -5.21540644E-10)|(0.108067758, 0.5265708, -0.5265708, 0.658610463)|(1.00000012, 1, 0.9999999)
GlobalObjectId_V1-2-75255463483393841ad623c260500c31-1216860557604390898-184762202|True|(2.23517413E-10, 0.004040096, -5.21540644E-10)|(0.108067758, 0.5265708, -0.5265708, 0.658610463)|(1.00000012, 1, 0.9999999)
GlobalObjectId_V1-2-75255463483393841ad623c260500c31-1216860557604390898-430729400|True|(2.23517413E-10, 0.004040096, -5.21540644E-10)|(0.108067758, 0.5265708, -0.5265708, 0.658610463)|(1.00000012, 1, 0.9999999)
GlobalObjectId_V1-2-75255463483393841ad623c260500c31-1216860557604390898-507331391|True|(2.23517413E-10, 0.004040096, -5.21540644E-10)|(0.108067758, 0.5265708, -0.5265708, 0.658610463)|(1.00000012, 1, 0.9999999)
GlobalObjectId_V1-2-75255463483393841ad623c260500c31-1216860557604390898-559331042|True|(2.23517413E-10, 0.004040096, -5.21540644E-10)|(0.108067758, 0.5265708, -0.5265708, 0.658610463)|(1.00000012, 1, 0.9999999)
GlobalObjectId_V1-2-75255463483393841ad623c260500c31-1216860557604390898-995936011|True|(2.23517413E-10, 0.004040096, -5.21540644E-10)|(0.108067758, 0.5265708, -0.5265708, 0.658610463)|(1.00000012, 1, 0.9999999)
GlobalObjectId_V1-2-75255463483393841ad623c260500c31-1218541467-0|True|(0, 0, 0)|(0, 0, 0, 1)|(1, 1, 1)
GlobalObjectId_V1-2-75255463483393841ad623c260500c31-1225486943-0|True|(0, 0, 0)|(0.7071068, 0, 0, 0.7071068)|(1, 1, 1)
GlobalObjectId_V1-2-75255463483393841ad623c260500c31-1225732365-0|True|(0, 0, 0)|(0.7071068, 0, 0, 0.7071068)|(1, 1, 1)
GlobalObjectId_V1-2-75255463483393841ad623c260500c31-1226210690-0|True|(0, 0, 0)|(0.7071068, 0, 0, 0.7071068)|(1, 1, 1)
GlobalObjectId_V1-2-75255463483393841ad623c260500c31-1226818019-0|True|(-418.858856, 0, -354.3547)|(0, 0.160182267, 0, 0.9870875)|(1, 1, 1)
GlobalObjectId_V1-2-75255463483393841ad623c260500c31-1226818020-0|{"MonoBehaviour":{"m_Enabled":true,"m_EditorHideFlags":0,"m_Name":"","m_EditorClassIdentifier":"Assembly-CSharp::HighwayHazard","visual":{"instanceID":0},"barrierArm":{"instanceID":0},"signal":{"instanceID":0},"warning":{"instanceID":0},"laneIndex":0,"breakHealth":240.0,"warningSeconds":1.7999999523162842,"cycleSeconds":4.0,"crossingDistance":0.0}}
GlobalObjectId_V1-2-75255463483393841ad623c260500c31-1227275247275925037-1156845426|True|(5.96046434E-10, 0.00228805584, 1.49011609E-10)|(0.103922926, 0.134527236, -0.244098321, 0.9547348)|(1, 1, 1.00000012)
GlobalObjectId_V1-2-75255463483393841ad623c260500c31-1227275247275925037-1282342156|True|(5.96046434E-10, 0.00228805584, 1.49011609E-10)|(0.103922926, 0.134527236, -0.244098321, 0.9547348)|(1, 1, 1.00000012)
GlobalObjectId_V1-2-75255463483393841ad623c260500c31-1227275247275925037-1328059363|True|(5.96046434E-10, 0.00228805584, 1.49011609E-10)|(0.103922926, 0.134527236, -0.244098321, 0.9547348)|(1, 1, 1.00000012)
GlobalObjectId_V1-2-75255463483393841ad623c260500c31-1227275247275925037-1364577291|True|(5.96046434E-10, 0.00228805584, 1.49011609E-10)|(0.103922926, 0.134527236, -0.244098321, 0.9547348)|(1, 1, 1.00000012)
GlobalObjectId_V1-2-75255463483393841ad623c260500c31-1227275247275925037-1398831272|True|(5.96046434E-10, 0.00228805584, 1.49011609E-10)|(0.103922926, 0.134527236, -0.244098321, 0.9547348)|(1, 1, 1.00000012)
GlobalObjectId_V1-2-75255463483393841ad623c260500c31-1227275247275925037-1538826313|True|(5.96046434E-10, 0.00228805584, 1.49011609E-10)|(0.103922926, 0.134527236, -0.244098321, 0.9547348)|(1, 1, 1.00000012)
GlobalObjectId_V1-2-75255463483393841ad623c260500c31-1227275247275925037-2022718491|True|(5.96046434E-10, 0.00228805584, 1.49011609E-10)|(0.103922926, 0.134527236, -0.244098321, 0.9547348)|(1, 1, 1.00000012)
GlobalObjectId_V1-2-75255463483393841ad623c260500c31-1227275247275925037-2038314915|True|(5.96046434E-10, 0.00228805584, 1.49011609E-10)|(0.103922926, 0.134527236, -0.244098321, 0.9547348)|(1, 1, 1.00000012)
GlobalObjectId_V1-2-75255463483393841ad623c260500c31-1227275247275925037-535235437|True|(5.96046434E-10, 0.00228805584, 1.49011609E-10)|(0.103922926, 0.134527236, -0.244098321, 0.9547348)|(1, 1, 1.00000012)
GlobalObjectId_V1-2-75255463483393841ad623c260500c31-1227275247275925037-662617545|True|(5.96046434E-10, 0.00228805584, 1.49011609E-10)|(0.103922926, 0.134527236, -0.244098321, 0.9547348)|(1, 1, 1.00000012)
GlobalObjectId_V1-2-75255463483393841ad623c260500c31-1227927562-0|True|(0, 0, 0)|(0.7071068, 0, 0, 0.7071068)|(1, 1, 1)
GlobalObjectId_V1-2-75255463483393841ad623c260500c31-1228240722-0|True|(0, 0, 0)|(0.7071068, 0, 0, 0.7071068)|(1, 1, 1)
GlobalObjectId_V1-2-75255463483393841ad623c260500c31-1228334860-0|True|(0, 0, 0)|(0.7071068, 0, 0, 0.7071068)|(1, 1, 1)
GlobalObjectId_V1-2-75255463483393841ad623c260500c31-1230045617-0|True|(0, 0, 0)|(0.7071068, 0, 0, 0.7071068)|(1, 1, 1)
GlobalObjectId_V1-2-75255463483393841ad623c260500c31-1231637832-0|True|(0, 0, 0)|(0.7071068, 0, 0, 0.7071068)|(1, 1, 1)
GlobalObjectId_V1-2-75255463483393841ad623c260500c31-1231735621-0|True|(0, 0, 0)|(0.7071068, 0, 0, 0.7071068)|(1, 1, 1)
GlobalObjectId_V1-2-75255463483393841ad623c260500c31-1233313764-0|True|(0, 0, 0)|(0.7071068, 0, 0, 0.7071068)|(1, 1, 1)
GlobalObjectId_V1-2-75255463483393841ad623c260500c31-1237290174-0|True|(0, 0, 0)|(0.7071068, 0, 0, 0.7071068)|(1, 1, 1)
GlobalObjectId_V1-2-75255463483393841ad623c260500c31-1238306973-0|True|(0, 0, 0)|(0, 0, 0, 1)|(1, 1, 1)
GlobalObjectId_V1-2-75255463483393841ad623c260500c31-1238306974-0|{"MonoBehaviour":{"m_Enabled":true,"m_EditorHideFlags":0,"m_Name":"","m_EditorClassIdentifier":"Assembly-CSharp::HighwayHazard","visual":{"instanceID":0},"barrierArm":{"instanceID":0},"signal":{"instanceID":0},"warning":{"instanceID":0},"laneIndex":1,"breakHealth":0.0,"warningSeconds":1.7999999523162842,"cycleSeconds":6.0,"crossingDistance":0.0}}
GlobalObjectId_V1-2-75255463483393841ad623c260500c31-1242331648-0|True|(0, 0, 0)|(0.7071068, 0, 0, 0.7071068)|(1, 1, 1)
GlobalObjectId_V1-2-75255463483393841ad623c260500c31-1243703109-0|True|(0, 0, 0)|(0.7071068, 0, 0, 0.7071068)|(1, 1, 1)
GlobalObjectId_V1-2-75255463483393841ad623c260500c31-1247322564-0|True|(0, 0, 0)|(0.7071068, 0, 0, 0.7071068)|(1, 1, 1)
GlobalObjectId_V1-2-75255463483393841ad623c260500c31-1247920-0|True|(-147.512619, 2.33005333, -77.13703)|(0, 0.0224595312, 0, 0.999747753)|(1, 1, 1)
GlobalObjectId_V1-2-75255463483393841ad623c260500c31-124803139578400015-1092392191|True|(0, 0, 0)|(0, 0, 0, 1)|(0.28, 0.28, 0.28)
GlobalObjectId_V1-2-75255463483393841ad623c260500c31-124803139578400015-1236654927|True|(0, 0, 0)|(0, 0, 0, 1)|(0.28, 0.28, 0.28)
GlobalObjectId_V1-2-75255463483393841ad623c260500c31-124803139578400015-1830864491|True|(0, 0, 0)|(0, 0, 0, 1)|(0.28, 0.28, 0.28)
GlobalObjectId_V1-2-75255463483393841ad623c260500c31-124803139578400015-184762202|True|(0, 0, 0)|(0, 0, 0, 1)|(0.28, 0.28, 0.28)
GlobalObjectId_V1-2-75255463483393841ad623c260500c31-124803139578400015-430729400|True|(0, 0, 0)|(0, 0, 0, 1)|(0.28, 0.28, 0.28)
GlobalObjectId_V1-2-75255463483393841ad623c260500c31-124803139578400015-507331391|True|(0, 0, 0)|(0, 0, 0, 1)|(0.28, 0.28, 0.28)
GlobalObjectId_V1-2-75255463483393841ad623c260500c31-124803139578400015-559331042|True|(0, 0, 0)|(0, 0, 0, 1)|(0.28, 0.28, 0.28)
GlobalObjectId_V1-2-75255463483393841ad623c260500c31-124803139578400015-995936011|True|(0, 0, 0)|(0, 0, 0, 1)|(0.28, 0.28, 0.28)
GlobalObjectId_V1-2-75255463483393841ad623c260500c31-1249388044-0|True|(-361.811523, 0.08, -320.188446)|(0, 0.6851648, 0, 0.728388)|(1, 1, 1)
GlobalObjectId_V1-2-75255463483393841ad623c260500c31-1260260644-0|True|(0, 0, 0)|(0.7071068, 0, 0, 0.7071068)|(1, 1, 1)
GlobalObjectId_V1-2-75255463483393841ad623c260500c31-1264506210-0|True|(3.600006, 0, 0)|(0, 0, 0, 1)|(1, 1, 1)
GlobalObjectId_V1-2-75255463483393841ad623c260500c31-1264506211-0|{"MonoBehaviour":{"m_Enabled":true,"m_EditorHideFlags":0,"m_Name":"","m_EditorClassIdentifier":"Assembly-CSharp::HighwayHazard","visual":{"instanceID":0},"barrierArm":{"instanceID":0},"signal":{"instanceID":0},"warning":{"instanceID":0},"laneIndex":2,"breakHealth":0.0,"warningSeconds":1.7999999523162842,"cycleSeconds":6.0,"crossingDistance":0.0}}
GlobalObjectId_V1-2-75255463483393841ad623c260500c31-1270196490-0|True|(0, 0, 0)|(0.7071068, 0, 0, 0.7071068)|(1, 1, 1)
GlobalObjectId_V1-2-75255463483393841ad623c260500c31-1271082386-0|True|(-1.5, 2, 0)|(0, 0, 0, 1)|(0.32, 0.34, 0.12)
GlobalObjectId_V1-2-75255463483393841ad623c260500c31-1272625967-0|True|(199.977692, 4.449464, 283.021271)|(0, 0.00979946, 0, 0.999952)|(1, 1, 1)
GlobalObjectId_V1-2-75255463483393841ad623c260500c31-1275073803-0|True|(1.5, 0, 0)|(0, 0, 0, 1)|(3, 0.17, 0.17)
GlobalObjectId_V1-2-75255463483393841ad623c260500c31-1276346932-0|True|(0, 0, 0)|(0.7071068, 0, 0, 0.7071068)|(1, 1, 1)
GlobalObjectId_V1-2-75255463483393841ad623c260500c31-1278642001-0|True|(0, 0, 0)|(0.7071068, 0, 0, 0.7071068)|(1, 1, 1)
GlobalObjectId_V1-2-75255463483393841ad623c260500c31-1279517832-0|True|(0, 0, 0)|(0, 0, 0, 1)|(1, 1, 1)
GlobalObjectId_V1-2-75255463483393841ad623c260500c31-1280422194-0|True|(0, 0, 0)|(0.7071068, 0, 0, 0.7071068)|(1, 1, 1)
GlobalObjectId_V1-2-75255463483393841ad623c260500c31-1280471082-0|True|(0, 0, 0)|(0, 0, 0, 1)|(1, 1, 1)
GlobalObjectId_V1-2-75255463483393841ad623c260500c31-1281133953811806160-1092392191|True|(-7.003109E-10, -0.000599995663, -0.000400000368)|(0, 0, 0, 1)|(0.009999999, 0.0100000007, 0.009999997)
GlobalObjectId_V1-2-75255463483393841ad623c260500c31-1281133953811806160-1236654927|True|(-7.003109E-10, -0.000599995663, -0.000400000368)|(0, 0, 0, 1)|(0.009999999, 0.0100000007, 0.009999997)
GlobalObjectId_V1-2-75255463483393841ad623c260500c31-1281133953811806160-1830864491|True|(-7.003109E-10, -0.000599995663, -0.000400000368)|(0, 0, 0, 1)|(0.009999999, 0.0100000007, 0.009999997)
GlobalObjectId_V1-2-75255463483393841ad623c260500c31-1281133953811806160-184762202|True|(-7.003109E-10, -0.000599995663, -0.000400000368)|(0, 0, 0, 1)|(0.009999999, 0.0100000007, 0.009999997)
GlobalObjectId_V1-2-75255463483393841ad623c260500c31-1281133953811806160-430729400|True|(-7.003109E-10, -0.000599995663, -0.000400000368)|(0, 0, 0, 1)|(0.009999999, 0.0100000007, 0.009999997)
GlobalObjectId_V1-2-75255463483393841ad623c260500c31-1281133953811806160-507331391|True|(-7.003109E-10, -0.000599995663, -0.000400000368)|(0, 0, 0, 1)|(0.009999999, 0.0100000007, 0.009999997)
GlobalObjectId_V1-2-75255463483393841ad623c260500c31-1281133953811806160-559331042|True|(-7.003109E-10, -0.000599995663, -0.000400000368)|(0, 0, 0, 1)|(0.009999999, 0.0100000007, 0.009999997)
GlobalObjectId_V1-2-75255463483393841ad623c260500c31-1281133953811806160-995936011|True|(-7.003109E-10, -0.000599995663, -0.000400000368)|(0, 0, 0, 1)|(0.009999999, 0.0100000007, 0.009999997)
GlobalObjectId_V1-2-75255463483393841ad623c260500c31-1281165329990796735-124650490|True|(-0.01, 0.36, -1.56)|(0.6508453, 0, 0, 0.7592104)|(1, 1, 1)
GlobalObjectId_V1-2-75255463483393841ad623c260500c31-1281165329990796735-1376906811|True|(-0.01, 0.36, -1.56)|(0.6508453, 0, 0, 0.7592104)|(1, 1, 1)
GlobalObjectId_V1-2-75255463483393841ad623c260500c31-1281165329990796735-1395087067|True|(-0.01, 0.36, -1.56)|(0.6508453, 0, 0, 0.7592104)|(1, 1, 1)
GlobalObjectId_V1-2-75255463483393841ad623c260500c31-1281165329990796735-589898910|True|(-0.01, 0.36, -1.56)|(0.6508453, 0, 0, 0.7592104)|(1, 1, 1)
GlobalObjectId_V1-2-75255463483393841ad623c260500c31-1281165329990796735-951118863|True|(-0.01, 0.36, -1.56)|(0.6508453, 0, 0, 0.7592104)|(1, 1, 1)
GlobalObjectId_V1-2-75255463483393841ad623c260500c31-1281165329990796735-997839571|True|(-0.01, 0.36, -1.56)|(0.6508453, 0, 0, 0.7592104)|(1, 1, 1)
GlobalObjectId_V1-2-75255463483393841ad623c260500c31-1284541593-0|True|(0, 0, 0)|(0.7071068, 0, 0, 0.7071068)|(1, 1, 1)
GlobalObjectId_V1-2-75255463483393841ad623c260500c31-1289915830-0|True|(0, 0, 0)|(0.7071068, 0, 0, 0.7071068)|(1, 1, 1)
GlobalObjectId_V1-2-75255463483393841ad623c260500c31-1290055884-0|True|(0, 0, 0)|(0.7071068, 0, 0, 0.7071068)|(1, 1, 1)
GlobalObjectId_V1-2-75255463483393841ad623c260500c31-1292182597-0|True|(0, 0, 0)|(0.7071068, 0, 0, 0.7071068)|(1, 1, 1)
GlobalObjectId_V1-2-75255463483393841ad623c260500c31-1293857116-0|True|(0, 0, 0)|(0.7071068, 0, 0, 0.7071068)|(1, 1, 1)
GlobalObjectId_V1-2-75255463483393841ad623c260500c31-1294307214-0|True|(0, 0, 0)|(0.7071068, 0, 0, 0.7071068)|(1, 1, 1)
GlobalObjectId_V1-2-75255463483393841ad623c260500c31-1294558991-0|True|(206.54509, 3.1, 410)|(0, 0.0495194644, 0, 0.998773158)|(1, 1, 1)
GlobalObjectId_V1-2-75255463483393841ad623c260500c31-1298626163010258838-1092392191|True|(0, 0.85, 0)|(0, 1, 0, 0)|(1, 1, 1)
GlobalObjectId_V1-2-75255463483393841ad623c260500c31-1298626163010258838-1236654927|True|(0, 0.85, 0)|(0, 1, 0, 0)|(1, 1, 1)
GlobalObjectId_V1-2-75255463483393841ad623c260500c31-1298626163010258838-1830864491|True|(0, 0.85, 0)|(0, 1, 0, 0)|(1, 1, 1)
GlobalObjectId_V1-2-75255463483393841ad623c260500c31-1298626163010258838-184762202|True|(0, 0.85, 0)|(0, 1, 0, 0)|(1, 1, 1)
GlobalObjectId_V1-2-75255463483393841ad623c260500c31-1298626163010258838-430729400|True|(0, 0.85, 0)|(0, 1, 0, 0)|(1, 1, 1)
GlobalObjectId_V1-2-75255463483393841ad623c260500c31-1298626163010258838-507331391|True|(0, 0.85, 0)|(0, 1, 0, 0)|(1, 1, 1)
GlobalObjectId_V1-2-75255463483393841ad623c260500c31-1298626163010258838-559331042|True|(0, 0.85, 0)|(0, 1, 0, 0)|(1, 1, 1)
GlobalObjectId_V1-2-75255463483393841ad623c260500c31-1298626163010258838-995936011|True|(0, 0.85, 0)|(0, 1, 0, 0)|(1, 1, 1)
GlobalObjectId_V1-2-75255463483393841ad623c260500c31-1301860147-0|True|(0.85, 0, -0.092)|(0, 0, 0, 1)|(0.25, 0.18, 0.018)
GlobalObjectId_V1-2-75255463483393841ad623c260500c31-1304778651-0|True|(0, 0, 0)|(0.7071068, 0, 0, 0.7071068)|(1, 1, 1)
GlobalObjectId_V1-2-75255463483393841ad623c260500c31-1306599557-0|True|(0, 0, 0)|(0.7071068, 0, 0, 0.7071068)|(1, 1, 1)
GlobalObjectId_V1-2-75255463483393841ad623c260500c31-1309300780-0|True|(0, 0, 0)|(0.7071068, 0, 0, 0.7071068)|(1, 1, 1)
GlobalObjectId_V1-2-75255463483393841ad623c260500c31-130948618-0|True|(0, 0, 0)|(0.7071068, 0, 0, 0.7071068)|(1, 1, 1)
GlobalObjectId_V1-2-75255463483393841ad623c260500c31-1310845510-0|True|(-1.5, 2, 0)|(0, 0, 0, 1)|(0.32, 0.34, 0.12)
GlobalObjectId_V1-2-75255463483393841ad623c260500c31-1312685669-0|True|(0, 0, 0)|(0, 0, 0, 1)|(1, 1, 1)
GlobalObjectId_V1-2-75255463483393841ad623c260500c31-1315138251-0|True|(-153.872528, 2.30555558, -70.86956)|(0, 0.018638229, 0, 0.9998263)|(1, 1, 1)
GlobalObjectId_V1-2-75255463483393841ad623c260500c31-1315138252-0|{"MonoBehaviour":{"m_Enabled":true,"m_EditorHideFlags":0,"m_Name":"","m_EditorClassIdentifier":"Assembly-CSharp::HighwayHazard","visual":{"instanceID":0},"barrierArm":{"instanceID":0},"signal":{"instanceID":0},"warning":{"instanceID":0},"laneIndex":0,"breakHealth":240.0,"warningSeconds":1.7999999523162842,"cycleSeconds":4.0,"crossingDistance":0.0}}
GlobalObjectId_V1-2-75255463483393841ad623c260500c31-1315317596-0|True|(0.25, 0, -0.092)|(0, 0, 0, 1)|(0.25, 0.18, 0.018)
GlobalObjectId_V1-2-75255463483393841ad623c260500c31-1317494355-0|True|(0, 0, 0)|(0.7071068, 0, 0, 0.7071068)|(1, 1, 1)
GlobalObjectId_V1-2-75255463483393841ad623c260500c31-1321210257-0|True|(0, 0, 0)|(0.7071068, 0, 0, 0.7071068)|(1, 1, 1)
GlobalObjectId_V1-2-75255463483393841ad623c260500c31-1321586509-0|True|(0, 0, 0)|(0.7071068, 0, 0, 0.7071068)|(1, 1, 1)
GlobalObjectId_V1-2-75255463483393841ad623c260500c31-1323086445-0|True|(-419.659241, 0.08, -627)|(0, 0.0248944312, 0, 0.9996901)|(1, 1, 1)
GlobalObjectId_V1-2-75255463483393841ad623c260500c31-1323643443-0|True|(-1.5, 0.7, 0)|(0, 0, 0, 1)|(0.4, 1.1, 0.45)
GlobalObjectId_V1-2-75255463483393841ad623c260500c31-1325292464528573902-1278433063|True|(-2.60770322E-10, 0.00243174122, -1.49011609E-10)|(-0.423979342, -0.08175692, 0.08175697, 0.8982612)|(1.00000012, 1, 0.99999994)
GlobalObjectId_V1-2-75255463483393841ad623c260500c31-1325292464528573902-1796550201|True|(-2.60770322E-10, 0.00243174122, -1.49011609E-10)|(-0.423979342, -0.08175692, 0.08175697, 0.8982612)|(1.00000012, 1, 0.99999994)
GlobalObjectId_V1-2-75255463483393841ad623c260500c31-1325292464528573902-227182643|True|(-2.60770322E-10, 0.00243174122, -1.49011609E-10)|(-0.423979342, -0.08175692, 0.08175697, 0.8982612)|(1.00000012, 1, 0.99999994)
GlobalObjectId_V1-2-75255463483393841ad623c260500c31-1325292464528573902-4508494|True|(-2.60770322E-10, 0.00243174122, -1.49011609E-10)|(-0.423979342, -0.08175692, 0.08175697, 0.8982612)|(1.00000012, 1, 0.99999994)
GlobalObjectId_V1-2-75255463483393841ad623c260500c31-1325292464528573902-493544818|True|(-2.60770322E-10, 0.00243174122, -1.49011609E-10)|(-0.423979342, -0.08175692, 0.08175697, 0.8982612)|(1.00000012, 1, 0.99999994)
GlobalObjectId_V1-2-75255463483393841ad623c260500c31-1325292464528573902-537414647|True|(-2.60770322E-10, 0.00243174122, -1.49011609E-10)|(-0.423979342, -0.08175692, 0.08175697, 0.8982612)|(1.00000012, 1, 0.99999994)
GlobalObjectId_V1-2-75255463483393841ad623c260500c31-1325292464528573902-616789302|True|(-2.60770322E-10, 0.00243174122, -1.49011609E-10)|(-0.423979342, -0.08175692, 0.08175697, 0.8982612)|(1.00000012, 1, 0.99999994)
GlobalObjectId_V1-2-75255463483393841ad623c260500c31-1325292464528573902-828342056|True|(-2.60770322E-10, 0.00243174122, -1.49011609E-10)|(-0.423979342, -0.08175692, 0.08175697, 0.8982612)|(1.00000012, 1, 0.99999994)
GlobalObjectId_V1-2-75255463483393841ad623c260500c31-1325292464528573902-863157045|True|(-2.60770322E-10, 0.00243174122, -1.49011609E-10)|(-0.423979342, -0.08175692, 0.08175697, 0.8982612)|(1.00000012, 1, 0.99999994)
GlobalObjectId_V1-2-75255463483393841ad623c260500c31-1325292464528573902-950912075|True|(-2.60770322E-10, 0.00243174122, -1.49011609E-10)|(-0.423979342, -0.08175692, 0.08175697, 0.8982612)|(1.00000012, 1, 0.99999994)
GlobalObjectId_V1-2-75255463483393841ad623c260500c31-1328478533-0|True|(0, 0, 0)|(0.7071068, 0, 0, 0.7071068)|(1, 1, 1)
GlobalObjectId_V1-2-75255463483393841ad623c260500c31-1341856183566257891-1270225228|{"MonoBehaviour":{"m_Enabled":true,"m_EditorHideFlags":0,"m_Name":"","m_EditorClassIdentifier":"Assembly-CSharp::IndianOceanAssets.ShooterSurvival.EnemyMovementController","eventMode":4,"moveSpeed":2.4000000953674318,"patrolAcrossRoad":false,"moveAnimation":0,"targetPoint":{"instanceID":0},"hideWhileWaiting":false,"ambushEntrySide":0.0,"modelForwardYaw":0.0,"arrivalDistance":0.05000000074505806}}
GlobalObjectId_V1-2-75255463483393841ad623c260500c31-1341856183566257891-1720144850|{"MonoBehaviour":{"m_Enabled":true,"m_EditorHideFlags":0,"m_Name":"","m_EditorClassIdentifier":"Assembly-CSharp::IndianOceanAssets.ShooterSurvival.EnemyMovementController","eventMode":4,"moveSpeed":2.4000000953674318,"patrolAcrossRoad":false,"moveAnimation":0,"targetPoint":{"instanceID":0},"hideWhileWaiting":false,"ambushEntrySide":0.0,"modelForwardYaw":0.0,"arrivalDistance":0.05000000074505806}}
GlobalObjectId_V1-2-75255463483393841ad623c260500c31-1341856183566257891-1742115882|{"MonoBehaviour":{"m_Enabled":true,"m_EditorHideFlags":0,"m_Name":"","m_EditorClassIdentifier":"Assembly-CSharp::IndianOceanAssets.ShooterSurvival.EnemyMovementController","eventMode":4,"moveSpeed":2.4000000953674318,"patrolAcrossRoad":false,"moveAnimation":0,"targetPoint":{"instanceID":0},"hideWhileWaiting":false,"ambushEntrySide":0.0,"modelForwardYaw":0.0,"arrivalDistance":0.05000000074505806}}
GlobalObjectId_V1-2-75255463483393841ad623c260500c31-1341856183566257891-1906523992|{"MonoBehaviour":{"m_Enabled":true,"m_EditorHideFlags":0,"m_Name":"","m_EditorClassIdentifier":"Assembly-CSharp::IndianOceanAssets.ShooterSurvival.EnemyMovementController","eventMode":4,"moveSpeed":2.4000000953674318,"patrolAcrossRoad":false,"moveAnimation":0,"targetPoint":{"instanceID":0},"hideWhileWaiting":false,"ambushEntrySide":0.0,"modelForwardYaw":0.0,"arrivalDistance":0.05000000074505806}}
GlobalObjectId_V1-2-75255463483393841ad623c260500c31-1341856183566257891-1921694405|{"MonoBehaviour":{"m_Enabled":true,"m_EditorHideFlags":0,"m_Name":"","m_EditorClassIdentifier":"Assembly-CSharp::IndianOceanAssets.ShooterSurvival.EnemyMovementController","eventMode":4,"moveSpeed":2.4000000953674318,"patrolAcrossRoad":false,"moveAnimation":0,"targetPoint":{"instanceID":0},"hideWhileWaiting":false,"ambushEntrySide":0.0,"modelForwardYaw":0.0,"arrivalDistance":0.05000000074505806}}
GlobalObjectId_V1-2-75255463483393841ad623c260500c31-1341856183566257891-2052472853|{"MonoBehaviour":{"m_Enabled":true,"m_EditorHideFlags":0,"m_Name":"","m_EditorClassIdentifier":"Assembly-CSharp::IndianOceanAssets.ShooterSurvival.EnemyMovementController","eventMode":4,"moveSpeed":2.4000000953674318,"patrolAcrossRoad":false,"moveAnimation":0,"targetPoint":{"instanceID":0},"hideWhileWaiting":false,"ambushEntrySide":0.0,"modelForwardYaw":0.0,"arrivalDistance":0.05000000074505806}}
GlobalObjectId_V1-2-75255463483393841ad623c260500c31-1341856183566257891-303056869|{"MonoBehaviour":{"m_Enabled":true,"m_EditorHideFlags":0,"m_Name":"","m_EditorClassIdentifier":"Assembly-CSharp::IndianOceanAssets.ShooterSurvival.EnemyMovementController","eventMode":4,"moveSpeed":2.4000000953674318,"patrolAcrossRoad":false,"moveAnimation":0,"targetPoint":{"instanceID":0},"hideWhileWaiting":false,"ambushEntrySide":0.0,"modelForwardYaw":0.0,"arrivalDistance":0.05000000074505806}}
GlobalObjectId_V1-2-75255463483393841ad623c260500c31-1341856183566257891-308968016|{"MonoBehaviour":{"m_Enabled":true,"m_EditorHideFlags":0,"m_Name":"","m_EditorClassIdentifier":"Assembly-CSharp::IndianOceanAssets.ShooterSurvival.EnemyMovementController","eventMode":4,"moveSpeed":2.4000000953674318,"patrolAcrossRoad":false,"moveAnimation":0,"targetPoint":{"instanceID":0},"hideWhileWaiting":false,"ambushEntrySide":0.0,"modelForwardYaw":0.0,"arrivalDistance":0.05000000074505806}}
GlobalObjectId_V1-2-75255463483393841ad623c260500c31-1341856183566257891-764708180|{"MonoBehaviour":{"m_Enabled":true,"m_EditorHideFlags":0,"m_Name":"","m_EditorClassIdentifier":"Assembly-CSharp::IndianOceanAssets.ShooterSurvival.EnemyMovementController","eventMode":4,"moveSpeed":2.4000000953674318,"patrolAcrossRoad":false,"moveAnimation":0,"targetPoint":{"instanceID":0},"hideWhileWaiting":false,"ambushEntrySide":0.0,"modelForwardYaw":0.0,"arrivalDistance":0.05000000074505806}}
GlobalObjectId_V1-2-75255463483393841ad623c260500c31-1341856183566257891-924230383|{"MonoBehaviour":{"m_Enabled":true,"m_EditorHideFlags":0,"m_Name":"","m_EditorClassIdentifier":"Assembly-CSharp::IndianOceanAssets.ShooterSurvival.EnemyMovementController","eventMode":4,"moveSpeed":2.4000000953674318,"patrolAcrossRoad":false,"moveAnimation":0,"targetPoint":{"instanceID":0},"hideWhileWaiting":false,"ambushEntrySide":0.0,"modelForwardYaw":0.0,"arrivalDistance":0.05000000074505806}}
GlobalObjectId_V1-2-75255463483393841ad623c260500c31-1343950213-0|True|(1.5, 0, 0)|(0, 0, 0, 1)|(3, 0.17, 0.17)
GlobalObjectId_V1-2-75255463483393841ad623c260500c31-1348410208017638448-1278433063|True|(0.00256000017, 0.0006400007, 0)|(0.902088046, 0.2971957, 0.2971956, -0.09791189)|(1.00000083, 1.00000036, 1)
GlobalObjectId_V1-2-75255463483393841ad623c260500c31-1348410208017638448-1796550201|True|(0.00256000017, 0.0006400007, 0)|(0.902088046, 0.2971957, 0.2971956, -0.09791189)|(1.00000083, 1.00000036, 1)
GlobalObjectId_V1-2-75255463483393841ad623c260500c31-1348410208017638448-227182643|True|(0.00256000017, 0.0006400007, 0)|(0.902088046, 0.2971957, 0.2971956, -0.09791189)|(1.00000083, 1.00000036, 1)
GlobalObjectId_V1-2-75255463483393841ad623c260500c31-1348410208017638448-4508494|True|(0.00256000017, 0.0006400007, 0)|(0.902088046, 0.2971957, 0.2971956, -0.09791189)|(1.00000083, 1.00000036, 1)
GlobalObjectId_V1-2-75255463483393841ad623c260500c31-1348410208017638448-493544818|True|(0.00256000017, 0.0006400007, 0)|(0.902088046, 0.2971957, 0.2971956, -0.09791189)|(1.00000083, 1.00000036, 1)
GlobalObjectId_V1-2-75255463483393841ad623c260500c31-1348410208017638448-537414647|True|(0.00256000017, 0.0006400007, 0)|(0.902088046, 0.2971957, 0.2971956, -0.09791189)|(1.00000083, 1.00000036, 1)
GlobalObjectId_V1-2-75255463483393841ad623c260500c31-1348410208017638448-616789302|True|(0.00256000017, 0.0006400007, 0)|(0.902088046, 0.2971957, 0.2971956, -0.09791189)|(1.00000083, 1.00000036, 1)
GlobalObjectId_V1-2-75255463483393841ad623c260500c31-1348410208017638448-828342056|True|(0.00256000017, 0.0006400007, 0)|(0.902088046, 0.2971957, 0.2971956, -0.09791189)|(1.00000083, 1.00000036, 1)
GlobalObjectId_V1-2-75255463483393841ad623c260500c31-1348410208017638448-863157045|True|(0.00256000017, 0.0006400007, 0)|(0.902088046, 0.2971957, 0.2971956, -0.09791189)|(1.00000083, 1.00000036, 1)
GlobalObjectId_V1-2-75255463483393841ad623c260500c31-1348410208017638448-950912075|True|(0.00256000017, 0.0006400007, 0)|(0.902088046, 0.2971957, 0.2971956, -0.09791189)|(1.00000083, 1.00000036, 1)
GlobalObjectId_V1-2-75255463483393841ad623c260500c31-1355344347-0|True|(0, 0, 0)|(0.7071068, 0, 0, 0.7071068)|(1, 1, 1)
GlobalObjectId_V1-2-75255463483393841ad623c260500c31-1356272057-0|True|(0, 0, 0)|(0.7071068, 0, 0, 0.7071068)|(1, 1, 1)
GlobalObjectId_V1-2-75255463483393841ad623c260500c31-1358739576-0|True|(0, 0, 0)|(0.7071068, 0, 0, 0.7071068)|(1, 1, 1)
GlobalObjectId_V1-2-75255463483393841ad623c260500c31-1359452151-0|True|(204.682755, 3.36000776, 391.999542)|(0, 0.0520534664, 0, 0.998644352)|(1, 1, 1)
GlobalObjectId_V1-2-75255463483393841ad623c260500c31-1360646964-0|True|(0, 0, 0)|(0.7071068, 0, 0, 0.7071068)|(1, 1, 1)
GlobalObjectId_V1-2-75255463483393841ad623c260500c31-1363316845-0|True|(0, 0, 0)|(0.7071068, 0, 0, 0.7071068)|(1, 1, 1)
GlobalObjectId_V1-2-75255463483393841ad623c260500c31-1369498935-0|True|(0, 0, 0)|(0.7071068, 0, 0, 0.7071068)|(1, 1, 1)
GlobalObjectId_V1-2-75255463483393841ad623c260500c31-1369614312-0|True|(0, 0, 0)|(0, 0, 0, 1)|(1, 1, 1)
GlobalObjectId_V1-2-75255463483393841ad623c260500c31-1371599225-0|True|(0, 0, 0)|(0.7071068, 0, 0, 0.7071068)|(1, 1, 1)
GlobalObjectId_V1-2-75255463483393841ad623c260500c31-1376291877-0|True|(0, 0, 0)|(0.7071068, 0, 0, 0.7071068)|(1, 1, 1)
GlobalObjectId_V1-2-75255463483393841ad623c260500c31-137851225418432871-1278433063|True|(0, 0.0048, 0)|(0, 0, 0, 1)|(1, 1, 1)
GlobalObjectId_V1-2-75255463483393841ad623c260500c31-137851225418432871-1796550201|True|(0, 0.0048, 0)|(0, 0, 0, 1)|(1, 1, 1)
GlobalObjectId_V1-2-75255463483393841ad623c260500c31-137851225418432871-227182643|True|(0, 0.0048, 0)|(0, 0, 0, 1)|(1, 1, 1)
GlobalObjectId_V1-2-75255463483393841ad623c260500c31-137851225418432871-4508494|True|(0, 0.0048, 0)|(0, 0, 0, 1)|(1, 1, 1)
GlobalObjectId_V1-2-75255463483393841ad623c260500c31-137851225418432871-493544818|True|(0, 0.0048, 0)|(0, 0, 0, 1)|(1, 1, 1)
GlobalObjectId_V1-2-75255463483393841ad623c260500c31-137851225418432871-537414647|True|(0, 0.0048, 0)|(0, 0, 0, 1)|(1, 1, 1)
GlobalObjectId_V1-2-75255463483393841ad623c260500c31-137851225418432871-616789302|True|(0, 0.0048, 0)|(0, 0, 0, 1)|(1, 1, 1)
GlobalObjectId_V1-2-75255463483393841ad623c260500c31-137851225418432871-828342056|True|(0, 0.0048, 0)|(0, 0, 0, 1)|(1, 1, 1)
GlobalObjectId_V1-2-75255463483393841ad623c260500c31-137851225418432871-863157045|True|(0, 0.0048, 0)|(0, 0, 0, 1)|(1, 1, 1)
GlobalObjectId_V1-2-75255463483393841ad623c260500c31-137851225418432871-950912075|True|(0, 0.0048, 0)|(0, 0, 0, 1)|(1, 1, 1)
GlobalObjectId_V1-2-75255463483393841ad623c260500c31-1380782799-0|True|(0, 0, 0)|(0.7071068, 0, 0, 0.7071068)|(1, 1, 1)
GlobalObjectId_V1-2-75255463483393841ad623c260500c31-1381240495-0|True|(0, 0, 0)|(0.7071068, 0, 0, 0.7071068)|(1, 1, 1)
GlobalObjectId_V1-2-75255463483393841ad623c260500c31-1382281174-0|True|(0, 0, 0)|(0, 0, 0, 1)|(1, 1, 1)
GlobalObjectId_V1-2-75255463483393841ad623c260500c31-1383464007-0|True|(0, 0, 0)|(0.7071068, 0, 0, 0.7071068)|(1, 1, 1)
GlobalObjectId_V1-2-75255463483393841ad623c260500c31-1383994471-0|True|(0, 0, 0)|(0.7071068, 0, 0, 0.7071068)|(1, 1, 1)
GlobalObjectId_V1-2-75255463483393841ad623c260500c31-1390218894-0|True|(2.05000019, 0, -0.092)|(0, 0, 0, 1)|(0.25, 0.18, 0.018)
GlobalObjectId_V1-2-75255463483393841ad623c260500c31-1391127-0|True|(0, 0, 0)|(0.7071068, 0, 0, 0.7071068)|(1, 1, 1)
GlobalObjectId_V1-2-75255463483393841ad623c260500c31-139176054-0|True|(0, 0, 0)|(0.7071068, 0, 0, 0.7071068)|(1, 1, 1)
GlobalObjectId_V1-2-75255463483393841ad623c260500c31-1393257980542351292-1092392191|True|(2.98023217E-10, 0.00250256155, 0)|(-0.234658659, 0.144743443, -0.353433073, 0.893907)|(1, 1, 0.99999994)
GlobalObjectId_V1-2-75255463483393841ad623c260500c31-1393257980542351292-1236654927|True|(2.98023217E-10, 0.00250256155, 0)|(-0.234658659, 0.144743443, -0.353433073, 0.893907)|(1, 1, 0.99999994)
GlobalObjectId_V1-2-75255463483393841ad623c260500c31-1393257980542351292-1830864491|True|(2.98023217E-10, 0.00250256155, 0)|(-0.234658659, 0.144743443, -0.353433073, 0.893907)|(1, 1, 0.99999994)
GlobalObjectId_V1-2-75255463483393841ad623c260500c31-1393257980542351292-184762202|True|(2.98023217E-10, 0.00250256155, 0)|(-0.234658659, 0.144743443, -0.353433073, 0.893907)|(1, 1, 0.99999994)
GlobalObjectId_V1-2-75255463483393841ad623c260500c31-1393257980542351292-430729400|True|(2.98023217E-10, 0.00250256155, 0)|(-0.234658659, 0.144743443, -0.353433073, 0.893907)|(1, 1, 0.99999994)
GlobalObjectId_V1-2-75255463483393841ad623c260500c31-1393257980542351292-507331391|True|(2.98023217E-10, 0.00250256155, 0)|(-0.234658659, 0.144743443, -0.353433073, 0.893907)|(1, 1, 0.99999994)
GlobalObjectId_V1-2-75255463483393841ad623c260500c31-1393257980542351292-559331042|True|(2.98023217E-10, 0.00250256155, 0)|(-0.234658659, 0.144743443, -0.353433073, 0.893907)|(1, 1, 0.99999994)
GlobalObjectId_V1-2-75255463483393841ad623c260500c31-1393257980542351292-995936011|True|(2.98023217E-10, 0.00250256155, 0)|(-0.234658659, 0.144743443, -0.353433073, 0.893907)|(1, 1, 0.99999994)
GlobalObjectId_V1-2-75255463483393841ad623c260500c31-1393502899-0|True|(200.627365, 4.03000164, 324.993317)|(0, 0.005462069, 0, 0.9999851)|(1, 1, 1)
GlobalObjectId_V1-2-75255463483393841ad623c260500c31-1394699692-0|True|(0, 0, 0)|(0.7071068, 0, 0, 0.7071068)|(1, 1, 1)
GlobalObjectId_V1-2-75255463483393841ad623c260500c31-1395422342-0|True|(0, 0, 0)|(0.7071068, 0, 0, 0.7071068)|(1, 1, 1)
GlobalObjectId_V1-2-75255463483393841ad623c260500c31-140099923-0|True|(0, 0, 0)|(0.7071068, 0, 0, 0.7071068)|(1, 1, 1)
GlobalObjectId_V1-2-75255463483393841ad623c260500c31-140216286-0|True|(-362.149048, 0.08, -317.102051)|(0, 0.6851648, 0, 0.728388)|(1, 1, 1)
GlobalObjectId_V1-2-75255463483393841ad623c260500c31-1402608244-0|True|(0, 0, 0)|(0.7071068, 0, 0, 0.7071068)|(1, 1, 1)
GlobalObjectId_V1-2-75255463483393841ad623c260500c31-1403659463-0|True|(0, 0, 0)|(0.7071068, 0, 0, 0.7071068)|(1, 1, 1)
GlobalObjectId_V1-2-75255463483393841ad623c260500c31-140839077-0|True|(0, 0, 0)|(0.7071068, 0, 0, 0.7071068)|(1, 1, 1)
GlobalObjectId_V1-2-75255463483393841ad623c260500c31-1408408370-0|True|(0, 0, 0)|(0.7071068, 0, 0, 0.7071068)|(1, 1, 1)
GlobalObjectId_V1-2-75255463483393841ad623c260500c31-140914522-0|True|(0, 0, 0)|(0.7071068, 0, 0, 0.7071068)|(1, 1, 1)
GlobalObjectId_V1-2-75255463483393841ad623c260500c31-1415305962-0|True|(0, 0, 0)|(0.7071068, 0, 0, 0.7071068)|(1, 1, 1)
GlobalObjectId_V1-2-75255463483393841ad623c260500c31-141816832-0|True|(0, 0, 0)|(0.7071068, 0, 0, 0.7071068)|(1, 1, 1)
GlobalObjectId_V1-2-75255463483393841ad623c260500c31-1420236122-0|True|(0, 0, 0)|(0.7071068, 0, 0, 0.7071068)|(1, 1, 1)
GlobalObjectId_V1-2-75255463483393841ad623c260500c31-1421371809-0|False|(0, 0, 0)|(0.7071068, 0, 0, 0.7071068)|(1, 1, 1)
GlobalObjectId_V1-2-75255463483393841ad623c260500c31-1426282889-0|True|(0, 0, 0)|(0.7071068, 0, 0, 0.7071068)|(1, 1, 1)
GlobalObjectId_V1-2-75255463483393841ad623c260500c31-1429350418-0|True|(0, 0, 0)|(0.7071068, 0, 0, 0.7071068)|(1, 1, 1)
GlobalObjectId_V1-2-75255463483393841ad623c260500c31-1429771785-0|True|(0, 0, 0)|(0.7071068, 0, 0, 0.7071068)|(1, 1, 1)
GlobalObjectId_V1-2-75255463483393841ad623c260500c31-14305103-0|True|(-421.670441, 0.08, -447.307373)|(0, -0.05025425, 0, 0.9987365)|(1, 1, 1)
GlobalObjectId_V1-2-75255463483393841ad623c260500c31-1432374124-0|True|(-235, 0.08, -323.7)|(0, 0, 0, 1)|(1, 1, 1)
GlobalObjectId_V1-2-75255463483393841ad623c260500c31-1432979296-0|True|(0, 0, 0)|(0.7071068, 0, 0, 0.7071068)|(1, 1, 1)
GlobalObjectId_V1-2-75255463483393841ad623c260500c31-1434527908-0|True|(1.5, 0, 0)|(0, 0, 0, 1)|(3, 0.17, 0.17)
GlobalObjectId_V1-2-75255463483393841ad623c260500c31-1435084378-0|True|(0, 0, 0)|(0.7071068, 0, 0, 0.7071068)|(1, 1, 1)
GlobalObjectId_V1-2-75255463483393841ad623c260500c31-1435954310-0|True|(0, 0, 0)|(0.7071068, 0, 0, 0.7071068)|(1, 1, 1)
GlobalObjectId_V1-2-75255463483393841ad623c260500c31-1439666838-0|True|(0, 0, 0)|(0.7071068, 0, 0, 0.7071068)|(1, 1, 1)
GlobalObjectId_V1-2-75255463483393841ad623c260500c31-1445137446-0|True|(308.016479, 0, 725.066162)|(0, 0.599571645, 0, 0.8003211)|(1, 1, 1)
GlobalObjectId_V1-2-75255463483393841ad623c260500c31-1445137447-0|{"MonoBehaviour":{"m_Enabled":true,"m_EditorHideFlags":0,"m_Name":"","m_EditorClassIdentifier":"Assembly-CSharp::HighwayHazard","visual":{"instanceID":0},"barrierArm":{"instanceID":0},"signal":{"instanceID":0},"warning":{"instanceID":0},"laneIndex":0,"breakHealth":240.0,"warningSeconds":1.7999999523162842,"cycleSeconds":4.0,"crossingDistance":0.0}}
GlobalObjectId_V1-2-75255463483393841ad623c260500c31-1445240461-0|True|(0, 0, 0)|(0.7071068, 0, 0, 0.7071068)|(1, 1, 1)
GlobalObjectId_V1-2-75255463483393841ad623c260500c31-1446116861-0|True|(0, 0, 0)|(0.7071068, 0, 0, 0.7071068)|(1, 1, 1)
GlobalObjectId_V1-2-75255463483393841ad623c260500c31-1447201847-0|True|(0, 0, 0)|(0.7071068, 0, 0, 0.7071068)|(1, 1, 1)
GlobalObjectId_V1-2-75255463483393841ad623c260500c31-1447885430-0|True|(0, 0, 0)|(0.7071068, 0, 0, 0.7071068)|(1, 1, 1)
GlobalObjectId_V1-2-75255463483393841ad623c260500c31-1448196787-0|True|(0, 0, 0)|(0.7071068, 0, 0, 0.7071068)|(1, 1, 1)
GlobalObjectId_V1-2-75255463483393841ad623c260500c31-1449939682-0|True|(0.25, 0, -0.092)|(0, 0, 0, 1)|(0.25, 0.18, 0.018)
GlobalObjectId_V1-2-75255463483393841ad623c260500c31-1453358874-0|True|(0, 0, 0)|(0, 0, 0, 1)|(1, 1, 1)
GlobalObjectId_V1-2-75255463483393841ad623c260500c31-1454680444-0|True|(0, 0, 0)|(0.7071068, 0, 0, 0.7071068)|(1, 1, 1)
GlobalObjectId_V1-2-75255463483393841ad623c260500c31-145633812-0|True|(0, 0, 0)|(0.7071068, 0, 0, 0.7071068)|(1, 1, 1)
GlobalObjectId_V1-2-75255463483393841ad623c260500c31-1458596692-0|True|(0, 0, 0)|(0.7071068, 0, 0, 0.7071068)|(1, 1, 1)
GlobalObjectId_V1-2-75255463483393841ad623c260500c31-1458894213-0|True|(0, 0, 0)|(0.7071068, 0, 0, 0.7071068)|(1, 1, 1)
GlobalObjectId_V1-2-75255463483393841ad623c260500c31-1461873874-0|True|(0, 0, 0)|(0.7071068, 0, 0, 0.7071068)|(1, 1, 1)
GlobalObjectId_V1-2-75255463483393841ad623c260500c31-1462120448-0|True|(0, 0, 0)|(0.7071068, 0, 0, 0.7071068)|(1, 1, 1)
GlobalObjectId_V1-2-75255463483393841ad623c260500c31-146312256-0|True|(0, 0, 0)|(0.7071068, 0, 0, 0.7071068)|(1, 1, 1)
GlobalObjectId_V1-2-75255463483393841ad623c260500c31-1467095560-0|True|(0, 0, 0)|(0.7071068, 0, 0, 0.7071068)|(1, 1, 1)
GlobalObjectId_V1-2-75255463483393841ad623c260500c31-1467757203-0|True|(0, 0, 0)|(0.7071068, 0, 0, 0.7071068)|(1, 1, 1)
GlobalObjectId_V1-2-75255463483393841ad623c260500c31-1468752834-0|True|(0, 0, 0)|(0.7071068, 0, 0, 0.7071068)|(1, 1, 1)
GlobalObjectId_V1-2-75255463483393841ad623c260500c31-1470134624-0|True|(0, 0, 0)|(0.7071068, 0, 0, 0.7071068)|(1, 1, 1)
GlobalObjectId_V1-2-75255463483393841ad623c260500c31-1472718691-0|True|(0, 0, 0)|(0.7071068, 0, 0, 0.7071068)|(1, 1, 1)
GlobalObjectId_V1-2-75255463483393841ad623c260500c31-1475250598-0|True|(0, 0, 0)|(0.7071068, 0, 0, 0.7071068)|(1, 1, 1)
GlobalObjectId_V1-2-75255463483393841ad623c260500c31-14769776-0|True|(0, 0, 0)|(0.7071068, 0, 0, 0.7071068)|(1, 1, 1)
GlobalObjectId_V1-2-75255463483393841ad623c260500c31-1483385962-0|True|(-170.554382, 0.337305725, -290.746643)|(0, 0.241022289, 0, 0.9705196)|(1, 1, 1)
GlobalObjectId_V1-2-75255463483393841ad623c260500c31-148470620-0|True|(0, 0, 0)|(0.7071068, 0, 0, 0.7071068)|(1, 1, 1)
GlobalObjectId_V1-2-75255463483393841ad623c260500c31-1487083172-0|True|(-163.5, 0.7037043, -243.999939)|(0, 0, 0, 1)|(1, 1, 1)
GlobalObjectId_V1-2-75255463483393841ad623c260500c31-1487083173-0|{"MonoBehaviour":{"m_Enabled":true,"m_EditorHideFlags":0,"m_Name":"","m_EditorClassIdentifier":"Assembly-CSharp::HighwayHazard","visual":{"instanceID":0},"barrierArm":{"instanceID":0},"signal":{"instanceID":0},"warning":{"instanceID":0},"laneIndex":0,"breakHealth":240.0,"warningSeconds":1.7999999523162842,"cycleSeconds":4.0,"crossingDistance":0.0}}
GlobalObjectId_V1-2-75255463483393841ad623c260500c31-14876936-0|True|(0, 0, 0)|(0.7071068, 0, 0, 0.7071068)|(1, 1, 1)
GlobalObjectId_V1-2-75255463483393841ad623c260500c31-1488221878-0|True|(0, 0, 0)|(0, 0, 0, 1)|(1, 1, 1)
GlobalObjectId_V1-2-75255463483393841ad623c260500c31-1490434644-0|True|(189.445114, 4.80212, 249.252457)|(0, 0.241072774, 0, 0.9705071)|(1, 1, 1)
GlobalObjectId_V1-2-75255463483393841ad623c260500c31-1493304186-0|True|(0, 0, 0)|(0.7071068, 0, 0, 0.7071068)|(1, 1, 1)
GlobalObjectId_V1-2-75255463483393841ad623c260500c31-149587818-0|True|(0, 0, 0)|(0.7071068, 0, 0, 0.7071068)|(1, 1, 1)
GlobalObjectId_V1-2-75255463483393841ad623c260500c31-1497422549-0|True|(-3.600006, 0, 0)|(0, 0, 0, 1)|(1, 1, 1)
GlobalObjectId_V1-2-75255463483393841ad623c260500c31-1497422550-0|{"MonoBehaviour":{"m_Enabled":true,"m_EditorHideFlags":0,"m_Name":"","m_EditorClassIdentifier":"Assembly-CSharp::HighwayHazard","visual":{"instanceID":0},"barrierArm":{"instanceID":0},"signal":{"instanceID":0},"warning":{"instanceID":0},"laneIndex":0,"breakHealth":0.0,"warningSeconds":1.7999999523162842,"cycleSeconds":6.0,"crossingDistance":0.0}}
GlobalObjectId_V1-2-75255463483393841ad623c260500c31-149881789-0|True|(0, 0, 0)|(0.7071068, 0, 0, 0.7071068)|(1, 1, 1)
GlobalObjectId_V1-2-75255463483393841ad623c260500c31-149945960-0|True|(0, 0, 0)|(0.7071068, 0, 0, 0.7071068)|(1, 1, 1)
GlobalObjectId_V1-2-75255463483393841ad623c260500c31-1502480455-0|True|(0, 0, 0)|(0.7071068, 0, 0, 0.7071068)|(1, 1, 1)
GlobalObjectId_V1-2-75255463483393841ad623c260500c31-1503766170-0|True|(0, 0, 0)|(0.7071068, 0, 0, 0.7071068)|(1, 1, 1)
GlobalObjectId_V1-2-75255463483393841ad623c260500c31-1508742108-0|True|(0, 0, 0)|(0.7071068, 0, 0, 0.7071068)|(1, 1, 1)
GlobalObjectId_V1-2-75255463483393841ad623c260500c31-1510803702-0|True|(0, 0, 0)|(0.7071068, 0, 0, 0.7071068)|(1, 1, 1)
GlobalObjectId_V1-2-75255463483393841ad623c260500c31-1510929685-0|True|(0, 0, 0)|(0.7071068, 0, 0, 0.7071068)|(1, 1, 1)
GlobalObjectId_V1-2-75255463483393841ad623c260500c31-1512004327-0|True|(0, 0, 0)|(0.7071068, 0, 0, 0.7071068)|(1, 1, 1)
GlobalObjectId_V1-2-75255463483393841ad623c260500c31-1512451794-0|True|(0, 0, 0)|(0, 0, 0, 1)|(1, 1, 1)
GlobalObjectId_V1-2-75255463483393841ad623c260500c31-1517024842-0|True|(0, 0, 0)|(0.7071068, 0, 0, 0.7071068)|(1, 1, 1)
GlobalObjectId_V1-2-75255463483393841ad623c260500c31-151980593066572890-1270225228|True|(-0.00160000008, 0, 0)|(0.9871956, -0.112429716, -0.112429671, -0.0128043881)|(1.00000036, 1.00000012, 1)
GlobalObjectId_V1-2-75255463483393841ad623c260500c31-151980593066572890-1720144850|True|(-0.00160000008, 0, 0)|(0.9871956, -0.112429716, -0.112429671, -0.0128043881)|(1.00000036, 1.00000012, 1)
GlobalObjectId_V1-2-75255463483393841ad623c260500c31-151980593066572890-1742115882|True|(-0.00160000008, 0, 0)|(0.9871956, -0.112429716, -0.112429671, -0.0128043881)|(1.00000036, 1.00000012, 1)
GlobalObjectId_V1-2-75255463483393841ad623c260500c31-151980593066572890-1906523992|True|(-0.00160000008, 0, 0)|(0.9871956, -0.112429716, -0.112429671, -0.0128043881)|(1.00000036, 1.00000012, 1)
GlobalObjectId_V1-2-75255463483393841ad623c260500c31-151980593066572890-1921694405|True|(-0.00160000008, 0, 0)|(0.9871956, -0.112429716, -0.112429671, -0.0128043881)|(1.00000036, 1.00000012, 1)
GlobalObjectId_V1-2-75255463483393841ad623c260500c31-151980593066572890-2052472853|True|(-0.00160000008, 0, 0)|(0.9871956, -0.112429716, -0.112429671, -0.0128043881)|(1.00000036, 1.00000012, 1)
GlobalObjectId_V1-2-75255463483393841ad623c260500c31-151980593066572890-303056869|True|(-0.00160000008, 0, 0)|(0.9871956, -0.112429716, -0.112429671, -0.0128043881)|(1.00000036, 1.00000012, 1)
GlobalObjectId_V1-2-75255463483393841ad623c260500c31-151980593066572890-308968016|True|(-0.00160000008, 0, 0)|(0.9871956, -0.112429716, -0.112429671, -0.0128043881)|(1.00000036, 1.00000012, 1)
GlobalObjectId_V1-2-75255463483393841ad623c260500c31-151980593066572890-764708180|True|(-0.00160000008, 0, 0)|(0.9871956, -0.112429716, -0.112429671, -0.0128043881)|(1.00000036, 1.00000012, 1)
GlobalObjectId_V1-2-75255463483393841ad623c260500c31-151980593066572890-924230383|True|(-0.00160000008, 0, 0)|(0.9871956, -0.112429716, -0.112429671, -0.0128043881)|(1.00000036, 1.00000012, 1)
GlobalObjectId_V1-2-75255463483393841ad623c260500c31-1521598529-0|True|(2.65, 0, -0.092)|(0, 0, 0, 1)|(0.25, 0.18, 0.018)
GlobalObjectId_V1-2-75255463483393841ad623c260500c31-1525346006-0|True|(0, 0, 0)|(0.7071068, 0, 0, 0.7071068)|(1, 1, 1)
GlobalObjectId_V1-2-75255463483393841ad623c260500c31-1527011115021453235-1342259368|True|(0.07, 0.36, -2.12)|(0.6508453, 0, 0, 0.7592104)|(1, 1, 1)
GlobalObjectId_V1-2-75255463483393841ad623c260500c31-1527011115021453235-1807193877|True|(0.07, 0.36, -2.12)|(0.6508453, 0, 0, 0.7592104)|(1, 1, 1)
GlobalObjectId_V1-2-75255463483393841ad623c260500c31-1527011115021453235-249137488|True|(0.07, 0.36, -2.12)|(0.6508453, 0, 0, 0.7592104)|(1, 1, 1)
GlobalObjectId_V1-2-75255463483393841ad623c260500c31-1527011115021453235-325631740|True|(0.07, 0.36, -2.12)|(0.6508453, 0, 0, 0.7592104)|(1, 1, 1)
GlobalObjectId_V1-2-75255463483393841ad623c260500c31-1527011115021453235-673208042|True|(0.07, 0.36, -2.12)|(0.6508453, 0, 0, 0.7592104)|(1, 1, 1)
GlobalObjectId_V1-2-75255463483393841ad623c260500c31-1527011115021453235-726046513|True|(0.07, 0.36, -2.12)|(0.6508453, 0, 0, 0.7592104)|(1, 1, 1)
GlobalObjectId_V1-2-75255463483393841ad623c260500c31-1531944558-0|True|(0, 0, 0)|(0.7071068, 0, 0, 0.7071068)|(1, 1, 1)
GlobalObjectId_V1-2-75255463483393841ad623c260500c31-1534509852-0|True|(0, 0, 0)|(0.7071068, 0, 0, 0.7071068)|(1, 1, 1)
GlobalObjectId_V1-2-75255463483393841ad623c260500c31-1536053982-0|True|(4.5, 0.04, 3)|(0, 0, 0, 1)|(9, 0.025, 0.35)
GlobalObjectId_V1-2-75255463483393841ad623c260500c31-1536380743-0|True|(-415.7828, 0, -621.238831)|(0, 0.0341351479, 0, 0.999417245)|(1, 1, 1)
GlobalObjectId_V1-2-75255463483393841ad623c260500c31-1536380744-0|{"MonoBehaviour":{"m_Enabled":true,"m_EditorHideFlags":0,"m_Name":"","m_EditorClassIdentifier":"Assembly-CSharp::HighwayHazard","visual":{"instanceID":0},"barrierArm":{"instanceID":0},"signal":{"instanceID":0},"warning":{"instanceID":0},"laneIndex":0,"breakHealth":240.0,"warningSeconds":1.7999999523162842,"cycleSeconds":4.0,"crossingDistance":0.0}}
GlobalObjectId_V1-2-75255463483393841ad623c260500c31-1541807138-0|True|(0, 0, 0)|(0.7071068, 0, 0, 0.7071068)|(1, 1, 1)
GlobalObjectId_V1-2-75255463483393841ad623c260500c31-1542466375-0|True|(2.65, 0, -0.092)|(0, 0, 0, 1)|(0.25, 0.18, 0.018)
GlobalObjectId_V1-2-75255463483393841ad623c260500c31-1544387586-0|True|(0, 0, 0)|(0.7071068, 0, 0, 0.7071068)|(1, 1, 1)
GlobalObjectId_V1-2-75255463483393841ad623c260500c31-1545697360-0|True|(1.5, 0, 0)|(0, 0, 0, 1)|(3, 0.17, 0.17)
GlobalObjectId_V1-2-75255463483393841ad623c260500c31-1546050971-0|True|(0, 0, 0)|(0.7071068, 0, 0, 0.7071068)|(1, 1, 1)
GlobalObjectId_V1-2-75255463483393841ad623c260500c31-1547490881-0|True|(0, 0, 0)|(0.7071068, 0, 0, 0.7071068)|(1, 1, 1)
GlobalObjectId_V1-2-75255463483393841ad623c260500c31-1550336421-0|True|(0, 0, 0)|(0.7071068, 0, 0, 0.7071068)|(1, 1, 1)
GlobalObjectId_V1-2-75255463483393841ad623c260500c31-1550395491-0|True|(0, 0, 0)|(0.7071068, 0, 0, 0.7071068)|(1, 1, 1)
GlobalObjectId_V1-2-75255463483393841ad623c260500c31-1555673424-0|True|(-83.99994, 5, 223.5)|(0, 0.7071068, 0, 0.7071068)|(1, 1, 1)
GlobalObjectId_V1-2-75255463483393841ad623c260500c31-1555673425-0|{"MonoBehaviour":{"m_Enabled":true,"m_EditorHideFlags":0,"m_Name":"","m_EditorClassIdentifier":"Assembly-CSharp::HighwayHazard","visual":{"instanceID":0},"barrierArm":{"instanceID":0},"signal":{"instanceID":0},"warning":{"instanceID":0},"laneIndex":0,"breakHealth":240.0,"warningSeconds":1.7999999523162842,"cycleSeconds":4.0,"crossingDistance":0.0}}
GlobalObjectId_V1-2-75255463483393841ad623c260500c31-1557958377-0|True|(0, 0, 0)|(0.7071068, 0, 0, 0.7071068)|(1, 1, 1)
GlobalObjectId_V1-2-75255463483393841ad623c260500c31-1562333852-0|True|(-385.3215, 0.08, -328.717438)|(0, -0.1913828, 0, 0.981515467)|(1, 1, 1)
GlobalObjectId_V1-2-75255463483393841ad623c260500c31-1562887776-0|True|(0.85, 0, -0.092)|(0, 0, 0, 1)|(0.25, 0.18, 0.018)
GlobalObjectId_V1-2-75255463483393841ad623c260500c31-156310039-0|True|(0, 0, 0)|(0, 0, 0, 1)|(1, 1, 1)
GlobalObjectId_V1-2-75255463483393841ad623c260500c31-1568223792-0|True|(-277, 0.08, -315.174316)|(0, 0.8280658, 0, 0.560631)|(1, 1, 1)
GlobalObjectId_V1-2-75255463483393841ad623c260500c31-1568847704-0|True|(0, 0, 0)|(0.7071068, 0, 0, 0.7071068)|(1, 1, 1)
GlobalObjectId_V1-2-75255463483393841ad623c260500c31-1569200391-0|True|(-7.422156, 5.08, 229.025757)|(0, 0.6568814, 0, 0.7539939)|(1, 1, 1)
GlobalObjectId_V1-2-75255463483393841ad623c260500c31-1569395120-0|True|(0, 0, 0)|(0.7071068, 0, 0, 0.7071068)|(1, 1, 1)
GlobalObjectId_V1-2-75255463483393841ad623c260500c31-1570902643-0|True|(0, 0, 0)|(0.7071068, 0, 0, 0.7071068)|(1, 1, 1)
GlobalObjectId_V1-2-75255463483393841ad623c260500c31-1571953365-0|True|(0, 0, 0)|(0.7071068, 0, 0, 0.7071068)|(1, 1, 1)
GlobalObjectId_V1-2-75255463483393841ad623c260500c31-157235907-0|True|(0, 0, 0)|(0.7071068, 0, 0, 0.7071068)|(1, 1, 1)
GlobalObjectId_V1-2-75255463483393841ad623c260500c31-1577858102-0|True|(-269.7001, 0, -314.350342)|(0, 0.828068733, 0, 0.5606267)|(1, 1, 1)
GlobalObjectId_V1-2-75255463483393841ad623c260500c31-1577858103-0|{"MonoBehaviour":{"m_Enabled":true,"m_EditorHideFlags":0,"m_Name":"","m_EditorClassIdentifier":"Assembly-CSharp::HighwayHazard","visual":{"instanceID":0},"barrierArm":{"instanceID":0},"signal":{"instanceID":0},"warning":{"instanceID":0},"laneIndex":0,"breakHealth":240.0,"warningSeconds":1.7999999523162842,"cycleSeconds":4.0,"crossingDistance":0.0}}
GlobalObjectId_V1-2-75255463483393841ad623c260500c31-1578564071-0|True|(4.5, 0.04, 3)|(0, 0, 0, 1)|(9, 0.025, 0.35)
GlobalObjectId_V1-2-75255463483393841ad623c260500c31-1579762996927684055-1092392191|True|(0, 0.001225, 0)|(0, 0, 0, 1)|(1, 1, 1)
GlobalObjectId_V1-2-75255463483393841ad623c260500c31-1579762996927684055-1236654927|True|(0, 0.001225, 0)|(0, 0, 0, 1)|(1, 1, 1)
GlobalObjectId_V1-2-75255463483393841ad623c260500c31-1579762996927684055-1830864491|True|(0, 0.001225, 0)|(0, 0, 0, 1)|(1, 1, 1)
GlobalObjectId_V1-2-75255463483393841ad623c260500c31-1579762996927684055-184762202|True|(0, 0.001225, 0)|(0, 0, 0, 1)|(1, 1, 1)
GlobalObjectId_V1-2-75255463483393841ad623c260500c31-1579762996927684055-430729400|True|(0, 0.001225, 0)|(0, 0, 0, 1)|(1, 1, 1)
GlobalObjectId_V1-2-75255463483393841ad623c260500c31-1579762996927684055-507331391|True|(0, 0.001225, 0)|(0, 0, 0, 1)|(1, 1, 1)
GlobalObjectId_V1-2-75255463483393841ad623c260500c31-1579762996927684055-559331042|True|(0, 0.001225, 0)|(0, 0, 0, 1)|(1, 1, 1)
GlobalObjectId_V1-2-75255463483393841ad623c260500c31-1579762996927684055-995936011|True|(0, 0.001225, 0)|(0, 0, 0, 1)|(1, 1, 1)
GlobalObjectId_V1-2-75255463483393841ad623c260500c31-1580641688-0|True|(0, 0, 0)|(0.7071068, 0, 0, 0.7071068)|(1, 1, 1)
GlobalObjectId_V1-2-75255463483393841ad623c260500c31-1580897348-0|True|(-1.5, 1.3, 0)|(0, 0, 0, 1)|(1, 1, 1)
GlobalObjectId_V1-2-75255463483393841ad623c260500c31-1583880549-0|True|(0, 0, 0)|(0.7071068, 0, 0, 0.7071068)|(1, 1, 1)
GlobalObjectId_V1-2-75255463483393841ad623c260500c31-15845696-0|True|(0, 0, 0)|(0.7071068, 0, 0, 0.7071068)|(1, 1, 1)
GlobalObjectId_V1-2-75255463483393841ad623c260500c31-1587583937-0|True|(0, 0, 0)|(0.7071068, 0, 0, 0.7071068)|(1, 1, 1)
GlobalObjectId_V1-2-75255463483393841ad623c260500c31-158790032-0|True|(0, 0, 0)|(0.7071068, 0, 0, 0.7071068)|(1, 1, 1)
GlobalObjectId_V1-2-75255463483393841ad623c260500c31-1588638092-0|True|(0, 0, 0)|(0.7071068, 0, 0, 0.7071068)|(1, 1, 1)
GlobalObjectId_V1-2-75255463483393841ad623c260500c31-1589100160-0|True|(0, 0, 0)|(0.7071068, 0, 0, 0.7071068)|(1, 1, 1)
GlobalObjectId_V1-2-75255463483393841ad623c260500c31-1592069588-0|True|(0, 0, 0)|(0.7071068, 0, 0, 0.7071068)|(1, 1, 1)
GlobalObjectId_V1-2-75255463483393841ad623c260500c31-1592753413-0|True|(-1.5, 0.15, 0)|(0, 0, 0, 1)|(0.35, 0.3, 3.5)
GlobalObjectId_V1-2-75255463483393841ad623c260500c31-1596896247-0|True|(0, 0, 0)|(0.7071068, 0, 0, 0.7071068)|(1, 1, 1)
GlobalObjectId_V1-2-75255463483393841ad623c260500c31-1598135205-0|True|(-150.057449, 3.13888836, 19.30529)|(0, -0.043663945, 0, 0.9990463)|(1, 1, 1)
GlobalObjectId_V1-2-75255463483393841ad623c260500c31-1598135206-0|{"MonoBehaviour":{"m_Enabled":true,"m_EditorHideFlags":0,"m_Name":"","m_EditorClassIdentifier":"Assembly-CSharp::HighwayHazard","visual":{"instanceID":0},"barrierArm":{"instanceID":0},"signal":{"instanceID":0},"warning":{"instanceID":0},"laneIndex":0,"breakHealth":240.0,"warningSeconds":1.7999999523162842,"cycleSeconds":4.0,"crossingDistance":0.0}}
GlobalObjectId_V1-2-75255463483393841ad623c260500c31-1599294507-0|True|(0, 0, 0)|(0.7071068, 0, 0, 0.7071068)|(1, 1, 1)
GlobalObjectId_V1-2-75255463483393841ad623c260500c31-1602520929-0|True|(0, 0, 0)|(0.7071068, 0, 0, 0.7071068)|(1, 1, 1)
GlobalObjectId_V1-2-75255463483393841ad623c260500c31-1602693010-0|True|(0, 0, 0)|(0.7071068, 0, 0, 0.7071068)|(1, 1, 1)
GlobalObjectId_V1-2-75255463483393841ad623c260500c31-1604249798-0|True|(1.45, 0, -0.092)|(0, 0, 0, 1)|(0.25, 0.18, 0.018)
GlobalObjectId_V1-2-75255463483393841ad623c260500c31-1608899000-0|True|(0, 0, 0)|(0, 0, 0, 1)|(1, 1, 1)
GlobalObjectId_V1-2-75255463483393841ad623c260500c31-1609432750-0|True|(0, 0, 0)|(0, 0, 0, 1)|(1, 1, 1)
GlobalObjectId_V1-2-75255463483393841ad623c260500c31-1611721751-0|True|(0, 0, 0)|(0.7071068, 0, 0, 0.7071068)|(1, 1, 1)
GlobalObjectId_V1-2-75255463483393841ad623c260500c31-1612186233-0|True|(0, 0, 0)|(0.7071068, 0, 0, 0.7071068)|(1, 1, 1)
GlobalObjectId_V1-2-75255463483393841ad623c260500c31-1612482439-0|True|(0, 0, 0)|(0.7071068, 0, 0, 0.7071068)|(1, 1, 1)
GlobalObjectId_V1-2-75255463483393841ad623c260500c31-1612837957-0|True|(0, 0, 0)|(0, 0, 0, 1)|(1, 1, 1)
GlobalObjectId_V1-2-75255463483393841ad623c260500c31-1614855290-0|True|(0, 0, 0)|(0.7071068, 0, 0, 0.7071068)|(1, 1, 1)
GlobalObjectId_V1-2-75255463483393841ad623c260500c31-1615932313-0|True|(0, 0, 0)|(0.7071068, 0, 0, 0.7071068)|(1, 1, 1)
GlobalObjectId_V1-2-75255463483393841ad623c260500c31-1621931412-0|True|(-160.022278, 0.6638468, -256.976929)|(0, 0.00980098452, 0, 0.999951959)|(1, 1, 1)
GlobalObjectId_V1-2-75255463483393841ad623c260500c31-1627113894-0|True|(2.05000019, 0, -0.092)|(0, 0, 0, 1)|(0.25, 0.18, 0.018)
GlobalObjectId_V1-2-75255463483393841ad623c260500c31-1627875722-0|True|(0, 0, 0)|(0.7071068, 0, 0, 0.7071068)|(1, 1, 1)
GlobalObjectId_V1-2-75255463483393841ad623c260500c31-1628044246-0|True|(0, 0, 0)|(0.7071068, 0, 0, 0.7071068)|(1, 1, 1)
GlobalObjectId_V1-2-75255463483393841ad623c260500c31-162831039-0|True|(0, 0, 0)|(0.7071068, 0, 0, 0.7071068)|(1, 1, 1)
GlobalObjectId_V1-2-75255463483393841ad623c260500c31-1634214579-0|True|(0, 0, 0)|(0.7071068, 0, 0, 0.7071068)|(1, 1, 1)
GlobalObjectId_V1-2-75255463483393841ad623c260500c31-1634943663-0|True|(0, 0, 0)|(0.7071068, 0, 0, 0.7071068)|(1, 1, 1)
GlobalObjectId_V1-2-75255463483393841ad623c260500c31-1636730864-0|True|(0, 0, 0)|(0.7071068, 0, 0, 0.7071068)|(1, 1, 1)
GlobalObjectId_V1-2-75255463483393841ad623c260500c31-1637064450-0|True|(0, 0, 0)|(0.7071068, 0, 0, 0.7071068)|(1, 1, 1)
GlobalObjectId_V1-2-75255463483393841ad623c260500c31-1638052010-0|True|(236.288345, 0.0371155329, 720.5575)|(0, 0.584697962, 0, 0.8112511)|(1, 1, 1)
GlobalObjectId_V1-2-75255463483393841ad623c260500c31-1638052011-0|{"MonoBehaviour":{"m_Enabled":true,"m_EditorHideFlags":0,"m_Name":"","m_EditorClassIdentifier":"Assembly-CSharp::HighwayHazard","visual":{"instanceID":0},"barrierArm":{"instanceID":0},"signal":{"instanceID":0},"warning":{"instanceID":0},"laneIndex":0,"breakHealth":0.0,"warningSeconds":1.7999999523162842,"cycleSeconds":4.0,"crossingDistance":9.0}}
GlobalObjectId_V1-2-75255463483393841ad623c260500c31-1640425513-0|True|(0, 0, 0)|(0.7071068, 0, 0, 0.7071068)|(1, 1, 1)
GlobalObjectId_V1-2-75255463483393841ad623c260500c31-1641276007-0|True|(0, 0, 0)|(0.7071068, 0, 0, 0.7071068)|(1, 1, 1)
GlobalObjectId_V1-2-75255463483393841ad623c260500c31-1641559302-0|True|(0, 0, 0)|(0.7071068, 0, 0, 0.7071068)|(1, 1, 1)
GlobalObjectId_V1-2-75255463483393841ad623c260500c31-164218999-0|True|(-343.999969, 0, -323.5)|(0, 0.7071068, 0, 0.7071068)|(1, 1, 1)
GlobalObjectId_V1-2-75255463483393841ad623c260500c31-164219000-0|{"MonoBehaviour":{"m_Enabled":true,"m_EditorHideFlags":0,"m_Name":"","m_EditorClassIdentifier":"Assembly-CSharp::HighwayHazard","visual":{"instanceID":0},"barrierArm":{"instanceID":0},"signal":{"instanceID":0},"warning":{"instanceID":0},"laneIndex":0,"breakHealth":240.0,"warningSeconds":1.7999999523162842,"cycleSeconds":4.0,"crossingDistance":0.0}}
GlobalObjectId_V1-2-75255463483393841ad623c260500c31-1643418171-0|True|(0, 0, 0)|(0.7071068, 0, 0, 0.7071068)|(1, 1, 1)
GlobalObjectId_V1-2-75255463483393841ad623c260500c31-164414727-0|True|(0, 0, 0)|(0.7071068, 0, 0, 0.7071068)|(1, 1, 1)
GlobalObjectId_V1-2-75255463483393841ad623c260500c31-1644777652-0|True|(0, 0, 0)|(0.7071068, 0, 0, 0.7071068)|(1, 1, 1)
GlobalObjectId_V1-2-75255463483393841ad623c260500c31-1647044405-0|True|(0, 0, 0)|(0.7071068, 0, 0, 0.7071068)|(1, 1, 1)
GlobalObjectId_V1-2-75255463483393841ad623c260500c31-1647494894675954001-1278433063|True|(1.11758706E-10, 0.00213466655, 9.31322554E-12)|(-0.0128043983, 0.112429693, -0.112429693, 0.9871956)|(1, 0.99999994, 0.99999994)
GlobalObjectId_V1-2-75255463483393841ad623c260500c31-1647494894675954001-1796550201|True|(1.11758706E-10, 0.00213466655, 9.31322554E-12)|(-0.0128043983, 0.112429693, -0.112429693, 0.9871956)|(1, 0.99999994, 0.99999994)
GlobalObjectId_V1-2-75255463483393841ad623c260500c31-1647494894675954001-227182643|True|(1.11758706E-10, 0.00213466655, 9.31322554E-12)|(-0.0128043983, 0.112429693, -0.112429693, 0.9871956)|(1, 0.99999994, 0.99999994)
GlobalObjectId_V1-2-75255463483393841ad623c260500c31-1647494894675954001-4508494|True|(1.11758706E-10, 0.00213466655, 9.31322554E-12)|(-0.0128043983, 0.112429693, -0.112429693, 0.9871956)|(1, 0.99999994, 0.99999994)
GlobalObjectId_V1-2-75255463483393841ad623c260500c31-1647494894675954001-493544818|True|(1.11758706E-10, 0.00213466655, 9.31322554E-12)|(-0.0128043983, 0.112429693, -0.112429693, 0.9871956)|(1, 0.99999994, 0.99999994)
GlobalObjectId_V1-2-75255463483393841ad623c260500c31-1647494894675954001-537414647|True|(1.11758706E-10, 0.00213466655, 9.31322554E-12)|(-0.0128043983, 0.112429693, -0.112429693, 0.9871956)|(1, 0.99999994, 0.99999994)
GlobalObjectId_V1-2-75255463483393841ad623c260500c31-1647494894675954001-616789302|True|(1.11758706E-10, 0.00213466655, 9.31322554E-12)|(-0.0128043983, 0.112429693, -0.112429693, 0.9871956)|(1, 0.99999994, 0.99999994)
GlobalObjectId_V1-2-75255463483393841ad623c260500c31-1647494894675954001-828342056|True|(1.11758706E-10, 0.00213466655, 9.31322554E-12)|(-0.0128043983, 0.112429693, -0.112429693, 0.9871956)|(1, 0.99999994, 0.99999994)
GlobalObjectId_V1-2-75255463483393841ad623c260500c31-1647494894675954001-863157045|True|(1.11758706E-10, 0.00213466655, 9.31322554E-12)|(-0.0128043983, 0.112429693, -0.112429693, 0.9871956)|(1, 0.99999994, 0.99999994)
GlobalObjectId_V1-2-75255463483393841ad623c260500c31-1647494894675954001-950912075|True|(1.11758706E-10, 0.00213466655, 9.31322554E-12)|(-0.0128043983, 0.112429693, -0.112429693, 0.9871956)|(1, 0.99999994, 0.99999994)
GlobalObjectId_V1-2-75255463483393841ad623c260500c31-1648917446-0|True|(0, 0, 0)|(0.7071068, 0, 0, 0.7071068)|(1, 1, 1)
GlobalObjectId_V1-2-75255463483393841ad623c260500c31-1649902858-0|True|(0, 0, 0)|(0.7071068, 0, 0, 0.7071068)|(1, 1, 1)
GlobalObjectId_V1-2-75255463483393841ad623c260500c31-1653674280-0|True|(0, 0, 0)|(0.7071068, 0, 0, 0.7071068)|(1, 1, 1)
GlobalObjectId_V1-2-75255463483393841ad623c260500c31-1656745360-0|True|(0, 0, 0)|(0, 0, 0, 1)|(1, 1, 1)
GlobalObjectId_V1-2-75255463483393841ad623c260500c31-1657425208-0|True|(0, 0, 0)|(0.7071068, 0, 0, 0.7071068)|(1, 1, 1)
GlobalObjectId_V1-2-75255463483393841ad623c260500c31-1657473970-0|True|(0, 0, 0)|(0.7071068, 0, 0, 0.7071068)|(1, 1, 1)
GlobalObjectId_V1-2-75255463483393841ad623c260500c31-1658538037-0|True|(0, 0, 0)|(0, 0, 0, 1)|(1, 1, 1)
GlobalObjectId_V1-2-75255463483393841ad623c260500c31-1662897481-0|True|(0, 0, 0)|(0.7071068, 0, 0, 0.7071068)|(1, 1, 1)
GlobalObjectId_V1-2-75255463483393841ad623c260500c31-1674206383-0|True|(0, 0, 0)|(0.7071068, 0, 0, 0.7071068)|(1, 1, 1)
GlobalObjectId_V1-2-75255463483393841ad623c260500c31-1674683981-0|True|(0, 0, 0)|(0.7071068, 0, 0, 0.7071068)|(1, 1, 1)
GlobalObjectId_V1-2-75255463483393841ad623c260500c31-1675021081-0|True|(0, 0, 0)|(0.7071068, 0, 0, 0.7071068)|(1, 1, 1)
GlobalObjectId_V1-2-75255463483393841ad623c260500c31-1675280319-0|True|(-1.5, 1.3, 0)|(0, 0, 0, 1)|(1, 1, 1)
GlobalObjectId_V1-2-75255463483393841ad623c260500c31-1676505403-0|True|(0, 0, 0)|(0, 0, 0, 1)|(1, 1, 1)
GlobalObjectId_V1-2-75255463483393841ad623c260500c31-1678019224-0|True|(-1.5, 1.3, 0)|(0, 0, 0, 1)|(1, 1, 1)
GlobalObjectId_V1-2-75255463483393841ad623c260500c31-1678320501-0|True|(0.85, 0, -0.092)|(0, 0, 0, 1)|(0.25, 0.18, 0.018)
GlobalObjectId_V1-2-75255463483393841ad623c260500c31-167903857-0|True|(0, 0, 0)|(0.7071068, 0, 0, 0.7071068)|(1, 1, 1)
GlobalObjectId_V1-2-75255463483393841ad623c260500c31-1684490278752909040-1092392191|True|(-423.1, 0.08, -405)|(0, 0, 0, 1)|(1, 1, 1)
GlobalObjectId_V1-2-75255463483393841ad623c260500c31-1684490278752909040-1236654927|True|(201.506317, 1.4600004, 582)|(0, -0.03692993, 0, 0.9993179)|(1, 1, 1)
GlobalObjectId_V1-2-75255463483393841ad623c260500c31-1684490278752909040-1830864491|True|(-154.081253, 1.88555586, -124.999977)|(0, 0.0452072248, 0, 0.998977661)|(1, 1, 1)
GlobalObjectId_V1-2-75255463483393841ad623c260500c31-1684490278752909040-184762202|True|(-420, 0.08, -405)|(0, 0, 0, 1)|(1, 1, 1)
GlobalObjectId_V1-2-75255463483393841ad623c260500c31-1684490278752909040-430729400|True|(35.0000076, 5.08, 227.325882)|(0, 0.7370164, 0, 0.6758749)|(1, 1, 1)
GlobalObjectId_V1-2-75255463483393841ad623c260500c31-1684490278752909040-507331391|True|(-157.1686, 1.88555586, -124.719978)|(0, 0.0452072248, 0, 0.998977661)|(1, 1, 1)
GlobalObjectId_V1-2-75255463483393841ad623c260500c31-1684490278752909040-559331042|True|(35.267807, 5.08, 230.4143)|(0, 0.7370164, 0, 0.6758749)|(1, 1, 1)
GlobalObjectId_V1-2-75255463483393841ad623c260500c31-1684490278752909040-995936011|True|(198.414764, 1.4600004, 581.7712)|(0, -0.03692993, 0, 0.9993179)|(1, 1, 1)
GlobalObjectId_V1-2-75255463483393841ad623c260500c31-1686785749-0|True|(0, 0, 0)|(0.7071068, 0, 0, 0.7071068)|(1, 1, 1)
GlobalObjectId_V1-2-75255463483393841ad623c260500c31-1687618653-0|True|(0, 0, 0)|(0.7071068, 0, 0, 0.7071068)|(1, 1, 1)
GlobalObjectId_V1-2-75255463483393841ad623c260500c31-1688761629-0|True|(0, 0, 0)|(0.7071068, 0, 0, 0.7071068)|(1, 1, 1)
GlobalObjectId_V1-2-75255463483393841ad623c260500c31-1692820712-0|True|(0, 0, 0)|(0.7071068, 0, 0, 0.7071068)|(1, 1, 1)
GlobalObjectId_V1-2-75255463483393841ad623c260500c31-1695165090-0|True|(-0.000257758424, -9.936094E-05, -0.000379592733)|(-0.7071068, 0, 0, 0.7071067)|(180.039673, 180.039673, 180.039673)
GlobalObjectId_V1-2-75255463483393841ad623c260500c31-1695561393-0|True|(0, 0, 0)|(0.7071068, 0, 0, 0.7071068)|(1, 1, 1)
GlobalObjectId_V1-2-75255463483393841ad623c260500c31-1696180111-0|True|(0, 0, 0)|(0.7071068, 0, 0, 0.7071068)|(1, 1, 1)
GlobalObjectId_V1-2-75255463483393841ad623c260500c31-1696667414-0|True|(0, 0, 0)|(0, 0, 0, 1)|(1, 1, 1)
GlobalObjectId_V1-2-75255463483393841ad623c260500c31-1696667415-0|{"MonoBehaviour":{"m_Enabled":true,"m_EditorHideFlags":0,"m_Name":"","m_EditorClassIdentifier":"Assembly-CSharp::HighwayOncomingTraffic","route":{"instanceID":0},"hud":{"instanceID":0},"cars":[{"instanceID":0},{"instanceID":0},{"instanceID":0},{"instanceID":0}],"warnings":[{"instanceID":0},{"instanceID":0},{"instanceID":0},{"instanceID":0}],"beats":[{"distance":28.0,"title":"정면 차량 접근","lanes":[1],"delays":[0.0]},{"distance":710.0,"title":"시간차 차량 접근","lanes":[0,1],"delays":[0.0,1.7000000476837159]},{"distance":1320.0,"title":"공사 차로 합류","lanes":[1,2],"delays":[0.0,1.5]},{"distance":1700.0,"title":"본선 차량 행렬","lanes":[0,2,0,2],"delays":[0.0,0.0,2.700000047683716,2.700000047683716]},{"distance":2140.0,"title":"터널 앞 차량 접근","lanes":[0,1],"delays":[0.0,2.0]}]}}
GlobalObjectId_V1-2-75255463483393841ad623c260500c31-1698716976-0|True|(0, 0, 0)|(0.7071068, 0, 0, 0.7071068)|(1, 1, 1)
GlobalObjectId_V1-2-75255463483393841ad623c260500c31-1700366174-0|True|(0.25, 0, -0.092)|(0, 0, 0, 1)|(0.25, 0.18, 0.018)
GlobalObjectId_V1-2-75255463483393841ad623c260500c31-1702191477-0|True|(0, 0, 0)|(0.7071068, 0, 0, 0.7071068)|(1, 1, 1)
GlobalObjectId_V1-2-75255463483393841ad623c260500c31-1711505173-0|True|(0, 0, 0)|(0.7071068, 0, 0, 0.7071068)|(1, 1, 1)
GlobalObjectId_V1-2-75255463483393841ad623c260500c31-1712387206-0|True|(-0.000257758424, -9.936094E-05, -0.000379592733)|(-0.7071068, 0, 0, 0.7071067)|(180.039673, 180.039673, 180.039673)
GlobalObjectId_V1-2-75255463483393841ad623c260500c31-1714600803-0|True|(0.25, 0, -0.092)|(0, 0, 0, 1)|(0.25, 0.18, 0.018)
GlobalObjectId_V1-2-75255463483393841ad623c260500c31-1720873755-0|True|(0, 0, 0)|(0.7071068, 0, 0, 0.7071068)|(1, 1, 1)
GlobalObjectId_V1-2-75255463483393841ad623c260500c31-1727446943-0|True|(0, 0, 0)|(0.7071068, 0, 0, 0.7071068)|(1, 1, 1)
GlobalObjectId_V1-2-75255463483393841ad623c260500c31-1727920943-0|True|(0, 0, 0)|(0.7071068, 0, 0, 0.7071068)|(1, 1, 1)
GlobalObjectId_V1-2-75255463483393841ad623c260500c31-1728930846-0|True|(0, 0, 0)|(0.7071068, 0, 0, 0.7071068)|(1, 1, 1)
GlobalObjectId_V1-2-75255463483393841ad623c260500c31-1733613382-0|True|(0, 0, 0)|(0.7071068, 0, 0, 0.7071068)|(1, 1, 1)
GlobalObjectId_V1-2-75255463483393841ad623c260500c31-1734445406-0|True|(0, 0, 0)|(0.7071068, 0, 0, 0.7071068)|(1, 1, 1)
GlobalObjectId_V1-2-75255463483393841ad623c260500c31-1734612062-0|True|(0, 0, 0)|(0.7071068, 0, 0, 0.7071068)|(1, 1, 1)
GlobalObjectId_V1-2-75255463483393841ad623c260500c31-1740588495-0|True|(0, 0, 0)|(0.7071068, 0, 0, 0.7071068)|(1, 1, 1)
GlobalObjectId_V1-2-75255463483393841ad623c260500c31-1743475113-0|True|(0, 0, 0)|(0.7071068, 0, 0, 0.7071068)|(1, 1, 1)
GlobalObjectId_V1-2-75255463483393841ad623c260500c31-1748039703-0|True|(0, 0, 0)|(0.7071068, 0, 0, 0.7071068)|(1, 1, 1)
GlobalObjectId_V1-2-75255463483393841ad623c260500c31-1750618095-0|True|(0, 0, 0)|(0.7071068, 0, 0, 0.7071068)|(1, 1, 1)
GlobalObjectId_V1-2-75255463483393841ad623c260500c31-1750779486-0|True|(0, 0, 0)|(0.7071068, 0, 0, 0.7071068)|(1, 1, 1)
GlobalObjectId_V1-2-75255463483393841ad623c260500c31-1751997283-0|True|(-1.5, 0.7, 0)|(0, 0, 0, 1)|(0.4, 1.1, 0.45)
GlobalObjectId_V1-2-75255463483393841ad623c260500c31-1752155983-0|True|(0, 0, 0)|(0, 0, 0, 1)|(1, 1, 1)
GlobalObjectId_V1-2-75255463483393841ad623c260500c31-1752276900-0|True|(0, 0, 0)|(0.7071068, 0, 0, 0.7071068)|(1, 1, 1)
GlobalObjectId_V1-2-75255463483393841ad623c260500c31-175488256-0|True|(0, 0, 0)|(0.7071068, 0, 0, 0.7071068)|(1, 1, 1)
GlobalObjectId_V1-2-75255463483393841ad623c260500c31-1755954906-0|True|(1.45, 0, -0.092)|(0, 0, 0, 1)|(0.25, 0.18, 0.018)
GlobalObjectId_V1-2-75255463483393841ad623c260500c31-176176045-0|True|(0, 0, 0)|(0.7071068, 0, 0, 0.7071068)|(1, 1, 1)
GlobalObjectId_V1-2-75255463483393841ad623c260500c31-1765772551-0|True|(0, 0, 0)|(0.7071068, 0, 0, 0.7071068)|(1, 1, 1)
GlobalObjectId_V1-2-75255463483393841ad623c260500c31-1776802179-0|True|(0, 0, 0)|(0, 0, 0, 1)|(1, 1, 1)
GlobalObjectId_V1-2-75255463483393841ad623c260500c31-1780535804-0|True|(-1.5, 0.7, 0)|(0, 0, 0, 1)|(0.4, 1.1, 0.45)
GlobalObjectId_V1-2-75255463483393841ad623c260500c31-1782311300-0|True|(2.05000019, 0, -0.092)|(0, 0, 0, 1)|(0.25, 0.18, 0.018)
GlobalObjectId_V1-2-75255463483393841ad623c260500c31-1784272271-0|True|(-386.486145, 0.08, -325.844543)|(0, -0.1913828, 0, 0.981515467)|(1, 1, 1)
GlobalObjectId_V1-2-75255463483393841ad623c260500c31-1787132752-0|True|(200, 0.900000036, 630)|(0, 0, 0, 1)|(1, 1, 1)
GlobalObjectId_V1-2-75255463483393841ad623c260500c31-1788797064-0|True|(0, 0, 0)|(0.7071068, 0, 0, 0.7071068)|(1, 1, 1)
GlobalObjectId_V1-2-75255463483393841ad623c260500c31-1790977375-0|True|(0, 0, 0)|(0.7071068, 0, 0, 0.7071068)|(1, 1, 1)
GlobalObjectId_V1-2-75255463483393841ad623c260500c31-1793953387-0|True|(0, 0, 0)|(0.7071068, 0, 0, 0.7071068)|(1, 1, 1)
GlobalObjectId_V1-2-75255463483393841ad623c260500c31-1799815406-0|True|(0, 0, 0)|(0, 0, 0, 1)|(1, 1, 1)
GlobalObjectId_V1-2-75255463483393841ad623c260500c31-1799818381-0|True|(2.05000019, 0, -0.092)|(0, 0, 0, 1)|(0.25, 0.18, 0.018)
GlobalObjectId_V1-2-75255463483393841ad623c260500c31-1801373976640675027-124650490|True|(-0.00256000017, 0.0006400007, 0)|(0.902088046, -0.2971957, -0.2971956, -0.09791189)|(1.00000083, 1.00000036, 1)
GlobalObjectId_V1-2-75255463483393841ad623c260500c31-1801373976640675027-1376906811|True|(-0.00256000017, 0.0006400007, 0)|(0.902088046, -0.2971957, -0.2971956, -0.09791189)|(1.00000083, 1.00000036, 1)
GlobalObjectId_V1-2-75255463483393841ad623c260500c31-1801373976640675027-1395087067|True|(-0.00256000017, 0.0006400007, 0)|(0.902088046, -0.2971957, -0.2971956, -0.09791189)|(1.00000083, 1.00000036, 1)
GlobalObjectId_V1-2-75255463483393841ad623c260500c31-1801373976640675027-589898910|True|(-0.00256000017, 0.0006400007, 0)|(0.902088046, -0.2971957, -0.2971956, -0.09791189)|(1.00000083, 1.00000036, 1)
GlobalObjectId_V1-2-75255463483393841ad623c260500c31-1801373976640675027-951118863|True|(-0.00256000017, 0.0006400007, 0)|(0.902088046, -0.2971957, -0.2971956, -0.09791189)|(1.00000083, 1.00000036, 1)
GlobalObjectId_V1-2-75255463483393841ad623c260500c31-1801373976640675027-997839571|True|(-0.00256000017, 0.0006400007, 0)|(0.902088046, -0.2971957, -0.2971956, -0.09791189)|(1.00000083, 1.00000036, 1)
GlobalObjectId_V1-2-75255463483393841ad623c260500c31-1802603358-0|True|(0, 0, 0)|(0.7071068, 0, 0, 0.7071068)|(1, 1, 1)
GlobalObjectId_V1-2-75255463483393841ad623c260500c31-1803093662-0|True|(0, 0, 0)|(0.7071068, 0, 0, 0.7071068)|(1, 1, 1)
GlobalObjectId_V1-2-75255463483393841ad623c260500c31-180470248-0|True|(0, 0, 0)|(0.7071068, 0, 0, 0.7071068)|(1, 1, 1)
GlobalObjectId_V1-2-75255463483393841ad623c260500c31-1806102516-0|True|(0, 0, 0)|(0.7071068, 0, 0, 0.7071068)|(1, 1, 1)
GlobalObjectId_V1-2-75255463483393841ad623c260500c31-1813903596-0|True|(0, 0, 0)|(0, 0, 0, 1)|(1, 1, 1)
GlobalObjectId_V1-2-75255463483393841ad623c260500c31-1813976487-0|True|(0, 0, 0)|(0.7071068, 0, 0, 0.7071068)|(1, 1, 1)
GlobalObjectId_V1-2-75255463483393841ad623c260500c31-1815385352-0|True|(303.000031, 0.08, 720.228943)|(0, 0.6683709, 0, 0.7438283)|(1, 1, 1)
GlobalObjectId_V1-2-75255463483393841ad623c260500c31-1822275853-0|True|(0, 0, 0)|(0.7071068, 0, 0, 0.7071068)|(1, 1, 1)
GlobalObjectId_V1-2-75255463483393841ad623c260500c31-1822339287-0|True|(91.84969, 5.08, 217.10582)|(0, 0.7230056, 0, 0.69084233)|(1, 1, 1)
GlobalObjectId_V1-2-75255463483393841ad623c260500c31-1827292463-0|True|(0, 0, 0)|(0.7071068, 0, 0, 0.7071068)|(1, 1, 1)
GlobalObjectId_V1-2-75255463483393841ad623c260500c31-182807827-0|True|(0, 0, 0)|(0.7071068, 0, 0, 0.7071068)|(1, 1, 1)
GlobalObjectId_V1-2-75255463483393841ad623c260500c31-1828200926572794351-1092392191|True|(-0.00174999994, 0, 0)|(0.9871956, -0.112429567, -0.112429664, -0.0128045026)|(0.999996662, 0.9999998, 1)
GlobalObjectId_V1-2-75255463483393841ad623c260500c31-1828200926572794351-1236654927|True|(-0.00174999994, 0, 0)|(0.9871956, -0.112429567, -0.112429664, -0.0128045026)|(0.999996662, 0.9999998, 1)
GlobalObjectId_V1-2-75255463483393841ad623c260500c31-1828200926572794351-1830864491|True|(-0.00174999994, 0, 0)|(0.9871956, -0.112429567, -0.112429664, -0.0128045026)|(0.999996662, 0.9999998, 1)
GlobalObjectId_V1-2-75255463483393841ad623c260500c31-1828200926572794351-184762202|True|(-0.00174999994, 0, 0)|(0.9871956, -0.112429567, -0.112429664, -0.0128045026)|(0.999996662, 0.9999998, 1)
GlobalObjectId_V1-2-75255463483393841ad623c260500c31-1828200926572794351-430729400|True|(-0.00174999994, 0, 0)|(0.9871956, -0.112429567, -0.112429664, -0.0128045026)|(0.999996662, 0.9999998, 1)
GlobalObjectId_V1-2-75255463483393841ad623c260500c31-1828200926572794351-507331391|True|(-0.00174999994, 0, 0)|(0.9871956, -0.112429567, -0.112429664, -0.0128045026)|(0.999996662, 0.9999998, 1)
GlobalObjectId_V1-2-75255463483393841ad623c260500c31-1828200926572794351-559331042|True|(-0.00174999994, 0, 0)|(0.9871956, -0.112429567, -0.112429664, -0.0128045026)|(0.999996662, 0.9999998, 1)
GlobalObjectId_V1-2-75255463483393841ad623c260500c31-1828200926572794351-995936011|True|(-0.00174999994, 0, 0)|(0.9871956, -0.112429567, -0.112429664, -0.0128045026)|(0.999996662, 0.9999998, 1)
GlobalObjectId_V1-2-75255463483393841ad623c260500c31-1829508196-0|True|(0, 0, 0)|(0.7071068, 0, 0, 0.7071068)|(1, 1, 1)
GlobalObjectId_V1-2-75255463483393841ad623c260500c31-183273560-0|True|(0, 0, 0)|(0.7071068, 0, 0, 0.7071068)|(1, 1, 1)
GlobalObjectId_V1-2-75255463483393841ad623c260500c31-1835187572-0|True|(0, 0, 0)|(0.7071068, 0, 0, 0.7071068)|(1, 1, 1)
GlobalObjectId_V1-2-75255463483393841ad623c260500c31-1835768318-0|True|(0, 0, 0)|(0.7071068, 0, 0, 0.7071068)|(1, 1, 1)
GlobalObjectId_V1-2-75255463483393841ad623c260500c31-1837546523-0|True|(0, 0, 0)|(0.7071068, 0, 0, 0.7071068)|(1, 1, 1)
GlobalObjectId_V1-2-75255463483393841ad623c260500c31-183765155-0|True|(0, 0, 0)|(0.7071068, 0, 0, 0.7071068)|(1, 1, 1)
GlobalObjectId_V1-2-75255463483393841ad623c260500c31-1838385018-0|True|(1.45, 0, -0.092)|(0, 0, 0, 1)|(0.25, 0.18, 0.018)
GlobalObjectId_V1-2-75255463483393841ad623c260500c31-1841057520-0|True|(0, 0, 0)|(0.7071068, 0, 0, 0.7071068)|(1, 1, 1)
GlobalObjectId_V1-2-75255463483393841ad623c260500c31-1844600394-0|True|(0, 0, 0)|(0.7071068, 0, 0, 0.7071068)|(1, 1, 1)
GlobalObjectId_V1-2-75255463483393841ad623c260500c31-1848694798-0|True|(0.25, 0, -0.092)|(0, 0, 0, 1)|(0.25, 0.18, 0.018)
GlobalObjectId_V1-2-75255463483393841ad623c260500c31-1849632445-0|True|(0, 0, 0)|(0.7071068, 0, 0, 0.7071068)|(1, 1, 1)
GlobalObjectId_V1-2-75255463483393841ad623c260500c31-1850288234-0|True|(0, 0, 0)|(0.7071068, 0, 0, 0.7071068)|(1, 1, 1)
GlobalObjectId_V1-2-75255463483393841ad623c260500c31-1852275752-0|True|(0, 0, 0)|(0.7071068, 0, 0, 0.7071068)|(1, 1, 1)
GlobalObjectId_V1-2-75255463483393841ad623c260500c31-1857877601-0|True|(0, 0, 0)|(0.7071068, 0, 0, 0.7071068)|(1, 1, 1)
GlobalObjectId_V1-2-75255463483393841ad623c260500c31-1860137221-0|True|(0, 0, 0)|(0.7071068, 0, 0, 0.7071068)|(1, 1, 1)
GlobalObjectId_V1-2-75255463483393841ad623c260500c31-1863692190-0|True|(0, 0, 0)|(0.7071068, 0, 0, 0.7071068)|(1, 1, 1)
GlobalObjectId_V1-2-75255463483393841ad623c260500c31-1864036543-0|True|(0, 0, 0)|(0.7071068, 0, 0, 0.7071068)|(1, 1, 1)
GlobalObjectId_V1-2-75255463483393841ad623c260500c31-1864527030-0|True|(0, 0, 0)|(0.7071068, 0, 0, 0.7071068)|(1, 1, 1)
GlobalObjectId_V1-2-75255463483393841ad623c260500c31-1865980546-0|True|(0, 0, 0)|(0.7071068, 0, 0, 0.7071068)|(1, 1, 1)
GlobalObjectId_V1-2-75255463483393841ad623c260500c31-1866269021-0|True|(0, 0, 0)|(0.7071068, 0, 0, 0.7071068)|(1, 1, 1)
GlobalObjectId_V1-2-75255463483393841ad623c260500c31-1869417709-0|True|(0, 0, 0)|(0.7071068, 0, 0, 0.7071068)|(1, 1, 1)
GlobalObjectId_V1-2-75255463483393841ad623c260500c31-1870382770-0|True|(-149.591049, 2.718889, -34.98482)|(0, -0.0126229068, 0, 0.999920368)|(1, 1, 1)
GlobalObjectId_V1-2-75255463483393841ad623c260500c31-1871062773-0|True|(0, 0, 0)|(0.7071068, 0, 0, 0.7071068)|(1, 1, 1)
GlobalObjectId_V1-2-75255463483393841ad623c260500c31-1871325258-0|True|(0.85, 0, -0.092)|(0, 0, 0, 1)|(0.25, 0.18, 0.018)
GlobalObjectId_V1-2-75255463483393841ad623c260500c31-1873543852-0|True|(0, 0, 0)|(0.7071068, 0, 0, 0.7071068)|(1, 1, 1)
GlobalObjectId_V1-2-75255463483393841ad623c260500c31-1874373171-0|True|(0, 0, 0)|(0.7071068, 0, 0, 0.7071068)|(1, 1, 1)
GlobalObjectId_V1-2-75255463483393841ad623c260500c31-1876122006-0|True|(203.077148, 4.449732, 282.959473)|(0, 0.00979946, 0, 0.999952)|(1, 1, 1)
GlobalObjectId_V1-2-75255463483393841ad623c260500c31-1877878907-0|True|(-1.5, 0.7, 0)|(0, 0, 0, 1)|(0.4, 1.1, 0.45)
GlobalObjectId_V1-2-75255463483393841ad623c260500c31-1881586641-0|True|(0, 0, 0)|(0, 0, 0, 1)|(1, 1, 1)
GlobalObjectId_V1-2-75255463483393841ad623c260500c31-1884935806-0|True|(203.100082, 0.8488205, 643.118)|(0, 0, 0, 1)|(1, 1, 1)
GlobalObjectId_V1-2-75255463483393841ad623c260500c31-1884992917-0|True|(0, 0, 0)|(0.7071068, 0, 0, 0.7071068)|(1, 1, 1)
GlobalObjectId_V1-2-75255463483393841ad623c260500c31-1886597796437944320-1278433063|True|(258.2114, 0.08211546, 719.7884)|(0, 0.685164154, 0, 0.7283887)|(1, 1, 1)
GlobalObjectId_V1-2-75255463483393841ad623c260500c31-1886597796437944320-1796550201|True|(258.021973, 0.08211546, 722.882568)|(0, 0.685164154, 0, 0.7283887)|(1, 1, 1)
GlobalObjectId_V1-2-75255463483393841ad623c260500c31-1886597796437944320-227182643|True|(-165.288528, 0.388224542, -286.7117)|(0, 0.191393554, 0, 0.9815134)|(1, 1, 1)
GlobalObjectId_V1-2-75255463483393841ad623c260500c31-1886597796437944320-4508494|True|(205.550156, 2.9400003, 434.2288)|(0, 0.0369321741, 0, 0.999317765)|(1, 1, 1)
GlobalObjectId_V1-2-75255463483393841ad623c260500c31-1886597796437944320-493544818|True|(208.641708, 2.9400003, 433.999969)|(0, 0.0369321741, 0, 0.999317765)|(1, 1, 1)
GlobalObjectId_V1-2-75255463483393841ad623c260500c31-1886597796437944320-537414647|True|(-168.161423, 0.388224542, -285.547)|(0, 0.191393554, 0, 0.9815134)|(1, 1, 1)
GlobalObjectId_V1-2-75255463483393841ad623c260500c31-1886597796437944320-616789302|True|(-415, 0.08, -585)|(0, 0.07063329, 0, 0.9975024)|(1, 1, 1)
GlobalObjectId_V1-2-75255463483393841ad623c260500c31-1886597796437944320-828342056|True|(-418.069061, 0.08, -584.5632)|(0, 0.07063329, 0, 0.9975024)|(1, 1, 1)
GlobalObjectId_V1-2-75255463483393841ad623c260500c31-1886597796437944320-863157045|True|(-127.876244, 5.031033, 217.584427)|(0, 0.558697164, 0, 0.82937175)|(1, 1, 1)
GlobalObjectId_V1-2-75255463483393841ad623c260500c31-1886597796437944320-950912075|True|(-126.711525, 5.031033, 214.711548)|(0, 0.558697164, 0, 0.82937175)|(1, 1, 1)
GlobalObjectId_V1-2-75255463483393841ad623c260500c31-1887544423-0|True|(0, 0, 0)|(0.7071068, 0, 0, 0.7071068)|(1, 1, 1)
GlobalObjectId_V1-2-75255463483393841ad623c260500c31-1889511986-0|True|(-3.600006, 0, 0)|(0, 0, 0, 1)|(1, 1, 1)
GlobalObjectId_V1-2-75255463483393841ad623c260500c31-1889511987-0|{"MonoBehaviour":{"m_Enabled":true,"m_EditorHideFlags":0,"m_Name":"","m_EditorClassIdentifier":"Assembly-CSharp::HighwayHazard","visual":{"instanceID":0},"barrierArm":{"instanceID":0},"signal":{"instanceID":0},"warning":{"instanceID":0},"laneIndex":0,"breakHealth":0.0,"warningSeconds":1.7999999523162842,"cycleSeconds":6.0,"crossingDistance":0.0}}
GlobalObjectId_V1-2-75255463483393841ad623c260500c31-189001136-0|True|(0, 0, 0)|(0.7071068, 0, 0, 0.7071068)|(1, 1, 1)
GlobalObjectId_V1-2-75255463483393841ad623c260500c31-1894676948-0|True|(1.5, 0, 0)|(0, 0, 0, 1)|(3, 0.17, 0.17)
GlobalObjectId_V1-2-75255463483393841ad623c260500c31-1898733557-0|True|(0, 0, 0)|(0.7071068, 0, 0, 0.7071068)|(1, 1, 1)
GlobalObjectId_V1-2-75255463483393841ad623c260500c31-1901871820-0|True|(0, 0, 0)|(0.7071068, 0, 0, 0.7071068)|(1, 1, 1)
GlobalObjectId_V1-2-75255463483393841ad623c260500c31-1902413594-0|True|(0, 0, 0)|(0.7071068, 0, 0, 0.7071068)|(1, 1, 1)
GlobalObjectId_V1-2-75255463483393841ad623c260500c31-1903464105322602889-1270225228|True|(5.96046434E-10, 0.00228805584, 1.49011609E-10)|(-0.12359231, 0.0245463233, 0.0608271845, 0.990162849)|(0.99999994, 1, 1.00000012)
GlobalObjectId_V1-2-75255463483393841ad623c260500c31-1903464105322602889-1720144850|True|(5.96046434E-10, 0.00228805584, 1.49011609E-10)|(-0.12359231, 0.0245463233, 0.0608271845, 0.990162849)|(0.99999994, 1, 1.00000012)
GlobalObjectId_V1-2-75255463483393841ad623c260500c31-1903464105322602889-1742115882|True|(5.96046434E-10, 0.00228805584, 1.49011609E-10)|(-0.12359231, 0.0245463233, 0.0608271845, 0.990162849)|(0.99999994, 1, 1.00000012)
GlobalObjectId_V1-2-75255463483393841ad623c260500c31-1903464105322602889-1906523992|True|(5.96046434E-10, 0.00228805584, 1.49011609E-10)|(-0.12359231, 0.0245463233, 0.0608271845, 0.990162849)|(0.99999994, 1, 1.00000012)
GlobalObjectId_V1-2-75255463483393841ad623c260500c31-1903464105322602889-1921694405|True|(5.96046434E-10, 0.00228805584, 1.49011609E-10)|(-0.12359231, 0.0245463233, 0.0608271845, 0.990162849)|(0.99999994, 1, 1.00000012)
GlobalObjectId_V1-2-75255463483393841ad623c260500c31-1903464105322602889-2052472853|True|(5.96046434E-10, 0.00228805584, 1.49011609E-10)|(-0.12359231, 0.0245463233, 0.0608271845, 0.990162849)|(0.99999994, 1, 1.00000012)
GlobalObjectId_V1-2-75255463483393841ad623c260500c31-1903464105322602889-303056869|True|(5.96046434E-10, 0.00228805584, 1.49011609E-10)|(-0.12359231, 0.0245463233, 0.0608271845, 0.990162849)|(0.99999994, 1, 1.00000012)
GlobalObjectId_V1-2-75255463483393841ad623c260500c31-1903464105322602889-308968016|True|(5.96046434E-10, 0.00228805584, 1.49011609E-10)|(-0.12359231, 0.0245463233, 0.0608271845, 0.990162849)|(0.99999994, 1, 1.00000012)
GlobalObjectId_V1-2-75255463483393841ad623c260500c31-1903464105322602889-764708180|True|(5.96046434E-10, 0.00228805584, 1.49011609E-10)|(-0.12359231, 0.0245463233, 0.0608271845, 0.990162849)|(0.99999994, 1, 1.00000012)
GlobalObjectId_V1-2-75255463483393841ad623c260500c31-1903464105322602889-924230383|True|(5.96046434E-10, 0.00228805584, 1.49011609E-10)|(-0.12359231, 0.0245463233, 0.0608271845, 0.990162849)|(0.99999994, 1, 1.00000012)
GlobalObjectId_V1-2-75255463483393841ad623c260500c31-1908859388-0|True|(-1.5, 0.15, 0)|(0, 0, 0, 1)|(0.35, 0.3, 3.5)
GlobalObjectId_V1-2-75255463483393841ad623c260500c31-1911390164-0|True|(0, 0, 0)|(0.7071068, 0, 0, 0.7071068)|(1, 1, 1)
GlobalObjectId_V1-2-75255463483393841ad623c260500c31-1912858389-0|True|(-1.5, 1.3, 0)|(0, 0, 0, 1)|(1, 1, 1)
GlobalObjectId_V1-2-75255463483393841ad623c260500c31-19147531-0|True|(0, 0, 0)|(0.7071068, 0, 0, 0.7071068)|(1, 1, 1)
GlobalObjectId_V1-2-75255463483393841ad623c260500c31-191638185-0|True|(-186.932419, 0.06908837, -315.686768)|(0, 0.530617237, 0, 0.847611547)|(1, 1, 1)
GlobalObjectId_V1-2-75255463483393841ad623c260500c31-191638186-0|{"MonoBehaviour":{"m_Enabled":true,"m_EditorHideFlags":0,"m_Name":"","m_EditorClassIdentifier":"Assembly-CSharp::HighwayHazard","visual":{"instanceID":0},"barrierArm":{"instanceID":0},"signal":{"instanceID":0},"warning":{"instanceID":0},"laneIndex":0,"breakHealth":240.0,"warningSeconds":1.7999999523162842,"cycleSeconds":4.0,"crossingDistance":0.0}}
GlobalObjectId_V1-2-75255463483393841ad623c260500c31-1916484216-0|True|(0, 0, 0)|(0.7071068, 0, 0, 0.7071068)|(1, 1, 1)
GlobalObjectId_V1-2-75255463483393841ad623c260500c31-1917031829-0|False|(0, 0, 0)|(0.7071068, 0, 0, 0.7071068)|(1, 1, 1)
GlobalObjectId_V1-2-75255463483393841ad623c260500c31-1920497113-0|True|(0, 0, 0)|(0.7071068, 0, 0, 0.7071068)|(1, 1, 1)
GlobalObjectId_V1-2-75255463483393841ad623c260500c31-1922129015-0|True|(0, 0, 0)|(0.7071068, 0, 0, 0.7071068)|(1, 1, 1)
GlobalObjectId_V1-2-75255463483393841ad623c260500c31-1925316046-0|True|(0, 0, 0)|(0.7071068, 0, 0, 0.7071068)|(1, 1, 1)
GlobalObjectId_V1-2-75255463483393841ad623c260500c31-1934087223-0|True|(0, 0, 0)|(0, 0, 0, 1)|(1, 1, 1)
GlobalObjectId_V1-2-75255463483393841ad623c260500c31-1936770736283592905-1054006661|True|(0, 0, 0)|(0.7071068, 0, 0, -0.7071068)|(25, 25, 25)
GlobalObjectId_V1-2-75255463483393841ad623c260500c31-1936770736283592905-1066520553|True|(0, 0, 0)|(0.7071068, 0, 0, -0.7071068)|(25, 25, 25)
GlobalObjectId_V1-2-75255463483393841ad623c260500c31-1936770736283592905-1075442592|True|(0, 0, 0)|(0.7071068, 0, 0, -0.7071068)|(25, 25, 25)
GlobalObjectId_V1-2-75255463483393841ad623c260500c31-1936770736283592905-1123419265|True|(0, 0, 0)|(0.7071068, 0, 0, -0.7071068)|(25, 25, 25)
GlobalObjectId_V1-2-75255463483393841ad623c260500c31-1936770736283592905-1189067973|True|(0, 0, 0)|(0.7071068, 0, 0, -0.7071068)|(25, 25, 25)
GlobalObjectId_V1-2-75255463483393841ad623c260500c31-1936770736283592905-1213532434|True|(0, 0, 0)|(0.7071068, 0, 0, -0.7071068)|(25, 25, 25)
GlobalObjectId_V1-2-75255463483393841ad623c260500c31-1936770736283592905-1231942770|True|(0, 0, 0)|(0.7071068, 0, 0, -0.7071068)|(25, 25, 25)
GlobalObjectId_V1-2-75255463483393841ad623c260500c31-1936770736283592905-1273255913|True|(0, 0, 0)|(0.7071068, 0, 0, -0.7071068)|(25, 25, 25)
GlobalObjectId_V1-2-75255463483393841ad623c260500c31-1936770736283592905-1278822786|True|(0, 0, 0)|(0.7071068, 0, 0, -0.7071068)|(25, 25, 25)
GlobalObjectId_V1-2-75255463483393841ad623c260500c31-1936770736283592905-1289928147|True|(0, 0, 0)|(0.7071068, 0, 0, -0.7071068)|(25, 25, 25)
GlobalObjectId_V1-2-75255463483393841ad623c260500c31-1936770736283592905-1306169864|True|(0, 0, 0)|(0.7071068, 0, 0, -0.7071068)|(25, 25, 25)
GlobalObjectId_V1-2-75255463483393841ad623c260500c31-1936770736283592905-134612628|True|(0, 0, 0)|(0.7071068, 0, 0, -0.7071068)|(25, 25, 25)
GlobalObjectId_V1-2-75255463483393841ad623c260500c31-1936770736283592905-1362226918|True|(0, 0, 0)|(0.7071068, 0, 0, -0.7071068)|(25, 25, 25)
GlobalObjectId_V1-2-75255463483393841ad623c260500c31-1936770736283592905-1446791577|True|(0, 0, 0)|(0.7071068, 0, 0, -0.7071068)|(25, 25, 25)
GlobalObjectId_V1-2-75255463483393841ad623c260500c31-1936770736283592905-1453559021|True|(0, 0, 0)|(0.7071068, 0, 0, -0.7071068)|(25, 25, 25)
GlobalObjectId_V1-2-75255463483393841ad623c260500c31-1936770736283592905-1474131409|True|(0, 0, 0)|(0.7071068, 0, 0, -0.7071068)|(25, 25, 25)
GlobalObjectId_V1-2-75255463483393841ad623c260500c31-1936770736283592905-1523898307|True|(0, 0, 0)|(0.7071068, 0, 0, -0.7071068)|(25, 25, 25)
GlobalObjectId_V1-2-75255463483393841ad623c260500c31-1936770736283592905-1589411330|True|(0, 0, 0)|(0.7071068, 0, 0, -0.7071068)|(25, 25, 25)
GlobalObjectId_V1-2-75255463483393841ad623c260500c31-1936770736283592905-1669245919|True|(0, 0, 0)|(0.7071068, 0, 0, -0.7071068)|(25, 25, 25)
GlobalObjectId_V1-2-75255463483393841ad623c260500c31-1936770736283592905-1737122726|True|(0, 0, 0)|(0.7071068, 0, 0, -0.7071068)|(25, 25, 25)
GlobalObjectId_V1-2-75255463483393841ad623c260500c31-1936770736283592905-1741248142|True|(0, 0, 0)|(0.7071068, 0, 0, -0.7071068)|(25, 25, 25)
GlobalObjectId_V1-2-75255463483393841ad623c260500c31-1936770736283592905-177614287|True|(0, 0, 0)|(0.7071068, 0, 0, -0.7071068)|(25, 25, 25)
GlobalObjectId_V1-2-75255463483393841ad623c260500c31-1936770736283592905-1802634647|True|(0, 0, 0)|(0.7071068, 0, 0, -0.7071068)|(25, 25, 25)
GlobalObjectId_V1-2-75255463483393841ad623c260500c31-1936770736283592905-1890397674|True|(0, 0, 0)|(0.7071068, 0, 0, -0.7071068)|(25, 25, 25)
GlobalObjectId_V1-2-75255463483393841ad623c260500c31-1936770736283592905-1899348449|True|(0, 0, 0)|(0.7071068, 0, 0, -0.7071068)|(25, 25, 25)
GlobalObjectId_V1-2-75255463483393841ad623c260500c31-1936770736283592905-1931660283|True|(0, 0, 0)|(0.7071068, 0, 0, -0.7071068)|(25, 25, 25)
GlobalObjectId_V1-2-75255463483393841ad623c260500c31-1936770736283592905-2008804692|True|(0, 0, 0)|(0.7071068, 0, 0, -0.7071068)|(25, 25, 25)
GlobalObjectId_V1-2-75255463483393841ad623c260500c31-1936770736283592905-2120236441|True|(0, 0, 0)|(0.7071068, 0, 0, -0.7071068)|(25, 25, 25)
GlobalObjectId_V1-2-75255463483393841ad623c260500c31-1936770736283592905-255090835|True|(0, 0, 0)|(0.7071068, 0, 0, -0.7071068)|(25, 25, 25)
GlobalObjectId_V1-2-75255463483393841ad623c260500c31-1936770736283592905-261895982|True|(0, 0, 0)|(0.7071068, 0, 0, -0.7071068)|(25, 25, 25)
GlobalObjectId_V1-2-75255463483393841ad623c260500c31-1936770736283592905-346250313|True|(0, 0, 0)|(0.7071068, 0, 0, -0.7071068)|(25, 25, 25)
GlobalObjectId_V1-2-75255463483393841ad623c260500c31-1936770736283592905-374324541|True|(0, 0, 0)|(0.7071068, 0, 0, -0.7071068)|(25, 25, 25)
GlobalObjectId_V1-2-75255463483393841ad623c260500c31-1936770736283592905-39910857|True|(0, 0, 0)|(0.7071068, 0, 0, -0.7071068)|(25, 25, 25)
GlobalObjectId_V1-2-75255463483393841ad623c260500c31-1936770736283592905-415706150|True|(0, 0, 0)|(0.7071068, 0, 0, -0.7071068)|(25, 25, 25)
GlobalObjectId_V1-2-75255463483393841ad623c260500c31-1936770736283592905-420684188|True|(0, 0, 0)|(0.7071068, 0, 0, -0.7071068)|(25, 25, 25)
GlobalObjectId_V1-2-75255463483393841ad623c260500c31-1936770736283592905-448738566|True|(0, 0, 0)|(0.7071068, 0, 0, -0.7071068)|(25, 25, 25)
GlobalObjectId_V1-2-75255463483393841ad623c260500c31-1936770736283592905-455620735|True|(0, 0, 0)|(0.7071068, 0, 0, -0.7071068)|(25, 25, 25)
GlobalObjectId_V1-2-75255463483393841ad623c260500c31-1936770736283592905-462089741|True|(0, 0, 0)|(0.7071068, 0, 0, -0.7071068)|(25, 25, 25)
GlobalObjectId_V1-2-75255463483393841ad623c260500c31-1936770736283592905-471337410|True|(0, 0, 0)|(0.7071068, 0, 0, -0.7071068)|(25, 25, 25)
GlobalObjectId_V1-2-75255463483393841ad623c260500c31-1936770736283592905-514498336|True|(0, 0, 0)|(0.7071068, 0, 0, -0.7071068)|(25, 25, 25)
GlobalObjectId_V1-2-75255463483393841ad623c260500c31-1936770736283592905-570203299|True|(0, 0, 0)|(0.7071068, 0, 0, -0.7071068)|(25, 25, 25)
GlobalObjectId_V1-2-75255463483393841ad623c260500c31-1936770736283592905-577746331|True|(0, 0, 0)|(0.7071068, 0, 0, -0.7071068)|(25, 25, 25)
GlobalObjectId_V1-2-75255463483393841ad623c260500c31-1936770736283592905-614239699|True|(0, 0, 0)|(0.7071068, 0, 0, -0.7071068)|(25, 25, 25)
GlobalObjectId_V1-2-75255463483393841ad623c260500c31-1936770736283592905-720893779|True|(0, 0, 0)|(0.7071068, 0, 0, -0.7071068)|(25, 25, 25)
GlobalObjectId_V1-2-75255463483393841ad623c260500c31-1936770736283592905-759653167|True|(0, 0, 0)|(0.7071068, 0, 0, -0.7071068)|(25, 25, 25)
GlobalObjectId_V1-2-75255463483393841ad623c260500c31-1936770736283592905-788279421|True|(0, 0, 0)|(0.7071068, 0, 0, -0.7071068)|(25, 25, 25)
GlobalObjectId_V1-2-75255463483393841ad623c260500c31-1936770736283592905-801688379|True|(0, 0, 0)|(0.7071068, 0, 0, -0.7071068)|(25, 25, 25)
GlobalObjectId_V1-2-75255463483393841ad623c260500c31-1936770736283592905-827096132|True|(0, 0, 0)|(0.7071068, 0, 0, -0.7071068)|(25, 25, 25)
GlobalObjectId_V1-2-75255463483393841ad623c260500c31-1936770736283592905-841608481|True|(0, 0, 0)|(0.7071068, 0, 0, -0.7071068)|(25, 25, 25)
GlobalObjectId_V1-2-75255463483393841ad623c260500c31-1936770736283592905-866930353|True|(0, 0, 0)|(0.7071068, 0, 0, -0.7071068)|(25, 25, 25)
GlobalObjectId_V1-2-75255463483393841ad623c260500c31-1941654387-0|True|(207.005569, 0.464614719, 680.4754)|(0, 0.145200521, 0, 0.9894023)|(1, 1, 1)
GlobalObjectId_V1-2-75255463483393841ad623c260500c31-194195971-0|True|(0, 0, 0)|(0.7071068, 0, 0, 0.7071068)|(1, 1, 1)
GlobalObjectId_V1-2-75255463483393841ad623c260500c31-1942143458-0|True|(1.45, 0, -0.092)|(0, 0, 0, 1)|(0.25, 0.18, 0.018)
GlobalObjectId_V1-2-75255463483393841ad623c260500c31-1943498828-0|True|(0, 0, 0)|(0.7071068, 0, 0, 0.7071068)|(1, 1, 1)
GlobalObjectId_V1-2-75255463483393841ad623c260500c31-1943818277-0|True|(0, 0, 0)|(0.7071068, 0, 0, 0.7071068)|(1, 1, 1)
GlobalObjectId_V1-2-75255463483393841ad623c260500c31-1945199259-0|True|(0, 0, 0)|(0.7071068, 0, 0, 0.7071068)|(1, 1, 1)
GlobalObjectId_V1-2-75255463483393841ad623c260500c31-1945216550-0|True|(0, 0, 0)|(0.7071068, 0, 0, 0.7071068)|(1, 1, 1)
GlobalObjectId_V1-2-75255463483393841ad623c260500c31-1947047480-0|True|(0, 0, 0)|(0.7071068, 0, 0, 0.7071068)|(1, 1, 1)
GlobalObjectId_V1-2-75255463483393841ad623c260500c31-1947214611-0|True|(0, 0, 0)|(0.7071068, 0, 0, 0.7071068)|(1, 1, 1)
GlobalObjectId_V1-2-75255463483393841ad623c260500c31-195159162-0|True|(0, 0, 0)|(0.7071068, 0, 0, 0.7071068)|(1, 1, 1)
GlobalObjectId_V1-2-75255463483393841ad623c260500c31-1954487709-0|True|(0, 0, 0)|(0, 0, 0, 1)|(1, 1, 1)
GlobalObjectId_V1-2-75255463483393841ad623c260500c31-1955570064-0|True|(0, 0, 0)|(0.7071068, 0, 0, 0.7071068)|(1, 1, 1)
GlobalObjectId_V1-2-75255463483393841ad623c260500c31-1956491818-0|True|(0, 0, 0)|(0.7071068, 0, 0, 0.7071068)|(1, 1, 1)
GlobalObjectId_V1-2-75255463483393841ad623c260500c31-1956764874-0|True|(-96.93261, 5.07976866, 216.878)|(0, 0.7001436, 0, 0.7140022)|(1, 1, 1)
GlobalObjectId_V1-2-75255463483393841ad623c260500c31-1959819063-0|True|(-149.390152, 4.73646736, 190.009354)|(0, 0.224148884, 0, 0.974554956)|(1, 1, 1)
GlobalObjectId_V1-2-75255463483393841ad623c260500c31-1959819064-0|{"MonoBehaviour":{"m_Enabled":true,"m_EditorHideFlags":0,"m_Name":"","m_EditorClassIdentifier":"Assembly-CSharp::HighwayHazard","visual":{"instanceID":0},"barrierArm":{"instanceID":0},"signal":{"instanceID":0},"warning":{"instanceID":0},"laneIndex":0,"breakHealth":240.0,"warningSeconds":1.7999999523162842,"cycleSeconds":4.0,"crossingDistance":0.0}}
GlobalObjectId_V1-2-75255463483393841ad623c260500c31-1959885775-0|True|(-1.5, 1.3, 0)|(0, 0, 0, 1)|(1, 1, 1)
GlobalObjectId_V1-2-75255463483393841ad623c260500c31-1960020910-0|True|(0, 0, 0)|(0.7071068, 0, 0, 0.7071068)|(1, 1, 1)
GlobalObjectId_V1-2-75255463483393841ad623c260500c31-1960561247-0|True|(0, 0, 0)|(0.7071068, 0, 0, 0.7071068)|(1, 1, 1)
GlobalObjectId_V1-2-75255463483393841ad623c260500c31-196362389-0|True|(0, 0, 0)|(0.7071068, 0, 0, 0.7071068)|(1, 1, 1)
GlobalObjectId_V1-2-75255463483393841ad623c260500c31-1965377288-0|True|(0, 0, 0)|(0.7071068, 0, 0, 0.7071068)|(1, 1, 1)
GlobalObjectId_V1-2-75255463483393841ad623c260500c31-1967801164-0|True|(0, 0, 0)|(0.7071068, 0, 0, 0.7071068)|(1, 1, 1)
GlobalObjectId_V1-2-75255463483393841ad623c260500c31-1969303081-0|True|(-1.5, 1.3, 0)|(0, 0, 0, 1)|(1, 1, 1)
GlobalObjectId_V1-2-75255463483393841ad623c260500c31-1973890478-0|True|(0, 0, 0)|(0.7071068, 0, 0, 0.7071068)|(1, 1, 1)
GlobalObjectId_V1-2-75255463483393841ad623c260500c31-1975764697-0|True|(0, 0, 0)|(0, 0, 0, 1)|(1, 1, 1)
GlobalObjectId_V1-2-75255463483393841ad623c260500c31-197672759-0|True|(0, 0, 0)|(0.7071068, 0, 0, 0.7071068)|(1, 1, 1)
GlobalObjectId_V1-2-75255463483393841ad623c260500c31-1978752108-0|True|(0, 0, 0)|(0, 0, 0, 1)|(1, 1, 1)
GlobalObjectId_V1-2-75255463483393841ad623c260500c31-1979952643980039595-1054006661|True|(-0.13, 0.33, -0.304)|(0, 0, 0.06975647, 0.9975641)|(0.27, 0.18, 1)
GlobalObjectId_V1-2-75255463483393841ad623c260500c31-1979952643980039595-1066520553|True|(-0.13, 0.33, -0.304)|(0, 0, 0.06975647, 0.9975641)|(0.27, 0.18, 1)
GlobalObjectId_V1-2-75255463483393841ad623c260500c31-1979952643980039595-1075442592|True|(-0.13, 0.33, -0.304)|(0, 0, 0.06975647, 0.9975641)|(0.27, 0.18, 1)
GlobalObjectId_V1-2-75255463483393841ad623c260500c31-1979952643980039595-1123419265|True|(-0.13, 0.33, -0.304)|(0, 0, 0.06975647, 0.9975641)|(0.27, 0.18, 1)
GlobalObjectId_V1-2-75255463483393841ad623c260500c31-1979952643980039595-1189067973|True|(-0.13, 0.33, -0.304)|(0, 0, 0.06975647, 0.9975641)|(0.27, 0.18, 1)
GlobalObjectId_V1-2-75255463483393841ad623c260500c31-1979952643980039595-1213532434|True|(-0.13, 0.33, -0.304)|(0, 0, 0.06975647, 0.9975641)|(0.27, 0.18, 1)
GlobalObjectId_V1-2-75255463483393841ad623c260500c31-1979952643980039595-1231942770|True|(-0.13, 0.33, -0.304)|(0, 0, 0.06975647, 0.9975641)|(0.27, 0.18, 1)
GlobalObjectId_V1-2-75255463483393841ad623c260500c31-1979952643980039595-1273255913|True|(-0.13, 0.33, -0.304)|(0, 0, 0.06975647, 0.9975641)|(0.27, 0.18, 1)
GlobalObjectId_V1-2-75255463483393841ad623c260500c31-1979952643980039595-1278822786|True|(-0.13, 0.33, -0.304)|(0, 0, 0.06975647, 0.9975641)|(0.27, 0.18, 1)
GlobalObjectId_V1-2-75255463483393841ad623c260500c31-1979952643980039595-1289928147|True|(-0.13, 0.33, -0.304)|(0, 0, 0.06975647, 0.9975641)|(0.27, 0.18, 1)
GlobalObjectId_V1-2-75255463483393841ad623c260500c31-1979952643980039595-1306169864|True|(-0.13, 0.33, -0.304)|(0, 0, 0.06975647, 0.9975641)|(0.27, 0.18, 1)
GlobalObjectId_V1-2-75255463483393841ad623c260500c31-1979952643980039595-134612628|True|(-0.13, 0.33, -0.304)|(0, 0, 0.06975647, 0.9975641)|(0.27, 0.18, 1)
GlobalObjectId_V1-2-75255463483393841ad623c260500c31-1979952643980039595-1362226918|True|(-0.13, 0.33, -0.304)|(0, 0, 0.06975647, 0.9975641)|(0.27, 0.18, 1)
GlobalObjectId_V1-2-75255463483393841ad623c260500c31-1979952643980039595-1446791577|True|(-0.13, 0.33, -0.304)|(0, 0, 0.06975647, 0.9975641)|(0.27, 0.18, 1)
GlobalObjectId_V1-2-75255463483393841ad623c260500c31-1979952643980039595-1453559021|True|(-0.13, 0.33, -0.304)|(0, 0, 0.06975647, 0.9975641)|(0.27, 0.18, 1)
GlobalObjectId_V1-2-75255463483393841ad623c260500c31-1979952643980039595-1474131409|True|(-0.13, 0.33, -0.304)|(0, 0, 0.06975647, 0.9975641)|(0.27, 0.18, 1)
GlobalObjectId_V1-2-75255463483393841ad623c260500c31-1979952643980039595-1523898307|True|(-0.13, 0.33, -0.304)|(0, 0, 0.06975647, 0.9975641)|(0.27, 0.18, 1)
GlobalObjectId_V1-2-75255463483393841ad623c260500c31-1979952643980039595-1589411330|True|(-0.13, 0.33, -0.304)|(0, 0, 0.06975647, 0.9975641)|(0.27, 0.18, 1)
GlobalObjectId_V1-2-75255463483393841ad623c260500c31-1979952643980039595-1669245919|True|(-0.13, 0.33, -0.304)|(0, 0, 0.06975647, 0.9975641)|(0.27, 0.18, 1)
GlobalObjectId_V1-2-75255463483393841ad623c260500c31-1979952643980039595-1737122726|True|(-0.13, 0.33, -0.304)|(0, 0, 0.06975647, 0.9975641)|(0.27, 0.18, 1)
GlobalObjectId_V1-2-75255463483393841ad623c260500c31-1979952643980039595-1741248142|True|(-0.13, 0.33, -0.304)|(0, 0, 0.06975647, 0.9975641)|(0.27, 0.18, 1)
GlobalObjectId_V1-2-75255463483393841ad623c260500c31-1979952643980039595-177614287|True|(-0.13, 0.33, -0.304)|(0, 0, 0.06975647, 0.9975641)|(0.27, 0.18, 1)
GlobalObjectId_V1-2-75255463483393841ad623c260500c31-1979952643980039595-1802634647|True|(-0.13, 0.33, -0.304)|(0, 0, 0.06975647, 0.9975641)|(0.27, 0.18, 1)
GlobalObjectId_V1-2-75255463483393841ad623c260500c31-1979952643980039595-1890397674|True|(-0.13, 0.33, -0.304)|(0, 0, 0.06975647, 0.9975641)|(0.27, 0.18, 1)
GlobalObjectId_V1-2-75255463483393841ad623c260500c31-1979952643980039595-1899348449|True|(-0.13, 0.33, -0.304)|(0, 0, 0.06975647, 0.9975641)|(0.27, 0.18, 1)
GlobalObjectId_V1-2-75255463483393841ad623c260500c31-1979952643980039595-1931660283|True|(-0.13, 0.33, -0.304)|(0, 0, 0.06975647, 0.9975641)|(0.27, 0.18, 1)
GlobalObjectId_V1-2-75255463483393841ad623c260500c31-1979952643980039595-2008804692|True|(-0.13, 0.33, -0.304)|(0, 0, 0.06975647, 0.9975641)|(0.27, 0.18, 1)
GlobalObjectId_V1-2-75255463483393841ad623c260500c31-1979952643980039595-2120236441|True|(-0.13, 0.33, -0.304)|(0, 0, 0.06975647, 0.9975641)|(0.27, 0.18, 1)
GlobalObjectId_V1-2-75255463483393841ad623c260500c31-1979952643980039595-255090835|True|(-0.13, 0.33, -0.304)|(0, 0, 0.06975647, 0.9975641)|(0.27, 0.18, 1)
GlobalObjectId_V1-2-75255463483393841ad623c260500c31-1979952643980039595-261895982|True|(-0.13, 0.33, -0.304)|(0, 0, 0.06975647, 0.9975641)|(0.27, 0.18, 1)
GlobalObjectId_V1-2-75255463483393841ad623c260500c31-1979952643980039595-346250313|True|(-0.13, 0.33, -0.304)|(0, 0, 0.06975647, 0.9975641)|(0.27, 0.18, 1)
GlobalObjectId_V1-2-75255463483393841ad623c260500c31-1979952643980039595-374324541|True|(-0.13, 0.33, -0.304)|(0, 0, 0.06975647, 0.9975641)|(0.27, 0.18, 1)
GlobalObjectId_V1-2-75255463483393841ad623c260500c31-1979952643980039595-39910857|True|(-0.13, 0.33, -0.304)|(0, 0, 0.06975647, 0.9975641)|(0.27, 0.18, 1)
GlobalObjectId_V1-2-75255463483393841ad623c260500c31-1979952643980039595-415706150|True|(-0.13, 0.33, -0.304)|(0, 0, 0.06975647, 0.9975641)|(0.27, 0.18, 1)
GlobalObjectId_V1-2-75255463483393841ad623c260500c31-1979952643980039595-420684188|True|(-0.13, 0.33, -0.304)|(0, 0, 0.06975647, 0.9975641)|(0.27, 0.18, 1)
GlobalObjectId_V1-2-75255463483393841ad623c260500c31-1979952643980039595-448738566|True|(-0.13, 0.33, -0.304)|(0, 0, 0.06975647, 0.9975641)|(0.27, 0.18, 1)
GlobalObjectId_V1-2-75255463483393841ad623c260500c31-1979952643980039595-455620735|True|(-0.13, 0.33, -0.304)|(0, 0, 0.06975647, 0.9975641)|(0.27, 0.18, 1)
GlobalObjectId_V1-2-75255463483393841ad623c260500c31-1979952643980039595-462089741|True|(-0.13, 0.33, -0.304)|(0, 0, 0.06975647, 0.9975641)|(0.27, 0.18, 1)
GlobalObjectId_V1-2-75255463483393841ad623c260500c31-1979952643980039595-471337410|True|(-0.13, 0.33, -0.304)|(0, 0, 0.06975647, 0.9975641)|(0.27, 0.18, 1)
GlobalObjectId_V1-2-75255463483393841ad623c260500c31-1979952643980039595-514498336|True|(-0.13, 0.33, -0.304)|(0, 0, 0.06975647, 0.9975641)|(0.27, 0.18, 1)
GlobalObjectId_V1-2-75255463483393841ad623c260500c31-1979952643980039595-570203299|True|(-0.13, 0.33, -0.304)|(0, 0, 0.06975647, 0.9975641)|(0.27, 0.18, 1)
GlobalObjectId_V1-2-75255463483393841ad623c260500c31-1979952643980039595-577746331|True|(-0.13, 0.33, -0.304)|(0, 0, 0.06975647, 0.9975641)|(0.27, 0.18, 1)
GlobalObjectId_V1-2-75255463483393841ad623c260500c31-1979952643980039595-614239699|True|(-0.13, 0.33, -0.304)|(0, 0, 0.06975647, 0.9975641)|(0.27, 0.18, 1)
GlobalObjectId_V1-2-75255463483393841ad623c260500c31-1979952643980039595-720893779|True|(-0.13, 0.33, -0.304)|(0, 0, 0.06975647, 0.9975641)|(0.27, 0.18, 1)
GlobalObjectId_V1-2-75255463483393841ad623c260500c31-1979952643980039595-759653167|True|(-0.13, 0.33, -0.304)|(0, 0, 0.06975647, 0.9975641)|(0.27, 0.18, 1)
GlobalObjectId_V1-2-75255463483393841ad623c260500c31-1979952643980039595-788279421|True|(-0.13, 0.33, -0.304)|(0, 0, 0.06975647, 0.9975641)|(0.27, 0.18, 1)
GlobalObjectId_V1-2-75255463483393841ad623c260500c31-1979952643980039595-801688379|True|(-0.13, 0.33, -0.304)|(0, 0, 0.06975647, 0.9975641)|(0.27, 0.18, 1)
GlobalObjectId_V1-2-75255463483393841ad623c260500c31-1979952643980039595-827096132|True|(-0.13, 0.33, -0.304)|(0, 0, 0.06975647, 0.9975641)|(0.27, 0.18, 1)
GlobalObjectId_V1-2-75255463483393841ad623c260500c31-1979952643980039595-841608481|True|(-0.13, 0.33, -0.304)|(0, 0, 0.06975647, 0.9975641)|(0.27, 0.18, 1)
GlobalObjectId_V1-2-75255463483393841ad623c260500c31-1979952643980039595-866930353|True|(-0.13, 0.33, -0.304)|(0, 0, 0.06975647, 0.9975641)|(0.27, 0.18, 1)
GlobalObjectId_V1-2-75255463483393841ad623c260500c31-198122623-0|True|(0, 0, 0)|(0.7071068, 0, 0, 0.7071068)|(1, 1, 1)
GlobalObjectId_V1-2-75255463483393841ad623c260500c31-1982947921535218531-1278433063|True|(0, 0, 0)|(0, 0, 0, 1)|(1, 1, 1)
GlobalObjectId_V1-2-75255463483393841ad623c260500c31-1982947921535218531-1796550201|True|(0, 0, 0)|(0, 0, 0, 1)|(1, 1, 1)
GlobalObjectId_V1-2-75255463483393841ad623c260500c31-1982947921535218531-227182643|True|(0, 0, 0)|(0, 0, 0, 1)|(1, 1, 1)
GlobalObjectId_V1-2-75255463483393841ad623c260500c31-1982947921535218531-4508494|True|(0, 0, 0)|(0, 0, 0, 1)|(1, 1, 1)
GlobalObjectId_V1-2-75255463483393841ad623c260500c31-1982947921535218531-493544818|True|(0, 0, 0)|(0, 0, 0, 1)|(1, 1, 1)
GlobalObjectId_V1-2-75255463483393841ad623c260500c31-1982947921535218531-537414647|True|(0, 0, 0)|(0, 0, 0, 1)|(1, 1, 1)
GlobalObjectId_V1-2-75255463483393841ad623c260500c31-1982947921535218531-616789302|True|(0, 0, 0)|(0, 0, 0, 1)|(1, 1, 1)
GlobalObjectId_V1-2-75255463483393841ad623c260500c31-1982947921535218531-828342056|True|(0, 0, 0)|(0, 0, 0, 1)|(1, 1, 1)
GlobalObjectId_V1-2-75255463483393841ad623c260500c31-1982947921535218531-863157045|True|(0, 0, 0)|(0, 0, 0, 1)|(1, 1, 1)
GlobalObjectId_V1-2-75255463483393841ad623c260500c31-1982947921535218531-950912075|True|(0, 0, 0)|(0, 0, 0, 1)|(1, 1, 1)
GlobalObjectId_V1-2-75255463483393841ad623c260500c31-1988772461-0|True|(0, 0, 0)|(0, 0, 0, 1)|(1, 1, 1)
GlobalObjectId_V1-2-75255463483393841ad623c260500c31-1990972185-0|True|(0, 0, 0)|(0.7071068, 0, 0, 0.7071068)|(1, 1, 1)
GlobalObjectId_V1-2-75255463483393841ad623c260500c31-1992010252-0|True|(195.5, 4.24, 296.000061)|(0, 0, 0, 1)|(1, 1, 1)
GlobalObjectId_V1-2-75255463483393841ad623c260500c31-1992010253-0|{"MonoBehaviour":{"m_Enabled":true,"m_EditorHideFlags":0,"m_Name":"","m_EditorClassIdentifier":"Assembly-CSharp::HighwayHazard","visual":{"instanceID":0},"barrierArm":{"instanceID":0},"signal":{"instanceID":0},"warning":{"instanceID":0},"laneIndex":0,"breakHealth":0.0,"warningSeconds":1.7999999523162842,"cycleSeconds":4.0,"crossingDistance":9.0}}
GlobalObjectId_V1-2-75255463483393841ad623c260500c31-199211051-0|True|(0, 0, 0)|(0.7071068, 0, 0, 0.7071068)|(1, 1, 1)
GlobalObjectId_V1-2-75255463483393841ad623c260500c31-1994745318-0|True|(0, 0, 0)|(0.7071068, 0, 0, 0.7071068)|(1, 1, 1)
GlobalObjectId_V1-2-75255463483393841ad623c260500c31-1998645342-0|True|(0, 0, 0)|(0.7071068, 0, 0, 0.7071068)|(1, 1, 1)
GlobalObjectId_V1-2-75255463483393841ad623c260500c31-1998710654-0|True|(0, 0, 0)|(0.7071068, 0, 0, 0.7071068)|(1, 1, 1)
GlobalObjectId_V1-2-75255463483393841ad623c260500c31-2000121928-0|True|(0, 0, 0)|(0.7071068, 0, 0, 0.7071068)|(1, 1, 1)
GlobalObjectId_V1-2-75255463483393841ad623c260500c31-200074630-0|True|(0, 0, 0)|(0.7071068, 0, 0, 0.7071068)|(1, 1, 1)
GlobalObjectId_V1-2-75255463483393841ad623c260500c31-2002147250-0|True|(-159.4, 4.38555527, 145.000031)|(0, 0, 0, 1)|(1, 1, 1)
GlobalObjectId_V1-2-75255463483393841ad623c260500c31-2005120549-0|True|(-1.5, 0.15, 0)|(0, 0, 0, 1)|(0.35, 0.3, 3.5)
GlobalObjectId_V1-2-75255463483393841ad623c260500c31-2007289055174242082-1054006661|True|(0, 0.56, 0)|(0, 0, 0, 1)|(0.92, 0.1, 0.66)
GlobalObjectId_V1-2-75255463483393841ad623c260500c31-2007289055174242082-1066520553|True|(0, 0.56, 0)|(0, 0, 0, 1)|(0.92, 0.1, 0.66)
GlobalObjectId_V1-2-75255463483393841ad623c260500c31-2007289055174242082-1075442592|True|(0, 0.56, 0)|(0, 0, 0, 1)|(0.92, 0.1, 0.66)
GlobalObjectId_V1-2-75255463483393841ad623c260500c31-2007289055174242082-1123419265|True|(0, 0.56, 0)|(0, 0, 0, 1)|(0.92, 0.1, 0.66)
GlobalObjectId_V1-2-75255463483393841ad623c260500c31-2007289055174242082-1189067973|True|(0, 0.56, 0)|(0, 0, 0, 1)|(0.92, 0.1, 0.66)
GlobalObjectId_V1-2-75255463483393841ad623c260500c31-2007289055174242082-1213532434|True|(0, 0.56, 0)|(0, 0, 0, 1)|(0.92, 0.1, 0.66)
GlobalObjectId_V1-2-75255463483393841ad623c260500c31-2007289055174242082-1231942770|True|(0, 0.56, 0)|(0, 0, 0, 1)|(0.92, 0.1, 0.66)
GlobalObjectId_V1-2-75255463483393841ad623c260500c31-2007289055174242082-1273255913|True|(0, 0.56, 0)|(0, 0, 0, 1)|(0.92, 0.1, 0.66)
GlobalObjectId_V1-2-75255463483393841ad623c260500c31-2007289055174242082-1278822786|True|(0, 0.56, 0)|(0, 0, 0, 1)|(0.92, 0.1, 0.66)
GlobalObjectId_V1-2-75255463483393841ad623c260500c31-2007289055174242082-1289928147|True|(0, 0.56, 0)|(0, 0, 0, 1)|(0.92, 0.1, 0.66)
GlobalObjectId_V1-2-75255463483393841ad623c260500c31-2007289055174242082-1306169864|True|(0, 0.56, 0)|(0, 0, 0, 1)|(0.92, 0.1, 0.66)
GlobalObjectId_V1-2-75255463483393841ad623c260500c31-2007289055174242082-134612628|True|(0, 0.56, 0)|(0, 0, 0, 1)|(0.92, 0.1, 0.66)
GlobalObjectId_V1-2-75255463483393841ad623c260500c31-2007289055174242082-1362226918|True|(0, 0.56, 0)|(0, 0, 0, 1)|(0.92, 0.1, 0.66)
GlobalObjectId_V1-2-75255463483393841ad623c260500c31-2007289055174242082-1446791577|True|(0, 0.56, 0)|(0, 0, 0, 1)|(0.92, 0.1, 0.66)
GlobalObjectId_V1-2-75255463483393841ad623c260500c31-2007289055174242082-1453559021|True|(0, 0.56, 0)|(0, 0, 0, 1)|(0.92, 0.1, 0.66)
GlobalObjectId_V1-2-75255463483393841ad623c260500c31-2007289055174242082-1474131409|True|(0, 0.56, 0)|(0, 0, 0, 1)|(0.92, 0.1, 0.66)
GlobalObjectId_V1-2-75255463483393841ad623c260500c31-2007289055174242082-1523898307|True|(0, 0.56, 0)|(0, 0, 0, 1)|(0.92, 0.1, 0.66)
GlobalObjectId_V1-2-75255463483393841ad623c260500c31-2007289055174242082-1589411330|True|(0, 0.56, 0)|(0, 0, 0, 1)|(0.92, 0.1, 0.66)
GlobalObjectId_V1-2-75255463483393841ad623c260500c31-2007289055174242082-1669245919|True|(0, 0.56, 0)|(0, 0, 0, 1)|(0.92, 0.1, 0.66)
GlobalObjectId_V1-2-75255463483393841ad623c260500c31-2007289055174242082-1737122726|True|(0, 0.56, 0)|(0, 0, 0, 1)|(0.92, 0.1, 0.66)
GlobalObjectId_V1-2-75255463483393841ad623c260500c31-2007289055174242082-1741248142|True|(0, 0.56, 0)|(0, 0, 0, 1)|(0.92, 0.1, 0.66)
GlobalObjectId_V1-2-75255463483393841ad623c260500c31-2007289055174242082-177614287|True|(0, 0.56, 0)|(0, 0, 0, 1)|(0.92, 0.1, 0.66)
GlobalObjectId_V1-2-75255463483393841ad623c260500c31-2007289055174242082-1802634647|True|(0, 0.56, 0)|(0, 0, 0, 1)|(0.92, 0.1, 0.66)
GlobalObjectId_V1-2-75255463483393841ad623c260500c31-2007289055174242082-1890397674|True|(0, 0.56, 0)|(0, 0, 0, 1)|(0.92, 0.1, 0.66)
GlobalObjectId_V1-2-75255463483393841ad623c260500c31-2007289055174242082-1899348449|True|(0, 0.56, 0)|(0, 0, 0, 1)|(0.92, 0.1, 0.66)
GlobalObjectId_V1-2-75255463483393841ad623c260500c31-2007289055174242082-1931660283|True|(0, 0.56, 0)|(0, 0, 0, 1)|(0.92, 0.1, 0.66)
GlobalObjectId_V1-2-75255463483393841ad623c260500c31-2007289055174242082-2008804692|True|(0, 0.56, 0)|(0, 0, 0, 1)|(0.92, 0.1, 0.66)
GlobalObjectId_V1-2-75255463483393841ad623c260500c31-2007289055174242082-2120236441|True|(0, 0.56, 0)|(0, 0, 0, 1)|(0.92, 0.1, 0.66)
GlobalObjectId_V1-2-75255463483393841ad623c260500c31-2007289055174242082-255090835|True|(0, 0.56, 0)|(0, 0, 0, 1)|(0.92, 0.1, 0.66)
GlobalObjectId_V1-2-75255463483393841ad623c260500c31-2007289055174242082-261895982|True|(0, 0.56, 0)|(0, 0, 0, 1)|(0.92, 0.1, 0.66)
GlobalObjectId_V1-2-75255463483393841ad623c260500c31-2007289055174242082-346250313|True|(0, 0.56, 0)|(0, 0, 0, 1)|(0.92, 0.1, 0.66)
GlobalObjectId_V1-2-75255463483393841ad623c260500c31-2007289055174242082-374324541|True|(0, 0.56, 0)|(0, 0, 0, 1)|(0.92, 0.1, 0.66)
GlobalObjectId_V1-2-75255463483393841ad623c260500c31-2007289055174242082-39910857|True|(0, 0.56, 0)|(0, 0, 0, 1)|(0.92, 0.1, 0.66)
GlobalObjectId_V1-2-75255463483393841ad623c260500c31-2007289055174242082-415706150|True|(0, 0.56, 0)|(0, 0, 0, 1)|(0.92, 0.1, 0.66)
GlobalObjectId_V1-2-75255463483393841ad623c260500c31-2007289055174242082-420684188|True|(0, 0.56, 0)|(0, 0, 0, 1)|(0.92, 0.1, 0.66)
GlobalObjectId_V1-2-75255463483393841ad623c260500c31-2007289055174242082-448738566|True|(0, 0.56, 0)|(0, 0, 0, 1)|(0.92, 0.1, 0.66)
GlobalObjectId_V1-2-75255463483393841ad623c260500c31-2007289055174242082-455620735|True|(0, 0.56, 0)|(0, 0, 0, 1)|(0.92, 0.1, 0.66)
GlobalObjectId_V1-2-75255463483393841ad623c260500c31-2007289055174242082-462089741|True|(0, 0.56, 0)|(0, 0, 0, 1)|(0.92, 0.1, 0.66)
GlobalObjectId_V1-2-75255463483393841ad623c260500c31-2007289055174242082-471337410|True|(0, 0.56, 0)|(0, 0, 0, 1)|(0.92, 0.1, 0.66)
GlobalObjectId_V1-2-75255463483393841ad623c260500c31-2007289055174242082-514498336|True|(0, 0.56, 0)|(0, 0, 0, 1)|(0.92, 0.1, 0.66)
GlobalObjectId_V1-2-75255463483393841ad623c260500c31-2007289055174242082-570203299|True|(0, 0.56, 0)|(0, 0, 0, 1)|(0.92, 0.1, 0.66)
GlobalObjectId_V1-2-75255463483393841ad623c260500c31-2007289055174242082-577746331|True|(0, 0.56, 0)|(0, 0, 0, 1)|(0.92, 0.1, 0.66)
GlobalObjectId_V1-2-75255463483393841ad623c260500c31-2007289055174242082-614239699|True|(0, 0.56, 0)|(0, 0, 0, 1)|(0.92, 0.1, 0.66)
GlobalObjectId_V1-2-75255463483393841ad623c260500c31-2007289055174242082-720893779|True|(0, 0.56, 0)|(0, 0, 0, 1)|(0.92, 0.1, 0.66)
GlobalObjectId_V1-2-75255463483393841ad623c260500c31-2007289055174242082-759653167|True|(0, 0.56, 0)|(0, 0, 0, 1)|(0.92, 0.1, 0.66)
GlobalObjectId_V1-2-75255463483393841ad623c260500c31-2007289055174242082-788279421|True|(0, 0.56, 0)|(0, 0, 0, 1)|(0.92, 0.1, 0.66)
GlobalObjectId_V1-2-75255463483393841ad623c260500c31-2007289055174242082-801688379|True|(0, 0.56, 0)|(0, 0, 0, 1)|(0.92, 0.1, 0.66)
GlobalObjectId_V1-2-75255463483393841ad623c260500c31-2007289055174242082-827096132|True|(0, 0.56, 0)|(0, 0, 0, 1)|(0.92, 0.1, 0.66)
GlobalObjectId_V1-2-75255463483393841ad623c260500c31-2007289055174242082-841608481|True|(0, 0.56, 0)|(0, 0, 0, 1)|(0.92, 0.1, 0.66)
GlobalObjectId_V1-2-75255463483393841ad623c260500c31-2007289055174242082-866930353|True|(0, 0.56, 0)|(0, 0, 0, 1)|(0.92, 0.1, 0.66)
GlobalObjectId_V1-2-75255463483393841ad623c260500c31-2008986880-0|True|(0, 0, 0)|(0.7071068, 0, 0, 0.7071068)|(1, 1, 1)
GlobalObjectId_V1-2-75255463483393841ad623c260500c31-2009563157-0|True|(0, 0, 0)|(0.7071068, 0, 0, 0.7071068)|(1, 1, 1)
GlobalObjectId_V1-2-75255463483393841ad623c260500c31-2012053673-0|True|(0, 0, 0)|(0.7071068, 0, 0, 0.7071068)|(1, 1, 1)
GlobalObjectId_V1-2-75255463483393841ad623c260500c31-2014525344-0|True|(0, 0, 0)|(0.7071068, 0, 0, 0.7071068)|(1, 1, 1)
GlobalObjectId_V1-2-75255463483393841ad623c260500c31-2015842953-0|True|(0, 0, 0)|(0.7071068, 0, 0, 0.7071068)|(1, 1, 1)
GlobalObjectId_V1-2-75255463483393841ad623c260500c31-2017006403137710456-1054006661|True|(0.38, 0.155, -0.307)|(0, 0, -0.104528464, 0.9945219)|(0.055, 0.025, 0.028)
GlobalObjectId_V1-2-75255463483393841ad623c260500c31-2017006403137710456-1066520553|True|(0.38, 0.155, -0.307)|(0, 0, -0.104528464, 0.9945219)|(0.055, 0.025, 0.028)
GlobalObjectId_V1-2-75255463483393841ad623c260500c31-2017006403137710456-1075442592|True|(0.38, 0.155, -0.307)|(0, 0, -0.104528464, 0.9945219)|(0.055, 0.025, 0.028)
GlobalObjectId_V1-2-75255463483393841ad623c260500c31-2017006403137710456-1123419265|True|(0.38, 0.155, -0.307)|(0, 0, -0.104528464, 0.9945219)|(0.055, 0.025, 0.028)
GlobalObjectId_V1-2-75255463483393841ad623c260500c31-2017006403137710456-1189067973|True|(0.38, 0.155, -0.307)|(0, 0, -0.104528464, 0.9945219)|(0.055, 0.025, 0.028)
GlobalObjectId_V1-2-75255463483393841ad623c260500c31-2017006403137710456-1213532434|True|(0.38, 0.155, -0.307)|(0, 0, -0.104528464, 0.9945219)|(0.055, 0.025, 0.028)
GlobalObjectId_V1-2-75255463483393841ad623c260500c31-2017006403137710456-1231942770|True|(0.38, 0.155, -0.307)|(0, 0, -0.104528464, 0.9945219)|(0.055, 0.025, 0.028)
GlobalObjectId_V1-2-75255463483393841ad623c260500c31-2017006403137710456-1273255913|True|(0.38, 0.155, -0.307)|(0, 0, -0.104528464, 0.9945219)|(0.055, 0.025, 0.028)
GlobalObjectId_V1-2-75255463483393841ad623c260500c31-2017006403137710456-1278822786|True|(0.38, 0.155, -0.307)|(0, 0, -0.104528464, 0.9945219)|(0.055, 0.025, 0.028)
GlobalObjectId_V1-2-75255463483393841ad623c260500c31-2017006403137710456-1289928147|True|(0.38, 0.155, -0.307)|(0, 0, -0.104528464, 0.9945219)|(0.055, 0.025, 0.028)
GlobalObjectId_V1-2-75255463483393841ad623c260500c31-2017006403137710456-1306169864|True|(0.38, 0.155, -0.307)|(0, 0, -0.104528464, 0.9945219)|(0.055, 0.025, 0.028)
GlobalObjectId_V1-2-75255463483393841ad623c260500c31-2017006403137710456-134612628|True|(0.38, 0.155, -0.307)|(0, 0, -0.104528464, 0.9945219)|(0.055, 0.025, 0.028)
GlobalObjectId_V1-2-75255463483393841ad623c260500c31-2017006403137710456-1362226918|True|(0.38, 0.155, -0.307)|(0, 0, -0.104528464, 0.9945219)|(0.055, 0.025, 0.028)
GlobalObjectId_V1-2-75255463483393841ad623c260500c31-2017006403137710456-1446791577|True|(0.38, 0.155, -0.307)|(0, 0, -0.104528464, 0.9945219)|(0.055, 0.025, 0.028)
GlobalObjectId_V1-2-75255463483393841ad623c260500c31-2017006403137710456-1453559021|True|(0.38, 0.155, -0.307)|(0, 0, -0.104528464, 0.9945219)|(0.055, 0.025, 0.028)
GlobalObjectId_V1-2-75255463483393841ad623c260500c31-2017006403137710456-1474131409|True|(0.38, 0.155, -0.307)|(0, 0, -0.104528464, 0.9945219)|(0.055, 0.025, 0.028)
GlobalObjectId_V1-2-75255463483393841ad623c260500c31-2017006403137710456-1523898307|True|(0.38, 0.155, -0.307)|(0, 0, -0.104528464, 0.9945219)|(0.055, 0.025, 0.028)
GlobalObjectId_V1-2-75255463483393841ad623c260500c31-2017006403137710456-1589411330|True|(0.38, 0.155, -0.307)|(0, 0, -0.104528464, 0.9945219)|(0.055, 0.025, 0.028)
GlobalObjectId_V1-2-75255463483393841ad623c260500c31-2017006403137710456-1669245919|True|(0.38, 0.155, -0.307)|(0, 0, -0.104528464, 0.9945219)|(0.055, 0.025, 0.028)
GlobalObjectId_V1-2-75255463483393841ad623c260500c31-2017006403137710456-1737122726|True|(0.38, 0.155, -0.307)|(0, 0, -0.104528464, 0.9945219)|(0.055, 0.025, 0.028)
GlobalObjectId_V1-2-75255463483393841ad623c260500c31-2017006403137710456-1741248142|True|(0.38, 0.155, -0.307)|(0, 0, -0.104528464, 0.9945219)|(0.055, 0.025, 0.028)
GlobalObjectId_V1-2-75255463483393841ad623c260500c31-2017006403137710456-177614287|True|(0.38, 0.155, -0.307)|(0, 0, -0.104528464, 0.9945219)|(0.055, 0.025, 0.028)
GlobalObjectId_V1-2-75255463483393841ad623c260500c31-2017006403137710456-1802634647|True|(0.38, 0.155, -0.307)|(0, 0, -0.104528464, 0.9945219)|(0.055, 0.025, 0.028)
GlobalObjectId_V1-2-75255463483393841ad623c260500c31-2017006403137710456-1890397674|True|(0.38, 0.155, -0.307)|(0, 0, -0.104528464, 0.9945219)|(0.055, 0.025, 0.028)
GlobalObjectId_V1-2-75255463483393841ad623c260500c31-2017006403137710456-1899348449|True|(0.38, 0.155, -0.307)|(0, 0, -0.104528464, 0.9945219)|(0.055, 0.025, 0.028)
GlobalObjectId_V1-2-75255463483393841ad623c260500c31-2017006403137710456-1931660283|True|(0.38, 0.155, -0.307)|(0, 0, -0.104528464, 0.9945219)|(0.055, 0.025, 0.028)
GlobalObjectId_V1-2-75255463483393841ad623c260500c31-2017006403137710456-2008804692|True|(0.38, 0.155, -0.307)|(0, 0, -0.104528464, 0.9945219)|(0.055, 0.025, 0.028)
GlobalObjectId_V1-2-75255463483393841ad623c260500c31-2017006403137710456-2120236441|True|(0.38, 0.155, -0.307)|(0, 0, -0.104528464, 0.9945219)|(0.055, 0.025, 0.028)
GlobalObjectId_V1-2-75255463483393841ad623c260500c31-2017006403137710456-255090835|True|(0.38, 0.155, -0.307)|(0, 0, -0.104528464, 0.9945219)|(0.055, 0.025, 0.028)
GlobalObjectId_V1-2-75255463483393841ad623c260500c31-2017006403137710456-261895982|True|(0.38, 0.155, -0.307)|(0, 0, -0.104528464, 0.9945219)|(0.055, 0.025, 0.028)
GlobalObjectId_V1-2-75255463483393841ad623c260500c31-2017006403137710456-346250313|True|(0.38, 0.155, -0.307)|(0, 0, -0.104528464, 0.9945219)|(0.055, 0.025, 0.028)
GlobalObjectId_V1-2-75255463483393841ad623c260500c31-2017006403137710456-374324541|True|(0.38, 0.155, -0.307)|(0, 0, -0.104528464, 0.9945219)|(0.055, 0.025, 0.028)
GlobalObjectId_V1-2-75255463483393841ad623c260500c31-2017006403137710456-39910857|True|(0.38, 0.155, -0.307)|(0, 0, -0.104528464, 0.9945219)|(0.055, 0.025, 0.028)
GlobalObjectId_V1-2-75255463483393841ad623c260500c31-2017006403137710456-415706150|True|(0.38, 0.155, -0.307)|(0, 0, -0.104528464, 0.9945219)|(0.055, 0.025, 0.028)
GlobalObjectId_V1-2-75255463483393841ad623c260500c31-2017006403137710456-420684188|True|(0.38, 0.155, -0.307)|(0, 0, -0.104528464, 0.9945219)|(0.055, 0.025, 0.028)
GlobalObjectId_V1-2-75255463483393841ad623c260500c31-2017006403137710456-448738566|True|(0.38, 0.155, -0.307)|(0, 0, -0.104528464, 0.9945219)|(0.055, 0.025, 0.028)
GlobalObjectId_V1-2-75255463483393841ad623c260500c31-2017006403137710456-455620735|True|(0.38, 0.155, -0.307)|(0, 0, -0.104528464, 0.9945219)|(0.055, 0.025, 0.028)
GlobalObjectId_V1-2-75255463483393841ad623c260500c31-2017006403137710456-462089741|True|(0.38, 0.155, -0.307)|(0, 0, -0.104528464, 0.9945219)|(0.055, 0.025, 0.028)
GlobalObjectId_V1-2-75255463483393841ad623c260500c31-2017006403137710456-471337410|True|(0.38, 0.155, -0.307)|(0, 0, -0.104528464, 0.9945219)|(0.055, 0.025, 0.028)
GlobalObjectId_V1-2-75255463483393841ad623c260500c31-2017006403137710456-514498336|True|(0.38, 0.155, -0.307)|(0, 0, -0.104528464, 0.9945219)|(0.055, 0.025, 0.028)
GlobalObjectId_V1-2-75255463483393841ad623c260500c31-2017006403137710456-570203299|True|(0.38, 0.155, -0.307)|(0, 0, -0.104528464, 0.9945219)|(0.055, 0.025, 0.028)
GlobalObjectId_V1-2-75255463483393841ad623c260500c31-2017006403137710456-577746331|True|(0.38, 0.155, -0.307)|(0, 0, -0.104528464, 0.9945219)|(0.055, 0.025, 0.028)
GlobalObjectId_V1-2-75255463483393841ad623c260500c31-2017006403137710456-614239699|True|(0.38, 0.155, -0.307)|(0, 0, -0.104528464, 0.9945219)|(0.055, 0.025, 0.028)
GlobalObjectId_V1-2-75255463483393841ad623c260500c31-2017006403137710456-720893779|True|(0.38, 0.155, -0.307)|(0, 0, -0.104528464, 0.9945219)|(0.055, 0.025, 0.028)
GlobalObjectId_V1-2-75255463483393841ad623c260500c31-2017006403137710456-759653167|True|(0.38, 0.155, -0.307)|(0, 0, -0.104528464, 0.9945219)|(0.055, 0.025, 0.028)
GlobalObjectId_V1-2-75255463483393841ad623c260500c31-2017006403137710456-788279421|True|(0.38, 0.155, -0.307)|(0, 0, -0.104528464, 0.9945219)|(0.055, 0.025, 0.028)
GlobalObjectId_V1-2-75255463483393841ad623c260500c31-2017006403137710456-801688379|True|(0.38, 0.155, -0.307)|(0, 0, -0.104528464, 0.9945219)|(0.055, 0.025, 0.028)
GlobalObjectId_V1-2-75255463483393841ad623c260500c31-2017006403137710456-827096132|True|(0.38, 0.155, -0.307)|(0, 0, -0.104528464, 0.9945219)|(0.055, 0.025, 0.028)
GlobalObjectId_V1-2-75255463483393841ad623c260500c31-2017006403137710456-841608481|True|(0.38, 0.155, -0.307)|(0, 0, -0.104528464, 0.9945219)|(0.055, 0.025, 0.028)
GlobalObjectId_V1-2-75255463483393841ad623c260500c31-2017006403137710456-866930353|True|(0.38, 0.155, -0.307)|(0, 0, -0.104528464, 0.9945219)|(0.055, 0.025, 0.028)
GlobalObjectId_V1-2-75255463483393841ad623c260500c31-2017979887-0|True|(0, 0, 0)|(0.7071068, 0, 0, 0.7071068)|(1, 1, 1)
GlobalObjectId_V1-2-75255463483393841ad623c260500c31-2020126956-0|True|(0, 0, 0)|(0.7071068, 0, 0, 0.7071068)|(1, 1, 1)
GlobalObjectId_V1-2-75255463483393841ad623c260500c31-2023961497-0|True|(-163.392944, 3.97222161, 108.925934)|(0, -0.01057265, 0, 0.99994415)|(1, 1, 1)
GlobalObjectId_V1-2-75255463483393841ad623c260500c31-2023961498-0|{"MonoBehaviour":{"m_Enabled":true,"m_EditorHideFlags":0,"m_Name":"","m_EditorClassIdentifier":"Assembly-CSharp::HighwayHazard","visual":{"instanceID":0},"barrierArm":{"instanceID":0},"signal":{"instanceID":0},"warning":{"instanceID":0},"laneIndex":0,"breakHealth":240.0,"warningSeconds":1.7999999523162842,"cycleSeconds":4.0,"crossingDistance":0.0}}
GlobalObjectId_V1-2-75255463483393841ad623c260500c31-2025659736-0|True|(0, 0, 0)|(0, 0, 0, 1)|(1, 1, 1)
GlobalObjectId_V1-2-75255463483393841ad623c260500c31-2026255734-0|True|(0, 0, 0)|(0.7071068, 0, 0, 0.7071068)|(1, 1, 1)
GlobalObjectId_V1-2-75255463483393841ad623c260500c31-2027636393-0|True|(-416.9, 0.08, -717)|(0, 0, 0, 1)|(1, 1, 1)
GlobalObjectId_V1-2-75255463483393841ad623c260500c31-2027776164-0|True|(0, 0, 0)|(0.7071068, 0, 0, 0.7071068)|(1, 1, 1)
GlobalObjectId_V1-2-75255463483393841ad623c260500c31-2029783388-0|True|(0, 0, 0)|(0.7071068, 0, 0, 0.7071068)|(1, 1, 1)
GlobalObjectId_V1-2-75255463483393841ad623c260500c31-203089175-0|True|(0, 0, 0)|(0.7071068, 0, 0, 0.7071068)|(1, 1, 1)
GlobalObjectId_V1-2-75255463483393841ad623c260500c31-2036847080-0|True|(-418.585724, 0.08, -447)|(0, -0.05025425, 0, 0.9987365)|(1, 1, 1)
GlobalObjectId_V1-2-75255463483393841ad623c260500c31-2038976091-0|True|(0, 0, 0)|(0.7071068, 0, 0, 0.7071068)|(1, 1, 1)
GlobalObjectId_V1-2-75255463483393841ad623c260500c31-2039542269-0|True|(1.45, 0, -0.092)|(0, 0, 0, 1)|(0.25, 0.18, 0.018)
GlobalObjectId_V1-2-75255463483393841ad623c260500c31-2041812575-0|True|(2.65, 0, -0.092)|(0, 0, 0, 1)|(0.25, 0.18, 0.018)
GlobalObjectId_V1-2-75255463483393841ad623c260500c31-2045001033-0|True|(0, 0, 0)|(0.7071068, 0, 0, 0.7071068)|(1, 1, 1)
GlobalObjectId_V1-2-75255463483393841ad623c260500c31-2047033321-0|True|(0, 0, 0)|(0.7071068, 0, 0, 0.7071068)|(1, 1, 1)
GlobalObjectId_V1-2-75255463483393841ad623c260500c31-2054148427163451506-1054006661|True|(0, 0.011, 0)|(0, 0.1650476, 0, 0.9862856)|(1, 1, 1)
GlobalObjectId_V1-2-75255463483393841ad623c260500c31-2054148427163451506-1066520553|True|(0, 0.011, 0)|(0, 0.1650476, 0, 0.9862856)|(1, 1, 1)
GlobalObjectId_V1-2-75255463483393841ad623c260500c31-2054148427163451506-1075442592|True|(0, 0.011, 0)|(0, 0.1650476, 0, 0.9862856)|(1, 1, 1)
GlobalObjectId_V1-2-75255463483393841ad623c260500c31-2054148427163451506-1123419265|True|(0, 0.011, 0)|(0, 0.1650476, 0, 0.9862856)|(1, 1, 1)
GlobalObjectId_V1-2-75255463483393841ad623c260500c31-2054148427163451506-1189067973|True|(0, 0.011, 0)|(0, 0.1650476, 0, 0.9862856)|(1, 1, 1)
GlobalObjectId_V1-2-75255463483393841ad623c260500c31-2054148427163451506-1213532434|True|(0, 0.011, 0)|(0, 0.1650476, 0, 0.9862856)|(1, 1, 1)
GlobalObjectId_V1-2-75255463483393841ad623c260500c31-2054148427163451506-1231942770|True|(0, 0.011, 0)|(0, 0.1650476, 0, 0.9862856)|(1, 1, 1)
GlobalObjectId_V1-2-75255463483393841ad623c260500c31-2054148427163451506-1273255913|True|(0, 0.011, 0)|(0, 0.1650476, 0, 0.9862856)|(1, 1, 1)
GlobalObjectId_V1-2-75255463483393841ad623c260500c31-2054148427163451506-1278822786|True|(0, 0.011, 0)|(0, 0.1650476, 0, 0.9862856)|(1, 1, 1)
GlobalObjectId_V1-2-75255463483393841ad623c260500c31-2054148427163451506-1289928147|True|(0, 0.011, 0)|(0, 0.1650476, 0, 0.9862856)|(1, 1, 1)
GlobalObjectId_V1-2-75255463483393841ad623c260500c31-2054148427163451506-1306169864|True|(0, 0.011, 0)|(0, 0.1650476, 0, 0.9862856)|(1, 1, 1)
GlobalObjectId_V1-2-75255463483393841ad623c260500c31-2054148427163451506-134612628|True|(0, 0.011, 0)|(0, 0.1650476, 0, 0.9862856)|(1, 1, 1)
GlobalObjectId_V1-2-75255463483393841ad623c260500c31-2054148427163451506-1362226918|True|(0, 0.011, 0)|(0, 0.1650476, 0, 0.9862856)|(1, 1, 1)
GlobalObjectId_V1-2-75255463483393841ad623c260500c31-2054148427163451506-1446791577|True|(0, 0.011, 0)|(0, 0.1650476, 0, 0.9862856)|(1, 1, 1)
GlobalObjectId_V1-2-75255463483393841ad623c260500c31-2054148427163451506-1453559021|True|(0, 0.011, 0)|(0, 0.1650476, 0, 0.9862856)|(1, 1, 1)
GlobalObjectId_V1-2-75255463483393841ad623c260500c31-2054148427163451506-1474131409|True|(0, 0.011, 0)|(0, 0.1650476, 0, 0.9862856)|(1, 1, 1)
GlobalObjectId_V1-2-75255463483393841ad623c260500c31-2054148427163451506-1523898307|True|(0, 0.011, 0)|(0, 0.1650476, 0, 0.9862856)|(1, 1, 1)
GlobalObjectId_V1-2-75255463483393841ad623c260500c31-2054148427163451506-1589411330|True|(0, 0.011, 0)|(0, 0.1650476, 0, 0.9862856)|(1, 1, 1)
GlobalObjectId_V1-2-75255463483393841ad623c260500c31-2054148427163451506-1669245919|True|(0, 0.011, 0)|(0, 0.1650476, 0, 0.9862856)|(1, 1, 1)
GlobalObjectId_V1-2-75255463483393841ad623c260500c31-2054148427163451506-1737122726|True|(0, 0.011, 0)|(0, 0.1650476, 0, 0.9862856)|(1, 1, 1)
GlobalObjectId_V1-2-75255463483393841ad623c260500c31-2054148427163451506-1741248142|True|(0, 0.011, 0)|(0, 0.1650476, 0, 0.9862856)|(1, 1, 1)
GlobalObjectId_V1-2-75255463483393841ad623c260500c31-2054148427163451506-177614287|True|(0, 0.011, 0)|(0, 0.1650476, 0, 0.9862856)|(1, 1, 1)
GlobalObjectId_V1-2-75255463483393841ad623c260500c31-2054148427163451506-1802634647|True|(0, 0.011, 0)|(0, 0.1650476, 0, 0.9862856)|(1, 1, 1)
GlobalObjectId_V1-2-75255463483393841ad623c260500c31-2054148427163451506-1890397674|True|(0, 0.011, 0)|(0, 0.1650476, 0, 0.9862856)|(1, 1, 1)
GlobalObjectId_V1-2-75255463483393841ad623c260500c31-2054148427163451506-1899348449|True|(0, 0.011, 0)|(0, 0.1650476, 0, 0.9862856)|(1, 1, 1)
GlobalObjectId_V1-2-75255463483393841ad623c260500c31-2054148427163451506-1931660283|True|(0, 0.011, 0)|(0, 0.1650476, 0, 0.9862856)|(1, 1, 1)
GlobalObjectId_V1-2-75255463483393841ad623c260500c31-2054148427163451506-2008804692|True|(0, 0.011, 0)|(0, 0.1650476, 0, 0.9862856)|(1, 1, 1)
GlobalObjectId_V1-2-75255463483393841ad623c260500c31-2054148427163451506-2120236441|True|(0, 0.011, 0)|(0, 0.1650476, 0, 0.9862856)|(1, 1, 1)
GlobalObjectId_V1-2-75255463483393841ad623c260500c31-2054148427163451506-255090835|True|(0, 0.011, 0)|(0, 0.1650476, 0, 0.9862856)|(1, 1, 1)
GlobalObjectId_V1-2-75255463483393841ad623c260500c31-2054148427163451506-261895982|True|(0, 0.011, 0)|(0, 0.1650476, 0, 0.9862856)|(1, 1, 1)
GlobalObjectId_V1-2-75255463483393841ad623c260500c31-2054148427163451506-346250313|True|(0, 0.011, 0)|(0, 0.1650476, 0, 0.9862856)|(1, 1, 1)
GlobalObjectId_V1-2-75255463483393841ad623c260500c31-2054148427163451506-374324541|True|(0, 0.011, 0)|(0, 0.1650476, 0, 0.9862856)|(1, 1, 1)
GlobalObjectId_V1-2-75255463483393841ad623c260500c31-2054148427163451506-39910857|True|(0, 0.011, 0)|(0, 0.1650476, 0, 0.9862856)|(1, 1, 1)
GlobalObjectId_V1-2-75255463483393841ad623c260500c31-2054148427163451506-415706150|True|(0, 0.011, 0)|(0, 0.1650476, 0, 0.9862856)|(1, 1, 1)
GlobalObjectId_V1-2-75255463483393841ad623c260500c31-2054148427163451506-420684188|True|(0, 0.011, 0)|(0, 0.1650476, 0, 0.9862856)|(1, 1, 1)
GlobalObjectId_V1-2-75255463483393841ad623c260500c31-2054148427163451506-448738566|True|(0, 0.011, 0)|(0, 0.1650476, 0, 0.9862856)|(1, 1, 1)
GlobalObjectId_V1-2-75255463483393841ad623c260500c31-2054148427163451506-455620735|True|(0, 0.011, 0)|(0, 0.1650476, 0, 0.9862856)|(1, 1, 1)
GlobalObjectId_V1-2-75255463483393841ad623c260500c31-2054148427163451506-462089741|True|(0, 0.011, 0)|(0, 0.1650476, 0, 0.9862856)|(1, 1, 1)
GlobalObjectId_V1-2-75255463483393841ad623c260500c31-2054148427163451506-471337410|True|(0, 0.011, 0)|(0, 0.1650476, 0, 0.9862856)|(1, 1, 1)
GlobalObjectId_V1-2-75255463483393841ad623c260500c31-2054148427163451506-514498336|True|(0, 0.011, 0)|(0, 0.1650476, 0, 0.9862856)|(1, 1, 1)
GlobalObjectId_V1-2-75255463483393841ad623c260500c31-2054148427163451506-570203299|True|(0, 0.011, 0)|(0, 0.1650476, 0, 0.9862856)|(1, 1, 1)
GlobalObjectId_V1-2-75255463483393841ad623c260500c31-2054148427163451506-577746331|True|(0, 0.011, 0)|(0, 0.1650476, 0, 0.9862856)|(1, 1, 1)
GlobalObjectId_V1-2-75255463483393841ad623c260500c31-2054148427163451506-614239699|True|(0, 0.011, 0)|(0, 0.1650476, 0, 0.9862856)|(1, 1, 1)
GlobalObjectId_V1-2-75255463483393841ad623c260500c31-2054148427163451506-720893779|True|(0, 0.011, 0)|(0, 0.1650476, 0, 0.9862856)|(1, 1, 1)
GlobalObjectId_V1-2-75255463483393841ad623c260500c31-2054148427163451506-759653167|True|(0, 0.011, 0)|(0, 0.1650476, 0, 0.9862856)|(1, 1, 1)
GlobalObjectId_V1-2-75255463483393841ad623c260500c31-2054148427163451506-788279421|True|(0, 0.011, 0)|(0, 0.1650476, 0, 0.9862856)|(1, 1, 1)
GlobalObjectId_V1-2-75255463483393841ad623c260500c31-2054148427163451506-801688379|True|(0, 0.011, 0)|(0, 0.1650476, 0, 0.9862856)|(1, 1, 1)
GlobalObjectId_V1-2-75255463483393841ad623c260500c31-2054148427163451506-827096132|True|(0, 0.011, 0)|(0, 0.1650476, 0, 0.9862856)|(1, 1, 1)
GlobalObjectId_V1-2-75255463483393841ad623c260500c31-2054148427163451506-841608481|True|(0, 0.011, 0)|(0, 0.1650476, 0, 0.9862856)|(1, 1, 1)
GlobalObjectId_V1-2-75255463483393841ad623c260500c31-2054148427163451506-866930353|True|(0, 0.011, 0)|(0, 0.1650476, 0, 0.9862856)|(1, 1, 1)
GlobalObjectId_V1-2-75255463483393841ad623c260500c31-2058278568-0|True|(-153.022827, 3.16338062, 13.000721)|(0, -0.04213629, 0, 0.9991119)|(1, 1, 1)
GlobalObjectId_V1-2-75255463483393841ad623c260500c31-2061516595123939610-124650490|True|(-1.11758706E-10, 0.00213466655, 9.31322554E-12)|(-0.0128043983, -0.112429693, 0.112429693, 0.9871956)|(1, 0.99999994, 0.99999994)
GlobalObjectId_V1-2-75255463483393841ad623c260500c31-2061516595123939610-1376906811|True|(-1.11758706E-10, 0.00213466655, 9.31322554E-12)|(-0.0128043983, -0.112429693, 0.112429693, 0.9871956)|(1, 0.99999994, 0.99999994)
GlobalObjectId_V1-2-75255463483393841ad623c260500c31-2061516595123939610-1395087067|True|(-1.11758706E-10, 0.00213466655, 9.31322554E-12)|(-0.0128043983, -0.112429693, 0.112429693, 0.9871956)|(1, 0.99999994, 0.99999994)
GlobalObjectId_V1-2-75255463483393841ad623c260500c31-2061516595123939610-589898910|True|(-1.11758706E-10, 0.00213466655, 9.31322554E-12)|(-0.0128043983, -0.112429693, 0.112429693, 0.9871956)|(1, 0.99999994, 0.99999994)
GlobalObjectId_V1-2-75255463483393841ad623c260500c31-2061516595123939610-951118863|True|(-1.11758706E-10, 0.00213466655, 9.31322554E-12)|(-0.0128043983, -0.112429693, 0.112429693, 0.9871956)|(1, 0.99999994, 0.99999994)
GlobalObjectId_V1-2-75255463483393841ad623c260500c31-2061516595123939610-997839571|True|(-1.11758706E-10, 0.00213466655, 9.31322554E-12)|(-0.0128043983, -0.112429693, 0.112429693, 0.9871956)|(1, 0.99999994, 0.99999994)
GlobalObjectId_V1-2-75255463483393841ad623c260500c31-2063722912-0|True|(0, 0, 0)|(0.7071068, 0, 0, 0.7071068)|(1, 1, 1)
GlobalObjectId_V1-2-75255463483393841ad623c260500c31-2063731629-0|True|(-1.5, 0.7, 0)|(0, 0, 0, 1)|(0.4, 1.1, 0.45)
GlobalObjectId_V1-2-75255463483393841ad623c260500c31-2066337893-0|True|(0, 0, 0)|(0.7071068, 0, 0, 0.7071068)|(1, 1, 1)
GlobalObjectId_V1-2-75255463483393841ad623c260500c31-2067203560-0|True|(0, 0, 0)|(0.7071068, 0, 0, 0.7071068)|(1, 1, 1)
GlobalObjectId_V1-2-75255463483393841ad623c260500c31-2067220543-0|True|(0, 0, 0)|(0.7071068, 0, 0, 0.7071068)|(1, 1, 1)
GlobalObjectId_V1-2-75255463483393841ad623c260500c31-2067320722-0|True|(0, 0, 0)|(0.7071068, 0, 0, 0.7071068)|(1, 1, 1)
GlobalObjectId_V1-2-75255463483393841ad623c260500c31-2067703628-0|True|(0, 0, 0)|(0, 0, 0, 1)|(1, 1, 1)
GlobalObjectId_V1-2-75255463483393841ad623c260500c31-2069318939743726165-1278433063|True|(0, 0, 0)|(-0.7071068, 0, 0, 0.7071067)|(100, 100, 100)
GlobalObjectId_V1-2-75255463483393841ad623c260500c31-2069318939743726165-1796550201|True|(0, 0, 0)|(-0.7071068, 0, 0, 0.7071067)|(100, 100, 100)
GlobalObjectId_V1-2-75255463483393841ad623c260500c31-2069318939743726165-227182643|True|(0, 0, 0)|(-0.7071068, 0, 0, 0.7071067)|(100, 100, 100)
GlobalObjectId_V1-2-75255463483393841ad623c260500c31-2069318939743726165-4508494|True|(0, 0, 0)|(-0.7071068, 0, 0, 0.7071067)|(100, 100, 100)
GlobalObjectId_V1-2-75255463483393841ad623c260500c31-2069318939743726165-493544818|True|(0, 0, 0)|(-0.7071068, 0, 0, 0.7071067)|(100, 100, 100)
GlobalObjectId_V1-2-75255463483393841ad623c260500c31-2069318939743726165-537414647|True|(0, 0, 0)|(-0.7071068, 0, 0, 0.7071067)|(100, 100, 100)
GlobalObjectId_V1-2-75255463483393841ad623c260500c31-2069318939743726165-616789302|True|(0, 0, 0)|(-0.7071068, 0, 0, 0.7071067)|(100, 100, 100)
GlobalObjectId_V1-2-75255463483393841ad623c260500c31-2069318939743726165-828342056|True|(0, 0, 0)|(-0.7071068, 0, 0, 0.7071067)|(100, 100, 100)
GlobalObjectId_V1-2-75255463483393841ad623c260500c31-2069318939743726165-863157045|True|(0, 0, 0)|(-0.7071068, 0, 0, 0.7071067)|(100, 100, 100)
GlobalObjectId_V1-2-75255463483393841ad623c260500c31-2069318939743726165-950912075|True|(0, 0, 0)|(-0.7071068, 0, 0, 0.7071067)|(100, 100, 100)
GlobalObjectId_V1-2-75255463483393841ad623c260500c31-2072929687-0|True|(0, 0, 0)|(0.7071068, 0, 0, 0.7071068)|(1, 1, 1)
GlobalObjectId_V1-2-75255463483393841ad623c260500c31-2074342483-0|True|(0, 0, 0)|(0.7071068, 0, 0, 0.7071068)|(1, 1, 1)
GlobalObjectId_V1-2-75255463483393841ad623c260500c31-2076842645-0|True|(0, 0, 0)|(0.7071068, 0, 0, 0.7071068)|(1, 1, 1)
GlobalObjectId_V1-2-75255463483393841ad623c260500c31-2076900166-0|True|(0, 0, 0)|(0.7071068, 0, 0, 0.7071068)|(1, 1, 1)
GlobalObjectId_V1-2-75255463483393841ad623c260500c31-2077227492-0|True|(0, 0, 0)|(0.7071068, 0, 0, 0.7071068)|(1, 1, 1)
GlobalObjectId_V1-2-75255463483393841ad623c260500c31-2078264317-0|True|(0, 0, 0)|(0.7071068, 0, 0, 0.7071068)|(1, 1, 1)
GlobalObjectId_V1-2-75255463483393841ad623c260500c31-2079369610-0|True|(203.727188, 4.03000164, 324.959442)|(0, 0.005462069, 0, 0.9999851)|(1, 1, 1)
GlobalObjectId_V1-2-75255463483393841ad623c260500c31-2085622602-0|True|(0, 0, 0)|(0.7071068, 0, 0, 0.7071068)|(1, 1, 1)
GlobalObjectId_V1-2-75255463483393841ad623c260500c31-2085880223-0|True|(0, 0, 0)|(0, 0, 0, 1)|(1, 1, 1)
GlobalObjectId_V1-2-75255463483393841ad623c260500c31-2087140118-0|True|(0, 0, 0)|(0.7071068, 0, 0, 0.7071068)|(1, 1, 1)
GlobalObjectId_V1-2-75255463483393841ad623c260500c31-2092678508-0|True|(0, 0, 0)|(0.7071068, 0, 0, 0.7071068)|(1, 1, 1)
GlobalObjectId_V1-2-75255463483393841ad623c260500c31-2095477775-0|True|(192.184845, 4.802119, 247.8021)|(0, 0.241072774, 0, 0.9705071)|(1, 1, 1)
GlobalObjectId_V1-2-75255463483393841ad623c260500c31-2101666278-0|True|(0, 0, 0)|(0, 0, 0, 1)|(1, 1, 1)
GlobalObjectId_V1-2-75255463483393841ad623c260500c31-2109224095-0|True|(0, 0, 0)|(0.7071068, 0, 0, 0.7071068)|(1, 1, 1)
GlobalObjectId_V1-2-75255463483393841ad623c260500c31-2110343011-0|True|(0, 0, 0)|(0.7071068, 0, 0, 0.7071068)|(1, 1, 1)
GlobalObjectId_V1-2-75255463483393841ad623c260500c31-2110824609-0|True|(0, 0, 0)|(0.7071068, 0, 0, 0.7071068)|(1, 1, 1)
GlobalObjectId_V1-2-75255463483393841ad623c260500c31-2111124303-0|True|(0, 0, 0)|(0.7071068, 0, 0, 0.7071068)|(1, 1, 1)
GlobalObjectId_V1-2-75255463483393841ad623c260500c31-2111777662-0|True|(0, 0, 0)|(0, 0, 0, 1)|(1, 1, 1)
GlobalObjectId_V1-2-75255463483393841ad623c260500c31-2112263975-0|True|(0, 0, 0)|(0.7071068, 0, 0, 0.7071068)|(1, 1, 1)
GlobalObjectId_V1-2-75255463483393841ad623c260500c31-211425222-0|True|(0, 0, 0)|(0.7071068, 0, 0, 0.7071068)|(1, 1, 1)
GlobalObjectId_V1-2-75255463483393841ad623c260500c31-2114542085-0|True|(0, 0, 0)|(0.7071068, 0, 0, 0.7071068)|(1, 1, 1)
GlobalObjectId_V1-2-75255463483393841ad623c260500c31-2119055786-0|True|(0, 0, 0)|(0.7071068, 0, 0, 0.7071068)|(1, 1, 1)
GlobalObjectId_V1-2-75255463483393841ad623c260500c31-2127611464-0|True|(0, 0, 0)|(0.7071068, 0, 0, 0.7071068)|(1, 1, 1)
GlobalObjectId_V1-2-75255463483393841ad623c260500c31-2128690788-0|True|(0, 0, 0)|(0.7071068, 0, 0, 0.7071068)|(1, 1, 1)
GlobalObjectId_V1-2-75255463483393841ad623c260500c31-213093240-0|True|(213.057129, 2.6400063, 463.958679)|(0, 0.008192645, 0, 0.999966443)|(1, 1, 1)
GlobalObjectId_V1-2-75255463483393841ad623c260500c31-2132808702-0|True|(0, 0, 0)|(0, 0, 0, 1)|(1, 1, 1)
GlobalObjectId_V1-2-75255463483393841ad623c260500c31-2135296195-0|True|(-157.787369, 1.49661469, -166.999283)|(0, 0.0380144231, 0, 0.999277234)|(1, 1, 1)
GlobalObjectId_V1-2-75255463483393841ad623c260500c31-2137027751-0|True|(0, 0, 0)|(0.7071068, 0, 0, 0.7071068)|(1, 1, 1)
GlobalObjectId_V1-2-75255463483393841ad623c260500c31-2139109150-0|True|(0, 0, 0)|(0.7071068, 0, 0, 0.7071068)|(1, 1, 1)
GlobalObjectId_V1-2-75255463483393841ad623c260500c31-21412028-0|True|(0, 0, 0)|(0.7071068, 0, 0, 0.7071068)|(1, 1, 1)
GlobalObjectId_V1-2-75255463483393841ad623c260500c31-2144621784-0|True|(0, 0, 0)|(0.7071068, 0, 0, 0.7071068)|(1, 1, 1)
GlobalObjectId_V1-2-75255463483393841ad623c260500c31-2145281943-0|True|(0, 0, 0)|(0, 0, 0, 1)|(1, 1, 1)
GlobalObjectId_V1-2-75255463483393841ad623c260500c31-21498083-0|True|(0, 0, 0)|(0.7071068, 0, 0, 0.7071068)|(1, 1, 1)
GlobalObjectId_V1-2-75255463483393841ad623c260500c31-215834718-0|True|(0, 0, 0)|(0.7071068, 0, 0, 0.7071068)|(1, 1, 1)
GlobalObjectId_V1-2-75255463483393841ad623c260500c31-216790683-0|True|(0, 0, 0)|(0, 0, 0, 1)|(1, 1, 1)
GlobalObjectId_V1-2-75255463483393841ad623c260500c31-217972082-0|True|(0, 0, 0)|(0, 0, 0, 1)|(1, 1, 1)
GlobalObjectId_V1-2-75255463483393841ad623c260500c31-224308073-0|True|(-392.197662, 0.08, -327.814972)|(0, 0.5158164, 0, 0.856699169)|(1, 1, 1)
GlobalObjectId_V1-2-75255463483393841ad623c260500c31-22701998-0|True|(0, 0, 0)|(0.7071068, 0, 0, 0.7071068)|(1, 1, 1)
GlobalObjectId_V1-2-75255463483393841ad623c260500c31-228489355-0|True|(0, 0, 0)|(0, 0, 0, 1)|(1, 1, 1)
GlobalObjectId_V1-2-75255463483393841ad623c260500c31-22860951-0|True|(0, 0, 0)|(0.7071068, 0, 0, 0.7071068)|(1, 1, 1)
GlobalObjectId_V1-2-75255463483393841ad623c260500c31-229025355-0|True|(0, 0, 0)|(0.7071068, 0, 0, 0.7071068)|(1, 1, 1)
GlobalObjectId_V1-2-75255463483393841ad623c260500c31-2337685423371533605-1342259368|True|(0, 0.00111999991, 0)|(0, 0, 0, 1)|(1, 1, 1)
GlobalObjectId_V1-2-75255463483393841ad623c260500c31-2337685423371533605-1807193877|True|(0, 0.00111999991, 0)|(0, 0, 0, 1)|(1, 1, 1)
GlobalObjectId_V1-2-75255463483393841ad623c260500c31-2337685423371533605-249137488|True|(0, 0.00111999991, 0)|(0, 0, 0, 1)|(1, 1, 1)
GlobalObjectId_V1-2-75255463483393841ad623c260500c31-2337685423371533605-325631740|True|(0, 0.00111999991, 0)|(0, 0, 0, 1)|(1, 1, 1)
GlobalObjectId_V1-2-75255463483393841ad623c260500c31-2337685423371533605-673208042|True|(0, 0.00111999991, 0)|(0, 0, 0, 1)|(1, 1, 1)
GlobalObjectId_V1-2-75255463483393841ad623c260500c31-2337685423371533605-726046513|True|(0, 0.00111999991, 0)|(0, 0, 0, 1)|(1, 1, 1)
GlobalObjectId_V1-2-75255463483393841ad623c260500c31-234566060-0|True|(0, 0, 0)|(0.7071068, 0, 0, 0.7071068)|(1, 1, 1)
GlobalObjectId_V1-2-75255463483393841ad623c260500c31-2355097890145753905-1278433063|{"MonoBehaviour":{"m_Enabled":true,"m_EditorHideFlags":0,"m_Name":"","m_EditorClassIdentifier":"Assembly-CSharp::IndianOceanAssets.ShooterSurvival.EnemyMovementController","eventMode":4,"moveSpeed":2.4000000953674318,"patrolAcrossRoad":false,"moveAnimation":0,"targetPoint":{"instanceID":0},"hideWhileWaiting":false,"ambushEntrySide":0.0,"modelForwardYaw":0.0,"arrivalDistance":0.05000000074505806}}
GlobalObjectId_V1-2-75255463483393841ad623c260500c31-2355097890145753905-1796550201|{"MonoBehaviour":{"m_Enabled":true,"m_EditorHideFlags":0,"m_Name":"","m_EditorClassIdentifier":"Assembly-CSharp::IndianOceanAssets.ShooterSurvival.EnemyMovementController","eventMode":4,"moveSpeed":2.4000000953674318,"patrolAcrossRoad":false,"moveAnimation":0,"targetPoint":{"instanceID":0},"hideWhileWaiting":false,"ambushEntrySide":0.0,"modelForwardYaw":0.0,"arrivalDistance":0.05000000074505806}}
GlobalObjectId_V1-2-75255463483393841ad623c260500c31-2355097890145753905-227182643|{"MonoBehaviour":{"m_Enabled":true,"m_EditorHideFlags":0,"m_Name":"","m_EditorClassIdentifier":"Assembly-CSharp::IndianOceanAssets.ShooterSurvival.EnemyMovementController","eventMode":4,"moveSpeed":2.4000000953674318,"patrolAcrossRoad":false,"moveAnimation":0,"targetPoint":{"instanceID":0},"hideWhileWaiting":false,"ambushEntrySide":0.0,"modelForwardYaw":0.0,"arrivalDistance":0.05000000074505806}}
GlobalObjectId_V1-2-75255463483393841ad623c260500c31-2355097890145753905-4508494|{"MonoBehaviour":{"m_Enabled":true,"m_EditorHideFlags":0,"m_Name":"","m_EditorClassIdentifier":"Assembly-CSharp::IndianOceanAssets.ShooterSurvival.EnemyMovementController","eventMode":4,"moveSpeed":2.4000000953674318,"patrolAcrossRoad":false,"moveAnimation":0,"targetPoint":{"instanceID":0},"hideWhileWaiting":false,"ambushEntrySide":0.0,"modelForwardYaw":0.0,"arrivalDistance":0.05000000074505806}}
GlobalObjectId_V1-2-75255463483393841ad623c260500c31-2355097890145753905-493544818|{"MonoBehaviour":{"m_Enabled":true,"m_EditorHideFlags":0,"m_Name":"","m_EditorClassIdentifier":"Assembly-CSharp::IndianOceanAssets.ShooterSurvival.EnemyMovementController","eventMode":4,"moveSpeed":2.4000000953674318,"patrolAcrossRoad":false,"moveAnimation":0,"targetPoint":{"instanceID":0},"hideWhileWaiting":false,"ambushEntrySide":0.0,"modelForwardYaw":0.0,"arrivalDistance":0.05000000074505806}}
GlobalObjectId_V1-2-75255463483393841ad623c260500c31-2355097890145753905-537414647|{"MonoBehaviour":{"m_Enabled":true,"m_EditorHideFlags":0,"m_Name":"","m_EditorClassIdentifier":"Assembly-CSharp::IndianOceanAssets.ShooterSurvival.EnemyMovementController","eventMode":4,"moveSpeed":2.4000000953674318,"patrolAcrossRoad":false,"moveAnimation":0,"targetPoint":{"instanceID":0},"hideWhileWaiting":false,"ambushEntrySide":0.0,"modelForwardYaw":0.0,"arrivalDistance":0.05000000074505806}}
GlobalObjectId_V1-2-75255463483393841ad623c260500c31-2355097890145753905-616789302|{"MonoBehaviour":{"m_Enabled":true,"m_EditorHideFlags":0,"m_Name":"","m_EditorClassIdentifier":"Assembly-CSharp::IndianOceanAssets.ShooterSurvival.EnemyMovementController","eventMode":4,"moveSpeed":2.4000000953674318,"patrolAcrossRoad":false,"moveAnimation":0,"targetPoint":{"instanceID":0},"hideWhileWaiting":false,"ambushEntrySide":0.0,"modelForwardYaw":0.0,"arrivalDistance":0.05000000074505806}}
GlobalObjectId_V1-2-75255463483393841ad623c260500c31-2355097890145753905-828342056|{"MonoBehaviour":{"m_Enabled":true,"m_EditorHideFlags":0,"m_Name":"","m_EditorClassIdentifier":"Assembly-CSharp::IndianOceanAssets.ShooterSurvival.EnemyMovementController","eventMode":4,"moveSpeed":2.4000000953674318,"patrolAcrossRoad":false,"moveAnimation":0,"targetPoint":{"instanceID":0},"hideWhileWaiting":false,"ambushEntrySide":0.0,"modelForwardYaw":0.0,"arrivalDistance":0.05000000074505806}}
GlobalObjectId_V1-2-75255463483393841ad623c260500c31-2355097890145753905-863157045|{"MonoBehaviour":{"m_Enabled":true,"m_EditorHideFlags":0,"m_Name":"","m_EditorClassIdentifier":"Assembly-CSharp::IndianOceanAssets.ShooterSurvival.EnemyMovementController","eventMode":4,"moveSpeed":2.4000000953674318,"patrolAcrossRoad":false,"moveAnimation":0,"targetPoint":{"instanceID":0},"hideWhileWaiting":false,"ambushEntrySide":0.0,"modelForwardYaw":0.0,"arrivalDistance":0.05000000074505806}}
GlobalObjectId_V1-2-75255463483393841ad623c260500c31-2355097890145753905-950912075|{"MonoBehaviour":{"m_Enabled":true,"m_EditorHideFlags":0,"m_Name":"","m_EditorClassIdentifier":"Assembly-CSharp::IndianOceanAssets.ShooterSurvival.EnemyMovementController","eventMode":4,"moveSpeed":2.4000000953674318,"patrolAcrossRoad":false,"moveAnimation":0,"targetPoint":{"instanceID":0},"hideWhileWaiting":false,"ambushEntrySide":0.0,"modelForwardYaw":0.0,"arrivalDistance":0.05000000074505806}}
GlobalObjectId_V1-2-75255463483393841ad623c260500c31-235564132-0|True|(227.799713, 0.157886222, 712.1897)|(0, 0.5158288, 0, 0.8566917)|(1, 1, 1)
GlobalObjectId_V1-2-75255463483393841ad623c260500c31-237225636-0|True|(0, 0, 0)|(0.7071068, 0, 0, 0.7071068)|(1, 1, 1)
GlobalObjectId_V1-2-75255463483393841ad623c260500c31-237565265-0|True|(0, 0, 0)|(0.7071068, 0, 0, 0.7071068)|(1, 1, 1)
GlobalObjectId_V1-2-75255463483393841ad623c260500c31-2378998600964471299-1088672138|True|(0, 0, 0)|(0, 8.940697E-08, 0, 1)|(1, 1, 1)
GlobalObjectId_V1-2-75255463483393841ad623c260500c31-2378998600964471299-1112470179|True|(0, 0, 0)|(0, 0, 0, 1)|(1, 1, 1)
GlobalObjectId_V1-2-75255463483393841ad623c260500c31-2378998600964471299-1221416528|True|(0, 0, 0)|(0, 0, 0, 1)|(1, 1, 1)
GlobalObjectId_V1-2-75255463483393841ad623c260500c31-2378998600964471299-2128829070|True|(0, 0, 0)|(0, 0, 0, 1)|(1, 1, 1)
GlobalObjectId_V1-2-75255463483393841ad623c260500c31-2378998600964471299-323516368|True|(0, 0, 0)|(0, 8.940697E-08, 0, 1)|(1, 1, 1)
GlobalObjectId_V1-2-75255463483393841ad623c260500c31-2378998600964471299-953671874|True|(0, 0, 0)|(0, 8.940697E-08, 0, 1)|(1, 1, 1)
GlobalObjectId_V1-2-75255463483393841ad623c260500c31-2378998600964471299-972204061|True|(0, 0, 0)|(0, 0, 0, 1)|(1, 1, 1)
GlobalObjectId_V1-2-75255463483393841ad623c260500c31-23913956-0|True|(0, 0, 0)|(0.7071068, 0, 0, 0.7071068)|(1, 1, 1)
GlobalObjectId_V1-2-75255463483393841ad623c260500c31-2409674806676813113-1342259368|True|(1.0131771E-09, -0.0005999955, -0.000400000165)|(0, 0, 0, 1)|(0.009999995, 0.009999996, 0.009999999)
GlobalObjectId_V1-2-75255463483393841ad623c260500c31-2409674806676813113-1807193877|True|(1.0131771E-09, -0.0005999955, -0.000400000165)|(0, 0, 0, 1)|(0.009999995, 0.009999996, 0.009999999)
GlobalObjectId_V1-2-75255463483393841ad623c260500c31-2409674806676813113-249137488|True|(1.0131771E-09, -0.0005999955, -0.000400000165)|(0, 0, 0, 1)|(0.009999995, 0.009999996, 0.009999999)
GlobalObjectId_V1-2-75255463483393841ad623c260500c31-2409674806676813113-325631740|True|(1.0131771E-09, -0.0005999955, -0.000400000165)|(0, 0, 0, 1)|(0.009999995, 0.009999996, 0.009999999)
GlobalObjectId_V1-2-75255463483393841ad623c260500c31-2409674806676813113-673208042|True|(1.0131771E-09, -0.0005999955, -0.000400000165)|(0, 0, 0, 1)|(0.009999995, 0.009999996, 0.009999999)
GlobalObjectId_V1-2-75255463483393841ad623c260500c31-2409674806676813113-726046513|True|(1.0131771E-09, -0.0005999955, -0.000400000165)|(0, 0, 0, 1)|(0.009999995, 0.009999996, 0.009999999)
GlobalObjectId_V1-2-75255463483393841ad623c260500c31-2422346357074314217-1092392191|True|(0, 0, 0)|(-0.7071068, 0, 0, 0.7071067)|(100, 100, 100)
GlobalObjectId_V1-2-75255463483393841ad623c260500c31-2422346357074314217-1236654927|True|(0, 0, 0)|(-0.7071068, 0, 0, 0.7071067)|(100, 100, 100)
GlobalObjectId_V1-2-75255463483393841ad623c260500c31-2422346357074314217-1830864491|True|(0, 0, 0)|(-0.7071068, 0, 0, 0.7071067)|(100, 100, 100)
GlobalObjectId_V1-2-75255463483393841ad623c260500c31-2422346357074314217-184762202|True|(0, 0, 0)|(-0.7071068, 0, 0, 0.7071067)|(100, 100, 100)
GlobalObjectId_V1-2-75255463483393841ad623c260500c31-2422346357074314217-430729400|True|(0, 0, 0)|(-0.7071068, 0, 0, 0.7071067)|(100, 100, 100)
GlobalObjectId_V1-2-75255463483393841ad623c260500c31-2422346357074314217-507331391|True|(0, 0, 0)|(-0.7071068, 0, 0, 0.7071067)|(100, 100, 100)
GlobalObjectId_V1-2-75255463483393841ad623c260500c31-2422346357074314217-559331042|True|(0, 0, 0)|(-0.7071068, 0, 0, 0.7071067)|(100, 100, 100)
GlobalObjectId_V1-2-75255463483393841ad623c260500c31-2422346357074314217-995936011|True|(0, 0, 0)|(-0.7071068, 0, 0, 0.7071067)|(100, 100, 100)
GlobalObjectId_V1-2-75255463483393841ad623c260500c31-244123667-0|True|(0, 0, 0)|(0.7071068, 0, 0, 0.7071068)|(1, 1, 1)
GlobalObjectId_V1-2-75255463483393841ad623c260500c31-2445771287766081888-1270225228|True|(-1.11758706E-10, 0.00213466655, 9.31322554E-12)|(-0.0128043983, -0.112429693, 0.112429693, 0.9871956)|(1, 0.99999994, 0.99999994)
GlobalObjectId_V1-2-75255463483393841ad623c260500c31-2445771287766081888-1720144850|True|(-1.11758706E-10, 0.00213466655, 9.31322554E-12)|(-0.0128043983, -0.112429693, 0.112429693, 0.9871956)|(1, 0.99999994, 0.99999994)
GlobalObjectId_V1-2-75255463483393841ad623c260500c31-2445771287766081888-1742115882|True|(-1.11758706E-10, 0.00213466655, 9.31322554E-12)|(-0.0128043983, -0.112429693, 0.112429693, 0.9871956)|(1, 0.99999994, 0.99999994)
GlobalObjectId_V1-2-75255463483393841ad623c260500c31-2445771287766081888-1906523992|True|(-1.11758706E-10, 0.00213466655, 9.31322554E-12)|(-0.0128043983, -0.112429693, 0.112429693, 0.9871956)|(1, 0.99999994, 0.99999994)
GlobalObjectId_V1-2-75255463483393841ad623c260500c31-2445771287766081888-1921694405|True|(-1.11758706E-10, 0.00213466655, 9.31322554E-12)|(-0.0128043983, -0.112429693, 0.112429693, 0.9871956)|(1, 0.99999994, 0.99999994)
GlobalObjectId_V1-2-75255463483393841ad623c260500c31-2445771287766081888-2052472853|True|(-1.11758706E-10, 0.00213466655, 9.31322554E-12)|(-0.0128043983, -0.112429693, 0.112429693, 0.9871956)|(1, 0.99999994, 0.99999994)
GlobalObjectId_V1-2-75255463483393841ad623c260500c31-2445771287766081888-303056869|True|(-1.11758706E-10, 0.00213466655, 9.31322554E-12)|(-0.0128043983, -0.112429693, 0.112429693, 0.9871956)|(1, 0.99999994, 0.99999994)
GlobalObjectId_V1-2-75255463483393841ad623c260500c31-2445771287766081888-308968016|True|(-1.11758706E-10, 0.00213466655, 9.31322554E-12)|(-0.0128043983, -0.112429693, 0.112429693, 0.9871956)|(1, 0.99999994, 0.99999994)
GlobalObjectId_V1-2-75255463483393841ad623c260500c31-2445771287766081888-764708180|True|(-1.11758706E-10, 0.00213466655, 9.31322554E-12)|(-0.0128043983, -0.112429693, 0.112429693, 0.9871956)|(1, 0.99999994, 0.99999994)
GlobalObjectId_V1-2-75255463483393841ad623c260500c31-2445771287766081888-924230383|True|(-1.11758706E-10, 0.00213466655, 9.31322554E-12)|(-0.0128043983, -0.112429693, 0.112429693, 0.9871956)|(1, 0.99999994, 0.99999994)
GlobalObjectId_V1-2-75255463483393841ad623c260500c31-244868584-0|True|(2.05000019, 0, -0.092)|(0, 0, 0, 1)|(0.25, 0.18, 0.018)
GlobalObjectId_V1-2-75255463483393841ad623c260500c31-2472033546079299876-1156845426|True|(-0.01, 0.36, -1.56)|(0.6508453, 0, 0, 0.7592104)|(1, 1, 1)
GlobalObjectId_V1-2-75255463483393841ad623c260500c31-2472033546079299876-1282342156|True|(-0.01, 0.36, -1.56)|(0.6508453, 0, 0, 0.7592104)|(1, 1, 1)
GlobalObjectId_V1-2-75255463483393841ad623c260500c31-2472033546079299876-1328059363|True|(-0.01, 0.36, -1.56)|(0.6508453, 0, 0, 0.7592104)|(1, 1, 1)
GlobalObjectId_V1-2-75255463483393841ad623c260500c31-2472033546079299876-1364577291|True|(-0.01, 0.36, -1.56)|(0.6508453, 0, 0, 0.7592104)|(1, 1, 1)
GlobalObjectId_V1-2-75255463483393841ad623c260500c31-2472033546079299876-1398831272|True|(-0.01, 0.36, -1.56)|(0.6508453, 0, 0, 0.7592104)|(1, 1, 1)
GlobalObjectId_V1-2-75255463483393841ad623c260500c31-2472033546079299876-1538826313|True|(-0.01, 0.36, -1.56)|(0.6508453, 0, 0, 0.7592104)|(1, 1, 1)
GlobalObjectId_V1-2-75255463483393841ad623c260500c31-2472033546079299876-2022718491|True|(-0.01, 0.36, -1.56)|(0.6508453, 0, 0, 0.7592104)|(1, 1, 1)
GlobalObjectId_V1-2-75255463483393841ad623c260500c31-2472033546079299876-2038314915|True|(-0.01, 0.36, -1.56)|(0.6508453, 0, 0, 0.7592104)|(1, 1, 1)
GlobalObjectId_V1-2-75255463483393841ad623c260500c31-2472033546079299876-535235437|True|(-0.01, 0.36, -1.56)|(0.6508453, 0, 0, 0.7592104)|(1, 1, 1)
GlobalObjectId_V1-2-75255463483393841ad623c260500c31-2472033546079299876-662617545|True|(-0.01, 0.36, -1.56)|(0.6508453, 0, 0, 0.7592104)|(1, 1, 1)
GlobalObjectId_V1-2-75255463483393841ad623c260500c31-247589859-0|True|(0, 0, 0)|(0.7071068, 0, 0, 0.7071068)|(1, 1, 1)
GlobalObjectId_V1-2-75255463483393841ad623c260500c31-248652992483845549-1156845426|True|(-5.96046434E-10, 0.00228805584, 1.49011609E-10)|(0.25431338, 0.04693041, 0.1296123, 0.9572476)|(0.9999998, 1, 0.99999994)
GlobalObjectId_V1-2-75255463483393841ad623c260500c31-248652992483845549-1282342156|True|(-5.96046434E-10, 0.00228805584, 1.49011609E-10)|(0.25431338, 0.04693041, 0.1296123, 0.9572476)|(0.9999998, 1, 0.99999994)
GlobalObjectId_V1-2-75255463483393841ad623c260500c31-248652992483845549-1328059363|True|(-5.96046434E-10, 0.00228805584, 1.49011609E-10)|(0.25431338, 0.04693041, 0.1296123, 0.9572476)|(0.9999998, 1, 0.99999994)
GlobalObjectId_V1-2-75255463483393841ad623c260500c31-248652992483845549-1364577291|True|(-5.96046434E-10, 0.00228805584, 1.49011609E-10)|(0.25431338, 0.04693041, 0.1296123, 0.9572476)|(0.9999998, 1, 0.99999994)
GlobalObjectId_V1-2-75255463483393841ad623c260500c31-248652992483845549-1398831272|True|(-5.96046434E-10, 0.00228805584, 1.49011609E-10)|(0.25431338, 0.04693041, 0.1296123, 0.9572476)|(0.9999998, 1, 0.99999994)
GlobalObjectId_V1-2-75255463483393841ad623c260500c31-248652992483845549-1538826313|True|(-5.96046434E-10, 0.00228805584, 1.49011609E-10)|(0.25431338, 0.04693041, 0.1296123, 0.9572476)|(0.9999998, 1, 0.99999994)
GlobalObjectId_V1-2-75255463483393841ad623c260500c31-248652992483845549-2022718491|True|(-5.96046434E-10, 0.00228805584, 1.49011609E-10)|(0.25431338, 0.04693041, 0.1296123, 0.9572476)|(0.9999998, 1, 0.99999994)
GlobalObjectId_V1-2-75255463483393841ad623c260500c31-248652992483845549-2038314915|True|(-5.96046434E-10, 0.00228805584, 1.49011609E-10)|(0.25431338, 0.04693041, 0.1296123, 0.9572476)|(0.9999998, 1, 0.99999994)
GlobalObjectId_V1-2-75255463483393841ad623c260500c31-248652992483845549-535235437|True|(-5.96046434E-10, 0.00228805584, 1.49011609E-10)|(0.25431338, 0.04693041, 0.1296123, 0.9572476)|(0.9999998, 1, 0.99999994)
GlobalObjectId_V1-2-75255463483393841ad623c260500c31-248652992483845549-662617545|True|(-5.96046434E-10, 0.00228805584, 1.49011609E-10)|(0.25431338, 0.04693041, 0.1296123, 0.9572476)|(0.9999998, 1, 0.99999994)
GlobalObjectId_V1-2-75255463483393841ad623c260500c31-2495409419716368373-1278433063|True|(-1.60932531E-10, 0.00143999979, -1.86517449E-17)|(-0.608287156, 4.422812E-08, 2.802861E-08, 0.793717)|(1, 1, 1)
GlobalObjectId_V1-2-75255463483393841ad623c260500c31-2495409419716368373-1796550201|True|(-1.60932531E-10, 0.00143999979, -1.86517449E-17)|(-0.608287156, 4.422812E-08, 2.802861E-08, 0.793717)|(1, 1, 1)
GlobalObjectId_V1-2-75255463483393841ad623c260500c31-2495409419716368373-227182643|True|(-1.60932531E-10, 0.00143999979, -1.86517449E-17)|(-0.608287156, 4.422812E-08, 2.802861E-08, 0.793717)|(1, 1, 1)
GlobalObjectId_V1-2-75255463483393841ad623c260500c31-2495409419716368373-4508494|True|(-1.60932531E-10, 0.00143999979, -1.86517449E-17)|(-0.608287156, 4.422812E-08, 2.802861E-08, 0.793717)|(1, 1, 1)
GlobalObjectId_V1-2-75255463483393841ad623c260500c31-2495409419716368373-493544818|True|(-1.60932531E-10, 0.00143999979, -1.86517449E-17)|(-0.608287156, 4.422812E-08, 2.802861E-08, 0.793717)|(1, 1, 1)
GlobalObjectId_V1-2-75255463483393841ad623c260500c31-2495409419716368373-537414647|True|(-1.60932531E-10, 0.00143999979, -1.86517449E-17)|(-0.608287156, 4.422812E-08, 2.802861E-08, 0.793717)|(1, 1, 1)
GlobalObjectId_V1-2-75255463483393841ad623c260500c31-2495409419716368373-616789302|True|(-1.60932531E-10, 0.00143999979, -1.86517449E-17)|(-0.608287156, 4.422812E-08, 2.802861E-08, 0.793717)|(1, 1, 1)
GlobalObjectId_V1-2-75255463483393841ad623c260500c31-2495409419716368373-828342056|True|(-1.60932531E-10, 0.00143999979, -1.86517449E-17)|(-0.608287156, 4.422812E-08, 2.802861E-08, 0.793717)|(1, 1, 1)
GlobalObjectId_V1-2-75255463483393841ad623c260500c31-2495409419716368373-863157045|True|(-1.60932531E-10, 0.00143999979, -1.86517449E-17)|(-0.608287156, 4.422812E-08, 2.802861E-08, 0.793717)|(1, 1, 1)
GlobalObjectId_V1-2-75255463483393841ad623c260500c31-2495409419716368373-950912075|True|(-1.60932531E-10, 0.00143999979, -1.86517449E-17)|(-0.608287156, 4.422812E-08, 2.802861E-08, 0.793717)|(1, 1, 1)
GlobalObjectId_V1-2-75255463483393841ad623c260500c31-249610713-0|True|(0, 0, 0)|(0.7071068, 0, 0, 0.7071068)|(1, 1, 1)
GlobalObjectId_V1-2-75255463483393841ad623c260500c31-252316105-0|True|(0, 0, 0)|(0.7071068, 0, 0, 0.7071068)|(1, 1, 1)
GlobalObjectId_V1-2-75255463483393841ad623c260500c31-2535498079640085191-1054006661|True|(-0.183540016, 3.7252903E-09, 0)|(0, 0, 0, 1)|(1, 1, 1)
GlobalObjectId_V1-2-75255463483393841ad623c260500c31-2535498079640085191-1066520553|True|(-0.183540016, 3.7252903E-09, 0)|(0, 0, 0, 1)|(1, 1, 1)
GlobalObjectId_V1-2-75255463483393841ad623c260500c31-2535498079640085191-1075442592|True|(-0.183540016, 3.7252903E-09, 0)|(0, 0, 0, 1)|(1, 1, 1)
GlobalObjectId_V1-2-75255463483393841ad623c260500c31-2535498079640085191-1123419265|True|(-0.183540016, 3.7252903E-09, 0)|(0, 0, 0, 1)|(1, 1, 1)
GlobalObjectId_V1-2-75255463483393841ad623c260500c31-2535498079640085191-1189067973|True|(-0.183540016, 3.7252903E-09, 0)|(0, 0, 0, 1)|(1, 1, 1)
GlobalObjectId_V1-2-75255463483393841ad623c260500c31-2535498079640085191-1213532434|True|(-0.183540016, 3.7252903E-09, 0)|(0, 0, 0, 1)|(1, 1, 1)
GlobalObjectId_V1-2-75255463483393841ad623c260500c31-2535498079640085191-1231942770|True|(-0.183540016, 3.7252903E-09, 0)|(0, 0, 0, 1)|(1, 1, 1)
GlobalObjectId_V1-2-75255463483393841ad623c260500c31-2535498079640085191-1273255913|True|(-0.183540016, 3.7252903E-09, 0)|(0, 0, 0, 1)|(1, 1, 1)
GlobalObjectId_V1-2-75255463483393841ad623c260500c31-2535498079640085191-1278822786|True|(-0.183540016, 3.7252903E-09, 0)|(0, 0, 0, 1)|(1, 1, 1)
GlobalObjectId_V1-2-75255463483393841ad623c260500c31-2535498079640085191-1289928147|True|(-0.183540016, 3.7252903E-09, 0)|(0, 0, 0, 1)|(1, 1, 1)
GlobalObjectId_V1-2-75255463483393841ad623c260500c31-2535498079640085191-1306169864|True|(-0.183540016, 3.7252903E-09, 0)|(0, 0, 0, 1)|(1, 1, 1)
GlobalObjectId_V1-2-75255463483393841ad623c260500c31-2535498079640085191-134612628|True|(-0.183540016, 3.7252903E-09, 0)|(0, 0, 0, 1)|(1, 1, 1)
GlobalObjectId_V1-2-75255463483393841ad623c260500c31-2535498079640085191-1362226918|True|(-0.183540016, 3.7252903E-09, 0)|(0, 0, 0, 1)|(1, 1, 1)
GlobalObjectId_V1-2-75255463483393841ad623c260500c31-2535498079640085191-1446791577|True|(-0.183540016, 3.7252903E-09, 0)|(0, 0, 0, 1)|(1, 1, 1)
GlobalObjectId_V1-2-75255463483393841ad623c260500c31-2535498079640085191-1453559021|True|(-0.183540016, 3.7252903E-09, 0)|(0, 0, 0, 1)|(1, 1, 1)
GlobalObjectId_V1-2-75255463483393841ad623c260500c31-2535498079640085191-1474131409|True|(-0.183540016, 3.7252903E-09, 0)|(0, 0, 0, 1)|(1, 1, 1)
GlobalObjectId_V1-2-75255463483393841ad623c260500c31-2535498079640085191-1523898307|True|(-0.183540016, 3.7252903E-09, 0)|(0, 0, 0, 1)|(1, 1, 1)
GlobalObjectId_V1-2-75255463483393841ad623c260500c31-2535498079640085191-1589411330|True|(-0.183540016, 3.7252903E-09, 0)|(0, 0, 0, 1)|(1, 1, 1)
GlobalObjectId_V1-2-75255463483393841ad623c260500c31-2535498079640085191-1669245919|True|(-0.183540016, 3.7252903E-09, 0)|(0, 0, 0, 1)|(1, 1, 1)
GlobalObjectId_V1-2-75255463483393841ad623c260500c31-2535498079640085191-1737122726|True|(-0.183540016, 3.7252903E-09, 0)|(0, 0, 0, 1)|(1, 1, 1)
GlobalObjectId_V1-2-75255463483393841ad623c260500c31-2535498079640085191-1741248142|True|(-0.183540016, 3.7252903E-09, 0)|(0, 0, 0, 1)|(1, 1, 1)
GlobalObjectId_V1-2-75255463483393841ad623c260500c31-2535498079640085191-177614287|True|(-0.183540016, 3.7252903E-09, 0)|(0, 0, 0, 1)|(1, 1, 1)
GlobalObjectId_V1-2-75255463483393841ad623c260500c31-2535498079640085191-1802634647|True|(-0.183540016, 3.7252903E-09, 0)|(0, 0, 0, 1)|(1, 1, 1)
GlobalObjectId_V1-2-75255463483393841ad623c260500c31-2535498079640085191-1890397674|True|(-0.183540016, 3.7252903E-09, 0)|(0, 0, 0, 1)|(1, 1, 1)
GlobalObjectId_V1-2-75255463483393841ad623c260500c31-2535498079640085191-1899348449|True|(-0.183540016, 3.7252903E-09, 0)|(0, 0, 0, 1)|(1, 1, 1)
GlobalObjectId_V1-2-75255463483393841ad623c260500c31-2535498079640085191-1931660283|True|(-0.183540016, 3.7252903E-09, 0)|(0, 0, 0, 1)|(1, 1, 1)
GlobalObjectId_V1-2-75255463483393841ad623c260500c31-2535498079640085191-2008804692|True|(-0.183540016, 3.7252903E-09, 0)|(0, 0, 0, 1)|(1, 1, 1)
GlobalObjectId_V1-2-75255463483393841ad623c260500c31-2535498079640085191-2120236441|True|(-0.183540016, 3.7252903E-09, 0)|(0, 0, 0, 1)|(1, 1, 1)
GlobalObjectId_V1-2-75255463483393841ad623c260500c31-2535498079640085191-255090835|True|(-0.183540016, 3.7252903E-09, 0)|(0, 0, 0, 1)|(1, 1, 1)
GlobalObjectId_V1-2-75255463483393841ad623c260500c31-2535498079640085191-261895982|True|(-0.183540016, 3.7252903E-09, 0)|(0, 0, 0, 1)|(1, 1, 1)
GlobalObjectId_V1-2-75255463483393841ad623c260500c31-2535498079640085191-346250313|True|(-0.183540016, 3.7252903E-09, 0)|(0, 0, 0, 1)|(1, 1, 1)
GlobalObjectId_V1-2-75255463483393841ad623c260500c31-2535498079640085191-374324541|True|(-0.183540016, 3.7252903E-09, 0)|(0, 0, 0, 1)|(1, 1, 1)
GlobalObjectId_V1-2-75255463483393841ad623c260500c31-2535498079640085191-39910857|True|(-0.183540016, 3.7252903E-09, 0)|(0, 0, 0, 1)|(1, 1, 1)
GlobalObjectId_V1-2-75255463483393841ad623c260500c31-2535498079640085191-415706150|True|(-0.183540016, 3.7252903E-09, 0)|(0, 0, 0, 1)|(1, 1, 1)
GlobalObjectId_V1-2-75255463483393841ad623c260500c31-2535498079640085191-420684188|True|(-0.183540016, 3.7252903E-09, 0)|(0, 0, 0, 1)|(1, 1, 1)
GlobalObjectId_V1-2-75255463483393841ad623c260500c31-2535498079640085191-448738566|True|(-0.183540016, 3.7252903E-09, 0)|(0, 0, 0, 1)|(1, 1, 1)
GlobalObjectId_V1-2-75255463483393841ad623c260500c31-2535498079640085191-455620735|True|(-0.183540016, 3.7252903E-09, 0)|(0, 0, 0, 1)|(1, 1, 1)
GlobalObjectId_V1-2-75255463483393841ad623c260500c31-2535498079640085191-462089741|True|(-0.183540016, 3.7252903E-09, 0)|(0, 0, 0, 1)|(1, 1, 1)
GlobalObjectId_V1-2-75255463483393841ad623c260500c31-2535498079640085191-471337410|True|(-0.183540016, 3.7252903E-09, 0)|(0, 0, 0, 1)|(1, 1, 1)
GlobalObjectId_V1-2-75255463483393841ad623c260500c31-2535498079640085191-514498336|True|(-0.183540016, 3.7252903E-09, 0)|(0, 0, 0, 1)|(1, 1, 1)
GlobalObjectId_V1-2-75255463483393841ad623c260500c31-2535498079640085191-570203299|True|(-0.183540016, 3.7252903E-09, 0)|(0, 0, 0, 1)|(1, 1, 1)
GlobalObjectId_V1-2-75255463483393841ad623c260500c31-2535498079640085191-577746331|True|(-0.183540016, 3.7252903E-09, 0)|(0, 0, 0, 1)|(1, 1, 1)
GlobalObjectId_V1-2-75255463483393841ad623c260500c31-2535498079640085191-614239699|True|(-0.183540016, 3.7252903E-09, 0)|(0, 0, 0, 1)|(1, 1, 1)
GlobalObjectId_V1-2-75255463483393841ad623c260500c31-2535498079640085191-720893779|True|(-0.183540016, 3.7252903E-09, 0)|(0, 0, 0, 1)|(1, 1, 1)
GlobalObjectId_V1-2-75255463483393841ad623c260500c31-2535498079640085191-759653167|True|(-0.183540016, 3.7252903E-09, 0)|(0, 0, 0, 1)|(1, 1, 1)
GlobalObjectId_V1-2-75255463483393841ad623c260500c31-2535498079640085191-788279421|True|(-0.183540016, 3.7252903E-09, 0)|(0, 0, 0, 1)|(1, 1, 1)
GlobalObjectId_V1-2-75255463483393841ad623c260500c31-2535498079640085191-801688379|True|(-0.183540016, 3.7252903E-09, 0)|(0, 0, 0, 1)|(1, 1, 1)
GlobalObjectId_V1-2-75255463483393841ad623c260500c31-2535498079640085191-827096132|True|(-0.183540016, 3.7252903E-09, 0)|(0, 0, 0, 1)|(1, 1, 1)
GlobalObjectId_V1-2-75255463483393841ad623c260500c31-2535498079640085191-841608481|True|(-0.183540016, 3.7252903E-09, 0)|(0, 0, 0, 1)|(1, 1, 1)
GlobalObjectId_V1-2-75255463483393841ad623c260500c31-2535498079640085191-866930353|True|(-0.183540016, 3.7252903E-09, 0)|(0, 0, 0, 1)|(1, 1, 1)
GlobalObjectId_V1-2-75255463483393841ad623c260500c31-2538644394704177332-1054006661|True|(0, 0.613, 0)|(0.7071068, 0, 0, 0.7071068)|(1.5660001, 1.5660001, 1)
GlobalObjectId_V1-2-75255463483393841ad623c260500c31-2538644394704177332-1066520553|True|(0, 0.613, 0)|(0.7071068, 0, 0, 0.7071068)|(1.5660001, 1.5660001, 1)
GlobalObjectId_V1-2-75255463483393841ad623c260500c31-2538644394704177332-1075442592|True|(0, 0.613, 0)|(0.7071068, 0, 0, 0.7071068)|(1.5660001, 1.5660001, 1)
GlobalObjectId_V1-2-75255463483393841ad623c260500c31-2538644394704177332-1123419265|True|(0, 0.613, 0)|(0.7071068, 0, 0, 0.7071068)|(1.5660001, 1.5660001, 1)
GlobalObjectId_V1-2-75255463483393841ad623c260500c31-2538644394704177332-1189067973|True|(0, 0.613, 0)|(0.7071068, 0, 0, 0.7071068)|(1.5660001, 1.5660001, 1)
GlobalObjectId_V1-2-75255463483393841ad623c260500c31-2538644394704177332-1213532434|True|(0, 0.613, 0)|(0.7071068, 0, 0, 0.7071068)|(1.5660001, 1.5660001, 1)
GlobalObjectId_V1-2-75255463483393841ad623c260500c31-2538644394704177332-1231942770|True|(0, 0.613, 0)|(0.7071068, 0, 0, 0.7071068)|(1.5660001, 1.5660001, 1)
GlobalObjectId_V1-2-75255463483393841ad623c260500c31-2538644394704177332-1273255913|True|(0, 0.613, 0)|(0.7071068, 0, 0, 0.7071068)|(1.5660001, 1.5660001, 1)
GlobalObjectId_V1-2-75255463483393841ad623c260500c31-2538644394704177332-1278822786|True|(0, 0.613, 0)|(0.7071068, 0, 0, 0.7071068)|(1.5660001, 1.5660001, 1)
GlobalObjectId_V1-2-75255463483393841ad623c260500c31-2538644394704177332-1289928147|True|(0, 0.613, 0)|(0.7071068, 0, 0, 0.7071068)|(1.5660001, 1.5660001, 1)
GlobalObjectId_V1-2-75255463483393841ad623c260500c31-2538644394704177332-1306169864|True|(0, 0.613, 0)|(0.7071068, 0, 0, 0.7071068)|(1.5660001, 1.5660001, 1)
GlobalObjectId_V1-2-75255463483393841ad623c260500c31-2538644394704177332-134612628|True|(0, 0.613, 0)|(0.7071068, 0, 0, 0.7071068)|(1.5660001, 1.5660001, 1)
GlobalObjectId_V1-2-75255463483393841ad623c260500c31-2538644394704177332-1362226918|True|(0, 0.613, 0)|(0.7071068, 0, 0, 0.7071068)|(1.5660001, 1.5660001, 1)
GlobalObjectId_V1-2-75255463483393841ad623c260500c31-2538644394704177332-1446791577|True|(0, 0.613, 0)|(0.7071068, 0, 0, 0.7071068)|(1.5660001, 1.5660001, 1)
GlobalObjectId_V1-2-75255463483393841ad623c260500c31-2538644394704177332-1453559021|True|(0, 0.613, 0)|(0.7071068, 0, 0, 0.7071068)|(1.5660001, 1.5660001, 1)
GlobalObjectId_V1-2-75255463483393841ad623c260500c31-2538644394704177332-1474131409|True|(0, 0.613, 0)|(0.7071068, 0, 0, 0.7071068)|(1.5660001, 1.5660001, 1)
GlobalObjectId_V1-2-75255463483393841ad623c260500c31-2538644394704177332-1523898307|True|(0, 0.613, 0)|(0.7071068, 0, 0, 0.7071068)|(1.5660001, 1.5660001, 1)
GlobalObjectId_V1-2-75255463483393841ad623c260500c31-2538644394704177332-1589411330|True|(0, 0.613, 0)|(0.7071068, 0, 0, 0.7071068)|(1.5660001, 1.5660001, 1)
GlobalObjectId_V1-2-75255463483393841ad623c260500c31-2538644394704177332-1669245919|True|(0, 0.613, 0)|(0.7071068, 0, 0, 0.7071068)|(1.5660001, 1.5660001, 1)
GlobalObjectId_V1-2-75255463483393841ad623c260500c31-2538644394704177332-1737122726|True|(0, 0.613, 0)|(0.7071068, 0, 0, 0.7071068)|(1.5660001, 1.5660001, 1)
GlobalObjectId_V1-2-75255463483393841ad623c260500c31-2538644394704177332-1741248142|True|(0, 0.613, 0)|(0.7071068, 0, 0, 0.7071068)|(1.5660001, 1.5660001, 1)
GlobalObjectId_V1-2-75255463483393841ad623c260500c31-2538644394704177332-177614287|True|(0, 0.613, 0)|(0.7071068, 0, 0, 0.7071068)|(1.5660001, 1.5660001, 1)
GlobalObjectId_V1-2-75255463483393841ad623c260500c31-2538644394704177332-1802634647|True|(0, 0.613, 0)|(0.7071068, 0, 0, 0.7071068)|(1.5660001, 1.5660001, 1)
GlobalObjectId_V1-2-75255463483393841ad623c260500c31-2538644394704177332-1890397674|True|(0, 0.613, 0)|(0.7071068, 0, 0, 0.7071068)|(1.5660001, 1.5660001, 1)
GlobalObjectId_V1-2-75255463483393841ad623c260500c31-2538644394704177332-1899348449|True|(0, 0.613, 0)|(0.7071068, 0, 0, 0.7071068)|(1.5660001, 1.5660001, 1)
GlobalObjectId_V1-2-75255463483393841ad623c260500c31-2538644394704177332-1931660283|True|(0, 0.613, 0)|(0.7071068, 0, 0, 0.7071068)|(1.5660001, 1.5660001, 1)
GlobalObjectId_V1-2-75255463483393841ad623c260500c31-2538644394704177332-2008804692|True|(0, 0.613, 0)|(0.7071068, 0, 0, 0.7071068)|(1.5660001, 1.5660001, 1)
GlobalObjectId_V1-2-75255463483393841ad623c260500c31-2538644394704177332-2120236441|True|(0, 0.613, 0)|(0.7071068, 0, 0, 0.7071068)|(1.5660001, 1.5660001, 1)
GlobalObjectId_V1-2-75255463483393841ad623c260500c31-2538644394704177332-255090835|True|(0, 0.613, 0)|(0.7071068, 0, 0, 0.7071068)|(1.5660001, 1.5660001, 1)
GlobalObjectId_V1-2-75255463483393841ad623c260500c31-2538644394704177332-261895982|True|(0, 0.613, 0)|(0.7071068, 0, 0, 0.7071068)|(1.5660001, 1.5660001, 1)
GlobalObjectId_V1-2-75255463483393841ad623c260500c31-2538644394704177332-346250313|True|(0, 0.613, 0)|(0.7071068, 0, 0, 0.7071068)|(1.5660001, 1.5660001, 1)
GlobalObjectId_V1-2-75255463483393841ad623c260500c31-2538644394704177332-374324541|True|(0, 0.613, 0)|(0.7071068, 0, 0, 0.7071068)|(1.5660001, 1.5660001, 1)
GlobalObjectId_V1-2-75255463483393841ad623c260500c31-2538644394704177332-39910857|True|(0, 0.613, 0)|(0.7071068, 0, 0, 0.7071068)|(1.5660001, 1.5660001, 1)
GlobalObjectId_V1-2-75255463483393841ad623c260500c31-2538644394704177332-415706150|True|(0, 0.613, 0)|(0.7071068, 0, 0, 0.7071068)|(1.5660001, 1.5660001, 1)
GlobalObjectId_V1-2-75255463483393841ad623c260500c31-2538644394704177332-420684188|True|(0, 0.613, 0)|(0.7071068, 0, 0, 0.7071068)|(1.5660001, 1.5660001, 1)
GlobalObjectId_V1-2-75255463483393841ad623c260500c31-2538644394704177332-448738566|True|(0, 0.613, 0)|(0.7071068, 0, 0, 0.7071068)|(1.5660001, 1.5660001, 1)
GlobalObjectId_V1-2-75255463483393841ad623c260500c31-2538644394704177332-455620735|True|(0, 0.613, 0)|(0.7071068, 0, 0, 0.7071068)|(1.5660001, 1.5660001, 1)
GlobalObjectId_V1-2-75255463483393841ad623c260500c31-2538644394704177332-462089741|True|(0, 0.613, 0)|(0.7071068, 0, 0, 0.7071068)|(1.5660001, 1.5660001, 1)
GlobalObjectId_V1-2-75255463483393841ad623c260500c31-2538644394704177332-471337410|True|(0, 0.613, 0)|(0.7071068, 0, 0, 0.7071068)|(1.5660001, 1.5660001, 1)
GlobalObjectId_V1-2-75255463483393841ad623c260500c31-2538644394704177332-514498336|True|(0, 0.613, 0)|(0.7071068, 0, 0, 0.7071068)|(1.5660001, 1.5660001, 1)
GlobalObjectId_V1-2-75255463483393841ad623c260500c31-2538644394704177332-570203299|True|(0, 0.613, 0)|(0.7071068, 0, 0, 0.7071068)|(1.5660001, 1.5660001, 1)
GlobalObjectId_V1-2-75255463483393841ad623c260500c31-2538644394704177332-577746331|True|(0, 0.613, 0)|(0.7071068, 0, 0, 0.7071068)|(1.5660001, 1.5660001, 1)
GlobalObjectId_V1-2-75255463483393841ad623c260500c31-2538644394704177332-614239699|True|(0, 0.613, 0)|(0.7071068, 0, 0, 0.7071068)|(1.5660001, 1.5660001, 1)
GlobalObjectId_V1-2-75255463483393841ad623c260500c31-2538644394704177332-720893779|True|(0, 0.613, 0)|(0.7071068, 0, 0, 0.7071068)|(1.5660001, 1.5660001, 1)
GlobalObjectId_V1-2-75255463483393841ad623c260500c31-2538644394704177332-759653167|True|(0, 0.613, 0)|(0.7071068, 0, 0, 0.7071068)|(1.5660001, 1.5660001, 1)
GlobalObjectId_V1-2-75255463483393841ad623c260500c31-2538644394704177332-788279421|True|(0, 0.613, 0)|(0.7071068, 0, 0, 0.7071068)|(1.5660001, 1.5660001, 1)
GlobalObjectId_V1-2-75255463483393841ad623c260500c31-2538644394704177332-801688379|True|(0, 0.613, 0)|(0.7071068, 0, 0, 0.7071068)|(1.5660001, 1.5660001, 1)
GlobalObjectId_V1-2-75255463483393841ad623c260500c31-2538644394704177332-827096132|True|(0, 0.613, 0)|(0.7071068, 0, 0, 0.7071068)|(1.5660001, 1.5660001, 1)
GlobalObjectId_V1-2-75255463483393841ad623c260500c31-2538644394704177332-841608481|True|(0, 0.613, 0)|(0.7071068, 0, 0, 0.7071068)|(1.5660001, 1.5660001, 1)
GlobalObjectId_V1-2-75255463483393841ad623c260500c31-2538644394704177332-866930353|True|(0, 0.613, 0)|(0.7071068, 0, 0, 0.7071068)|(1.5660001, 1.5660001, 1)
GlobalObjectId_V1-2-75255463483393841ad623c260500c31-25630805-0|True|(0, 0, 0)|(0.7071068, 0, 0, 0.7071068)|(1, 1, 1)
GlobalObjectId_V1-2-75255463483393841ad623c260500c31-256521406-0|True|(0, 0, 0)|(0.7071068, 0, 0, 0.7071068)|(1, 1, 1)
GlobalObjectId_V1-2-75255463483393841ad623c260500c31-2599994578383142216-1278433063|True|(0, 0, 0)|(-0.7071068, 0, 0, 0.7071067)|(100, 100, 100)
GlobalObjectId_V1-2-75255463483393841ad623c260500c31-2599994578383142216-1796550201|True|(0, 0, 0)|(-0.7071068, 0, 0, 0.7071067)|(100, 100, 100)
GlobalObjectId_V1-2-75255463483393841ad623c260500c31-2599994578383142216-227182643|True|(0, 0, 0)|(-0.7071068, 0, 0, 0.7071067)|(100, 100, 100)
GlobalObjectId_V1-2-75255463483393841ad623c260500c31-2599994578383142216-4508494|True|(0, 0, 0)|(-0.7071068, 0, 0, 0.7071067)|(100, 100, 100)
GlobalObjectId_V1-2-75255463483393841ad623c260500c31-2599994578383142216-493544818|True|(0, 0, 0)|(-0.7071068, 0, 0, 0.7071067)|(100, 100, 100)
GlobalObjectId_V1-2-75255463483393841ad623c260500c31-2599994578383142216-537414647|True|(0, 0, 0)|(-0.7071068, 0, 0, 0.7071067)|(100, 100, 100)
GlobalObjectId_V1-2-75255463483393841ad623c260500c31-2599994578383142216-616789302|True|(0, 0, 0)|(-0.7071068, 0, 0, 0.7071067)|(100, 100, 100)
GlobalObjectId_V1-2-75255463483393841ad623c260500c31-2599994578383142216-828342056|True|(0, 0, 0)|(-0.7071068, 0, 0, 0.7071067)|(100, 100, 100)
GlobalObjectId_V1-2-75255463483393841ad623c260500c31-2599994578383142216-863157045|True|(0, 0, 0)|(-0.7071068, 0, 0, 0.7071067)|(100, 100, 100)
GlobalObjectId_V1-2-75255463483393841ad623c260500c31-2599994578383142216-950912075|True|(0, 0, 0)|(-0.7071068, 0, 0, 0.7071067)|(100, 100, 100)
GlobalObjectId_V1-2-75255463483393841ad623c260500c31-260557361855783788-1278433063|True|(0, 0.0007999998, 0)|(0, 0, 0, 1)|(1, 1, 1)
GlobalObjectId_V1-2-75255463483393841ad623c260500c31-260557361855783788-1796550201|True|(0, 0.0007999998, 0)|(0, 0, 0, 1)|(1, 1, 1)
GlobalObjectId_V1-2-75255463483393841ad623c260500c31-260557361855783788-227182643|True|(0, 0.0007999998, 0)|(0, 0, 0, 1)|(1, 1, 1)
GlobalObjectId_V1-2-75255463483393841ad623c260500c31-260557361855783788-4508494|True|(0, 0.0007999998, 0)|(0, 0, 0, 1)|(1, 1, 1)
GlobalObjectId_V1-2-75255463483393841ad623c260500c31-260557361855783788-493544818|True|(0, 0.0007999998, 0)|(0, 0, 0, 1)|(1, 1, 1)
GlobalObjectId_V1-2-75255463483393841ad623c260500c31-260557361855783788-537414647|True|(0, 0.0007999998, 0)|(0, 0, 0, 1)|(1, 1, 1)
GlobalObjectId_V1-2-75255463483393841ad623c260500c31-260557361855783788-616789302|True|(0, 0.0007999998, 0)|(0, 0, 0, 1)|(1, 1, 1)
GlobalObjectId_V1-2-75255463483393841ad623c260500c31-260557361855783788-828342056|True|(0, 0.0007999998, 0)|(0, 0, 0, 1)|(1, 1, 1)
GlobalObjectId_V1-2-75255463483393841ad623c260500c31-260557361855783788-863157045|True|(0, 0.0007999998, 0)|(0, 0, 0, 1)|(1, 1, 1)
GlobalObjectId_V1-2-75255463483393841ad623c260500c31-260557361855783788-950912075|True|(0, 0.0007999998, 0)|(0, 0, 0, 1)|(1, 1, 1)
GlobalObjectId_V1-2-75255463483393841ad623c260500c31-260938660-0|True|(0, 0, 0)|(0.7071068, 0, 0, 0.7071068)|(1, 1, 1)
GlobalObjectId_V1-2-75255463483393841ad623c260500c31-260966300-0|True|(0, 0, 0)|(0.7071068, 0, 0, 0.7071068)|(1, 1, 1)
GlobalObjectId_V1-2-75255463483393841ad623c260500c31-262960316-0|True|(0, 0, 0)|(0.7071068, 0, 0, 0.7071068)|(1, 1, 1)
GlobalObjectId_V1-2-75255463483393841ad623c260500c31-2632618950881742391-1054006661|True|(0, 0, 0)|(0.7071068, 0, 0, 0.7071068)|(1.22040009, 1.22040009, 1)
GlobalObjectId_V1-2-75255463483393841ad623c260500c31-2632618950881742391-1066520553|True|(0, 0, 0)|(0.7071068, 0, 0, 0.7071068)|(1.22040009, 1.22040009, 1)
GlobalObjectId_V1-2-75255463483393841ad623c260500c31-2632618950881742391-1075442592|True|(0, 0, 0)|(0.7071068, 0, 0, 0.7071068)|(1.22040009, 1.22040009, 1)
GlobalObjectId_V1-2-75255463483393841ad623c260500c31-2632618950881742391-1123419265|True|(0, 0, 0)|(0.7071068, 0, 0, 0.7071068)|(1.22040009, 1.22040009, 1)
GlobalObjectId_V1-2-75255463483393841ad623c260500c31-2632618950881742391-1189067973|True|(0, 0, 0)|(0.7071068, 0, 0, 0.7071068)|(1.22040009, 1.22040009, 1)
GlobalObjectId_V1-2-75255463483393841ad623c260500c31-2632618950881742391-1213532434|True|(0, 0, 0)|(0.7071068, 0, 0, 0.7071068)|(1.22040009, 1.22040009, 1)
GlobalObjectId_V1-2-75255463483393841ad623c260500c31-2632618950881742391-1231942770|True|(0, 0, 0)|(0.7071068, 0, 0, 0.7071068)|(1.22040009, 1.22040009, 1)
GlobalObjectId_V1-2-75255463483393841ad623c260500c31-2632618950881742391-1273255913|True|(0, 0, 0)|(0.7071068, 0, 0, 0.7071068)|(1.22040009, 1.22040009, 1)
GlobalObjectId_V1-2-75255463483393841ad623c260500c31-2632618950881742391-1278822786|True|(0, 0, 0)|(0.7071068, 0, 0, 0.7071068)|(1.22040009, 1.22040009, 1)
GlobalObjectId_V1-2-75255463483393841ad623c260500c31-2632618950881742391-1289928147|True|(0, 0, 0)|(0.7071068, 0, 0, 0.7071068)|(1.22040009, 1.22040009, 1)
GlobalObjectId_V1-2-75255463483393841ad623c260500c31-2632618950881742391-1306169864|True|(0, 0, 0)|(0.7071068, 0, 0, 0.7071068)|(1.22040009, 1.22040009, 1)
GlobalObjectId_V1-2-75255463483393841ad623c260500c31-2632618950881742391-134612628|True|(0, 0, 0)|(0.7071068, 0, 0, 0.7071068)|(1.22040009, 1.22040009, 1)
GlobalObjectId_V1-2-75255463483393841ad623c260500c31-2632618950881742391-1362226918|True|(0, 0, 0)|(0.7071068, 0, 0, 0.7071068)|(1.22040009, 1.22040009, 1)
GlobalObjectId_V1-2-75255463483393841ad623c260500c31-2632618950881742391-1446791577|True|(0, 0, 0)|(0.7071068, 0, 0, 0.7071068)|(1.22040009, 1.22040009, 1)
GlobalObjectId_V1-2-75255463483393841ad623c260500c31-2632618950881742391-1453559021|True|(0, 0, 0)|(0.7071068, 0, 0, 0.7071068)|(1.22040009, 1.22040009, 1)
GlobalObjectId_V1-2-75255463483393841ad623c260500c31-2632618950881742391-1474131409|True|(0, 0, 0)|(0.7071068, 0, 0, 0.7071068)|(1.22040009, 1.22040009, 1)
GlobalObjectId_V1-2-75255463483393841ad623c260500c31-2632618950881742391-1523898307|True|(0, 0, 0)|(0.7071068, 0, 0, 0.7071068)|(1.22040009, 1.22040009, 1)
GlobalObjectId_V1-2-75255463483393841ad623c260500c31-2632618950881742391-1589411330|True|(0, 0, 0)|(0.7071068, 0, 0, 0.7071068)|(1.22040009, 1.22040009, 1)
GlobalObjectId_V1-2-75255463483393841ad623c260500c31-2632618950881742391-1669245919|True|(0, 0, 0)|(0.7071068, 0, 0, 0.7071068)|(1.22040009, 1.22040009, 1)
GlobalObjectId_V1-2-75255463483393841ad623c260500c31-2632618950881742391-1737122726|True|(0, 0, 0)|(0.7071068, 0, 0, 0.7071068)|(1.22040009, 1.22040009, 1)
GlobalObjectId_V1-2-75255463483393841ad623c260500c31-2632618950881742391-1741248142|True|(0, 0, 0)|(0.7071068, 0, 0, 0.7071068)|(1.22040009, 1.22040009, 1)
GlobalObjectId_V1-2-75255463483393841ad623c260500c31-2632618950881742391-177614287|True|(0, 0, 0)|(0.7071068, 0, 0, 0.7071068)|(1.22040009, 1.22040009, 1)
GlobalObjectId_V1-2-75255463483393841ad623c260500c31-2632618950881742391-1802634647|True|(0, 0, 0)|(0.7071068, 0, 0, 0.7071068)|(1.22040009, 1.22040009, 1)
GlobalObjectId_V1-2-75255463483393841ad623c260500c31-2632618950881742391-1890397674|True|(0, 0, 0)|(0.7071068, 0, 0, 0.7071068)|(1.22040009, 1.22040009, 1)
GlobalObjectId_V1-2-75255463483393841ad623c260500c31-2632618950881742391-1899348449|True|(0, 0, 0)|(0.7071068, 0, 0, 0.7071068)|(1.22040009, 1.22040009, 1)
GlobalObjectId_V1-2-75255463483393841ad623c260500c31-2632618950881742391-1931660283|True|(0, 0, 0)|(0.7071068, 0, 0, 0.7071068)|(1.22040009, 1.22040009, 1)
GlobalObjectId_V1-2-75255463483393841ad623c260500c31-2632618950881742391-2008804692|True|(0, 0, 0)|(0.7071068, 0, 0, 0.7071068)|(1.22040009, 1.22040009, 1)
GlobalObjectId_V1-2-75255463483393841ad623c260500c31-2632618950881742391-2120236441|True|(0, 0, 0)|(0.7071068, 0, 0, 0.7071068)|(1.22040009, 1.22040009, 1)
GlobalObjectId_V1-2-75255463483393841ad623c260500c31-2632618950881742391-255090835|True|(0, 0, 0)|(0.7071068, 0, 0, 0.7071068)|(1.22040009, 1.22040009, 1)
GlobalObjectId_V1-2-75255463483393841ad623c260500c31-2632618950881742391-261895982|True|(0, 0, 0)|(0.7071068, 0, 0, 0.7071068)|(1.22040009, 1.22040009, 1)
GlobalObjectId_V1-2-75255463483393841ad623c260500c31-2632618950881742391-346250313|True|(0, 0, 0)|(0.7071068, 0, 0, 0.7071068)|(1.22040009, 1.22040009, 1)
GlobalObjectId_V1-2-75255463483393841ad623c260500c31-2632618950881742391-374324541|True|(0, 0, 0)|(0.7071068, 0, 0, 0.7071068)|(1.22040009, 1.22040009, 1)
GlobalObjectId_V1-2-75255463483393841ad623c260500c31-2632618950881742391-39910857|True|(0, 0, 0)|(0.7071068, 0, 0, 0.7071068)|(1.22040009, 1.22040009, 1)
GlobalObjectId_V1-2-75255463483393841ad623c260500c31-2632618950881742391-415706150|True|(0, 0, 0)|(0.7071068, 0, 0, 0.7071068)|(1.22040009, 1.22040009, 1)
GlobalObjectId_V1-2-75255463483393841ad623c260500c31-2632618950881742391-420684188|True|(0, 0, 0)|(0.7071068, 0, 0, 0.7071068)|(1.22040009, 1.22040009, 1)
GlobalObjectId_V1-2-75255463483393841ad623c260500c31-2632618950881742391-448738566|True|(0, 0, 0)|(0.7071068, 0, 0, 0.7071068)|(1.22040009, 1.22040009, 1)
GlobalObjectId_V1-2-75255463483393841ad623c260500c31-2632618950881742391-455620735|True|(0, 0, 0)|(0.7071068, 0, 0, 0.7071068)|(1.22040009, 1.22040009, 1)
GlobalObjectId_V1-2-75255463483393841ad623c260500c31-2632618950881742391-462089741|True|(0, 0, 0)|(0.7071068, 0, 0, 0.7071068)|(1.22040009, 1.22040009, 1)
GlobalObjectId_V1-2-75255463483393841ad623c260500c31-2632618950881742391-471337410|True|(0, 0, 0)|(0.7071068, 0, 0, 0.7071068)|(1.22040009, 1.22040009, 1)
GlobalObjectId_V1-2-75255463483393841ad623c260500c31-2632618950881742391-514498336|True|(0, 0, 0)|(0.7071068, 0, 0, 0.7071068)|(1.22040009, 1.22040009, 1)
GlobalObjectId_V1-2-75255463483393841ad623c260500c31-2632618950881742391-570203299|True|(0, 0, 0)|(0.7071068, 0, 0, 0.7071068)|(1.22040009, 1.22040009, 1)
GlobalObjectId_V1-2-75255463483393841ad623c260500c31-2632618950881742391-577746331|True|(0, 0, 0)|(0.7071068, 0, 0, 0.7071068)|(1.22040009, 1.22040009, 1)
GlobalObjectId_V1-2-75255463483393841ad623c260500c31-2632618950881742391-614239699|True|(0, 0, 0)|(0.7071068, 0, 0, 0.7071068)|(1.22040009, 1.22040009, 1)
GlobalObjectId_V1-2-75255463483393841ad623c260500c31-2632618950881742391-720893779|True|(0, 0, 0)|(0.7071068, 0, 0, 0.7071068)|(1.22040009, 1.22040009, 1)
GlobalObjectId_V1-2-75255463483393841ad623c260500c31-2632618950881742391-759653167|True|(0, 0, 0)|(0.7071068, 0, 0, 0.7071068)|(1.22040009, 1.22040009, 1)
GlobalObjectId_V1-2-75255463483393841ad623c260500c31-2632618950881742391-788279421|True|(0, 0, 0)|(0.7071068, 0, 0, 0.7071068)|(1.22040009, 1.22040009, 1)
GlobalObjectId_V1-2-75255463483393841ad623c260500c31-2632618950881742391-801688379|True|(0, 0, 0)|(0.7071068, 0, 0, 0.7071068)|(1.22040009, 1.22040009, 1)
GlobalObjectId_V1-2-75255463483393841ad623c260500c31-2632618950881742391-827096132|True|(0, 0, 0)|(0.7071068, 0, 0, 0.7071068)|(1.22040009, 1.22040009, 1)
GlobalObjectId_V1-2-75255463483393841ad623c260500c31-2632618950881742391-841608481|True|(0, 0, 0)|(0.7071068, 0, 0, 0.7071068)|(1.22040009, 1.22040009, 1)
GlobalObjectId_V1-2-75255463483393841ad623c260500c31-2632618950881742391-866930353|True|(0, 0, 0)|(0.7071068, 0, 0, 0.7071068)|(1.22040009, 1.22040009, 1)
GlobalObjectId_V1-2-75255463483393841ad623c260500c31-26393191-0|True|(0, 0, 0)|(0.7071068, 0, 0, 0.7071068)|(1, 1, 1)
GlobalObjectId_V1-2-75255463483393841ad623c260500c31-265364471-0|True|(0, 0, 0)|(0.7071068, 0, 0, 0.7071068)|(1, 1, 1)
GlobalObjectId_V1-2-75255463483393841ad623c260500c31-265436142-0|True|(0, 0, 0)|(0, 0, 0, 1)|(1, 1, 1)
GlobalObjectId_V1-2-75255463483393841ad623c260500c31-265564142-0|True|(0, 0, 0)|(0.7071068, 0, 0, 0.7071068)|(1, 1, 1)
GlobalObjectId_V1-2-75255463483393841ad623c260500c31-2658542665903082004-1278433063|True|(0, 0.85, 0)|(0, 1, 0, 0)|(1, 1, 1)
GlobalObjectId_V1-2-75255463483393841ad623c260500c31-2658542665903082004-1796550201|True|(0, 0.85, 0)|(0, 1, 0, 0)|(1, 1, 1)
GlobalObjectId_V1-2-75255463483393841ad623c260500c31-2658542665903082004-227182643|True|(0, 0.85, 0)|(0, 1, 0, 0)|(1, 1, 1)
GlobalObjectId_V1-2-75255463483393841ad623c260500c31-2658542665903082004-4508494|True|(0, 0.85, 0)|(0, 1, 0, 0)|(1, 1, 1)
GlobalObjectId_V1-2-75255463483393841ad623c260500c31-2658542665903082004-493544818|True|(0, 0.85, 0)|(0, 1, 0, 0)|(1, 1, 1)
GlobalObjectId_V1-2-75255463483393841ad623c260500c31-2658542665903082004-537414647|True|(0, 0.85, 0)|(0, 1, 0, 0)|(1, 1, 1)
GlobalObjectId_V1-2-75255463483393841ad623c260500c31-2658542665903082004-616789302|True|(0, 0.85, 0)|(0, 1, 0, 0)|(1, 1, 1)
GlobalObjectId_V1-2-75255463483393841ad623c260500c31-2658542665903082004-828342056|True|(0, 0.85, 0)|(0, 1, 0, 0)|(1, 1, 1)
GlobalObjectId_V1-2-75255463483393841ad623c260500c31-2658542665903082004-863157045|True|(0, 0.85, 0)|(0, 1, 0, 0)|(1, 1, 1)
GlobalObjectId_V1-2-75255463483393841ad623c260500c31-2658542665903082004-950912075|True|(0, 0.85, 0)|(0, 1, 0, 0)|(1, 1, 1)
GlobalObjectId_V1-2-75255463483393841ad623c260500c31-266364389-0|True|(0, 0, 0)|(0.7071068, 0, 0, 0.7071068)|(1, 1, 1)
GlobalObjectId_V1-2-75255463483393841ad623c260500c31-268589126-0|True|(0, 0, 0)|(0.7071068, 0, 0, 0.7071068)|(1, 1, 1)
GlobalObjectId_V1-2-75255463483393841ad623c260500c31-2701731690332874496-1342259368|True|(-6.519258E-11, 0.00149267656, 2.42143861E-10)|(-0.09993867, 0.181984544, -0.1819846, 0.9611324)|(0.99999994, 1, 1)
GlobalObjectId_V1-2-75255463483393841ad623c260500c31-2701731690332874496-1807193877|True|(-6.519258E-11, 0.00149267656, 2.42143861E-10)|(-0.09993867, 0.181984544, -0.1819846, 0.9611324)|(0.99999994, 1, 1)
GlobalObjectId_V1-2-75255463483393841ad623c260500c31-2701731690332874496-249137488|True|(-6.519258E-11, 0.00149267656, 2.42143861E-10)|(-0.09993867, 0.181984544, -0.1819846, 0.9611324)|(0.99999994, 1, 1)
GlobalObjectId_V1-2-75255463483393841ad623c260500c31-2701731690332874496-325631740|True|(-6.519258E-11, 0.00149267656, 2.42143861E-10)|(-0.09993867, 0.181984544, -0.1819846, 0.9611324)|(0.99999994, 1, 1)
GlobalObjectId_V1-2-75255463483393841ad623c260500c31-2701731690332874496-673208042|True|(-6.519258E-11, 0.00149267656, 2.42143861E-10)|(-0.09993867, 0.181984544, -0.1819846, 0.9611324)|(0.99999994, 1, 1)
GlobalObjectId_V1-2-75255463483393841ad623c260500c31-2701731690332874496-726046513|True|(-6.519258E-11, 0.00149267656, 2.42143861E-10)|(-0.09993867, 0.181984544, -0.1819846, 0.9611324)|(0.99999994, 1, 1)
GlobalObjectId_V1-2-75255463483393841ad623c260500c31-2708104264135611561-1270225228|True|(-0.00256000017, 0.0006400007, 0)|(0.902088046, -0.2971957, -0.2971956, -0.09791189)|(1.00000083, 1.00000036, 1)
GlobalObjectId_V1-2-75255463483393841ad623c260500c31-2708104264135611561-1720144850|True|(-0.00256000017, 0.0006400007, 0)|(0.902088046, -0.2971957, -0.2971956, -0.09791189)|(1.00000083, 1.00000036, 1)
GlobalObjectId_V1-2-75255463483393841ad623c260500c31-2708104264135611561-1742115882|True|(-0.00256000017, 0.0006400007, 0)|(0.902088046, -0.2971957, -0.2971956, -0.09791189)|(1.00000083, 1.00000036, 1)
GlobalObjectId_V1-2-75255463483393841ad623c260500c31-2708104264135611561-1906523992|True|(-0.00256000017, 0.0006400007, 0)|(0.902088046, -0.2971957, -0.2971956, -0.09791189)|(1.00000083, 1.00000036, 1)
GlobalObjectId_V1-2-75255463483393841ad623c260500c31-2708104264135611561-1921694405|True|(-0.00256000017, 0.0006400007, 0)|(0.902088046, -0.2971957, -0.2971956, -0.09791189)|(1.00000083, 1.00000036, 1)
GlobalObjectId_V1-2-75255463483393841ad623c260500c31-2708104264135611561-2052472853|True|(-0.00256000017, 0.0006400007, 0)|(0.902088046, -0.2971957, -0.2971956, -0.09791189)|(1.00000083, 1.00000036, 1)
GlobalObjectId_V1-2-75255463483393841ad623c260500c31-2708104264135611561-303056869|True|(-0.00256000017, 0.0006400007, 0)|(0.902088046, -0.2971957, -0.2971956, -0.09791189)|(1.00000083, 1.00000036, 1)
GlobalObjectId_V1-2-75255463483393841ad623c260500c31-2708104264135611561-308968016|True|(-0.00256000017, 0.0006400007, 0)|(0.902088046, -0.2971957, -0.2971956, -0.09791189)|(1.00000083, 1.00000036, 1)
GlobalObjectId_V1-2-75255463483393841ad623c260500c31-2708104264135611561-764708180|True|(-0.00256000017, 0.0006400007, 0)|(0.902088046, -0.2971957, -0.2971956, -0.09791189)|(1.00000083, 1.00000036, 1)
GlobalObjectId_V1-2-75255463483393841ad623c260500c31-2708104264135611561-924230383|True|(-0.00256000017, 0.0006400007, 0)|(0.902088046, -0.2971957, -0.2971956, -0.09791189)|(1.00000083, 1.00000036, 1)
GlobalObjectId_V1-2-75255463483393841ad623c260500c31-271662541-0|True|(0, 0, 0)|(0.7071068, 0, 0, 0.7071068)|(1, 1, 1)
GlobalObjectId_V1-2-75255463483393841ad623c260500c31-272267074671908259-1054006661|True|(0, 0.001, 0)|(0, 0, 0, 1)|(1, 1, 1)
GlobalObjectId_V1-2-75255463483393841ad623c260500c31-272267074671908259-1066520553|True|(0, 0.001, 0)|(0, 0, 0, 1)|(1, 1, 1)
GlobalObjectId_V1-2-75255463483393841ad623c260500c31-272267074671908259-1075442592|True|(0, 0.001, 0)|(0, 0, 0, 1)|(1, 1, 1)
GlobalObjectId_V1-2-75255463483393841ad623c260500c31-272267074671908259-1123419265|True|(0, 0.001, 0)|(0, 0, 0, 1)|(1, 1, 1)
GlobalObjectId_V1-2-75255463483393841ad623c260500c31-272267074671908259-1189067973|True|(0, 0.001, 0)|(0, 0, 0, 1)|(1, 1, 1)
GlobalObjectId_V1-2-75255463483393841ad623c260500c31-272267074671908259-1213532434|True|(0, 0.001, 0)|(0, 0, 0, 1)|(1, 1, 1)
GlobalObjectId_V1-2-75255463483393841ad623c260500c31-272267074671908259-1231942770|True|(0, 0.001, 0)|(0, 0, 0, 1)|(1, 1, 1)
GlobalObjectId_V1-2-75255463483393841ad623c260500c31-272267074671908259-1273255913|True|(0, 0.001, 0)|(0, 0, 0, 1)|(1, 1, 1)
GlobalObjectId_V1-2-75255463483393841ad623c260500c31-272267074671908259-1278822786|True|(0, 0.001, 0)|(0, 0, 0, 1)|(1, 1, 1)
GlobalObjectId_V1-2-75255463483393841ad623c260500c31-272267074671908259-1289928147|True|(0, 0.001, 0)|(0, 0, 0, 1)|(1, 1, 1)
GlobalObjectId_V1-2-75255463483393841ad623c260500c31-272267074671908259-1306169864|True|(0, 0.001, 0)|(0, 0, 0, 1)|(1, 1, 1)
GlobalObjectId_V1-2-75255463483393841ad623c260500c31-272267074671908259-134612628|True|(0, 0.001, 0)|(0, 0, 0, 1)|(1, 1, 1)
GlobalObjectId_V1-2-75255463483393841ad623c260500c31-272267074671908259-1362226918|True|(0, 0.001, 0)|(0, 0, 0, 1)|(1, 1, 1)
GlobalObjectId_V1-2-75255463483393841ad623c260500c31-272267074671908259-1446791577|True|(0, 0.001, 0)|(0, 0, 0, 1)|(1, 1, 1)
GlobalObjectId_V1-2-75255463483393841ad623c260500c31-272267074671908259-1453559021|True|(0, 0.001, 0)|(0, 0, 0, 1)|(1, 1, 1)
GlobalObjectId_V1-2-75255463483393841ad623c260500c31-272267074671908259-1474131409|True|(0, 0.001, 0)|(0, 0, 0, 1)|(1, 1, 1)
GlobalObjectId_V1-2-75255463483393841ad623c260500c31-272267074671908259-1523898307|True|(0, 0.001, 0)|(0, 0, 0, 1)|(1, 1, 1)
GlobalObjectId_V1-2-75255463483393841ad623c260500c31-272267074671908259-1589411330|True|(0, 0.001, 0)|(0, 0, 0, 1)|(1, 1, 1)
GlobalObjectId_V1-2-75255463483393841ad623c260500c31-272267074671908259-1669245919|True|(0, 0.001, 0)|(0, 0, 0, 1)|(1, 1, 1)
GlobalObjectId_V1-2-75255463483393841ad623c260500c31-272267074671908259-1737122726|True|(0, 0.001, 0)|(0, 0, 0, 1)|(1, 1, 1)
GlobalObjectId_V1-2-75255463483393841ad623c260500c31-272267074671908259-1741248142|True|(0, 0.001, 0)|(0, 0, 0, 1)|(1, 1, 1)
GlobalObjectId_V1-2-75255463483393841ad623c260500c31-272267074671908259-177614287|True|(0, 0.001, 0)|(0, 0, 0, 1)|(1, 1, 1)
GlobalObjectId_V1-2-75255463483393841ad623c260500c31-272267074671908259-1802634647|True|(0, 0.001, 0)|(0, 0, 0, 1)|(1, 1, 1)
GlobalObjectId_V1-2-75255463483393841ad623c260500c31-272267074671908259-1890397674|True|(0, 0.001, 0)|(0, 0, 0, 1)|(1, 1, 1)
GlobalObjectId_V1-2-75255463483393841ad623c260500c31-272267074671908259-1899348449|True|(0, 0.001, 0)|(0, 0, 0, 1)|(1, 1, 1)
GlobalObjectId_V1-2-75255463483393841ad623c260500c31-272267074671908259-1931660283|True|(0, 0.001, 0)|(0, 0, 0, 1)|(1, 1, 1)
GlobalObjectId_V1-2-75255463483393841ad623c260500c31-272267074671908259-2008804692|True|(0, 0.001, 0)|(0, 0, 0, 1)|(1, 1, 1)
GlobalObjectId_V1-2-75255463483393841ad623c260500c31-272267074671908259-2120236441|True|(0, 0.001, 0)|(0, 0, 0, 1)|(1, 1, 1)
GlobalObjectId_V1-2-75255463483393841ad623c260500c31-272267074671908259-255090835|True|(0, 0.001, 0)|(0, 0, 0, 1)|(1, 1, 1)
GlobalObjectId_V1-2-75255463483393841ad623c260500c31-272267074671908259-261895982|True|(0, 0.001, 0)|(0, 0, 0, 1)|(1, 1, 1)
GlobalObjectId_V1-2-75255463483393841ad623c260500c31-272267074671908259-346250313|True|(0, 0.001, 0)|(0, 0, 0, 1)|(1, 1, 1)
GlobalObjectId_V1-2-75255463483393841ad623c260500c31-272267074671908259-374324541|True|(0, 0.001, 0)|(0, 0, 0, 1)|(1, 1, 1)
GlobalObjectId_V1-2-75255463483393841ad623c260500c31-272267074671908259-39910857|True|(0, 0.001, 0)|(0, 0, 0, 1)|(1, 1, 1)
GlobalObjectId_V1-2-75255463483393841ad623c260500c31-272267074671908259-415706150|True|(0, 0.001, 0)|(0, 0, 0, 1)|(1, 1, 1)
GlobalObjectId_V1-2-75255463483393841ad623c260500c31-272267074671908259-420684188|True|(0, 0.001, 0)|(0, 0, 0, 1)|(1, 1, 1)
GlobalObjectId_V1-2-75255463483393841ad623c260500c31-272267074671908259-448738566|True|(0, 0.001, 0)|(0, 0, 0, 1)|(1, 1, 1)
GlobalObjectId_V1-2-75255463483393841ad623c260500c31-272267074671908259-455620735|True|(0, 0.001, 0)|(0, 0, 0, 1)|(1, 1, 1)
GlobalObjectId_V1-2-75255463483393841ad623c260500c31-272267074671908259-462089741|True|(0, 0.001, 0)|(0, 0, 0, 1)|(1, 1, 1)
GlobalObjectId_V1-2-75255463483393841ad623c260500c31-272267074671908259-471337410|True|(0, 0.001, 0)|(0, 0, 0, 1)|(1, 1, 1)
GlobalObjectId_V1-2-75255463483393841ad623c260500c31-272267074671908259-514498336|True|(0, 0.001, 0)|(0, 0, 0, 1)|(1, 1, 1)
GlobalObjectId_V1-2-75255463483393841ad623c260500c31-272267074671908259-570203299|True|(0, 0.001, 0)|(0, 0, 0, 1)|(1, 1, 1)
GlobalObjectId_V1-2-75255463483393841ad623c260500c31-272267074671908259-577746331|True|(0, 0.001, 0)|(0, 0, 0, 1)|(1, 1, 1)
GlobalObjectId_V1-2-75255463483393841ad623c260500c31-272267074671908259-614239699|True|(0, 0.001, 0)|(0, 0, 0, 1)|(1, 1, 1)
GlobalObjectId_V1-2-75255463483393841ad623c260500c31-272267074671908259-720893779|True|(0, 0.001, 0)|(0, 0, 0, 1)|(1, 1, 1)
GlobalObjectId_V1-2-75255463483393841ad623c260500c31-272267074671908259-759653167|True|(0, 0.001, 0)|(0, 0, 0, 1)|(1, 1, 1)
GlobalObjectId_V1-2-75255463483393841ad623c260500c31-272267074671908259-788279421|True|(0, 0.001, 0)|(0, 0, 0, 1)|(1, 1, 1)
GlobalObjectId_V1-2-75255463483393841ad623c260500c31-272267074671908259-801688379|True|(0, 0.001, 0)|(0, 0, 0, 1)|(1, 1, 1)
GlobalObjectId_V1-2-75255463483393841ad623c260500c31-272267074671908259-827096132|True|(0, 0.001, 0)|(0, 0, 0, 1)|(1, 1, 1)
GlobalObjectId_V1-2-75255463483393841ad623c260500c31-272267074671908259-841608481|True|(0, 0.001, 0)|(0, 0, 0, 1)|(1, 1, 1)
GlobalObjectId_V1-2-75255463483393841ad623c260500c31-272267074671908259-866930353|True|(0, 0.001, 0)|(0, 0, 0, 1)|(1, 1, 1)
GlobalObjectId_V1-2-75255463483393841ad623c260500c31-2727736768341150526-1092392191|True|(0.00174999994, 0, 0)|(0.9871956, 0.112429567, 0.112429664, -0.0128045026)|(0.999996662, 0.9999998, 1)
GlobalObjectId_V1-2-75255463483393841ad623c260500c31-2727736768341150526-1236654927|True|(0.00174999994, 0, 0)|(0.9871956, 0.112429567, 0.112429664, -0.0128045026)|(0.999996662, 0.9999998, 1)
GlobalObjectId_V1-2-75255463483393841ad623c260500c31-2727736768341150526-1830864491|True|(0.00174999994, 0, 0)|(0.9871956, 0.112429567, 0.112429664, -0.0128045026)|(0.999996662, 0.9999998, 1)
GlobalObjectId_V1-2-75255463483393841ad623c260500c31-2727736768341150526-184762202|True|(0.00174999994, 0, 0)|(0.9871956, 0.112429567, 0.112429664, -0.0128045026)|(0.999996662, 0.9999998, 1)
GlobalObjectId_V1-2-75255463483393841ad623c260500c31-2727736768341150526-430729400|True|(0.00174999994, 0, 0)|(0.9871956, 0.112429567, 0.112429664, -0.0128045026)|(0.999996662, 0.9999998, 1)
GlobalObjectId_V1-2-75255463483393841ad623c260500c31-2727736768341150526-507331391|True|(0.00174999994, 0, 0)|(0.9871956, 0.112429567, 0.112429664, -0.0128045026)|(0.999996662, 0.9999998, 1)
GlobalObjectId_V1-2-75255463483393841ad623c260500c31-2727736768341150526-559331042|True|(0.00174999994, 0, 0)|(0.9871956, 0.112429567, 0.112429664, -0.0128045026)|(0.999996662, 0.9999998, 1)
GlobalObjectId_V1-2-75255463483393841ad623c260500c31-2727736768341150526-995936011|True|(0.00174999994, 0, 0)|(0.9871956, 0.112429567, 0.112429664, -0.0128045026)|(0.999996662, 0.9999998, 1)
GlobalObjectId_V1-2-75255463483393841ad623c260500c31-272892068-0|True|(0, 0, 0)|(0.7071068, 0, 0, 0.7071068)|(1, 1, 1)
GlobalObjectId_V1-2-75255463483393841ad623c260500c31-275092613962425801-1054006661|True|(-0.004, 0.155, 0.002)|(7.53924951E-06, -0.004799631, -0.00157077773, 0.999987245)|(0.85, 0.045, 0.6)
GlobalObjectId_V1-2-75255463483393841ad623c260500c31-275092613962425801-1066520553|True|(-0.004, 0.155, 0.002)|(7.53924951E-06, -0.004799631, -0.00157077773, 0.999987245)|(0.85, 0.045, 0.6)
GlobalObjectId_V1-2-75255463483393841ad623c260500c31-275092613962425801-1075442592|True|(-0.004, 0.155, 0.002)|(7.53924951E-06, -0.004799631, -0.00157077773, 0.999987245)|(0.85, 0.045, 0.6)
GlobalObjectId_V1-2-75255463483393841ad623c260500c31-275092613962425801-1123419265|True|(-0.004, 0.155, 0.002)|(7.53924951E-06, -0.004799631, -0.00157077773, 0.999987245)|(0.85, 0.045, 0.6)
GlobalObjectId_V1-2-75255463483393841ad623c260500c31-275092613962425801-1189067973|True|(-0.004, 0.155, 0.002)|(7.53924951E-06, -0.004799631, -0.00157077773, 0.999987245)|(0.85, 0.045, 0.6)
GlobalObjectId_V1-2-75255463483393841ad623c260500c31-275092613962425801-1213532434|True|(-0.004, 0.155, 0.002)|(7.53924951E-06, -0.004799631, -0.00157077773, 0.999987245)|(0.85, 0.045, 0.6)
GlobalObjectId_V1-2-75255463483393841ad623c260500c31-275092613962425801-1231942770|True|(-0.004, 0.155, 0.002)|(7.53924951E-06, -0.004799631, -0.00157077773, 0.999987245)|(0.85, 0.045, 0.6)
GlobalObjectId_V1-2-75255463483393841ad623c260500c31-275092613962425801-1273255913|True|(-0.004, 0.155, 0.002)|(7.53924951E-06, -0.004799631, -0.00157077773, 0.999987245)|(0.85, 0.045, 0.6)
GlobalObjectId_V1-2-75255463483393841ad623c260500c31-275092613962425801-1278822786|True|(-0.004, 0.155, 0.002)|(7.53924951E-06, -0.004799631, -0.00157077773, 0.999987245)|(0.85, 0.045, 0.6)
GlobalObjectId_V1-2-75255463483393841ad623c260500c31-275092613962425801-1289928147|True|(-0.004, 0.155, 0.002)|(7.53924951E-06, -0.004799631, -0.00157077773, 0.999987245)|(0.85, 0.045, 0.6)
GlobalObjectId_V1-2-75255463483393841ad623c260500c31-275092613962425801-1306169864|True|(-0.004, 0.155, 0.002)|(7.53924951E-06, -0.004799631, -0.00157077773, 0.999987245)|(0.85, 0.045, 0.6)
GlobalObjectId_V1-2-75255463483393841ad623c260500c31-275092613962425801-134612628|True|(-0.004, 0.155, 0.002)|(7.53924951E-06, -0.004799631, -0.00157077773, 0.999987245)|(0.85, 0.045, 0.6)
GlobalObjectId_V1-2-75255463483393841ad623c260500c31-275092613962425801-1362226918|True|(-0.004, 0.155, 0.002)|(7.53924951E-06, -0.004799631, -0.00157077773, 0.999987245)|(0.85, 0.045, 0.6)
GlobalObjectId_V1-2-75255463483393841ad623c260500c31-275092613962425801-1446791577|True|(-0.004, 0.155, 0.002)|(7.53924951E-06, -0.004799631, -0.00157077773, 0.999987245)|(0.85, 0.045, 0.6)
GlobalObjectId_V1-2-75255463483393841ad623c260500c31-275092613962425801-1453559021|True|(-0.004, 0.155, 0.002)|(7.53924951E-06, -0.004799631, -0.00157077773, 0.999987245)|(0.85, 0.045, 0.6)
GlobalObjectId_V1-2-75255463483393841ad623c260500c31-275092613962425801-1474131409|True|(-0.004, 0.155, 0.002)|(7.53924951E-06, -0.004799631, -0.00157077773, 0.999987245)|(0.85, 0.045, 0.6)
GlobalObjectId_V1-2-75255463483393841ad623c260500c31-275092613962425801-1523898307|True|(-0.004, 0.155, 0.002)|(7.53924951E-06, -0.004799631, -0.00157077773, 0.999987245)|(0.85, 0.045, 0.6)
GlobalObjectId_V1-2-75255463483393841ad623c260500c31-275092613962425801-1589411330|True|(-0.004, 0.155, 0.002)|(7.53924951E-06, -0.004799631, -0.00157077773, 0.999987245)|(0.85, 0.045, 0.6)
GlobalObjectId_V1-2-75255463483393841ad623c260500c31-275092613962425801-1669245919|True|(-0.004, 0.155, 0.002)|(7.53924951E-06, -0.004799631, -0.00157077773, 0.999987245)|(0.85, 0.045, 0.6)
GlobalObjectId_V1-2-75255463483393841ad623c260500c31-275092613962425801-1737122726|True|(-0.004, 0.155, 0.002)|(7.53924951E-06, -0.004799631, -0.00157077773, 0.999987245)|(0.85, 0.045, 0.6)
GlobalObjectId_V1-2-75255463483393841ad623c260500c31-275092613962425801-1741248142|True|(-0.004, 0.155, 0.002)|(7.53924951E-06, -0.004799631, -0.00157077773, 0.999987245)|(0.85, 0.045, 0.6)
GlobalObjectId_V1-2-75255463483393841ad623c260500c31-275092613962425801-177614287|True|(-0.004, 0.155, 0.002)|(7.53924951E-06, -0.004799631, -0.00157077773, 0.999987245)|(0.85, 0.045, 0.6)
GlobalObjectId_V1-2-75255463483393841ad623c260500c31-275092613962425801-1802634647|True|(-0.004, 0.155, 0.002)|(7.53924951E-06, -0.004799631, -0.00157077773, 0.999987245)|(0.85, 0.045, 0.6)
GlobalObjectId_V1-2-75255463483393841ad623c260500c31-275092613962425801-1890397674|True|(-0.004, 0.155, 0.002)|(7.53924951E-06, -0.004799631, -0.00157077773, 0.999987245)|(0.85, 0.045, 0.6)
GlobalObjectId_V1-2-75255463483393841ad623c260500c31-275092613962425801-1899348449|True|(-0.004, 0.155, 0.002)|(7.53924951E-06, -0.004799631, -0.00157077773, 0.999987245)|(0.85, 0.045, 0.6)
GlobalObjectId_V1-2-75255463483393841ad623c260500c31-275092613962425801-1931660283|True|(-0.004, 0.155, 0.002)|(7.53924951E-06, -0.004799631, -0.00157077773, 0.999987245)|(0.85, 0.045, 0.6)
GlobalObjectId_V1-2-75255463483393841ad623c260500c31-275092613962425801-2008804692|True|(-0.004, 0.155, 0.002)|(7.53924951E-06, -0.004799631, -0.00157077773, 0.999987245)|(0.85, 0.045, 0.6)
GlobalObjectId_V1-2-75255463483393841ad623c260500c31-275092613962425801-2120236441|True|(-0.004, 0.155, 0.002)|(7.53924951E-06, -0.004799631, -0.00157077773, 0.999987245)|(0.85, 0.045, 0.6)
GlobalObjectId_V1-2-75255463483393841ad623c260500c31-275092613962425801-255090835|True|(-0.004, 0.155, 0.002)|(7.53924951E-06, -0.004799631, -0.00157077773, 0.999987245)|(0.85, 0.045, 0.6)
GlobalObjectId_V1-2-75255463483393841ad623c260500c31-275092613962425801-261895982|True|(-0.004, 0.155, 0.002)|(7.53924951E-06, -0.004799631, -0.00157077773, 0.999987245)|(0.85, 0.045, 0.6)
GlobalObjectId_V1-2-75255463483393841ad623c260500c31-275092613962425801-346250313|True|(-0.004, 0.155, 0.002)|(7.53924951E-06, -0.004799631, -0.00157077773, 0.999987245)|(0.85, 0.045, 0.6)
GlobalObjectId_V1-2-75255463483393841ad623c260500c31-275092613962425801-374324541|True|(-0.004, 0.155, 0.002)|(7.53924951E-06, -0.004799631, -0.00157077773, 0.999987245)|(0.85, 0.045, 0.6)
GlobalObjectId_V1-2-75255463483393841ad623c260500c31-275092613962425801-39910857|True|(-0.004, 0.155, 0.002)|(7.53924951E-06, -0.004799631, -0.00157077773, 0.999987245)|(0.85, 0.045, 0.6)
GlobalObjectId_V1-2-75255463483393841ad623c260500c31-275092613962425801-415706150|True|(-0.004, 0.155, 0.002)|(7.53924951E-06, -0.004799631, -0.00157077773, 0.999987245)|(0.85, 0.045, 0.6)
GlobalObjectId_V1-2-75255463483393841ad623c260500c31-275092613962425801-420684188|True|(-0.004, 0.155, 0.002)|(7.53924951E-06, -0.004799631, -0.00157077773, 0.999987245)|(0.85, 0.045, 0.6)
GlobalObjectId_V1-2-75255463483393841ad623c260500c31-275092613962425801-448738566|True|(-0.004, 0.155, 0.002)|(7.53924951E-06, -0.004799631, -0.00157077773, 0.999987245)|(0.85, 0.045, 0.6)
GlobalObjectId_V1-2-75255463483393841ad623c260500c31-275092613962425801-455620735|True|(-0.004, 0.155, 0.002)|(7.53924951E-06, -0.004799631, -0.00157077773, 0.999987245)|(0.85, 0.045, 0.6)
GlobalObjectId_V1-2-75255463483393841ad623c260500c31-275092613962425801-462089741|True|(-0.004, 0.155, 0.002)|(7.53924951E-06, -0.004799631, -0.00157077773, 0.999987245)|(0.85, 0.045, 0.6)
GlobalObjectId_V1-2-75255463483393841ad623c260500c31-275092613962425801-471337410|True|(-0.004, 0.155, 0.002)|(7.53924951E-06, -0.004799631, -0.00157077773, 0.999987245)|(0.85, 0.045, 0.6)
GlobalObjectId_V1-2-75255463483393841ad623c260500c31-275092613962425801-514498336|True|(-0.004, 0.155, 0.002)|(7.53924951E-06, -0.004799631, -0.00157077773, 0.999987245)|(0.85, 0.045, 0.6)
GlobalObjectId_V1-2-75255463483393841ad623c260500c31-275092613962425801-570203299|True|(-0.004, 0.155, 0.002)|(7.53924951E-06, -0.004799631, -0.00157077773, 0.999987245)|(0.85, 0.045, 0.6)
GlobalObjectId_V1-2-75255463483393841ad623c260500c31-275092613962425801-577746331|True|(-0.004, 0.155, 0.002)|(7.53924951E-06, -0.004799631, -0.00157077773, 0.999987245)|(0.85, 0.045, 0.6)
GlobalObjectId_V1-2-75255463483393841ad623c260500c31-275092613962425801-614239699|True|(-0.004, 0.155, 0.002)|(7.53924951E-06, -0.004799631, -0.00157077773, 0.999987245)|(0.85, 0.045, 0.6)
GlobalObjectId_V1-2-75255463483393841ad623c260500c31-275092613962425801-720893779|True|(-0.004, 0.155, 0.002)|(7.53924951E-06, -0.004799631, -0.00157077773, 0.999987245)|(0.85, 0.045, 0.6)
GlobalObjectId_V1-2-75255463483393841ad623c260500c31-275092613962425801-759653167|True|(-0.004, 0.155, 0.002)|(7.53924951E-06, -0.004799631, -0.00157077773, 0.999987245)|(0.85, 0.045, 0.6)
GlobalObjectId_V1-2-75255463483393841ad623c260500c31-275092613962425801-788279421|True|(-0.004, 0.155, 0.002)|(7.53924951E-06, -0.004799631, -0.00157077773, 0.999987245)|(0.85, 0.045, 0.6)
GlobalObjectId_V1-2-75255463483393841ad623c260500c31-275092613962425801-801688379|True|(-0.004, 0.155, 0.002)|(7.53924951E-06, -0.004799631, -0.00157077773, 0.999987245)|(0.85, 0.045, 0.6)
GlobalObjectId_V1-2-75255463483393841ad623c260500c31-275092613962425801-827096132|True|(-0.004, 0.155, 0.002)|(7.53924951E-06, -0.004799631, -0.00157077773, 0.999987245)|(0.85, 0.045, 0.6)
GlobalObjectId_V1-2-75255463483393841ad623c260500c31-275092613962425801-841608481|True|(-0.004, 0.155, 0.002)|(7.53924951E-06, -0.004799631, -0.00157077773, 0.999987245)|(0.85, 0.045, 0.6)
GlobalObjectId_V1-2-75255463483393841ad623c260500c31-275092613962425801-866930353|True|(-0.004, 0.155, 0.002)|(7.53924951E-06, -0.004799631, -0.00157077773, 0.999987245)|(0.85, 0.045, 0.6)
GlobalObjectId_V1-2-75255463483393841ad623c260500c31-275920352-0|True|(0, 0, 0)|(0.7071068, 0, 0, 0.7071068)|(1, 1, 1)
GlobalObjectId_V1-2-75255463483393841ad623c260500c31-276710863-0|True|(0, 0, 0)|(0, 0, 0, 1)|(1, 1, 1)
GlobalObjectId_V1-2-75255463483393841ad623c260500c31-2794635657051445070-1342259368|True|(-5.96046434E-10, 0.00228805584, 1.49011609E-10)|(0.354422331, -0.1037755, 0.391010076, 0.843046)|(1, 1, 1)
GlobalObjectId_V1-2-75255463483393841ad623c260500c31-2794635657051445070-1807193877|True|(-5.96046434E-10, 0.00228805584, 1.49011609E-10)|(0.354422331, -0.1037755, 0.391010076, 0.843046)|(1, 1, 1)
GlobalObjectId_V1-2-75255463483393841ad623c260500c31-2794635657051445070-249137488|True|(-5.96046434E-10, 0.00228805584, 1.49011609E-10)|(0.354422331, -0.1037755, 0.391010076, 0.843046)|(1, 1, 1)
GlobalObjectId_V1-2-75255463483393841ad623c260500c31-2794635657051445070-325631740|True|(-5.96046434E-10, 0.00228805584, 1.49011609E-10)|(0.354422331, -0.1037755, 0.391010076, 0.843046)|(1, 1, 1)
GlobalObjectId_V1-2-75255463483393841ad623c260500c31-2794635657051445070-673208042|True|(-5.96046434E-10, 0.00228805584, 1.49011609E-10)|(0.354422331, -0.1037755, 0.391010076, 0.843046)|(1, 1, 1)
GlobalObjectId_V1-2-75255463483393841ad623c260500c31-2794635657051445070-726046513|True|(-5.96046434E-10, 0.00228805584, 1.49011609E-10)|(0.354422331, -0.1037755, 0.391010076, 0.843046)|(1, 1, 1)
GlobalObjectId_V1-2-75255463483393841ad623c260500c31-2810436281115290099-124650490|True|(5.96046434E-10, 0.00228805584, 1.49011609E-10)|(0.15505594, -0.0532032363, -0.04844784, 0.985281646)|(0.99999994, 1, 1)
GlobalObjectId_V1-2-75255463483393841ad623c260500c31-2810436281115290099-1376906811|True|(5.96046434E-10, 0.00228805584, 1.49011609E-10)|(0.15505594, -0.0532032363, -0.04844784, 0.985281646)|(0.99999994, 1, 1)
GlobalObjectId_V1-2-75255463483393841ad623c260500c31-2810436281115290099-1395087067|True|(5.96046434E-10, 0.00228805584, 1.49011609E-10)|(0.15505594, -0.0532032363, -0.04844784, 0.985281646)|(0.99999994, 1, 1)
GlobalObjectId_V1-2-75255463483393841ad623c260500c31-2810436281115290099-589898910|True|(5.96046434E-10, 0.00228805584, 1.49011609E-10)|(0.15505594, -0.0532032363, -0.04844784, 0.985281646)|(0.99999994, 1, 1)
GlobalObjectId_V1-2-75255463483393841ad623c260500c31-2810436281115290099-951118863|True|(5.96046434E-10, 0.00228805584, 1.49011609E-10)|(0.15505594, -0.0532032363, -0.04844784, 0.985281646)|(0.99999994, 1, 1)
GlobalObjectId_V1-2-75255463483393841ad623c260500c31-2810436281115290099-997839571|True|(5.96046434E-10, 0.00228805584, 1.49011609E-10)|(0.15505594, -0.0532032363, -0.04844784, 0.985281646)|(0.99999994, 1, 1)
GlobalObjectId_V1-2-75255463483393841ad623c260500c31-282812931-0|True|(0, 0, 0)|(0.7071068, 0, 0, 0.7071068)|(1, 1, 1)
GlobalObjectId_V1-2-75255463483393841ad623c260500c31-284160736-0|True|(0, 0, 0)|(0.7071068, 0, 0, 0.7071068)|(1, 1, 1)
GlobalObjectId_V1-2-75255463483393841ad623c260500c31-285106435218534129-124650490|True|(0.00160000008, 0, 0)|(0.9871956, 0.112429716, 0.112429671, -0.0128043881)|(1.00000036, 1.00000012, 1)
GlobalObjectId_V1-2-75255463483393841ad623c260500c31-285106435218534129-1376906811|True|(0.00160000008, 0, 0)|(0.9871956, 0.112429716, 0.112429671, -0.0128043881)|(1.00000036, 1.00000012, 1)
GlobalObjectId_V1-2-75255463483393841ad623c260500c31-285106435218534129-1395087067|True|(0.00160000008, 0, 0)|(0.9871956, 0.112429716, 0.112429671, -0.0128043881)|(1.00000036, 1.00000012, 1)
GlobalObjectId_V1-2-75255463483393841ad623c260500c31-285106435218534129-589898910|True|(0.00160000008, 0, 0)|(0.9871956, 0.112429716, 0.112429671, -0.0128043881)|(1.00000036, 1.00000012, 1)
GlobalObjectId_V1-2-75255463483393841ad623c260500c31-285106435218534129-951118863|True|(0.00160000008, 0, 0)|(0.9871956, 0.112429716, 0.112429671, -0.0128043881)|(1.00000036, 1.00000012, 1)
GlobalObjectId_V1-2-75255463483393841ad623c260500c31-285106435218534129-997839571|True|(0.00160000008, 0, 0)|(0.9871956, 0.112429716, 0.112429671, -0.0128043881)|(1.00000036, 1.00000012, 1)
GlobalObjectId_V1-2-75255463483393841ad623c260500c31-285368904-0|True|(0, 0, 0)|(0, 0, 0, 1)|(1, 1, 1)
GlobalObjectId_V1-2-75255463483393841ad623c260500c31-285368905-0|{"MonoBehaviour":{"m_Enabled":true,"m_EditorHideFlags":0,"m_Name":"","m_EditorClassIdentifier":"Assembly-CSharp::HighwayHazard","visual":{"instanceID":0},"barrierArm":{"instanceID":0},"signal":{"instanceID":0},"warning":{"instanceID":0},"laneIndex":1,"breakHealth":0.0,"warningSeconds":1.7999999523162842,"cycleSeconds":6.0,"crossingDistance":0.0}}
GlobalObjectId_V1-2-75255463483393841ad623c260500c31-286245139-0|True|(0, 0, 0)|(0.7071068, 0, 0, 0.7071068)|(1, 1, 1)
GlobalObjectId_V1-2-75255463483393841ad623c260500c31-287425977-0|True|(0, 0, 0)|(0.7071068, 0, 0, 0.7071068)|(1, 1, 1)
GlobalObjectId_V1-2-75255463483393841ad623c260500c31-288101205-0|True|(0, 0, 0)|(0.7071068, 0, 0, 0.7071068)|(1, 1, 1)
GlobalObjectId_V1-2-75255463483393841ad623c260500c31-2910850956693286416-1278433063|True|(0, 0, 0)|(0, 0, 0, 1)|(0.28, 0.28, 0.28)
GlobalObjectId_V1-2-75255463483393841ad623c260500c31-2910850956693286416-1796550201|True|(0, 0, 0)|(0, 0, 0, 1)|(0.28, 0.28, 0.28)
GlobalObjectId_V1-2-75255463483393841ad623c260500c31-2910850956693286416-227182643|True|(0, 0, 0)|(0, 0, 0, 1)|(0.28, 0.28, 0.28)
GlobalObjectId_V1-2-75255463483393841ad623c260500c31-2910850956693286416-4508494|True|(0, 0, 0)|(0, 0, 0, 1)|(0.28, 0.28, 0.28)
GlobalObjectId_V1-2-75255463483393841ad623c260500c31-2910850956693286416-493544818|True|(0, 0, 0)|(0, 0, 0, 1)|(0.28, 0.28, 0.28)
GlobalObjectId_V1-2-75255463483393841ad623c260500c31-2910850956693286416-537414647|True|(0, 0, 0)|(0, 0, 0, 1)|(0.28, 0.28, 0.28)
GlobalObjectId_V1-2-75255463483393841ad623c260500c31-2910850956693286416-616789302|True|(0, 0, 0)|(0, 0, 0, 1)|(0.28, 0.28, 0.28)
GlobalObjectId_V1-2-75255463483393841ad623c260500c31-2910850956693286416-828342056|True|(0, 0, 0)|(0, 0, 0, 1)|(0.28, 0.28, 0.28)
GlobalObjectId_V1-2-75255463483393841ad623c260500c31-2910850956693286416-863157045|True|(0, 0, 0)|(0, 0, 0, 1)|(0.28, 0.28, 0.28)
GlobalObjectId_V1-2-75255463483393841ad623c260500c31-2910850956693286416-950912075|True|(0, 0, 0)|(0, 0, 0, 1)|(0.28, 0.28, 0.28)
GlobalObjectId_V1-2-75255463483393841ad623c260500c31-2915544699547061178-1054006661|True|(0, 0, 0)|(0.7071068, 0, 0, 0.7071068)|(0.8208, 0.8208, 1)
GlobalObjectId_V1-2-75255463483393841ad623c260500c31-2915544699547061178-1066520553|True|(0, 0, 0)|(0.7071068, 0, 0, 0.7071068)|(0.8208, 0.8208, 1)
GlobalObjectId_V1-2-75255463483393841ad623c260500c31-2915544699547061178-1075442592|True|(0, 0, 0)|(0.7071068, 0, 0, 0.7071068)|(0.8208, 0.8208, 1)
GlobalObjectId_V1-2-75255463483393841ad623c260500c31-2915544699547061178-1123419265|True|(0, 0, 0)|(0.7071068, 0, 0, 0.7071068)|(0.8208, 0.8208, 1)
GlobalObjectId_V1-2-75255463483393841ad623c260500c31-2915544699547061178-1189067973|True|(0, 0, 0)|(0.7071068, 0, 0, 0.7071068)|(0.8208, 0.8208, 1)
GlobalObjectId_V1-2-75255463483393841ad623c260500c31-2915544699547061178-1213532434|True|(0, 0, 0)|(0.7071068, 0, 0, 0.7071068)|(0.8208, 0.8208, 1)
GlobalObjectId_V1-2-75255463483393841ad623c260500c31-2915544699547061178-1231942770|True|(0, 0, 0)|(0.7071068, 0, 0, 0.7071068)|(0.8208, 0.8208, 1)
GlobalObjectId_V1-2-75255463483393841ad623c260500c31-2915544699547061178-1273255913|True|(0, 0, 0)|(0.7071068, 0, 0, 0.7071068)|(0.8208, 0.8208, 1)
GlobalObjectId_V1-2-75255463483393841ad623c260500c31-2915544699547061178-1278822786|True|(0, 0, 0)|(0.7071068, 0, 0, 0.7071068)|(0.8208, 0.8208, 1)
GlobalObjectId_V1-2-75255463483393841ad623c260500c31-2915544699547061178-1289928147|True|(0, 0, 0)|(0.7071068, 0, 0, 0.7071068)|(0.8208, 0.8208, 1)
GlobalObjectId_V1-2-75255463483393841ad623c260500c31-2915544699547061178-1306169864|True|(0, 0, 0)|(0.7071068, 0, 0, 0.7071068)|(0.8208, 0.8208, 1)
GlobalObjectId_V1-2-75255463483393841ad623c260500c31-2915544699547061178-134612628|True|(0, 0, 0)|(0.7071068, 0, 0, 0.7071068)|(0.8208, 0.8208, 1)
GlobalObjectId_V1-2-75255463483393841ad623c260500c31-2915544699547061178-1362226918|True|(0, 0, 0)|(0.7071068, 0, 0, 0.7071068)|(0.8208, 0.8208, 1)
GlobalObjectId_V1-2-75255463483393841ad623c260500c31-2915544699547061178-1446791577|True|(0, 0, 0)|(0.7071068, 0, 0, 0.7071068)|(0.8208, 0.8208, 1)
GlobalObjectId_V1-2-75255463483393841ad623c260500c31-2915544699547061178-1453559021|True|(0, 0, 0)|(0.7071068, 0, 0, 0.7071068)|(0.8208, 0.8208, 1)
GlobalObjectId_V1-2-75255463483393841ad623c260500c31-2915544699547061178-1474131409|True|(0, 0, 0)|(0.7071068, 0, 0, 0.7071068)|(0.8208, 0.8208, 1)
GlobalObjectId_V1-2-75255463483393841ad623c260500c31-2915544699547061178-1523898307|True|(0, 0, 0)|(0.7071068, 0, 0, 0.7071068)|(0.8208, 0.8208, 1)
GlobalObjectId_V1-2-75255463483393841ad623c260500c31-2915544699547061178-1589411330|True|(0, 0, 0)|(0.7071068, 0, 0, 0.7071068)|(0.8208, 0.8208, 1)
GlobalObjectId_V1-2-75255463483393841ad623c260500c31-2915544699547061178-1669245919|True|(0, 0, 0)|(0.7071068, 0, 0, 0.7071068)|(0.8208, 0.8208, 1)
GlobalObjectId_V1-2-75255463483393841ad623c260500c31-2915544699547061178-1737122726|True|(0, 0, 0)|(0.7071068, 0, 0, 0.7071068)|(0.8208, 0.8208, 1)
GlobalObjectId_V1-2-75255463483393841ad623c260500c31-2915544699547061178-1741248142|True|(0, 0, 0)|(0.7071068, 0, 0, 0.7071068)|(0.8208, 0.8208, 1)
GlobalObjectId_V1-2-75255463483393841ad623c260500c31-2915544699547061178-177614287|True|(0, 0, 0)|(0.7071068, 0, 0, 0.7071068)|(0.8208, 0.8208, 1)
GlobalObjectId_V1-2-75255463483393841ad623c260500c31-2915544699547061178-1802634647|True|(0, 0, 0)|(0.7071068, 0, 0, 0.7071068)|(0.8208, 0.8208, 1)
GlobalObjectId_V1-2-75255463483393841ad623c260500c31-2915544699547061178-1890397674|True|(0, 0, 0)|(0.7071068, 0, 0, 0.7071068)|(0.8208, 0.8208, 1)
GlobalObjectId_V1-2-75255463483393841ad623c260500c31-2915544699547061178-1899348449|True|(0, 0, 0)|(0.7071068, 0, 0, 0.7071068)|(0.8208, 0.8208, 1)
GlobalObjectId_V1-2-75255463483393841ad623c260500c31-2915544699547061178-1931660283|True|(0, 0, 0)|(0.7071068, 0, 0, 0.7071068)|(0.8208, 0.8208, 1)
GlobalObjectId_V1-2-75255463483393841ad623c260500c31-2915544699547061178-2008804692|True|(0, 0, 0)|(0.7071068, 0, 0, 0.7071068)|(0.8208, 0.8208, 1)
GlobalObjectId_V1-2-75255463483393841ad623c260500c31-2915544699547061178-2120236441|True|(0, 0, 0)|(0.7071068, 0, 0, 0.7071068)|(0.8208, 0.8208, 1)
GlobalObjectId_V1-2-75255463483393841ad623c260500c31-2915544699547061178-255090835|True|(0, 0, 0)|(0.7071068, 0, 0, 0.7071068)|(0.8208, 0.8208, 1)
GlobalObjectId_V1-2-75255463483393841ad623c260500c31-2915544699547061178-261895982|True|(0, 0, 0)|(0.7071068, 0, 0, 0.7071068)|(0.8208, 0.8208, 1)
GlobalObjectId_V1-2-75255463483393841ad623c260500c31-2915544699547061178-346250313|True|(0, 0, 0)|(0.7071068, 0, 0, 0.7071068)|(0.8208, 0.8208, 1)
GlobalObjectId_V1-2-75255463483393841ad623c260500c31-2915544699547061178-374324541|True|(0, 0, 0)|(0.7071068, 0, 0, 0.7071068)|(0.8208, 0.8208, 1)
GlobalObjectId_V1-2-75255463483393841ad623c260500c31-2915544699547061178-39910857|True|(0, 0, 0)|(0.7071068, 0, 0, 0.7071068)|(0.8208, 0.8208, 1)
GlobalObjectId_V1-2-75255463483393841ad623c260500c31-2915544699547061178-415706150|True|(0, 0, 0)|(0.7071068, 0, 0, 0.7071068)|(0.8208, 0.8208, 1)
GlobalObjectId_V1-2-75255463483393841ad623c260500c31-2915544699547061178-420684188|True|(0, 0, 0)|(0.7071068, 0, 0, 0.7071068)|(0.8208, 0.8208, 1)
GlobalObjectId_V1-2-75255463483393841ad623c260500c31-2915544699547061178-448738566|True|(0, 0, 0)|(0.7071068, 0, 0, 0.7071068)|(0.8208, 0.8208, 1)
GlobalObjectId_V1-2-75255463483393841ad623c260500c31-2915544699547061178-455620735|True|(0, 0, 0)|(0.7071068, 0, 0, 0.7071068)|(0.8208, 0.8208, 1)
GlobalObjectId_V1-2-75255463483393841ad623c260500c31-2915544699547061178-462089741|True|(0, 0, 0)|(0.7071068, 0, 0, 0.7071068)|(0.8208, 0.8208, 1)
GlobalObjectId_V1-2-75255463483393841ad623c260500c31-2915544699547061178-471337410|True|(0, 0, 0)|(0.7071068, 0, 0, 0.7071068)|(0.8208, 0.8208, 1)
GlobalObjectId_V1-2-75255463483393841ad623c260500c31-2915544699547061178-514498336|True|(0, 0, 0)|(0.7071068, 0, 0, 0.7071068)|(0.8208, 0.8208, 1)
GlobalObjectId_V1-2-75255463483393841ad623c260500c31-2915544699547061178-570203299|True|(0, 0, 0)|(0.7071068, 0, 0, 0.7071068)|(0.8208, 0.8208, 1)
GlobalObjectId_V1-2-75255463483393841ad623c260500c31-2915544699547061178-577746331|True|(0, 0, 0)|(0.7071068, 0, 0, 0.7071068)|(0.8208, 0.8208, 1)
GlobalObjectId_V1-2-75255463483393841ad623c260500c31-2915544699547061178-614239699|True|(0, 0, 0)|(0.7071068, 0, 0, 0.7071068)|(0.8208, 0.8208, 1)
GlobalObjectId_V1-2-75255463483393841ad623c260500c31-2915544699547061178-720893779|True|(0, 0, 0)|(0.7071068, 0, 0, 0.7071068)|(0.8208, 0.8208, 1)
GlobalObjectId_V1-2-75255463483393841ad623c260500c31-2915544699547061178-759653167|True|(0, 0, 0)|(0.7071068, 0, 0, 0.7071068)|(0.8208, 0.8208, 1)
GlobalObjectId_V1-2-75255463483393841ad623c260500c31-2915544699547061178-788279421|True|(0, 0, 0)|(0.7071068, 0, 0, 0.7071068)|(0.8208, 0.8208, 1)
GlobalObjectId_V1-2-75255463483393841ad623c260500c31-2915544699547061178-801688379|True|(0, 0, 0)|(0.7071068, 0, 0, 0.7071068)|(0.8208, 0.8208, 1)
GlobalObjectId_V1-2-75255463483393841ad623c260500c31-2915544699547061178-827096132|True|(0, 0, 0)|(0.7071068, 0, 0, 0.7071068)|(0.8208, 0.8208, 1)
GlobalObjectId_V1-2-75255463483393841ad623c260500c31-2915544699547061178-841608481|True|(0, 0, 0)|(0.7071068, 0, 0, 0.7071068)|(0.8208, 0.8208, 1)
GlobalObjectId_V1-2-75255463483393841ad623c260500c31-2915544699547061178-866930353|True|(0, 0, 0)|(0.7071068, 0, 0, 0.7071068)|(0.8208, 0.8208, 1)
GlobalObjectId_V1-2-75255463483393841ad623c260500c31-292935091-0|True|(0, 0, 0)|(0.7071068, 0, 0, 0.7071068)|(1, 1, 1)
GlobalObjectId_V1-2-75255463483393841ad623c260500c31-2930595459402590830-1054006661|True|(0, 0.295, -0.306)|(0, 0, 0, 1)|(0.247, 0.247, 1)
GlobalObjectId_V1-2-75255463483393841ad623c260500c31-2930595459402590830-1066520553|True|(0, 0.295, -0.306)|(0, 0, 0, 1)|(0.247, 0.247, 1)
GlobalObjectId_V1-2-75255463483393841ad623c260500c31-2930595459402590830-1075442592|True|(0, 0.295, -0.306)|(0, 0, 0, 1)|(0.247, 0.247, 1)
GlobalObjectId_V1-2-75255463483393841ad623c260500c31-2930595459402590830-1123419265|True|(0, 0.295, -0.306)|(0, 0, 0, 1)|(0.247, 0.247, 1)
GlobalObjectId_V1-2-75255463483393841ad623c260500c31-2930595459402590830-1189067973|True|(0, 0.295, -0.306)|(0, 0, 0, 1)|(0.247, 0.247, 1)
GlobalObjectId_V1-2-75255463483393841ad623c260500c31-2930595459402590830-1213532434|True|(0, 0.295, -0.306)|(0, 0, 0, 1)|(0.247, 0.247, 1)
GlobalObjectId_V1-2-75255463483393841ad623c260500c31-2930595459402590830-1231942770|True|(0, 0.295, -0.306)|(0, 0, 0, 1)|(0.247, 0.247, 1)
GlobalObjectId_V1-2-75255463483393841ad623c260500c31-2930595459402590830-1273255913|True|(0, 0.295, -0.306)|(0, 0, 0, 1)|(0.247, 0.247, 1)
GlobalObjectId_V1-2-75255463483393841ad623c260500c31-2930595459402590830-1278822786|True|(0, 0.295, -0.306)|(0, 0, 0, 1)|(0.247, 0.247, 1)
GlobalObjectId_V1-2-75255463483393841ad623c260500c31-2930595459402590830-1289928147|True|(0, 0.295, -0.306)|(0, 0, 0, 1)|(0.247, 0.247, 1)
GlobalObjectId_V1-2-75255463483393841ad623c260500c31-2930595459402590830-1306169864|True|(0, 0.295, -0.306)|(0, 0, 0, 1)|(0.247, 0.247, 1)
GlobalObjectId_V1-2-75255463483393841ad623c260500c31-2930595459402590830-134612628|True|(0, 0.295, -0.306)|(0, 0, 0, 1)|(0.247, 0.247, 1)
GlobalObjectId_V1-2-75255463483393841ad623c260500c31-2930595459402590830-1362226918|True|(0, 0.295, -0.306)|(0, 0, 0, 1)|(0.247, 0.247, 1)
GlobalObjectId_V1-2-75255463483393841ad623c260500c31-2930595459402590830-1446791577|True|(0, 0.295, -0.306)|(0, 0, 0, 1)|(0.247, 0.247, 1)
GlobalObjectId_V1-2-75255463483393841ad623c260500c31-2930595459402590830-1453559021|True|(0, 0.295, -0.306)|(0, 0, 0, 1)|(0.247, 0.247, 1)
GlobalObjectId_V1-2-75255463483393841ad623c260500c31-2930595459402590830-1474131409|True|(0, 0.295, -0.306)|(0, 0, 0, 1)|(0.247, 0.247, 1)
GlobalObjectId_V1-2-75255463483393841ad623c260500c31-2930595459402590830-1523898307|True|(0, 0.295, -0.306)|(0, 0, 0, 1)|(0.247, 0.247, 1)
GlobalObjectId_V1-2-75255463483393841ad623c260500c31-2930595459402590830-1589411330|True|(0, 0.295, -0.306)|(0, 0, 0, 1)|(0.247, 0.247, 1)
GlobalObjectId_V1-2-75255463483393841ad623c260500c31-2930595459402590830-1669245919|True|(0, 0.295, -0.306)|(0, 0, 0, 1)|(0.247, 0.247, 1)
GlobalObjectId_V1-2-75255463483393841ad623c260500c31-2930595459402590830-1737122726|True|(0, 0.295, -0.306)|(0, 0, 0, 1)|(0.247, 0.247, 1)
GlobalObjectId_V1-2-75255463483393841ad623c260500c31-2930595459402590830-1741248142|True|(0, 0.295, -0.306)|(0, 0, 0, 1)|(0.247, 0.247, 1)
GlobalObjectId_V1-2-75255463483393841ad623c260500c31-2930595459402590830-177614287|True|(0, 0.295, -0.306)|(0, 0, 0, 1)|(0.247, 0.247, 1)
GlobalObjectId_V1-2-75255463483393841ad623c260500c31-2930595459402590830-1802634647|True|(0, 0.295, -0.306)|(0, 0, 0, 1)|(0.247, 0.247, 1)
GlobalObjectId_V1-2-75255463483393841ad623c260500c31-2930595459402590830-1890397674|True|(0, 0.295, -0.306)|(0, 0, 0, 1)|(0.247, 0.247, 1)
GlobalObjectId_V1-2-75255463483393841ad623c260500c31-2930595459402590830-1899348449|True|(0, 0.295, -0.306)|(0, 0, 0, 1)|(0.247, 0.247, 1)
GlobalObjectId_V1-2-75255463483393841ad623c260500c31-2930595459402590830-1931660283|True|(0, 0.295, -0.306)|(0, 0, 0, 1)|(0.247, 0.247, 1)
GlobalObjectId_V1-2-75255463483393841ad623c260500c31-2930595459402590830-2008804692|True|(0, 0.295, -0.306)|(0, 0, 0, 1)|(0.247, 0.247, 1)
GlobalObjectId_V1-2-75255463483393841ad623c260500c31-2930595459402590830-2120236441|True|(0, 0.295, -0.306)|(0, 0, 0, 1)|(0.247, 0.247, 1)
GlobalObjectId_V1-2-75255463483393841ad623c260500c31-2930595459402590830-255090835|True|(0, 0.295, -0.306)|(0, 0, 0, 1)|(0.247, 0.247, 1)
GlobalObjectId_V1-2-75255463483393841ad623c260500c31-2930595459402590830-261895982|True|(0, 0.295, -0.306)|(0, 0, 0, 1)|(0.247, 0.247, 1)
GlobalObjectId_V1-2-75255463483393841ad623c260500c31-2930595459402590830-346250313|True|(0, 0.295, -0.306)|(0, 0, 0, 1)|(0.247, 0.247, 1)
GlobalObjectId_V1-2-75255463483393841ad623c260500c31-2930595459402590830-374324541|True|(0, 0.295, -0.306)|(0, 0, 0, 1)|(0.247, 0.247, 1)
GlobalObjectId_V1-2-75255463483393841ad623c260500c31-2930595459402590830-39910857|True|(0, 0.295, -0.306)|(0, 0, 0, 1)|(0.247, 0.247, 1)
GlobalObjectId_V1-2-75255463483393841ad623c260500c31-2930595459402590830-415706150|True|(0, 0.295, -0.306)|(0, 0, 0, 1)|(0.247, 0.247, 1)
GlobalObjectId_V1-2-75255463483393841ad623c260500c31-2930595459402590830-420684188|True|(0, 0.295, -0.306)|(0, 0, 0, 1)|(0.247, 0.247, 1)
GlobalObjectId_V1-2-75255463483393841ad623c260500c31-2930595459402590830-448738566|True|(0, 0.295, -0.306)|(0, 0, 0, 1)|(0.247, 0.247, 1)
GlobalObjectId_V1-2-75255463483393841ad623c260500c31-2930595459402590830-455620735|True|(0, 0.295, -0.306)|(0, 0, 0, 1)|(0.247, 0.247, 1)
GlobalObjectId_V1-2-75255463483393841ad623c260500c31-2930595459402590830-462089741|True|(0, 0.295, -0.306)|(0, 0, 0, 1)|(0.247, 0.247, 1)
GlobalObjectId_V1-2-75255463483393841ad623c260500c31-2930595459402590830-471337410|True|(0, 0.295, -0.306)|(0, 0, 0, 1)|(0.247, 0.247, 1)
GlobalObjectId_V1-2-75255463483393841ad623c260500c31-2930595459402590830-514498336|True|(0, 0.295, -0.306)|(0, 0, 0, 1)|(0.247, 0.247, 1)
GlobalObjectId_V1-2-75255463483393841ad623c260500c31-2930595459402590830-570203299|True|(0, 0.295, -0.306)|(0, 0, 0, 1)|(0.247, 0.247, 1)
GlobalObjectId_V1-2-75255463483393841ad623c260500c31-2930595459402590830-577746331|True|(0, 0.295, -0.306)|(0, 0, 0, 1)|(0.247, 0.247, 1)
GlobalObjectId_V1-2-75255463483393841ad623c260500c31-2930595459402590830-614239699|True|(0, 0.295, -0.306)|(0, 0, 0, 1)|(0.247, 0.247, 1)
GlobalObjectId_V1-2-75255463483393841ad623c260500c31-2930595459402590830-720893779|True|(0, 0.295, -0.306)|(0, 0, 0, 1)|(0.247, 0.247, 1)
GlobalObjectId_V1-2-75255463483393841ad623c260500c31-2930595459402590830-759653167|True|(0, 0.295, -0.306)|(0, 0, 0, 1)|(0.247, 0.247, 1)
GlobalObjectId_V1-2-75255463483393841ad623c260500c31-2930595459402590830-788279421|True|(0, 0.295, -0.306)|(0, 0, 0, 1)|(0.247, 0.247, 1)
GlobalObjectId_V1-2-75255463483393841ad623c260500c31-2930595459402590830-801688379|True|(0, 0.295, -0.306)|(0, 0, 0, 1)|(0.247, 0.247, 1)
GlobalObjectId_V1-2-75255463483393841ad623c260500c31-2930595459402590830-827096132|True|(0, 0.295, -0.306)|(0, 0, 0, 1)|(0.247, 0.247, 1)
GlobalObjectId_V1-2-75255463483393841ad623c260500c31-2930595459402590830-841608481|True|(0, 0.295, -0.306)|(0, 0, 0, 1)|(0.247, 0.247, 1)
GlobalObjectId_V1-2-75255463483393841ad623c260500c31-2930595459402590830-866930353|True|(0, 0.295, -0.306)|(0, 0, 0, 1)|(0.247, 0.247, 1)
GlobalObjectId_V1-2-75255463483393841ad623c260500c31-296402863-0|True|(110, 5, 220)|(0, 0.7071068, 0, 0.7071068)|(1, 1, 1)
GlobalObjectId_V1-2-75255463483393841ad623c260500c31-296596519-0|True|(0, 0, 0)|(0.7071068, 0, 0, 0.7071068)|(1, 1, 1)
GlobalObjectId_V1-2-75255463483393841ad623c260500c31-297619032-0|True|(0, 0, 0)|(0.7071068, 0, 0, 0.7071068)|(1, 1, 1)
GlobalObjectId_V1-2-75255463483393841ad623c260500c31-299998653-0|True|(0, 0, 0)|(0.7071068, 0, 0, 0.7071068)|(1, 1, 1)
GlobalObjectId_V1-2-75255463483393841ad623c260500c31-30089877-0|True|(-7.000125, 5.0800004, 225.9546)|(0, 0.6568814, 0, 0.7539939)|(1, 1, 1)
GlobalObjectId_V1-2-75255463483393841ad623c260500c31-301923954-0|True|(-156.922409, 0.663865149, -257.008972)|(0, 0.00980098452, 0, 0.999951959)|(1, 1, 1)
GlobalObjectId_V1-2-75255463483393841ad623c260500c31-3037395007835378636-1054006661|True|(0.318, 0.295, -0.286)|(0, 0, 0.00392698031, 0.9999923)|(0.045, 0.3, 0.03)
GlobalObjectId_V1-2-75255463483393841ad623c260500c31-3037395007835378636-1066520553|True|(0.318, 0.295, -0.286)|(0, 0, 0.00392698031, 0.9999923)|(0.045, 0.3, 0.03)
GlobalObjectId_V1-2-75255463483393841ad623c260500c31-3037395007835378636-1075442592|True|(0.318, 0.295, -0.286)|(0, 0, 0.00392698031, 0.9999923)|(0.045, 0.3, 0.03)
GlobalObjectId_V1-2-75255463483393841ad623c260500c31-3037395007835378636-1123419265|True|(0.318, 0.295, -0.286)|(0, 0, 0.00392698031, 0.9999923)|(0.045, 0.3, 0.03)
GlobalObjectId_V1-2-75255463483393841ad623c260500c31-3037395007835378636-1189067973|True|(0.318, 0.295, -0.286)|(0, 0, 0.00392698031, 0.9999923)|(0.045, 0.3, 0.03)
GlobalObjectId_V1-2-75255463483393841ad623c260500c31-3037395007835378636-1213532434|True|(0.318, 0.295, -0.286)|(0, 0, 0.00392698031, 0.9999923)|(0.045, 0.3, 0.03)
GlobalObjectId_V1-2-75255463483393841ad623c260500c31-3037395007835378636-1231942770|True|(0.318, 0.295, -0.286)|(0, 0, 0.00392698031, 0.9999923)|(0.045, 0.3, 0.03)
GlobalObjectId_V1-2-75255463483393841ad623c260500c31-3037395007835378636-1273255913|True|(0.318, 0.295, -0.286)|(0, 0, 0.00392698031, 0.9999923)|(0.045, 0.3, 0.03)
GlobalObjectId_V1-2-75255463483393841ad623c260500c31-3037395007835378636-1278822786|True|(0.318, 0.295, -0.286)|(0, 0, 0.00392698031, 0.9999923)|(0.045, 0.3, 0.03)
GlobalObjectId_V1-2-75255463483393841ad623c260500c31-3037395007835378636-1289928147|True|(0.318, 0.295, -0.286)|(0, 0, 0.00392698031, 0.9999923)|(0.045, 0.3, 0.03)
GlobalObjectId_V1-2-75255463483393841ad623c260500c31-3037395007835378636-1306169864|True|(0.318, 0.295, -0.286)|(0, 0, 0.00392698031, 0.9999923)|(0.045, 0.3, 0.03)
GlobalObjectId_V1-2-75255463483393841ad623c260500c31-3037395007835378636-134612628|True|(0.318, 0.295, -0.286)|(0, 0, 0.00392698031, 0.9999923)|(0.045, 0.3, 0.03)
GlobalObjectId_V1-2-75255463483393841ad623c260500c31-3037395007835378636-1362226918|True|(0.318, 0.295, -0.286)|(0, 0, 0.00392698031, 0.9999923)|(0.045, 0.3, 0.03)
GlobalObjectId_V1-2-75255463483393841ad623c260500c31-3037395007835378636-1446791577|True|(0.318, 0.295, -0.286)|(0, 0, 0.00392698031, 0.9999923)|(0.045, 0.3, 0.03)
GlobalObjectId_V1-2-75255463483393841ad623c260500c31-3037395007835378636-1453559021|True|(0.318, 0.295, -0.286)|(0, 0, 0.00392698031, 0.9999923)|(0.045, 0.3, 0.03)
GlobalObjectId_V1-2-75255463483393841ad623c260500c31-3037395007835378636-1474131409|True|(0.318, 0.295, -0.286)|(0, 0, 0.00392698031, 0.9999923)|(0.045, 0.3, 0.03)
GlobalObjectId_V1-2-75255463483393841ad623c260500c31-3037395007835378636-1523898307|True|(0.318, 0.295, -0.286)|(0, 0, 0.00392698031, 0.9999923)|(0.045, 0.3, 0.03)
GlobalObjectId_V1-2-75255463483393841ad623c260500c31-3037395007835378636-1589411330|True|(0.318, 0.295, -0.286)|(0, 0, 0.00392698031, 0.9999923)|(0.045, 0.3, 0.03)
GlobalObjectId_V1-2-75255463483393841ad623c260500c31-3037395007835378636-1669245919|True|(0.318, 0.295, -0.286)|(0, 0, 0.00392698031, 0.9999923)|(0.045, 0.3, 0.03)
GlobalObjectId_V1-2-75255463483393841ad623c260500c31-3037395007835378636-1737122726|True|(0.318, 0.295, -0.286)|(0, 0, 0.00392698031, 0.9999923)|(0.045, 0.3, 0.03)
GlobalObjectId_V1-2-75255463483393841ad623c260500c31-3037395007835378636-1741248142|True|(0.318, 0.295, -0.286)|(0, 0, 0.00392698031, 0.9999923)|(0.045, 0.3, 0.03)
GlobalObjectId_V1-2-75255463483393841ad623c260500c31-3037395007835378636-177614287|True|(0.318, 0.295, -0.286)|(0, 0, 0.00392698031, 0.9999923)|(0.045, 0.3, 0.03)
GlobalObjectId_V1-2-75255463483393841ad623c260500c31-3037395007835378636-1802634647|True|(0.318, 0.295, -0.286)|(0, 0, 0.00392698031, 0.9999923)|(0.045, 0.3, 0.03)
GlobalObjectId_V1-2-75255463483393841ad623c260500c31-3037395007835378636-1890397674|True|(0.318, 0.295, -0.286)|(0, 0, 0.00392698031, 0.9999923)|(0.045, 0.3, 0.03)
GlobalObjectId_V1-2-75255463483393841ad623c260500c31-3037395007835378636-1899348449|True|(0.318, 0.295, -0.286)|(0, 0, 0.00392698031, 0.9999923)|(0.045, 0.3, 0.03)
GlobalObjectId_V1-2-75255463483393841ad623c260500c31-3037395007835378636-1931660283|True|(0.318, 0.295, -0.286)|(0, 0, 0.00392698031, 0.9999923)|(0.045, 0.3, 0.03)
GlobalObjectId_V1-2-75255463483393841ad623c260500c31-3037395007835378636-2008804692|True|(0.318, 0.295, -0.286)|(0, 0, 0.00392698031, 0.9999923)|(0.045, 0.3, 0.03)
GlobalObjectId_V1-2-75255463483393841ad623c260500c31-3037395007835378636-2120236441|True|(0.318, 0.295, -0.286)|(0, 0, 0.00392698031, 0.9999923)|(0.045, 0.3, 0.03)
GlobalObjectId_V1-2-75255463483393841ad623c260500c31-3037395007835378636-255090835|True|(0.318, 0.295, -0.286)|(0, 0, 0.00392698031, 0.9999923)|(0.045, 0.3, 0.03)
GlobalObjectId_V1-2-75255463483393841ad623c260500c31-3037395007835378636-261895982|True|(0.318, 0.295, -0.286)|(0, 0, 0.00392698031, 0.9999923)|(0.045, 0.3, 0.03)
GlobalObjectId_V1-2-75255463483393841ad623c260500c31-3037395007835378636-346250313|True|(0.318, 0.295, -0.286)|(0, 0, 0.00392698031, 0.9999923)|(0.045, 0.3, 0.03)
GlobalObjectId_V1-2-75255463483393841ad623c260500c31-3037395007835378636-374324541|True|(0.318, 0.295, -0.286)|(0, 0, 0.00392698031, 0.9999923)|(0.045, 0.3, 0.03)
GlobalObjectId_V1-2-75255463483393841ad623c260500c31-3037395007835378636-39910857|True|(0.318, 0.295, -0.286)|(0, 0, 0.00392698031, 0.9999923)|(0.045, 0.3, 0.03)
GlobalObjectId_V1-2-75255463483393841ad623c260500c31-3037395007835378636-415706150|True|(0.318, 0.295, -0.286)|(0, 0, 0.00392698031, 0.9999923)|(0.045, 0.3, 0.03)
GlobalObjectId_V1-2-75255463483393841ad623c260500c31-3037395007835378636-420684188|True|(0.318, 0.295, -0.286)|(0, 0, 0.00392698031, 0.9999923)|(0.045, 0.3, 0.03)
GlobalObjectId_V1-2-75255463483393841ad623c260500c31-3037395007835378636-448738566|True|(0.318, 0.295, -0.286)|(0, 0, 0.00392698031, 0.9999923)|(0.045, 0.3, 0.03)
GlobalObjectId_V1-2-75255463483393841ad623c260500c31-3037395007835378636-455620735|True|(0.318, 0.295, -0.286)|(0, 0, 0.00392698031, 0.9999923)|(0.045, 0.3, 0.03)
GlobalObjectId_V1-2-75255463483393841ad623c260500c31-3037395007835378636-462089741|True|(0.318, 0.295, -0.286)|(0, 0, 0.00392698031, 0.9999923)|(0.045, 0.3, 0.03)
GlobalObjectId_V1-2-75255463483393841ad623c260500c31-3037395007835378636-471337410|True|(0.318, 0.295, -0.286)|(0, 0, 0.00392698031, 0.9999923)|(0.045, 0.3, 0.03)
GlobalObjectId_V1-2-75255463483393841ad623c260500c31-3037395007835378636-514498336|True|(0.318, 0.295, -0.286)|(0, 0, 0.00392698031, 0.9999923)|(0.045, 0.3, 0.03)
GlobalObjectId_V1-2-75255463483393841ad623c260500c31-3037395007835378636-570203299|True|(0.318, 0.295, -0.286)|(0, 0, 0.00392698031, 0.9999923)|(0.045, 0.3, 0.03)
GlobalObjectId_V1-2-75255463483393841ad623c260500c31-3037395007835378636-577746331|True|(0.318, 0.295, -0.286)|(0, 0, 0.00392698031, 0.9999923)|(0.045, 0.3, 0.03)
GlobalObjectId_V1-2-75255463483393841ad623c260500c31-3037395007835378636-614239699|True|(0.318, 0.295, -0.286)|(0, 0, 0.00392698031, 0.9999923)|(0.045, 0.3, 0.03)
GlobalObjectId_V1-2-75255463483393841ad623c260500c31-3037395007835378636-720893779|True|(0.318, 0.295, -0.286)|(0, 0, 0.00392698031, 0.9999923)|(0.045, 0.3, 0.03)
GlobalObjectId_V1-2-75255463483393841ad623c260500c31-3037395007835378636-759653167|True|(0.318, 0.295, -0.286)|(0, 0, 0.00392698031, 0.9999923)|(0.045, 0.3, 0.03)
GlobalObjectId_V1-2-75255463483393841ad623c260500c31-3037395007835378636-788279421|True|(0.318, 0.295, -0.286)|(0, 0, 0.00392698031, 0.9999923)|(0.045, 0.3, 0.03)
GlobalObjectId_V1-2-75255463483393841ad623c260500c31-3037395007835378636-801688379|True|(0.318, 0.295, -0.286)|(0, 0, 0.00392698031, 0.9999923)|(0.045, 0.3, 0.03)
GlobalObjectId_V1-2-75255463483393841ad623c260500c31-3037395007835378636-827096132|True|(0.318, 0.295, -0.286)|(0, 0, 0.00392698031, 0.9999923)|(0.045, 0.3, 0.03)
GlobalObjectId_V1-2-75255463483393841ad623c260500c31-3037395007835378636-841608481|True|(0.318, 0.295, -0.286)|(0, 0, 0.00392698031, 0.9999923)|(0.045, 0.3, 0.03)
GlobalObjectId_V1-2-75255463483393841ad623c260500c31-3037395007835378636-866930353|True|(0.318, 0.295, -0.286)|(0, 0, 0.00392698031, 0.9999923)|(0.045, 0.3, 0.03)
GlobalObjectId_V1-2-75255463483393841ad623c260500c31-3060535824806624875-1054006661|True|(0, 0, 0)|(0, 0, 0, 1)|(0.75, 1, 1)
GlobalObjectId_V1-2-75255463483393841ad623c260500c31-3060535824806624875-1066520553|True|(0, 0, 0)|(0, 0, 0, 1)|(0.75, 1, 1)
GlobalObjectId_V1-2-75255463483393841ad623c260500c31-3060535824806624875-1075442592|True|(0, 0, 0)|(0, 0, 0, 1)|(0.75, 1, 1)
GlobalObjectId_V1-2-75255463483393841ad623c260500c31-3060535824806624875-1123419265|True|(0, 0, 0)|(0, 0, 0, 1)|(0.75, 1, 1)
GlobalObjectId_V1-2-75255463483393841ad623c260500c31-3060535824806624875-1189067973|True|(0, 0, 0)|(0, 0, 0, 1)|(0.75, 1, 1)
GlobalObjectId_V1-2-75255463483393841ad623c260500c31-3060535824806624875-1213532434|True|(0, 0, 0)|(0, 0, 0, 1)|(0.75, 1, 1)
GlobalObjectId_V1-2-75255463483393841ad623c260500c31-3060535824806624875-1231942770|True|(0, 0, 0)|(0, 0, 0, 1)|(0.75, 1, 1)
GlobalObjectId_V1-2-75255463483393841ad623c260500c31-3060535824806624875-1273255913|True|(0, 0, 0)|(0, 0, 0, 1)|(0.75, 1, 1)
GlobalObjectId_V1-2-75255463483393841ad623c260500c31-3060535824806624875-1278822786|True|(0, 0, 0)|(0, 0, 0, 1)|(0.75, 1, 1)
GlobalObjectId_V1-2-75255463483393841ad623c260500c31-3060535824806624875-1289928147|True|(0, 0, 0)|(0, 0, 0, 1)|(0.75, 1, 1)
GlobalObjectId_V1-2-75255463483393841ad623c260500c31-3060535824806624875-1306169864|True|(0, 0, 0)|(0, 0, 0, 1)|(0.75, 1, 1)
GlobalObjectId_V1-2-75255463483393841ad623c260500c31-3060535824806624875-134612628|True|(0, 0, 0)|(0, 0, 0, 1)|(0.75, 1, 1)
GlobalObjectId_V1-2-75255463483393841ad623c260500c31-3060535824806624875-1362226918|True|(0, 0, 0)|(0, 0, 0, 1)|(0.75, 1, 1)
GlobalObjectId_V1-2-75255463483393841ad623c260500c31-3060535824806624875-1446791577|True|(0, 0, 0)|(0, 0, 0, 1)|(0.75, 1, 1)
GlobalObjectId_V1-2-75255463483393841ad623c260500c31-3060535824806624875-1453559021|True|(0, 0, 0)|(0, 0, 0, 1)|(0.75, 1, 1)
GlobalObjectId_V1-2-75255463483393841ad623c260500c31-3060535824806624875-1474131409|True|(0, 0, 0)|(0, 0, 0, 1)|(0.75, 1, 1)
GlobalObjectId_V1-2-75255463483393841ad623c260500c31-3060535824806624875-1523898307|True|(0, 0, 0)|(0, 0, 0, 1)|(0.75, 1, 1)
GlobalObjectId_V1-2-75255463483393841ad623c260500c31-3060535824806624875-1589411330|True|(0, 0, 0)|(0, 0, 0, 1)|(0.75, 1, 1)
GlobalObjectId_V1-2-75255463483393841ad623c260500c31-3060535824806624875-1669245919|True|(0, 0, 0)|(0, 0, 0, 1)|(0.75, 1, 1)
GlobalObjectId_V1-2-75255463483393841ad623c260500c31-3060535824806624875-1737122726|True|(0, 0, 0)|(0, 0, 0, 1)|(0.75, 1, 1)
GlobalObjectId_V1-2-75255463483393841ad623c260500c31-3060535824806624875-1741248142|True|(0, 0, 0)|(0, 0, 0, 1)|(0.75, 1, 1)
GlobalObjectId_V1-2-75255463483393841ad623c260500c31-3060535824806624875-177614287|True|(0, 0, 0)|(0, 0, 0, 1)|(0.75, 1, 1)
GlobalObjectId_V1-2-75255463483393841ad623c260500c31-3060535824806624875-1802634647|True|(0, 0, 0)|(0, 0, 0, 1)|(0.75, 1, 1)
GlobalObjectId_V1-2-75255463483393841ad623c260500c31-3060535824806624875-1890397674|True|(0, 0, 0)|(0, 0, 0, 1)|(0.75, 1, 1)
GlobalObjectId_V1-2-75255463483393841ad623c260500c31-3060535824806624875-1899348449|True|(0, 0, 0)|(0, 0, 0, 1)|(0.75, 1, 1)
GlobalObjectId_V1-2-75255463483393841ad623c260500c31-3060535824806624875-1931660283|True|(0, 0, 0)|(0, 0, 0, 1)|(0.75, 1, 1)
GlobalObjectId_V1-2-75255463483393841ad623c260500c31-3060535824806624875-2008804692|True|(0, 0, 0)|(0, 0, 0, 1)|(0.75, 1, 1)
GlobalObjectId_V1-2-75255463483393841ad623c260500c31-3060535824806624875-2120236441|True|(0, 0, 0)|(0, 0, 0, 1)|(0.75, 1, 1)
GlobalObjectId_V1-2-75255463483393841ad623c260500c31-3060535824806624875-255090835|True|(0, 0, 0)|(0, 0, 0, 1)|(0.75, 1, 1)
GlobalObjectId_V1-2-75255463483393841ad623c260500c31-3060535824806624875-261895982|True|(0, 0, 0)|(0, 0, 0, 1)|(0.75, 1, 1)
GlobalObjectId_V1-2-75255463483393841ad623c260500c31-3060535824806624875-346250313|True|(0, 0, 0)|(0, 0, 0, 1)|(0.75, 1, 1)
GlobalObjectId_V1-2-75255463483393841ad623c260500c31-3060535824806624875-374324541|True|(0, 0, 0)|(0, 0, 0, 1)|(0.75, 1, 1)
GlobalObjectId_V1-2-75255463483393841ad623c260500c31-3060535824806624875-39910857|True|(0, 0, 0)|(0, 0, 0, 1)|(0.75, 1, 1)
GlobalObjectId_V1-2-75255463483393841ad623c260500c31-3060535824806624875-415706150|True|(0, 0, 0)|(0, 0, 0, 1)|(0.75, 1, 1)
GlobalObjectId_V1-2-75255463483393841ad623c260500c31-3060535824806624875-420684188|True|(0, 0, 0)|(0, 0, 0, 1)|(0.75, 1, 1)
GlobalObjectId_V1-2-75255463483393841ad623c260500c31-3060535824806624875-448738566|True|(0, 0, 0)|(0, 0, 0, 1)|(0.75, 1, 1)
GlobalObjectId_V1-2-75255463483393841ad623c260500c31-3060535824806624875-455620735|True|(0, 0, 0)|(0, 0, 0, 1)|(0.75, 1, 1)
GlobalObjectId_V1-2-75255463483393841ad623c260500c31-3060535824806624875-462089741|True|(0, 0, 0)|(0, 0, 0, 1)|(0.75, 1, 1)
GlobalObjectId_V1-2-75255463483393841ad623c260500c31-3060535824806624875-471337410|True|(0, 0, 0)|(0, 0, 0, 1)|(0.75, 1, 1)
GlobalObjectId_V1-2-75255463483393841ad623c260500c31-3060535824806624875-514498336|True|(0, 0, 0)|(0, 0, 0, 1)|(0.75, 1, 1)
GlobalObjectId_V1-2-75255463483393841ad623c260500c31-3060535824806624875-570203299|True|(0, 0, 0)|(0, 0, 0, 1)|(0.75, 1, 1)
GlobalObjectId_V1-2-75255463483393841ad623c260500c31-3060535824806624875-577746331|True|(0, 0, 0)|(0, 0, 0, 1)|(0.75, 1, 1)
GlobalObjectId_V1-2-75255463483393841ad623c260500c31-3060535824806624875-614239699|True|(0, 0, 0)|(0, 0, 0, 1)|(0.75, 1, 1)
GlobalObjectId_V1-2-75255463483393841ad623c260500c31-3060535824806624875-720893779|True|(0, 0, 0)|(0, 0, 0, 1)|(0.75, 1, 1)
GlobalObjectId_V1-2-75255463483393841ad623c260500c31-3060535824806624875-759653167|True|(0, 0, 0)|(0, 0, 0, 1)|(0.75, 1, 1)
GlobalObjectId_V1-2-75255463483393841ad623c260500c31-3060535824806624875-788279421|True|(0, 0, 0)|(0, 0, 0, 1)|(0.75, 1, 1)
GlobalObjectId_V1-2-75255463483393841ad623c260500c31-3060535824806624875-801688379|True|(0, 0, 0)|(0, 0, 0, 1)|(0.75, 1, 1)
GlobalObjectId_V1-2-75255463483393841ad623c260500c31-3060535824806624875-827096132|True|(0, 0, 0)|(0, 0, 0, 1)|(0.75, 1, 1)
GlobalObjectId_V1-2-75255463483393841ad623c260500c31-3060535824806624875-841608481|True|(0, 0, 0)|(0, 0, 0, 1)|(0.75, 1, 1)
GlobalObjectId_V1-2-75255463483393841ad623c260500c31-3060535824806624875-866930353|True|(0, 0, 0)|(0, 0, 0, 1)|(0.75, 1, 1)
GlobalObjectId_V1-2-75255463483393841ad623c260500c31-3067935229744422596-1156845426|True|(-1.11758706E-10, 0.00213466655, 9.31322554E-12)|(-0.0128043983, -0.112429693, 0.112429693, 0.9871956)|(1, 0.99999994, 0.99999994)
GlobalObjectId_V1-2-75255463483393841ad623c260500c31-3067935229744422596-1282342156|True|(-1.11758706E-10, 0.00213466655, 9.31322554E-12)|(-0.0128043983, -0.112429693, 0.112429693, 0.9871956)|(1, 0.99999994, 0.99999994)
GlobalObjectId_V1-2-75255463483393841ad623c260500c31-3067935229744422596-1328059363|True|(-1.11758706E-10, 0.00213466655, 9.31322554E-12)|(-0.0128043983, -0.112429693, 0.112429693, 0.9871956)|(1, 0.99999994, 0.99999994)
GlobalObjectId_V1-2-75255463483393841ad623c260500c31-3067935229744422596-1364577291|True|(-1.11758706E-10, 0.00213466655, 9.31322554E-12)|(-0.0128043983, -0.112429693, 0.112429693, 0.9871956)|(1, 0.99999994, 0.99999994)
GlobalObjectId_V1-2-75255463483393841ad623c260500c31-3067935229744422596-1398831272|True|(-1.11758706E-10, 0.00213466655, 9.31322554E-12)|(-0.0128043983, -0.112429693, 0.112429693, 0.9871956)|(1, 0.99999994, 0.99999994)
GlobalObjectId_V1-2-75255463483393841ad623c260500c31-3067935229744422596-1538826313|True|(-1.11758706E-10, 0.00213466655, 9.31322554E-12)|(-0.0128043983, -0.112429693, 0.112429693, 0.9871956)|(1, 0.99999994, 0.99999994)
GlobalObjectId_V1-2-75255463483393841ad623c260500c31-3067935229744422596-2022718491|True|(-1.11758706E-10, 0.00213466655, 9.31322554E-12)|(-0.0128043983, -0.112429693, 0.112429693, 0.9871956)|(1, 0.99999994, 0.99999994)
GlobalObjectId_V1-2-75255463483393841ad623c260500c31-3067935229744422596-2038314915|True|(-1.11758706E-10, 0.00213466655, 9.31322554E-12)|(-0.0128043983, -0.112429693, 0.112429693, 0.9871956)|(1, 0.99999994, 0.99999994)
GlobalObjectId_V1-2-75255463483393841ad623c260500c31-3067935229744422596-535235437|True|(-1.11758706E-10, 0.00213466655, 9.31322554E-12)|(-0.0128043983, -0.112429693, 0.112429693, 0.9871956)|(1, 0.99999994, 0.99999994)
GlobalObjectId_V1-2-75255463483393841ad623c260500c31-3067935229744422596-662617545|True|(-1.11758706E-10, 0.00213466655, 9.31322554E-12)|(-0.0128043983, -0.112429693, 0.112429693, 0.9871956)|(1, 0.99999994, 0.99999994)
GlobalObjectId_V1-2-75255463483393841ad623c260500c31-310598361-0|True|(1.5, 0, 0)|(0, 0, 0, 1)|(3, 0.17, 0.17)
GlobalObjectId_V1-2-75255463483393841ad623c260500c31-311139223-0|True|(0, 0, 0)|(0, 0, 0, 1)|(1, 1, 1)
GlobalObjectId_V1-2-75255463483393841ad623c260500c31-311303987-0|True|(-1.5, 2, 0)|(0, 0, 0, 1)|(0.32, 0.34, 0.12)
GlobalObjectId_V1-2-75255463483393841ad623c260500c31-311333130-0|True|(0, 0, 0)|(0.7071068, 0, 0, 0.7071068)|(1, 1, 1)
GlobalObjectId_V1-2-75255463483393841ad623c260500c31-312693833-0|True|(0, 0, 0)|(0.7071068, 0, 0, 0.7071068)|(1, 1, 1)
GlobalObjectId_V1-2-75255463483393841ad623c260500c31-3132433321610919462-1054006661|True|(-5.96046448E-08, 0.39, -0.02)|(0, 0, 0, 1)|(1, 1, 1)
GlobalObjectId_V1-2-75255463483393841ad623c260500c31-3132433321610919462-1066520553|True|(-5.96046448E-08, 0.39, -0.02)|(0, 0, 0, 1)|(1, 1, 1)
GlobalObjectId_V1-2-75255463483393841ad623c260500c31-3132433321610919462-1075442592|True|(-5.96046448E-08, 0.39, -0.02)|(0, 0, 0, 1)|(1, 1, 1)
GlobalObjectId_V1-2-75255463483393841ad623c260500c31-3132433321610919462-1123419265|True|(-5.96046448E-08, 0.39, -0.02)|(0, 0, 0, 1)|(1, 1, 1)
GlobalObjectId_V1-2-75255463483393841ad623c260500c31-3132433321610919462-1189067973|True|(-5.96046448E-08, 0.39, -0.02)|(0, 0, 0, 1)|(1, 1, 1)
GlobalObjectId_V1-2-75255463483393841ad623c260500c31-3132433321610919462-1213532434|True|(-5.96046448E-08, 0.39, -0.02)|(0, 0, 0, 1)|(1, 1, 1)
GlobalObjectId_V1-2-75255463483393841ad623c260500c31-3132433321610919462-1231942770|True|(-5.96046448E-08, 0.39, -0.02)|(0, 0, 0, 1)|(1, 1, 1)
GlobalObjectId_V1-2-75255463483393841ad623c260500c31-3132433321610919462-1273255913|True|(-5.96046448E-08, 0.39, -0.02)|(0, 0, 0, 1)|(1, 1, 1)
GlobalObjectId_V1-2-75255463483393841ad623c260500c31-3132433321610919462-1278822786|True|(-5.96046448E-08, 0.39, -0.02)|(0, 0, 0, 1)|(1, 1, 1)
GlobalObjectId_V1-2-75255463483393841ad623c260500c31-3132433321610919462-1289928147|True|(-5.96046448E-08, 0.39, -0.02)|(0, 0, 0, 1)|(1, 1, 1)
GlobalObjectId_V1-2-75255463483393841ad623c260500c31-3132433321610919462-1306169864|True|(-5.96046448E-08, 0.39, -0.02)|(0, 0, 0, 1)|(1, 1, 1)
GlobalObjectId_V1-2-75255463483393841ad623c260500c31-3132433321610919462-134612628|True|(-5.96046448E-08, 0.39, -0.02)|(0, 0, 0, 1)|(1, 1, 1)
GlobalObjectId_V1-2-75255463483393841ad623c260500c31-3132433321610919462-1362226918|True|(-5.96046448E-08, 0.39, -0.02)|(0, 0, 0, 1)|(1, 1, 1)
GlobalObjectId_V1-2-75255463483393841ad623c260500c31-3132433321610919462-1446791577|True|(-5.96046448E-08, 0.39, -0.02)|(0, 0, 0, 1)|(1, 1, 1)
GlobalObjectId_V1-2-75255463483393841ad623c260500c31-3132433321610919462-1453559021|True|(-5.96046448E-08, 0.39, -0.02)|(0, 0, 0, 1)|(1, 1, 1)
GlobalObjectId_V1-2-75255463483393841ad623c260500c31-3132433321610919462-1474131409|True|(-5.96046448E-08, 0.39, -0.02)|(0, 0, 0, 1)|(1, 1, 1)
GlobalObjectId_V1-2-75255463483393841ad623c260500c31-3132433321610919462-1523898307|True|(-5.96046448E-08, 0.39, -0.02)|(0, 0, 0, 1)|(1, 1, 1)
GlobalObjectId_V1-2-75255463483393841ad623c260500c31-3132433321610919462-1589411330|True|(-5.96046448E-08, 0.39, -0.02)|(0, 0, 0, 1)|(1, 1, 1)
GlobalObjectId_V1-2-75255463483393841ad623c260500c31-3132433321610919462-1669245919|True|(-5.96046448E-08, 0.39, -0.02)|(0, 0, 0, 1)|(1, 1, 1)
GlobalObjectId_V1-2-75255463483393841ad623c260500c31-3132433321610919462-1737122726|True|(-5.96046448E-08, 0.39, -0.02)|(0, 0, 0, 1)|(1, 1, 1)
GlobalObjectId_V1-2-75255463483393841ad623c260500c31-3132433321610919462-1741248142|True|(-5.96046448E-08, 0.39, -0.02)|(0, 0, 0, 1)|(1, 1, 1)
GlobalObjectId_V1-2-75255463483393841ad623c260500c31-3132433321610919462-177614287|True|(-5.96046448E-08, 0.39, -0.02)|(0, 0, 0, 1)|(1, 1, 1)
GlobalObjectId_V1-2-75255463483393841ad623c260500c31-3132433321610919462-1802634647|True|(-5.96046448E-08, 0.39, -0.02)|(0, 0, 0, 1)|(1, 1, 1)
GlobalObjectId_V1-2-75255463483393841ad623c260500c31-3132433321610919462-1890397674|True|(-5.96046448E-08, 0.39, -0.02)|(0, 0, 0, 1)|(1, 1, 1)
GlobalObjectId_V1-2-75255463483393841ad623c260500c31-3132433321610919462-1899348449|True|(-5.96046448E-08, 0.39, -0.02)|(0, 0, 0, 1)|(1, 1, 1)
GlobalObjectId_V1-2-75255463483393841ad623c260500c31-3132433321610919462-1931660283|True|(-5.96046448E-08, 0.39, -0.02)|(0, 0, 0, 1)|(1, 1, 1)
GlobalObjectId_V1-2-75255463483393841ad623c260500c31-3132433321610919462-2008804692|True|(-5.96046448E-08, 0.39, -0.02)|(0, 0, 0, 1)|(1, 1, 1)
GlobalObjectId_V1-2-75255463483393841ad623c260500c31-3132433321610919462-2120236441|True|(-5.96046448E-08, 0.39, -0.02)|(0, 0, 0, 1)|(1, 1, 1)
GlobalObjectId_V1-2-75255463483393841ad623c260500c31-3132433321610919462-255090835|True|(-5.96046448E-08, 0.39, -0.02)|(0, 0, 0, 1)|(1, 1, 1)
GlobalObjectId_V1-2-75255463483393841ad623c260500c31-3132433321610919462-261895982|True|(-5.96046448E-08, 0.39, -0.02)|(0, 0, 0, 1)|(1, 1, 1)
GlobalObjectId_V1-2-75255463483393841ad623c260500c31-3132433321610919462-346250313|True|(-5.96046448E-08, 0.39, -0.02)|(0, 0, 0, 1)|(1, 1, 1)
GlobalObjectId_V1-2-75255463483393841ad623c260500c31-3132433321610919462-374324541|True|(-5.96046448E-08, 0.39, -0.02)|(0, 0, 0, 1)|(1, 1, 1)
GlobalObjectId_V1-2-75255463483393841ad623c260500c31-3132433321610919462-39910857|True|(-5.96046448E-08, 0.39, -0.02)|(0, 0, 0, 1)|(1, 1, 1)
GlobalObjectId_V1-2-75255463483393841ad623c260500c31-3132433321610919462-415706150|True|(-5.96046448E-08, 0.39, -0.02)|(0, 0, 0, 1)|(1, 1, 1)
GlobalObjectId_V1-2-75255463483393841ad623c260500c31-3132433321610919462-420684188|True|(-5.96046448E-08, 0.39, -0.02)|(0, 0, 0, 1)|(1, 1, 1)
GlobalObjectId_V1-2-75255463483393841ad623c260500c31-3132433321610919462-448738566|True|(-5.96046448E-08, 0.39, -0.02)|(0, 0, 0, 1)|(1, 1, 1)
GlobalObjectId_V1-2-75255463483393841ad623c260500c31-3132433321610919462-455620735|True|(-5.96046448E-08, 0.39, -0.02)|(0, 0, 0, 1)|(1, 1, 1)
GlobalObjectId_V1-2-75255463483393841ad623c260500c31-3132433321610919462-462089741|True|(-5.96046448E-08, 0.39, -0.02)|(0, 0, 0, 1)|(1, 1, 1)
GlobalObjectId_V1-2-75255463483393841ad623c260500c31-3132433321610919462-471337410|True|(-5.96046448E-08, 0.39, -0.02)|(0, 0, 0, 1)|(1, 1, 1)
GlobalObjectId_V1-2-75255463483393841ad623c260500c31-3132433321610919462-514498336|True|(-5.96046448E-08, 0.39, -0.02)|(0, 0, 0, 1)|(1, 1, 1)
GlobalObjectId_V1-2-75255463483393841ad623c260500c31-3132433321610919462-570203299|True|(-5.96046448E-08, 0.39, -0.02)|(0, 0, 0, 1)|(1, 1, 1)
GlobalObjectId_V1-2-75255463483393841ad623c260500c31-3132433321610919462-577746331|True|(-5.96046448E-08, 0.39, -0.02)|(0, 0, 0, 1)|(1, 1, 1)
GlobalObjectId_V1-2-75255463483393841ad623c260500c31-3132433321610919462-614239699|True|(-5.96046448E-08, 0.39, -0.02)|(0, 0, 0, 1)|(1, 1, 1)
GlobalObjectId_V1-2-75255463483393841ad623c260500c31-3132433321610919462-720893779|True|(-5.96046448E-08, 0.39, -0.02)|(0, 0, 0, 1)|(1, 1, 1)
GlobalObjectId_V1-2-75255463483393841ad623c260500c31-3132433321610919462-759653167|True|(-5.96046448E-08, 0.39, -0.02)|(0, 0, 0, 1)|(1, 1, 1)
GlobalObjectId_V1-2-75255463483393841ad623c260500c31-3132433321610919462-788279421|True|(-5.96046448E-08, 0.39, -0.02)|(0, 0, 0, 1)|(1, 1, 1)
GlobalObjectId_V1-2-75255463483393841ad623c260500c31-3132433321610919462-801688379|True|(-5.96046448E-08, 0.39, -0.02)|(0, 0, 0, 1)|(1, 1, 1)
GlobalObjectId_V1-2-75255463483393841ad623c260500c31-3132433321610919462-827096132|True|(-5.96046448E-08, 0.39, -0.02)|(0, 0, 0, 1)|(1, 1, 1)
GlobalObjectId_V1-2-75255463483393841ad623c260500c31-3132433321610919462-841608481|True|(-5.96046448E-08, 0.39, -0.02)|(0, 0, 0, 1)|(1, 1, 1)
GlobalObjectId_V1-2-75255463483393841ad623c260500c31-3132433321610919462-866930353|True|(-5.96046448E-08, 0.39, -0.02)|(0, 0, 0, 1)|(1, 1, 1)
GlobalObjectId_V1-2-75255463483393841ad623c260500c31-3142184235439075415-1278433063|True|(0, 0, 8.381903E-11)|(0.7071068, 0, 0, 0.7071067)|(1, 1, 1)
GlobalObjectId_V1-2-75255463483393841ad623c260500c31-3142184235439075415-1796550201|True|(0, 0, 8.381903E-11)|(0.7071068, 0, 0, 0.7071067)|(1, 1, 1)
GlobalObjectId_V1-2-75255463483393841ad623c260500c31-3142184235439075415-227182643|True|(0, 0, 8.381903E-11)|(0.7071068, 0, 0, 0.7071067)|(1, 1, 1)
GlobalObjectId_V1-2-75255463483393841ad623c260500c31-3142184235439075415-4508494|True|(0, 0, 8.381903E-11)|(0.7071068, 0, 0, 0.7071067)|(1, 1, 1)
GlobalObjectId_V1-2-75255463483393841ad623c260500c31-3142184235439075415-493544818|True|(0, 0, 8.381903E-11)|(0.7071068, 0, 0, 0.7071067)|(1, 1, 1)
GlobalObjectId_V1-2-75255463483393841ad623c260500c31-3142184235439075415-537414647|True|(0, 0, 8.381903E-11)|(0.7071068, 0, 0, 0.7071067)|(1, 1, 1)
GlobalObjectId_V1-2-75255463483393841ad623c260500c31-3142184235439075415-616789302|True|(0, 0, 8.381903E-11)|(0.7071068, 0, 0, 0.7071067)|(1, 1, 1)
GlobalObjectId_V1-2-75255463483393841ad623c260500c31-3142184235439075415-828342056|True|(0, 0, 8.381903E-11)|(0.7071068, 0, 0, 0.7071067)|(1, 1, 1)
GlobalObjectId_V1-2-75255463483393841ad623c260500c31-3142184235439075415-863157045|True|(0, 0, 8.381903E-11)|(0.7071068, 0, 0, 0.7071067)|(1, 1, 1)
GlobalObjectId_V1-2-75255463483393841ad623c260500c31-3142184235439075415-950912075|True|(0, 0, 8.381903E-11)|(0.7071068, 0, 0, 0.7071067)|(1, 1, 1)
GlobalObjectId_V1-2-75255463483393841ad623c260500c31-318140984-0|True|(2.65, 0, -0.092)|(0, 0, 0, 1)|(0.25, 0.18, 0.018)
GlobalObjectId_V1-2-75255463483393841ad623c260500c31-319098354-0|True|(0, 0, 0)|(0, 0, 0, 1)|(1, 1, 1)
GlobalObjectId_V1-2-75255463483393841ad623c260500c31-320634351-0|True|(0, 0, 0)|(0.7071068, 0, 0, 0.7071068)|(1, 1, 1)
GlobalObjectId_V1-2-75255463483393841ad623c260500c31-3225212425111089437-1342259368|True|(-0.00160000008, 0, 0)|(0.9871956, -0.112429716, -0.112429671, -0.0128043881)|(1.00000036, 1.00000012, 1)
GlobalObjectId_V1-2-75255463483393841ad623c260500c31-3225212425111089437-1807193877|True|(-0.00160000008, 0, 0)|(0.9871956, -0.112429716, -0.112429671, -0.0128043881)|(1.00000036, 1.00000012, 1)
GlobalObjectId_V1-2-75255463483393841ad623c260500c31-3225212425111089437-249137488|True|(-0.00160000008, 0, 0)|(0.9871956, -0.112429716, -0.112429671, -0.0128043881)|(1.00000036, 1.00000012, 1)
GlobalObjectId_V1-2-75255463483393841ad623c260500c31-3225212425111089437-325631740|True|(-0.00160000008, 0, 0)|(0.9871956, -0.112429716, -0.112429671, -0.0128043881)|(1.00000036, 1.00000012, 1)
GlobalObjectId_V1-2-75255463483393841ad623c260500c31-3225212425111089437-673208042|True|(-0.00160000008, 0, 0)|(0.9871956, -0.112429716, -0.112429671, -0.0128043881)|(1.00000036, 1.00000012, 1)
GlobalObjectId_V1-2-75255463483393841ad623c260500c31-3225212425111089437-726046513|True|(-0.00160000008, 0, 0)|(0.9871956, -0.112429716, -0.112429671, -0.0128043881)|(1.00000036, 1.00000012, 1)
GlobalObjectId_V1-2-75255463483393841ad623c260500c31-323210893-0|True|(0, 0, 0)|(0.7071068, 0, 0, 0.7071068)|(1, 1, 1)
GlobalObjectId_V1-2-75255463483393841ad623c260500c31-324718818-0|True|(0, 0, 0)|(0.7071068, 0, 0, 0.7071068)|(1, 1, 1)
GlobalObjectId_V1-2-75255463483393841ad623c260500c31-32478250-0|True|(0, 0, 0)|(0.7071068, 0, 0, 0.7071068)|(1, 1, 1)
GlobalObjectId_V1-2-75255463483393841ad623c260500c31-332563868-0|True|(0, 0, 0)|(0, 0, 0, 1)|(1, 1, 1)
GlobalObjectId_V1-2-75255463483393841ad623c260500c31-334347108-0|True|(-1.5, 2, 0)|(0, 0, 0, 1)|(0.32, 0.34, 0.12)
GlobalObjectId_V1-2-75255463483393841ad623c260500c31-336427506-0|True|(0, 0, 0)|(0.7071068, 0, 0, 0.7071068)|(1, 1, 1)
GlobalObjectId_V1-2-75255463483393841ad623c260500c31-33710236-0|True|(0, 0, 0)|(0.7071068, 0, 0, 0.7071068)|(1, 1, 1)
GlobalObjectId_V1-2-75255463483393841ad623c260500c31-337153942-0|True|(0, 0, 0)|(0.7071068, 0, 0, 0.7071068)|(1, 1, 1)
GlobalObjectId_V1-2-75255463483393841ad623c260500c31-337484965-0|True|(0, 0, 0)|(0.7071068, 0, 0, 0.7071068)|(1, 1, 1)
GlobalObjectId_V1-2-75255463483393841ad623c260500c31-3380940727487819274-124650490|True|(0, 0, 0)|(-0.7071068, 0, 0, 0.7071067)|(100, 100, 100)
GlobalObjectId_V1-2-75255463483393841ad623c260500c31-3380940727487819274-1376906811|True|(0, 0, 0)|(-0.7071068, 0, 0, 0.7071067)|(100, 100, 100)
GlobalObjectId_V1-2-75255463483393841ad623c260500c31-3380940727487819274-1395087067|True|(0, 0, 0)|(-0.7071068, 0, 0, 0.7071067)|(100, 100, 100)
GlobalObjectId_V1-2-75255463483393841ad623c260500c31-3380940727487819274-589898910|True|(0, 0, 0)|(-0.7071068, 0, 0, 0.7071067)|(100, 100, 100)
GlobalObjectId_V1-2-75255463483393841ad623c260500c31-3380940727487819274-951118863|True|(0, 0, 0)|(-0.7071068, 0, 0, 0.7071067)|(100, 100, 100)
GlobalObjectId_V1-2-75255463483393841ad623c260500c31-3380940727487819274-997839571|True|(0, 0, 0)|(-0.7071068, 0, 0, 0.7071067)|(100, 100, 100)
GlobalObjectId_V1-2-75255463483393841ad623c260500c31-338097457-0|True|(-410.0996, 0.08, -537)|(0, 0.0151467649, 0, 0.9998853)|(1, 1, 1)
GlobalObjectId_V1-2-75255463483393841ad623c260500c31-3384244752293636877-1156845426|True|(-0.00256000017, 0.0006400007, 0)|(0.902088046, -0.2971957, -0.2971956, -0.09791189)|(1.00000083, 1.00000036, 1)
GlobalObjectId_V1-2-75255463483393841ad623c260500c31-3384244752293636877-1282342156|True|(-0.00256000017, 0.0006400007, 0)|(0.902088046, -0.2971957, -0.2971956, -0.09791189)|(1.00000083, 1.00000036, 1)
GlobalObjectId_V1-2-75255463483393841ad623c260500c31-3384244752293636877-1328059363|True|(-0.00256000017, 0.0006400007, 0)|(0.902088046, -0.2971957, -0.2971956, -0.09791189)|(1.00000083, 1.00000036, 1)
GlobalObjectId_V1-2-75255463483393841ad623c260500c31-3384244752293636877-1364577291|True|(-0.00256000017, 0.0006400007, 0)|(0.902088046, -0.2971957, -0.2971956, -0.09791189)|(1.00000083, 1.00000036, 1)
GlobalObjectId_V1-2-75255463483393841ad623c260500c31-3384244752293636877-1398831272|True|(-0.00256000017, 0.0006400007, 0)|(0.902088046, -0.2971957, -0.2971956, -0.09791189)|(1.00000083, 1.00000036, 1)
GlobalObjectId_V1-2-75255463483393841ad623c260500c31-3384244752293636877-1538826313|True|(-0.00256000017, 0.0006400007, 0)|(0.902088046, -0.2971957, -0.2971956, -0.09791189)|(1.00000083, 1.00000036, 1)
GlobalObjectId_V1-2-75255463483393841ad623c260500c31-3384244752293636877-2022718491|True|(-0.00256000017, 0.0006400007, 0)|(0.902088046, -0.2971957, -0.2971956, -0.09791189)|(1.00000083, 1.00000036, 1)
GlobalObjectId_V1-2-75255463483393841ad623c260500c31-3384244752293636877-2038314915|True|(-0.00256000017, 0.0006400007, 0)|(0.902088046, -0.2971957, -0.2971956, -0.09791189)|(1.00000083, 1.00000036, 1)
GlobalObjectId_V1-2-75255463483393841ad623c260500c31-3384244752293636877-535235437|True|(-0.00256000017, 0.0006400007, 0)|(0.902088046, -0.2971957, -0.2971956, -0.09791189)|(1.00000083, 1.00000036, 1)
GlobalObjectId_V1-2-75255463483393841ad623c260500c31-3384244752293636877-662617545|True|(-0.00256000017, 0.0006400007, 0)|(0.902088046, -0.2971957, -0.2971956, -0.09791189)|(1.00000083, 1.00000036, 1)
GlobalObjectId_V1-2-75255463483393841ad623c260500c31-3391507402741004348-1054006661|True|(0, 0, 0)|(0, 0, 0, 1)|(1.18800008, 1.026, 1)
GlobalObjectId_V1-2-75255463483393841ad623c260500c31-3391507402741004348-1066520553|True|(0, 0, 0)|(0, 0, 0, 1)|(1.18800008, 1.026, 1)
GlobalObjectId_V1-2-75255463483393841ad623c260500c31-3391507402741004348-1075442592|True|(0, 0, 0)|(0, 0, 0, 1)|(1.18800008, 1.026, 1)
GlobalObjectId_V1-2-75255463483393841ad623c260500c31-3391507402741004348-1123419265|True|(0, 0, 0)|(0, 0, 0, 1)|(1.18800008, 1.026, 1)
GlobalObjectId_V1-2-75255463483393841ad623c260500c31-3391507402741004348-1189067973|True|(0, 0, 0)|(0, 0, 0, 1)|(1.18800008, 1.026, 1)
GlobalObjectId_V1-2-75255463483393841ad623c260500c31-3391507402741004348-1213532434|True|(0, 0, 0)|(0, 0, 0, 1)|(1.18800008, 1.026, 1)
GlobalObjectId_V1-2-75255463483393841ad623c260500c31-3391507402741004348-1231942770|True|(0, 0, 0)|(0, 0, 0, 1)|(1.18800008, 1.026, 1)
GlobalObjectId_V1-2-75255463483393841ad623c260500c31-3391507402741004348-1273255913|True|(0, 0, 0)|(0, 0, 0, 1)|(1.18800008, 1.026, 1)
GlobalObjectId_V1-2-75255463483393841ad623c260500c31-3391507402741004348-1278822786|True|(0, 0, 0)|(0, 0, 0, 1)|(1.18800008, 1.026, 1)
GlobalObjectId_V1-2-75255463483393841ad623c260500c31-3391507402741004348-1289928147|True|(0, 0, 0)|(0, 0, 0, 1)|(1.18800008, 1.026, 1)
GlobalObjectId_V1-2-75255463483393841ad623c260500c31-3391507402741004348-1306169864|True|(0, 0, 0)|(0, 0, 0, 1)|(1.18800008, 1.026, 1)
GlobalObjectId_V1-2-75255463483393841ad623c260500c31-3391507402741004348-134612628|True|(0, 0, 0)|(0, 0, 0, 1)|(1.18800008, 1.026, 1)
GlobalObjectId_V1-2-75255463483393841ad623c260500c31-3391507402741004348-1362226918|True|(0, 0, 0)|(0, 0, 0, 1)|(1.18800008, 1.026, 1)
GlobalObjectId_V1-2-75255463483393841ad623c260500c31-3391507402741004348-1446791577|True|(0, 0, 0)|(0, 0, 0, 1)|(1.18800008, 1.026, 1)
GlobalObjectId_V1-2-75255463483393841ad623c260500c31-3391507402741004348-1453559021|True|(0, 0, 0)|(0, 0, 0, 1)|(1.18800008, 1.026, 1)
GlobalObjectId_V1-2-75255463483393841ad623c260500c31-3391507402741004348-1474131409|True|(0, 0, 0)|(0, 0, 0, 1)|(1.18800008, 1.026, 1)
GlobalObjectId_V1-2-75255463483393841ad623c260500c31-3391507402741004348-1523898307|True|(0, 0, 0)|(0, 0, 0, 1)|(1.18800008, 1.026, 1)
GlobalObjectId_V1-2-75255463483393841ad623c260500c31-3391507402741004348-1589411330|True|(0, 0, 0)|(0, 0, 0, 1)|(1.18800008, 1.026, 1)
GlobalObjectId_V1-2-75255463483393841ad623c260500c31-3391507402741004348-1669245919|True|(0, 0, 0)|(0, 0, 0, 1)|(1.18800008, 1.026, 1)
GlobalObjectId_V1-2-75255463483393841ad623c260500c31-3391507402741004348-1737122726|True|(0, 0, 0)|(0, 0, 0, 1)|(1.18800008, 1.026, 1)
GlobalObjectId_V1-2-75255463483393841ad623c260500c31-3391507402741004348-1741248142|True|(0, 0, 0)|(0, 0, 0, 1)|(1.18800008, 1.026, 1)
GlobalObjectId_V1-2-75255463483393841ad623c260500c31-3391507402741004348-177614287|True|(0, 0, 0)|(0, 0, 0, 1)|(1.18800008, 1.026, 1)
GlobalObjectId_V1-2-75255463483393841ad623c260500c31-3391507402741004348-1802634647|True|(0, 0, 0)|(0, 0, 0, 1)|(1.18800008, 1.026, 1)
GlobalObjectId_V1-2-75255463483393841ad623c260500c31-3391507402741004348-1890397674|True|(0, 0, 0)|(0, 0, 0, 1)|(1.18800008, 1.026, 1)
GlobalObjectId_V1-2-75255463483393841ad623c260500c31-3391507402741004348-1899348449|True|(0, 0, 0)|(0, 0, 0, 1)|(1.18800008, 1.026, 1)
GlobalObjectId_V1-2-75255463483393841ad623c260500c31-3391507402741004348-1931660283|True|(0, 0, 0)|(0, 0, 0, 1)|(1.18800008, 1.026, 1)
GlobalObjectId_V1-2-75255463483393841ad623c260500c31-3391507402741004348-2008804692|True|(0, 0, 0)|(0, 0, 0, 1)|(1.18800008, 1.026, 1)
GlobalObjectId_V1-2-75255463483393841ad623c260500c31-3391507402741004348-2120236441|True|(0, 0, 0)|(0, 0, 0, 1)|(1.18800008, 1.026, 1)
GlobalObjectId_V1-2-75255463483393841ad623c260500c31-3391507402741004348-255090835|True|(0, 0, 0)|(0, 0, 0, 1)|(1.18800008, 1.026, 1)
GlobalObjectId_V1-2-75255463483393841ad623c260500c31-3391507402741004348-261895982|True|(0, 0, 0)|(0, 0, 0, 1)|(1.18800008, 1.026, 1)
GlobalObjectId_V1-2-75255463483393841ad623c260500c31-3391507402741004348-346250313|True|(0, 0, 0)|(0, 0, 0, 1)|(1.18800008, 1.026, 1)
GlobalObjectId_V1-2-75255463483393841ad623c260500c31-3391507402741004348-374324541|True|(0, 0, 0)|(0, 0, 0, 1)|(1.18800008, 1.026, 1)
GlobalObjectId_V1-2-75255463483393841ad623c260500c31-3391507402741004348-39910857|True|(0, 0, 0)|(0, 0, 0, 1)|(1.18800008, 1.026, 1)
GlobalObjectId_V1-2-75255463483393841ad623c260500c31-3391507402741004348-415706150|True|(0, 0, 0)|(0, 0, 0, 1)|(1.18800008, 1.026, 1)
GlobalObjectId_V1-2-75255463483393841ad623c260500c31-3391507402741004348-420684188|True|(0, 0, 0)|(0, 0, 0, 1)|(1.18800008, 1.026, 1)
GlobalObjectId_V1-2-75255463483393841ad623c260500c31-3391507402741004348-448738566|True|(0, 0, 0)|(0, 0, 0, 1)|(1.18800008, 1.026, 1)
GlobalObjectId_V1-2-75255463483393841ad623c260500c31-3391507402741004348-455620735|True|(0, 0, 0)|(0, 0, 0, 1)|(1.18800008, 1.026, 1)
GlobalObjectId_V1-2-75255463483393841ad623c260500c31-3391507402741004348-462089741|True|(0, 0, 0)|(0, 0, 0, 1)|(1.18800008, 1.026, 1)
GlobalObjectId_V1-2-75255463483393841ad623c260500c31-3391507402741004348-471337410|True|(0, 0, 0)|(0, 0, 0, 1)|(1.18800008, 1.026, 1)
GlobalObjectId_V1-2-75255463483393841ad623c260500c31-3391507402741004348-514498336|True|(0, 0, 0)|(0, 0, 0, 1)|(1.18800008, 1.026, 1)
GlobalObjectId_V1-2-75255463483393841ad623c260500c31-3391507402741004348-570203299|True|(0, 0, 0)|(0, 0, 0, 1)|(1.18800008, 1.026, 1)
GlobalObjectId_V1-2-75255463483393841ad623c260500c31-3391507402741004348-577746331|True|(0, 0, 0)|(0, 0, 0, 1)|(1.18800008, 1.026, 1)
GlobalObjectId_V1-2-75255463483393841ad623c260500c31-3391507402741004348-614239699|True|(0, 0, 0)|(0, 0, 0, 1)|(1.18800008, 1.026, 1)
GlobalObjectId_V1-2-75255463483393841ad623c260500c31-3391507402741004348-720893779|True|(0, 0, 0)|(0, 0, 0, 1)|(1.18800008, 1.026, 1)
GlobalObjectId_V1-2-75255463483393841ad623c260500c31-3391507402741004348-759653167|True|(0, 0, 0)|(0, 0, 0, 1)|(1.18800008, 1.026, 1)
GlobalObjectId_V1-2-75255463483393841ad623c260500c31-3391507402741004348-788279421|True|(0, 0, 0)|(0, 0, 0, 1)|(1.18800008, 1.026, 1)
GlobalObjectId_V1-2-75255463483393841ad623c260500c31-3391507402741004348-801688379|True|(0, 0, 0)|(0, 0, 0, 1)|(1.18800008, 1.026, 1)
GlobalObjectId_V1-2-75255463483393841ad623c260500c31-3391507402741004348-827096132|True|(0, 0, 0)|(0, 0, 0, 1)|(1.18800008, 1.026, 1)
GlobalObjectId_V1-2-75255463483393841ad623c260500c31-3391507402741004348-841608481|True|(0, 0, 0)|(0, 0, 0, 1)|(1.18800008, 1.026, 1)
GlobalObjectId_V1-2-75255463483393841ad623c260500c31-3391507402741004348-866930353|True|(0, 0, 0)|(0, 0, 0, 1)|(1.18800008, 1.026, 1)
GlobalObjectId_V1-2-75255463483393841ad623c260500c31-3400136311497459535-124650490|True|(0, 0, 0.0530005135)|(0, 0, 0, 1)|(1, 1, 1)
GlobalObjectId_V1-2-75255463483393841ad623c260500c31-3400136311497459535-1376906811|True|(0, 0, 0.0530005135)|(0, 0, 0, 1)|(1, 1, 1)
GlobalObjectId_V1-2-75255463483393841ad623c260500c31-3400136311497459535-1395087067|True|(0, 0, 0.0530005135)|(0, 0, 0, 1)|(1, 1, 1)
GlobalObjectId_V1-2-75255463483393841ad623c260500c31-3400136311497459535-589898910|True|(0, 0, 0.0530005135)|(0, 0, 0, 1)|(1, 1, 1)
GlobalObjectId_V1-2-75255463483393841ad623c260500c31-3400136311497459535-951118863|True|(0, 0, 0.0530005135)|(0, 0, 0, 1)|(1, 1, 1)
GlobalObjectId_V1-2-75255463483393841ad623c260500c31-3400136311497459535-997839571|True|(0, 0, 0.0530005135)|(0, 0, 0, 1)|(1, 1, 1)
GlobalObjectId_V1-2-75255463483393841ad623c260500c31-340099214-0|True|(0, 0, 0)|(0.7071068, 0, 0, 0.7071068)|(1, 1, 1)
GlobalObjectId_V1-2-75255463483393841ad623c260500c31-343534520-0|True|(0, 0, 0)|(0, 0, 0, 1)|(1, 1, 1)
GlobalObjectId_V1-2-75255463483393841ad623c260500c31-344131441-0|True|(0, 0, 0)|(0.7071068, 0, 0, 0.7071068)|(1, 1, 1)
GlobalObjectId_V1-2-75255463483393841ad623c260500c31-344447887-0|True|(0, 0, 0)|(0.7071068, 0, 0, 0.7071068)|(1, 1, 1)
GlobalObjectId_V1-2-75255463483393841ad623c260500c31-34638450-0|True|(0, 0, 0)|(0.7071068, 0, 0, 0.7071068)|(1, 1, 1)
GlobalObjectId_V1-2-75255463483393841ad623c260500c31-3472694769962777710-1054006661|True|(0, 0.003, 0.034)|(-0.5078453, -0.626226664, -0.458444118, -0.3738481)|(0.06, 0.06, 0.06)
GlobalObjectId_V1-2-75255463483393841ad623c260500c31-3472694769962777710-1066520553|True|(0, 0.003, 0.034)|(-0.056479685, 0.8042865, 0.5902088, -0.0398363471)|(0.06, 0.06, 0.06)
GlobalObjectId_V1-2-75255463483393841ad623c260500c31-3472694769962777710-1075442592|True|(0, 0.003, 0.034)|(-0.569630742, -0.5706027, -0.417510331, -0.4190686)|(0.06, 0.06, 0.06)
GlobalObjectId_V1-2-75255463483393841ad623c260500c31-3472694769962777710-1123419265|True|(0, 0.003, 0.034)|(-0.04128497, 0.8052094, 0.5908558, -0.0286863074)|(0.06, 0.06, 0.06)
GlobalObjectId_V1-2-75255463483393841ad623c260500c31-3472694769962777710-1189067973|True|(0, 0.003, 0.034)|(-0.0116089666, 0.8061835, 0.591511369, -0.00691140164)|(0.06, 0.06, 0.06)
GlobalObjectId_V1-2-75255463483393841ad623c260500c31-3472694769962777710-1213532434|True|(0, 0.003, 0.034)|(-0.569630742, -0.5706027, -0.417510331, -0.4190686)|(0.06, 0.06, 0.06)
GlobalObjectId_V1-2-75255463483393841ad623c260500c31-3472694769962777710-1231942770|True|(0, 0.003, 0.034)|(-0.0244453475, 0.8058964, 0.5913263, -0.01632989)|(0.06, 0.06, 0.06)
GlobalObjectId_V1-2-75255463483393841ad623c260500c31-3472694769962777710-1273255913|True|(0, 0.003, 0.034)|(-0.538606346, -0.5999749, -0.4391222, -0.396364838)|(0.06, 0.06, 0.06)
GlobalObjectId_V1-2-75255463483393841ad623c260500c31-3472694769962777710-1278822786|True|(0, 0.003, 0.034)|(0.010227723, 0.8062022, 0.5914815, 0.0091099795)|(0.06, 0.06, 0.06)
GlobalObjectId_V1-2-75255463483393841ad623c260500c31-3472694769962777710-1289928147|True|(0, 0.003, 0.034)|(0.0420201123, 0.8051713, 0.590661943, 0.0324336551)|(0.06, 0.06, 0.06)
GlobalObjectId_V1-2-75255463483393841ad623c260500c31-3472694769962777710-1306169864|True|(0, 0.003, 0.034)|(-0.52559334, -0.611406863, -0.447535574, -0.3868401)|(0.06, 0.06, 0.06)
GlobalObjectId_V1-2-75255463483393841ad623c260500c31-3472694769962777710-134612628|True|(0, 0.003, 0.034)|(-0.5386076, -0.599973738, -0.4391213, -0.396365762)|(0.06, 0.06, 0.06)
GlobalObjectId_V1-2-75255463483393841ad623c260500c31-3472694769962777710-1362226918|True|(0, 0.003, 0.034)|(-0.3638099, -0.71952, -0.52717936, -0.26835677)|(0.06, 0.06, 0.06)
GlobalObjectId_V1-2-75255463483393841ad623c260500c31-3472694769962777710-1446791577|True|(0, 0.003, 0.034)|(0.0258215852, 0.805853546, 0.5911947, 0.0205503367)|(0.06, 0.06, 0.06)
GlobalObjectId_V1-2-75255463483393841ad623c260500c31-3472694769962777710-1453559021|True|(0, 0.003, 0.034)|(-0.056479685, 0.8042865, 0.5902088, -0.0398363471)|(0.06, 0.06, 0.06)
GlobalObjectId_V1-2-75255463483393841ad623c260500c31-3472694769962777710-1474131409|True|(0, 0.003, 0.034)|(0.0279125869, 0.8057838, 0.5911393, 0.0220843423)|(0.06, 0.06, 0.06)
GlobalObjectId_V1-2-75255463483393841ad623c260500c31-3472694769962777710-1523898307|True|(0, 0.003, 0.034)|(0.0420201123, 0.8051713, 0.590661943, 0.0324336551)|(0.06, 0.06, 0.06)
GlobalObjectId_V1-2-75255463483393841ad623c260500c31-3472694769962777710-1589411330|True|(0, 0.003, 0.034)|(-0.538606346, -0.5999749, -0.4391222, -0.396364838)|(0.06, 0.06, 0.06)
GlobalObjectId_V1-2-75255463483393841ad623c260500c31-3472694769962777710-1669245919|True|(0, 0.003, 0.034)|(0.0279125869, 0.8057838, 0.5911393, 0.0220843423)|(0.06, 0.06, 0.06)
GlobalObjectId_V1-2-75255463483393841ad623c260500c31-3472694769962777710-1737122726|True|(0, 0.003, 0.034)|(-0.0244453475, 0.8058964, 0.5913263, -0.01632989)|(0.06, 0.06, 0.06)
GlobalObjectId_V1-2-75255463483393841ad623c260500c31-3472694769962777710-1741248142|True|(0, 0.003, 0.034)|(3.52508138E-08, -0.8064446, -0.591309667, 2.58469637E-08)|(0.06, 0.06, 0.06)
GlobalObjectId_V1-2-75255463483393841ad623c260500c31-3472694769962777710-177614287|True|(0, 0.003, 0.034)|(0.0420191064, 0.8051714, 0.590661943, 0.03243292)|(0.06, 0.06, 0.06)
GlobalObjectId_V1-2-75255463483393841ad623c260500c31-3472694769962777710-1802634647|True|(0, 0.003, 0.034)|(-0.5386076, -0.599973738, -0.4391213, -0.396365762)|(0.06, 0.06, 0.06)
GlobalObjectId_V1-2-75255463483393841ad623c260500c31-3472694769962777710-1890397674|True|(0, 0.003, 0.034)|(0.020333901, 0.8060106, 0.5913208, 0.0165243931)|(0.06, 0.06, 0.06)
GlobalObjectId_V1-2-75255463483393841ad623c260500c31-3472694769962777710-1899348449|True|(0, 0.003, 0.034)|(-0.0269731, 0.805815756, 0.5912721, -0.0181846358)|(0.06, 0.06, 0.06)
GlobalObjectId_V1-2-75255463483393841ad623c260500c31-3472694769962777710-1931660283|True|(0, 0.003, 0.034)|(-0.482865721, -0.6456836, -0.4727692, -0.355559647)|(0.06, 0.06, 0.06)
GlobalObjectId_V1-2-75255463483393841ad623c260500c31-3472694769962777710-2008804692|True|(0, 0.003, 0.034)|(0.010227723, 0.8062022, 0.5914815, 0.0091099795)|(0.06, 0.06, 0.06)
GlobalObjectId_V1-2-75255463483393841ad623c260500c31-3472694769962777710-2120236441|True|(0, 0.003, 0.034)|(-0.5078453, -0.626226664, -0.458444118, -0.3738481)|(0.06, 0.06, 0.06)
GlobalObjectId_V1-2-75255463483393841ad623c260500c31-3472694769962777710-255090835|True|(0, 0.003, 0.034)|(-0.482865721, -0.6456836, -0.4727692, -0.355559647)|(0.06, 0.06, 0.06)
GlobalObjectId_V1-2-75255463483393841ad623c260500c31-3472694769962777710-261895982|True|(0, 0.003, 0.034)|(0.06146396, 0.8039209, 0.5897057, 0.0466969125)|(0.06, 0.06, 0.06)
GlobalObjectId_V1-2-75255463483393841ad623c260500c31-3472694769962777710-346250313|True|(0, 0.003, 0.034)|(-0.0116089666, 0.8061835, 0.591511369, -0.00691140164)|(0.06, 0.06, 0.06)
GlobalObjectId_V1-2-75255463483393841ad623c260500c31-3472694769962777710-374324541|True|(0, 0.003, 0.034)|(0.06146396, 0.8039209, 0.5897057, 0.0466969125)|(0.06, 0.06, 0.06)
GlobalObjectId_V1-2-75255463483393841ad623c260500c31-3472694769962777710-39910857|True|(0, 0.003, 0.034)|(0.0239659064, 0.8059108, 0.591240466, 0.0191889573)|(0.06, 0.06, 0.06)
GlobalObjectId_V1-2-75255463483393841ad623c260500c31-3472694769962777710-415706150|True|(0, 0.003, 0.034)|(-0.04128497, 0.8052094, 0.5908558, -0.0286863074)|(0.06, 0.06, 0.06)
GlobalObjectId_V1-2-75255463483393841ad623c260500c31-3472694769962777710-420684188|True|(0, 0.003, 0.034)|(0.0398319252, 0.8052826, 0.5907479, 0.0308284331)|(0.06, 0.06, 0.06)
GlobalObjectId_V1-2-75255463483393841ad623c260500c31-3472694769962777710-448738566|True|(0, 0.003, 0.034)|(-0.6120519, -0.524841964, -0.383851647, -0.450101435)|(0.06, 0.06, 0.06)
GlobalObjectId_V1-2-75255463483393841ad623c260500c31-3472694769962777710-455620735|True|(0, 0.003, 0.034)|(-0.3638099, -0.71952, -0.52717936, -0.26835677)|(0.06, 0.06, 0.06)
GlobalObjectId_V1-2-75255463483393841ad623c260500c31-3472694769962777710-462089741|True|(0, 0.003, 0.034)|(-0.0269731, 0.805815756, 0.5912721, -0.0181846358)|(0.06, 0.06, 0.06)
GlobalObjectId_V1-2-75255463483393841ad623c260500c31-3472694769962777710-471337410|True|(0, 0.003, 0.034)|(0.0398319252, 0.8052826, 0.5907479, 0.0308284331)|(0.06, 0.06, 0.06)
GlobalObjectId_V1-2-75255463483393841ad623c260500c31-3472694769962777710-514498336|True|(0, 0.003, 0.034)|(-0.569630742, -0.5706027, -0.417510331, -0.4190686)|(0.06, 0.06, 0.06)
GlobalObjectId_V1-2-75255463483393841ad623c260500c31-3472694769962777710-570203299|True|(0, 0.003, 0.034)|(-0.6120519, -0.524841964, -0.383851647, -0.450101435)|(0.06, 0.06, 0.06)
GlobalObjectId_V1-2-75255463483393841ad623c260500c31-3472694769962777710-577746331|True|(0, 0.003, 0.034)|(0.0420191064, 0.8051714, 0.590661943, 0.03243292)|(0.06, 0.06, 0.06)
GlobalObjectId_V1-2-75255463483393841ad623c260500c31-3472694769962777710-614239699|True|(0, 0.003, 0.034)|(0.0258215852, 0.805853546, 0.5911947, 0.0205503367)|(0.06, 0.06, 0.06)
GlobalObjectId_V1-2-75255463483393841ad623c260500c31-3472694769962777710-720893779|True|(0, 0.003, 0.034)|(-0.5239499, -0.6128158, -0.4485726, -0.385637164)|(0.06, 0.06, 0.06)
GlobalObjectId_V1-2-75255463483393841ad623c260500c31-3472694769962777710-759653167|True|(0, 0.003, 0.034)|(3.52508138E-08, -0.8064446, -0.591309667, 2.58469637E-08)|(0.06, 0.06, 0.06)
GlobalObjectId_V1-2-75255463483393841ad623c260500c31-3472694769962777710-788279421|True|(0, 0.003, 0.034)|(0.0239659064, 0.8059108, 0.591240466, 0.0191889573)|(0.06, 0.06, 0.06)
GlobalObjectId_V1-2-75255463483393841ad623c260500c31-3472694769962777710-801688379|True|(0, 0.003, 0.034)|(0.020333901, 0.8060106, 0.5913208, 0.0165243931)|(0.06, 0.06, 0.06)
GlobalObjectId_V1-2-75255463483393841ad623c260500c31-3472694769962777710-827096132|True|(0, 0.003, 0.034)|(-0.569630742, -0.5706027, -0.417510331, -0.4190686)|(0.06, 0.06, 0.06)
GlobalObjectId_V1-2-75255463483393841ad623c260500c31-3472694769962777710-841608481|True|(0, 0.003, 0.034)|(-0.52559334, -0.611406863, -0.447535574, -0.3868401)|(0.06, 0.06, 0.06)
GlobalObjectId_V1-2-75255463483393841ad623c260500c31-3472694769962777710-866930353|True|(0, 0.003, 0.034)|(-0.5239499, -0.6128158, -0.4485726, -0.385637164)|(0.06, 0.06, 0.06)
GlobalObjectId_V1-2-75255463483393841ad623c260500c31-3477205173645417738-1278433063|True|(1.60932531E-10, 0.00143999979, -1.86517449E-17)|(-0.608287156, -4.422812E-08, -2.802861E-08, 0.793717)|(1, 1, 1)
GlobalObjectId_V1-2-75255463483393841ad623c260500c31-3477205173645417738-1796550201|True|(1.60932531E-10, 0.00143999979, -1.86517449E-17)|(-0.608287156, -4.422812E-08, -2.802861E-08, 0.793717)|(1, 1, 1)
GlobalObjectId_V1-2-75255463483393841ad623c260500c31-3477205173645417738-227182643|True|(1.60932531E-10, 0.00143999979, -1.86517449E-17)|(-0.608287156, -4.422812E-08, -2.802861E-08, 0.793717)|(1, 1, 1)
GlobalObjectId_V1-2-75255463483393841ad623c260500c31-3477205173645417738-4508494|True|(1.60932531E-10, 0.00143999979, -1.86517449E-17)|(-0.608287156, -4.422812E-08, -2.802861E-08, 0.793717)|(1, 1, 1)
GlobalObjectId_V1-2-75255463483393841ad623c260500c31-3477205173645417738-493544818|True|(1.60932531E-10, 0.00143999979, -1.86517449E-17)|(-0.608287156, -4.422812E-08, -2.802861E-08, 0.793717)|(1, 1, 1)
GlobalObjectId_V1-2-75255463483393841ad623c260500c31-3477205173645417738-537414647|True|(1.60932531E-10, 0.00143999979, -1.86517449E-17)|(-0.608287156, -4.422812E-08, -2.802861E-08, 0.793717)|(1, 1, 1)
GlobalObjectId_V1-2-75255463483393841ad623c260500c31-3477205173645417738-616789302|True|(1.60932531E-10, 0.00143999979, -1.86517449E-17)|(-0.608287156, -4.422812E-08, -2.802861E-08, 0.793717)|(1, 1, 1)
GlobalObjectId_V1-2-75255463483393841ad623c260500c31-3477205173645417738-828342056|True|(1.60932531E-10, 0.00143999979, -1.86517449E-17)|(-0.608287156, -4.422812E-08, -2.802861E-08, 0.793717)|(1, 1, 1)
GlobalObjectId_V1-2-75255463483393841ad623c260500c31-3477205173645417738-863157045|True|(1.60932531E-10, 0.00143999979, -1.86517449E-17)|(-0.608287156, -4.422812E-08, -2.802861E-08, 0.793717)|(1, 1, 1)
GlobalObjectId_V1-2-75255463483393841ad623c260500c31-3477205173645417738-950912075|True|(1.60932531E-10, 0.00143999979, -1.86517449E-17)|(-0.608287156, -4.422812E-08, -2.802861E-08, 0.793717)|(1, 1, 1)
GlobalObjectId_V1-2-75255463483393841ad623c260500c31-350376285-0|True|(0, 0, 0)|(0.7071068, 0, 0, 0.7071068)|(1, 1, 1)
GlobalObjectId_V1-2-75255463483393841ad623c260500c31-350503248-0|True|(0, 0, 0)|(0.7071068, 0, 0, 0.7071068)|(1, 1, 1)
GlobalObjectId_V1-2-75255463483393841ad623c260500c31-352497023-0|True|(0, 0, 0)|(0.7071068, 0, 0, 0.7071068)|(1, 1, 1)
GlobalObjectId_V1-2-75255463483393841ad623c260500c31-353568076-0|True|(0, 0, 0)|(0.7071068, 0, 0, 0.7071068)|(1, 1, 1)
GlobalObjectId_V1-2-75255463483393841ad623c260500c31-354246631-0|True|(0, 0, 0)|(0.7071068, 0, 0, 0.7071068)|(1, 1, 1)
GlobalObjectId_V1-2-75255463483393841ad623c260500c31-357875103-0|True|(0, 0, 0)|(0, 0, 0, 1)|(1, 1, 1)
GlobalObjectId_V1-2-75255463483393841ad623c260500c31-3618653559517479598-1088672138|True|(-0.000257758424, -9.936094E-05, -0.000379592733)|(-0.7071068, 0, 0, 0.7071067)|(180.039673, 180.039673, 180.039673)
GlobalObjectId_V1-2-75255463483393841ad623c260500c31-3618653559517479598-1112470179|True|(-0.000257758424, -9.936094E-05, -0.000379592733)|(-0.7071068, 0, 0, 0.7071067)|(180.039673, 180.039673, 180.039673)
GlobalObjectId_V1-2-75255463483393841ad623c260500c31-3618653559517479598-1221416528|True|(-0.000257758424, -9.936094E-05, -0.000379592733)|(-0.7071068, 0, 0, 0.7071067)|(180.039673, 180.039673, 180.039673)
GlobalObjectId_V1-2-75255463483393841ad623c260500c31-3618653559517479598-2128829070|True|(-0.000257758424, -9.936094E-05, -0.000379592733)|(-0.7071068, 0, 0, 0.7071067)|(180.039673, 180.039673, 180.039673)
GlobalObjectId_V1-2-75255463483393841ad623c260500c31-3618653559517479598-323516368|True|(-0.000257758424, -9.936094E-05, -0.000379592733)|(-0.7071068, 0, 0, 0.7071067)|(180.039673, 180.039673, 180.039673)
GlobalObjectId_V1-2-75255463483393841ad623c260500c31-3618653559517479598-953671874|True|(-0.000257758424, -9.936094E-05, -0.000379592733)|(-0.7071068, 0, 0, 0.7071067)|(180.039673, 180.039673, 180.039673)
GlobalObjectId_V1-2-75255463483393841ad623c260500c31-3618653559517479598-972204061|True|(-0.000257758424, -9.936094E-05, -0.000379592733)|(-0.7071068, 0, 0, 0.7071067)|(180.039673, 180.039673, 180.039673)
GlobalObjectId_V1-2-75255463483393841ad623c260500c31-372210113-0|True|(0, 0, 0)|(0.7071068, 0, 0, 0.7071068)|(1, 1, 1)
GlobalObjectId_V1-2-75255463483393841ad623c260500c31-3729625882423310360-124650490|True|(0, 0.00111999991, 0)|(0, 0, 0, 1)|(1, 1, 1)
GlobalObjectId_V1-2-75255463483393841ad623c260500c31-3729625882423310360-1376906811|True|(0, 0.00111999991, 0)|(0, 0, 0, 1)|(1, 1, 1)
GlobalObjectId_V1-2-75255463483393841ad623c260500c31-3729625882423310360-1395087067|True|(0, 0.00111999991, 0)|(0, 0, 0, 1)|(1, 1, 1)
GlobalObjectId_V1-2-75255463483393841ad623c260500c31-3729625882423310360-589898910|True|(0, 0.00111999991, 0)|(0, 0, 0, 1)|(1, 1, 1)
GlobalObjectId_V1-2-75255463483393841ad623c260500c31-3729625882423310360-951118863|True|(0, 0.00111999991, 0)|(0, 0, 0, 1)|(1, 1, 1)
GlobalObjectId_V1-2-75255463483393841ad623c260500c31-3729625882423310360-997839571|True|(0, 0.00111999991, 0)|(0, 0, 0, 1)|(1, 1, 1)
GlobalObjectId_V1-2-75255463483393841ad623c260500c31-373778524-0|True|(0, 0, 0)|(0.7071068, 0, 0, 0.7071068)|(1, 1, 1)
GlobalObjectId_V1-2-75255463483393841ad623c260500c31-3797597246638632142-1342259368|True|(5.96046434E-10, 0.00228805584, 1.49011609E-10)|(-0.003952943, 0.109595351, -0.133360967, 0.9849813)|(1, 1.00000012, 1)
GlobalObjectId_V1-2-75255463483393841ad623c260500c31-3797597246638632142-1807193877|True|(5.96046434E-10, 0.00228805584, 1.49011609E-10)|(-0.003952943, 0.109595351, -0.133360967, 0.9849813)|(1, 1.00000012, 1)
GlobalObjectId_V1-2-75255463483393841ad623c260500c31-3797597246638632142-249137488|True|(5.96046434E-10, 0.00228805584, 1.49011609E-10)|(-0.003952943, 0.109595351, -0.133360967, 0.9849813)|(1, 1.00000012, 1)
GlobalObjectId_V1-2-75255463483393841ad623c260500c31-3797597246638632142-325631740|True|(5.96046434E-10, 0.00228805584, 1.49011609E-10)|(-0.003952943, 0.109595351, -0.133360967, 0.9849813)|(1, 1.00000012, 1)
GlobalObjectId_V1-2-75255463483393841ad623c260500c31-3797597246638632142-673208042|True|(5.96046434E-10, 0.00228805584, 1.49011609E-10)|(-0.003952943, 0.109595351, -0.133360967, 0.9849813)|(1, 1.00000012, 1)
GlobalObjectId_V1-2-75255463483393841ad623c260500c31-3797597246638632142-726046513|True|(5.96046434E-10, 0.00228805584, 1.49011609E-10)|(-0.003952943, 0.109595351, -0.133360967, 0.9849813)|(1, 1.00000012, 1)
GlobalObjectId_V1-2-75255463483393841ad623c260500c31-382258231-0|True|(0, 0, 0)|(0.7071068, 0, 0, 0.7071068)|(1, 1, 1)
GlobalObjectId_V1-2-75255463483393841ad623c260500c31-3828916584644221882-1342259368|True|(-159.8948, 3.552222, 54.7342377)|(0, -0.0429006778, 0, 0.999079347)|(1, 1, 1)
GlobalObjectId_V1-2-75255463483393841ad623c260500c31-3828916584644221882-1807193877|True|(-320.1659, 0.08, -316.904449)|(0, 0.6879279, 0, 0.7257791)|(1, 1, 1)
GlobalObjectId_V1-2-75255463483393841ad623c260500c31-3828916584644221882-249137488|True|(191.8387, 4.74711227, 254.453308)|(0, 0.191383049, 0, 0.981515467)|(1, 1, 1)
GlobalObjectId_V1-2-75255463483393841ad623c260500c31-3828916584644221882-325631740|True|(-320, 0.08, -320)|(0, 0.6879279, 0, 0.7257791)|(1, 1, 1)
GlobalObjectId_V1-2-75255463483393841ad623c260500c31-3828916584644221882-673208042|True|(194.711624, 4.74711227, 253.288666)|(0, 0.191383049, 0, 0.981515467)|(1, 1, 1)
GlobalObjectId_V1-2-75255463483393841ad623c260500c31-3828916584644221882-726046513|True|(-156.806213, 3.552222, 54.9999771)|(0, -0.0429006778, 0, 0.999079347)|(1, 1, 1)
GlobalObjectId_V1-2-75255463483393841ad623c260500c31-3853920376290251379-124650490|True|(-5.96046434E-10, 0.00228805584, 1.49011609E-10)|(0.275350928, -0.122590534, 0.355962664, 0.8845587)|(0.99999994, 1, 1)
GlobalObjectId_V1-2-75255463483393841ad623c260500c31-3853920376290251379-1376906811|True|(-5.96046434E-10, 0.00228805584, 1.49011609E-10)|(0.275350928, -0.122590534, 0.355962664, 0.8845587)|(0.99999994, 1, 1)
GlobalObjectId_V1-2-75255463483393841ad623c260500c31-3853920376290251379-1395087067|True|(-5.96046434E-10, 0.00228805584, 1.49011609E-10)|(0.275350928, -0.122590534, 0.355962664, 0.8845587)|(0.99999994, 1, 1)
GlobalObjectId_V1-2-75255463483393841ad623c260500c31-3853920376290251379-589898910|True|(-5.96046434E-10, 0.00228805584, 1.49011609E-10)|(0.275350928, -0.122590534, 0.355962664, 0.8845587)|(0.99999994, 1, 1)
GlobalObjectId_V1-2-75255463483393841ad623c260500c31-3853920376290251379-951118863|True|(-5.96046434E-10, 0.00228805584, 1.49011609E-10)|(0.275350928, -0.122590534, 0.355962664, 0.8845587)|(0.99999994, 1, 1)
GlobalObjectId_V1-2-75255463483393841ad623c260500c31-3853920376290251379-997839571|True|(-5.96046434E-10, 0.00228805584, 1.49011609E-10)|(0.275350928, -0.122590534, 0.355962664, 0.8845587)|(0.99999994, 1, 1)
GlobalObjectId_V1-2-75255463483393841ad623c260500c31-387485200-0|True|(0, 0, 0)|(0.7071068, 0, 0, 0.7071068)|(1, 1, 1)
GlobalObjectId_V1-2-75255463483393841ad623c260500c31-388755930-0|True|(1.5, 0, 0)|(0, 0, 0, 1)|(3, 0.17, 0.17)
GlobalObjectId_V1-2-75255463483393841ad623c260500c31-3890092442830838063-1156845426|True|(0.00160000008, 0, 0)|(0.9871956, 0.112429716, 0.112429671, -0.0128043881)|(1.00000036, 1.00000012, 1)
GlobalObjectId_V1-2-75255463483393841ad623c260500c31-3890092442830838063-1282342156|True|(0.00160000008, 0, 0)|(0.9871956, 0.112429716, 0.112429671, -0.0128043881)|(1.00000036, 1.00000012, 1)
GlobalObjectId_V1-2-75255463483393841ad623c260500c31-3890092442830838063-1328059363|True|(0.00160000008, 0, 0)|(0.9871956, 0.112429716, 0.112429671, -0.0128043881)|(1.00000036, 1.00000012, 1)
GlobalObjectId_V1-2-75255463483393841ad623c260500c31-3890092442830838063-1364577291|True|(0.00160000008, 0, 0)|(0.9871956, 0.112429716, 0.112429671, -0.0128043881)|(1.00000036, 1.00000012, 1)
GlobalObjectId_V1-2-75255463483393841ad623c260500c31-3890092442830838063-1398831272|True|(0.00160000008, 0, 0)|(0.9871956, 0.112429716, 0.112429671, -0.0128043881)|(1.00000036, 1.00000012, 1)
GlobalObjectId_V1-2-75255463483393841ad623c260500c31-3890092442830838063-1538826313|True|(0.00160000008, 0, 0)|(0.9871956, 0.112429716, 0.112429671, -0.0128043881)|(1.00000036, 1.00000012, 1)
GlobalObjectId_V1-2-75255463483393841ad623c260500c31-3890092442830838063-2022718491|True|(0.00160000008, 0, 0)|(0.9871956, 0.112429716, 0.112429671, -0.0128043881)|(1.00000036, 1.00000012, 1)
GlobalObjectId_V1-2-75255463483393841ad623c260500c31-3890092442830838063-2038314915|True|(0.00160000008, 0, 0)|(0.9871956, 0.112429716, 0.112429671, -0.0128043881)|(1.00000036, 1.00000012, 1)
GlobalObjectId_V1-2-75255463483393841ad623c260500c31-3890092442830838063-535235437|True|(0.00160000008, 0, 0)|(0.9871956, 0.112429716, 0.112429671, -0.0128043881)|(1.00000036, 1.00000012, 1)
GlobalObjectId_V1-2-75255463483393841ad623c260500c31-3890092442830838063-662617545|True|(0.00160000008, 0, 0)|(0.9871956, 0.112429716, 0.112429671, -0.0128043881)|(1.00000036, 1.00000012, 1)
GlobalObjectId_V1-2-75255463483393841ad623c260500c31-389913137-0|True|(0, 0, 0)|(0.7071068, 0, 0, 0.7071068)|(1, 1, 1)
GlobalObjectId_V1-2-75255463483393841ad623c260500c31-3937981244799486373-1156845426|True|(0, 0.85, 0)|(0, 1, 0, 0)|(1, 1, 1)
GlobalObjectId_V1-2-75255463483393841ad623c260500c31-3937981244799486373-1282342156|True|(0, 0.85, 0)|(0, 1, 0, 0)|(1, 1, 1)
GlobalObjectId_V1-2-75255463483393841ad623c260500c31-3937981244799486373-1328059363|True|(0, 0.85, 0)|(0, 1, 0, 0)|(1, 1, 1)
GlobalObjectId_V1-2-75255463483393841ad623c260500c31-3937981244799486373-1364577291|True|(0, 0.85, 0)|(0, 1, 0, 0)|(1, 1, 1)
GlobalObjectId_V1-2-75255463483393841ad623c260500c31-3937981244799486373-1398831272|True|(0, 0.85, 0)|(0, 1, 0, 0)|(1, 1, 1)
GlobalObjectId_V1-2-75255463483393841ad623c260500c31-3937981244799486373-1538826313|True|(0, 0.85, 0)|(0, 1, 0, 0)|(1, 1, 1)
GlobalObjectId_V1-2-75255463483393841ad623c260500c31-3937981244799486373-2022718491|True|(0, 0.85, 0)|(0, 1, 0, 0)|(1, 1, 1)
GlobalObjectId_V1-2-75255463483393841ad623c260500c31-3937981244799486373-2038314915|True|(0, 0.85, 0)|(0, 1, 0, 0)|(1, 1, 1)
GlobalObjectId_V1-2-75255463483393841ad623c260500c31-3937981244799486373-535235437|True|(0, 0.85, 0)|(0, 1, 0, 0)|(1, 1, 1)
GlobalObjectId_V1-2-75255463483393841ad623c260500c31-3937981244799486373-662617545|True|(0, 0.85, 0)|(0, 1, 0, 0)|(1, 1, 1)
GlobalObjectId_V1-2-75255463483393841ad623c260500c31-3944870512087671445-1054006661|True|(0.005, 0.445, -0.003)|(6.28270845E-06, 0.004799633, 0.00130898156, 0.999987662)|(0.86, 0.045, 0.61)
GlobalObjectId_V1-2-75255463483393841ad623c260500c31-3944870512087671445-1066520553|True|(0.005, 0.445, -0.003)|(6.28270845E-06, 0.004799633, 0.00130898156, 0.999987662)|(0.86, 0.045, 0.61)
GlobalObjectId_V1-2-75255463483393841ad623c260500c31-3944870512087671445-1075442592|True|(0.005, 0.445, -0.003)|(6.28270845E-06, 0.004799633, 0.00130898156, 0.999987662)|(0.86, 0.045, 0.61)
GlobalObjectId_V1-2-75255463483393841ad623c260500c31-3944870512087671445-1123419265|True|(0.005, 0.445, -0.003)|(6.28270845E-06, 0.004799633, 0.00130898156, 0.999987662)|(0.86, 0.045, 0.61)
GlobalObjectId_V1-2-75255463483393841ad623c260500c31-3944870512087671445-1189067973|True|(0.005, 0.445, -0.003)|(6.28270845E-06, 0.004799633, 0.00130898156, 0.999987662)|(0.86, 0.045, 0.61)
GlobalObjectId_V1-2-75255463483393841ad623c260500c31-3944870512087671445-1213532434|True|(0.005, 0.445, -0.003)|(6.28270845E-06, 0.004799633, 0.00130898156, 0.999987662)|(0.86, 0.045, 0.61)
GlobalObjectId_V1-2-75255463483393841ad623c260500c31-3944870512087671445-1231942770|True|(0.005, 0.445, -0.003)|(6.28270845E-06, 0.004799633, 0.00130898156, 0.999987662)|(0.86, 0.045, 0.61)
GlobalObjectId_V1-2-75255463483393841ad623c260500c31-3944870512087671445-1273255913|True|(0.005, 0.445, -0.003)|(6.28270845E-06, 0.004799633, 0.00130898156, 0.999987662)|(0.86, 0.045, 0.61)
GlobalObjectId_V1-2-75255463483393841ad623c260500c31-3944870512087671445-1278822786|True|(0.005, 0.445, -0.003)|(6.28270845E-06, 0.004799633, 0.00130898156, 0.999987662)|(0.86, 0.045, 0.61)
GlobalObjectId_V1-2-75255463483393841ad623c260500c31-3944870512087671445-1289928147|True|(0.005, 0.445, -0.003)|(6.28270845E-06, 0.004799633, 0.00130898156, 0.999987662)|(0.86, 0.045, 0.61)
GlobalObjectId_V1-2-75255463483393841ad623c260500c31-3944870512087671445-1306169864|True|(0.005, 0.445, -0.003)|(6.28270845E-06, 0.004799633, 0.00130898156, 0.999987662)|(0.86, 0.045, 0.61)
GlobalObjectId_V1-2-75255463483393841ad623c260500c31-3944870512087671445-134612628|True|(0.005, 0.445, -0.003)|(6.28270845E-06, 0.004799633, 0.00130898156, 0.999987662)|(0.86, 0.045, 0.61)
GlobalObjectId_V1-2-75255463483393841ad623c260500c31-3944870512087671445-1362226918|True|(0.005, 0.445, -0.003)|(6.28270845E-06, 0.004799633, 0.00130898156, 0.999987662)|(0.86, 0.045, 0.61)
GlobalObjectId_V1-2-75255463483393841ad623c260500c31-3944870512087671445-1446791577|True|(0.005, 0.445, -0.003)|(6.28270845E-06, 0.004799633, 0.00130898156, 0.999987662)|(0.86, 0.045, 0.61)
GlobalObjectId_V1-2-75255463483393841ad623c260500c31-3944870512087671445-1453559021|True|(0.005, 0.445, -0.003)|(6.28270845E-06, 0.004799633, 0.00130898156, 0.999987662)|(0.86, 0.045, 0.61)
GlobalObjectId_V1-2-75255463483393841ad623c260500c31-3944870512087671445-1474131409|True|(0.005, 0.445, -0.003)|(6.28270845E-06, 0.004799633, 0.00130898156, 0.999987662)|(0.86, 0.045, 0.61)
GlobalObjectId_V1-2-75255463483393841ad623c260500c31-3944870512087671445-1523898307|True|(0.005, 0.445, -0.003)|(6.28270845E-06, 0.004799633, 0.00130898156, 0.999987662)|(0.86, 0.045, 0.61)
GlobalObjectId_V1-2-75255463483393841ad623c260500c31-3944870512087671445-1589411330|True|(0.005, 0.445, -0.003)|(6.28270845E-06, 0.004799633, 0.00130898156, 0.999987662)|(0.86, 0.045, 0.61)
GlobalObjectId_V1-2-75255463483393841ad623c260500c31-3944870512087671445-1669245919|True|(0.005, 0.445, -0.003)|(6.28270845E-06, 0.004799633, 0.00130898156, 0.999987662)|(0.86, 0.045, 0.61)
GlobalObjectId_V1-2-75255463483393841ad623c260500c31-3944870512087671445-1737122726|True|(0.005, 0.445, -0.003)|(6.28270845E-06, 0.004799633, 0.00130898156, 0.999987662)|(0.86, 0.045, 0.61)
GlobalObjectId_V1-2-75255463483393841ad623c260500c31-3944870512087671445-1741248142|True|(0.005, 0.445, -0.003)|(6.28270845E-06, 0.004799633, 0.00130898156, 0.999987662)|(0.86, 0.045, 0.61)
GlobalObjectId_V1-2-75255463483393841ad623c260500c31-3944870512087671445-177614287|True|(0.005, 0.445, -0.003)|(6.28270845E-06, 0.004799633, 0.00130898156, 0.999987662)|(0.86, 0.045, 0.61)
GlobalObjectId_V1-2-75255463483393841ad623c260500c31-3944870512087671445-1802634647|True|(0.005, 0.445, -0.003)|(6.28270845E-06, 0.004799633, 0.00130898156, 0.999987662)|(0.86, 0.045, 0.61)
GlobalObjectId_V1-2-75255463483393841ad623c260500c31-3944870512087671445-1890397674|True|(0.005, 0.445, -0.003)|(6.28270845E-06, 0.004799633, 0.00130898156, 0.999987662)|(0.86, 0.045, 0.61)
GlobalObjectId_V1-2-75255463483393841ad623c260500c31-3944870512087671445-1899348449|True|(0.005, 0.445, -0.003)|(6.28270845E-06, 0.004799633, 0.00130898156, 0.999987662)|(0.86, 0.045, 0.61)
GlobalObjectId_V1-2-75255463483393841ad623c260500c31-3944870512087671445-1931660283|True|(0.005, 0.445, -0.003)|(6.28270845E-06, 0.004799633, 0.00130898156, 0.999987662)|(0.86, 0.045, 0.61)
GlobalObjectId_V1-2-75255463483393841ad623c260500c31-3944870512087671445-2008804692|True|(0.005, 0.445, -0.003)|(6.28270845E-06, 0.004799633, 0.00130898156, 0.999987662)|(0.86, 0.045, 0.61)
GlobalObjectId_V1-2-75255463483393841ad623c260500c31-3944870512087671445-2120236441|True|(0.005, 0.445, -0.003)|(6.28270845E-06, 0.004799633, 0.00130898156, 0.999987662)|(0.86, 0.045, 0.61)
GlobalObjectId_V1-2-75255463483393841ad623c260500c31-3944870512087671445-255090835|True|(0.005, 0.445, -0.003)|(6.28270845E-06, 0.004799633, 0.00130898156, 0.999987662)|(0.86, 0.045, 0.61)
GlobalObjectId_V1-2-75255463483393841ad623c260500c31-3944870512087671445-261895982|True|(0.005, 0.445, -0.003)|(6.28270845E-06, 0.004799633, 0.00130898156, 0.999987662)|(0.86, 0.045, 0.61)
GlobalObjectId_V1-2-75255463483393841ad623c260500c31-3944870512087671445-346250313|True|(0.005, 0.445, -0.003)|(6.28270845E-06, 0.004799633, 0.00130898156, 0.999987662)|(0.86, 0.045, 0.61)
GlobalObjectId_V1-2-75255463483393841ad623c260500c31-3944870512087671445-374324541|True|(0.005, 0.445, -0.003)|(6.28270845E-06, 0.004799633, 0.00130898156, 0.999987662)|(0.86, 0.045, 0.61)
GlobalObjectId_V1-2-75255463483393841ad623c260500c31-3944870512087671445-39910857|True|(0.005, 0.445, -0.003)|(6.28270845E-06, 0.004799633, 0.00130898156, 0.999987662)|(0.86, 0.045, 0.61)
GlobalObjectId_V1-2-75255463483393841ad623c260500c31-3944870512087671445-415706150|True|(0.005, 0.445, -0.003)|(6.28270845E-06, 0.004799633, 0.00130898156, 0.999987662)|(0.86, 0.045, 0.61)
GlobalObjectId_V1-2-75255463483393841ad623c260500c31-3944870512087671445-420684188|True|(0.005, 0.445, -0.003)|(6.28270845E-06, 0.004799633, 0.00130898156, 0.999987662)|(0.86, 0.045, 0.61)
GlobalObjectId_V1-2-75255463483393841ad623c260500c31-3944870512087671445-448738566|True|(0.005, 0.445, -0.003)|(6.28270845E-06, 0.004799633, 0.00130898156, 0.999987662)|(0.86, 0.045, 0.61)
GlobalObjectId_V1-2-75255463483393841ad623c260500c31-3944870512087671445-455620735|True|(0.005, 0.445, -0.003)|(6.28270845E-06, 0.004799633, 0.00130898156, 0.999987662)|(0.86, 0.045, 0.61)
GlobalObjectId_V1-2-75255463483393841ad623c260500c31-3944870512087671445-462089741|True|(0.005, 0.445, -0.003)|(6.28270845E-06, 0.004799633, 0.00130898156, 0.999987662)|(0.86, 0.045, 0.61)
GlobalObjectId_V1-2-75255463483393841ad623c260500c31-3944870512087671445-471337410|True|(0.005, 0.445, -0.003)|(6.28270845E-06, 0.004799633, 0.00130898156, 0.999987662)|(0.86, 0.045, 0.61)
GlobalObjectId_V1-2-75255463483393841ad623c260500c31-3944870512087671445-514498336|True|(0.005, 0.445, -0.003)|(6.28270845E-06, 0.004799633, 0.00130898156, 0.999987662)|(0.86, 0.045, 0.61)
GlobalObjectId_V1-2-75255463483393841ad623c260500c31-3944870512087671445-570203299|True|(0.005, 0.445, -0.003)|(6.28270845E-06, 0.004799633, 0.00130898156, 0.999987662)|(0.86, 0.045, 0.61)
GlobalObjectId_V1-2-75255463483393841ad623c260500c31-3944870512087671445-577746331|True|(0.005, 0.445, -0.003)|(6.28270845E-06, 0.004799633, 0.00130898156, 0.999987662)|(0.86, 0.045, 0.61)
GlobalObjectId_V1-2-75255463483393841ad623c260500c31-3944870512087671445-614239699|True|(0.005, 0.445, -0.003)|(6.28270845E-06, 0.004799633, 0.00130898156, 0.999987662)|(0.86, 0.045, 0.61)
GlobalObjectId_V1-2-75255463483393841ad623c260500c31-3944870512087671445-720893779|True|(0.005, 0.445, -0.003)|(6.28270845E-06, 0.004799633, 0.00130898156, 0.999987662)|(0.86, 0.045, 0.61)
GlobalObjectId_V1-2-75255463483393841ad623c260500c31-3944870512087671445-759653167|True|(0.005, 0.445, -0.003)|(6.28270845E-06, 0.004799633, 0.00130898156, 0.999987662)|(0.86, 0.045, 0.61)
GlobalObjectId_V1-2-75255463483393841ad623c260500c31-3944870512087671445-788279421|True|(0.005, 0.445, -0.003)|(6.28270845E-06, 0.004799633, 0.00130898156, 0.999987662)|(0.86, 0.045, 0.61)
GlobalObjectId_V1-2-75255463483393841ad623c260500c31-3944870512087671445-801688379|True|(0.005, 0.445, -0.003)|(6.28270845E-06, 0.004799633, 0.00130898156, 0.999987662)|(0.86, 0.045, 0.61)
GlobalObjectId_V1-2-75255463483393841ad623c260500c31-3944870512087671445-827096132|True|(0.005, 0.445, -0.003)|(6.28270845E-06, 0.004799633, 0.00130898156, 0.999987662)|(0.86, 0.045, 0.61)
GlobalObjectId_V1-2-75255463483393841ad623c260500c31-3944870512087671445-841608481|True|(0.005, 0.445, -0.003)|(6.28270845E-06, 0.004799633, 0.00130898156, 0.999987662)|(0.86, 0.045, 0.61)
GlobalObjectId_V1-2-75255463483393841ad623c260500c31-3944870512087671445-866930353|True|(0.005, 0.445, -0.003)|(6.28270845E-06, 0.004799633, 0.00130898156, 0.999987662)|(0.86, 0.045, 0.61)
GlobalObjectId_V1-2-75255463483393841ad623c260500c31-3948830948626162237-124650490|True|(2.60770322E-10, 0.0026082634, -4.09781931E-10)|(-0.266555279, 0.28998974, -0.28998974, 0.8722157)|(1.00000012, 1.00000012, 1)
GlobalObjectId_V1-2-75255463483393841ad623c260500c31-3948830948626162237-1376906811|True|(2.60770322E-10, 0.0026082634, -4.09781931E-10)|(-0.266555279, 0.28998974, -0.28998974, 0.8722157)|(1.00000012, 1.00000012, 1)
GlobalObjectId_V1-2-75255463483393841ad623c260500c31-3948830948626162237-1395087067|True|(2.60770322E-10, 0.0026082634, -4.09781931E-10)|(-0.266555279, 0.28998974, -0.28998974, 0.8722157)|(1.00000012, 1.00000012, 1)
GlobalObjectId_V1-2-75255463483393841ad623c260500c31-3948830948626162237-589898910|True|(2.60770322E-10, 0.0026082634, -4.09781931E-10)|(-0.266555279, 0.28998974, -0.28998974, 0.8722157)|(1.00000012, 1.00000012, 1)
GlobalObjectId_V1-2-75255463483393841ad623c260500c31-3948830948626162237-951118863|True|(2.60770322E-10, 0.0026082634, -4.09781931E-10)|(-0.266555279, 0.28998974, -0.28998974, 0.8722157)|(1.00000012, 1.00000012, 1)
GlobalObjectId_V1-2-75255463483393841ad623c260500c31-3948830948626162237-997839571|True|(2.60770322E-10, 0.0026082634, -4.09781931E-10)|(-0.266555279, 0.28998974, -0.28998974, 0.8722157)|(1.00000012, 1.00000012, 1)
GlobalObjectId_V1-2-75255463483393841ad623c260500c31-397750780-0|True|(0, 0, 0)|(0.7071068, 0, 0, 0.7071068)|(1, 1, 1)
GlobalObjectId_V1-2-75255463483393841ad623c260500c31-3982205-0|True|(0, 0, 0)|(0.7071068, 0, 0, 0.7071068)|(1, 1, 1)
GlobalObjectId_V1-2-75255463483393841ad623c260500c31-3986020542622695913-1054006661|True|(-0.318, 0.295, -0.286)|(0, 0, -0.005235964, 0.9999863)|(0.045, 0.3, 0.03)
GlobalObjectId_V1-2-75255463483393841ad623c260500c31-3986020542622695913-1066520553|True|(-0.318, 0.295, -0.286)|(0, 0, -0.005235964, 0.9999863)|(0.045, 0.3, 0.03)
GlobalObjectId_V1-2-75255463483393841ad623c260500c31-3986020542622695913-1075442592|True|(-0.318, 0.295, -0.286)|(0, 0, -0.005235964, 0.9999863)|(0.045, 0.3, 0.03)
GlobalObjectId_V1-2-75255463483393841ad623c260500c31-3986020542622695913-1123419265|True|(-0.318, 0.295, -0.286)|(0, 0, -0.005235964, 0.9999863)|(0.045, 0.3, 0.03)
GlobalObjectId_V1-2-75255463483393841ad623c260500c31-3986020542622695913-1189067973|True|(-0.318, 0.295, -0.286)|(0, 0, -0.005235964, 0.9999863)|(0.045, 0.3, 0.03)
GlobalObjectId_V1-2-75255463483393841ad623c260500c31-3986020542622695913-1213532434|True|(-0.318, 0.295, -0.286)|(0, 0, -0.005235964, 0.9999863)|(0.045, 0.3, 0.03)
GlobalObjectId_V1-2-75255463483393841ad623c260500c31-3986020542622695913-1231942770|True|(-0.318, 0.295, -0.286)|(0, 0, -0.005235964, 0.9999863)|(0.045, 0.3, 0.03)
GlobalObjectId_V1-2-75255463483393841ad623c260500c31-3986020542622695913-1273255913|True|(-0.318, 0.295, -0.286)|(0, 0, -0.005235964, 0.9999863)|(0.045, 0.3, 0.03)
GlobalObjectId_V1-2-75255463483393841ad623c260500c31-3986020542622695913-1278822786|True|(-0.318, 0.295, -0.286)|(0, 0, -0.005235964, 0.9999863)|(0.045, 0.3, 0.03)
GlobalObjectId_V1-2-75255463483393841ad623c260500c31-3986020542622695913-1289928147|True|(-0.318, 0.295, -0.286)|(0, 0, -0.005235964, 0.9999863)|(0.045, 0.3, 0.03)
GlobalObjectId_V1-2-75255463483393841ad623c260500c31-3986020542622695913-1306169864|True|(-0.318, 0.295, -0.286)|(0, 0, -0.005235964, 0.9999863)|(0.045, 0.3, 0.03)
GlobalObjectId_V1-2-75255463483393841ad623c260500c31-3986020542622695913-134612628|True|(-0.318, 0.295, -0.286)|(0, 0, -0.005235964, 0.9999863)|(0.045, 0.3, 0.03)
GlobalObjectId_V1-2-75255463483393841ad623c260500c31-3986020542622695913-1362226918|True|(-0.318, 0.295, -0.286)|(0, 0, -0.005235964, 0.9999863)|(0.045, 0.3, 0.03)
GlobalObjectId_V1-2-75255463483393841ad623c260500c31-3986020542622695913-1446791577|True|(-0.318, 0.295, -0.286)|(0, 0, -0.005235964, 0.9999863)|(0.045, 0.3, 0.03)
GlobalObjectId_V1-2-75255463483393841ad623c260500c31-3986020542622695913-1453559021|True|(-0.318, 0.295, -0.286)|(0, 0, -0.005235964, 0.9999863)|(0.045, 0.3, 0.03)
GlobalObjectId_V1-2-75255463483393841ad623c260500c31-3986020542622695913-1474131409|True|(-0.318, 0.295, -0.286)|(0, 0, -0.005235964, 0.9999863)|(0.045, 0.3, 0.03)
GlobalObjectId_V1-2-75255463483393841ad623c260500c31-3986020542622695913-1523898307|True|(-0.318, 0.295, -0.286)|(0, 0, -0.005235964, 0.9999863)|(0.045, 0.3, 0.03)
GlobalObjectId_V1-2-75255463483393841ad623c260500c31-3986020542622695913-1589411330|True|(-0.318, 0.295, -0.286)|(0, 0, -0.005235964, 0.9999863)|(0.045, 0.3, 0.03)
GlobalObjectId_V1-2-75255463483393841ad623c260500c31-3986020542622695913-1669245919|True|(-0.318, 0.295, -0.286)|(0, 0, -0.005235964, 0.9999863)|(0.045, 0.3, 0.03)
GlobalObjectId_V1-2-75255463483393841ad623c260500c31-3986020542622695913-1737122726|True|(-0.318, 0.295, -0.286)|(0, 0, -0.005235964, 0.9999863)|(0.045, 0.3, 0.03)
GlobalObjectId_V1-2-75255463483393841ad623c260500c31-3986020542622695913-1741248142|True|(-0.318, 0.295, -0.286)|(0, 0, -0.005235964, 0.9999863)|(0.045, 0.3, 0.03)
GlobalObjectId_V1-2-75255463483393841ad623c260500c31-3986020542622695913-177614287|True|(-0.318, 0.295, -0.286)|(0, 0, -0.005235964, 0.9999863)|(0.045, 0.3, 0.03)
GlobalObjectId_V1-2-75255463483393841ad623c260500c31-3986020542622695913-1802634647|True|(-0.318, 0.295, -0.286)|(0, 0, -0.005235964, 0.9999863)|(0.045, 0.3, 0.03)
GlobalObjectId_V1-2-75255463483393841ad623c260500c31-3986020542622695913-1890397674|True|(-0.318, 0.295, -0.286)|(0, 0, -0.005235964, 0.9999863)|(0.045, 0.3, 0.03)
GlobalObjectId_V1-2-75255463483393841ad623c260500c31-3986020542622695913-1899348449|True|(-0.318, 0.295, -0.286)|(0, 0, -0.005235964, 0.9999863)|(0.045, 0.3, 0.03)
GlobalObjectId_V1-2-75255463483393841ad623c260500c31-3986020542622695913-1931660283|True|(-0.318, 0.295, -0.286)|(0, 0, -0.005235964, 0.9999863)|(0.045, 0.3, 0.03)
GlobalObjectId_V1-2-75255463483393841ad623c260500c31-3986020542622695913-2008804692|True|(-0.318, 0.295, -0.286)|(0, 0, -0.005235964, 0.9999863)|(0.045, 0.3, 0.03)
GlobalObjectId_V1-2-75255463483393841ad623c260500c31-3986020542622695913-2120236441|True|(-0.318, 0.295, -0.286)|(0, 0, -0.005235964, 0.9999863)|(0.045, 0.3, 0.03)
GlobalObjectId_V1-2-75255463483393841ad623c260500c31-3986020542622695913-255090835|True|(-0.318, 0.295, -0.286)|(0, 0, -0.005235964, 0.9999863)|(0.045, 0.3, 0.03)
GlobalObjectId_V1-2-75255463483393841ad623c260500c31-3986020542622695913-261895982|True|(-0.318, 0.295, -0.286)|(0, 0, -0.005235964, 0.9999863)|(0.045, 0.3, 0.03)
GlobalObjectId_V1-2-75255463483393841ad623c260500c31-3986020542622695913-346250313|True|(-0.318, 0.295, -0.286)|(0, 0, -0.005235964, 0.9999863)|(0.045, 0.3, 0.03)
GlobalObjectId_V1-2-75255463483393841ad623c260500c31-3986020542622695913-374324541|True|(-0.318, 0.295, -0.286)|(0, 0, -0.005235964, 0.9999863)|(0.045, 0.3, 0.03)
GlobalObjectId_V1-2-75255463483393841ad623c260500c31-3986020542622695913-39910857|True|(-0.318, 0.295, -0.286)|(0, 0, -0.005235964, 0.9999863)|(0.045, 0.3, 0.03)
GlobalObjectId_V1-2-75255463483393841ad623c260500c31-3986020542622695913-415706150|True|(-0.318, 0.295, -0.286)|(0, 0, -0.005235964, 0.9999863)|(0.045, 0.3, 0.03)
GlobalObjectId_V1-2-75255463483393841ad623c260500c31-3986020542622695913-420684188|True|(-0.318, 0.295, -0.286)|(0, 0, -0.005235964, 0.9999863)|(0.045, 0.3, 0.03)
GlobalObjectId_V1-2-75255463483393841ad623c260500c31-3986020542622695913-448738566|True|(-0.318, 0.295, -0.286)|(0, 0, -0.005235964, 0.9999863)|(0.045, 0.3, 0.03)
GlobalObjectId_V1-2-75255463483393841ad623c260500c31-3986020542622695913-455620735|True|(-0.318, 0.295, -0.286)|(0, 0, -0.005235964, 0.9999863)|(0.045, 0.3, 0.03)
GlobalObjectId_V1-2-75255463483393841ad623c260500c31-3986020542622695913-462089741|True|(-0.318, 0.295, -0.286)|(0, 0, -0.005235964, 0.9999863)|(0.045, 0.3, 0.03)
GlobalObjectId_V1-2-75255463483393841ad623c260500c31-3986020542622695913-471337410|True|(-0.318, 0.295, -0.286)|(0, 0, -0.005235964, 0.9999863)|(0.045, 0.3, 0.03)
GlobalObjectId_V1-2-75255463483393841ad623c260500c31-3986020542622695913-514498336|True|(-0.318, 0.295, -0.286)|(0, 0, -0.005235964, 0.9999863)|(0.045, 0.3, 0.03)
GlobalObjectId_V1-2-75255463483393841ad623c260500c31-3986020542622695913-570203299|True|(-0.318, 0.295, -0.286)|(0, 0, -0.005235964, 0.9999863)|(0.045, 0.3, 0.03)
GlobalObjectId_V1-2-75255463483393841ad623c260500c31-3986020542622695913-577746331|True|(-0.318, 0.295, -0.286)|(0, 0, -0.005235964, 0.9999863)|(0.045, 0.3, 0.03)
GlobalObjectId_V1-2-75255463483393841ad623c260500c31-3986020542622695913-614239699|True|(-0.318, 0.295, -0.286)|(0, 0, -0.005235964, 0.9999863)|(0.045, 0.3, 0.03)
GlobalObjectId_V1-2-75255463483393841ad623c260500c31-3986020542622695913-720893779|True|(-0.318, 0.295, -0.286)|(0, 0, -0.005235964, 0.9999863)|(0.045, 0.3, 0.03)
GlobalObjectId_V1-2-75255463483393841ad623c260500c31-3986020542622695913-759653167|True|(-0.318, 0.295, -0.286)|(0, 0, -0.005235964, 0.9999863)|(0.045, 0.3, 0.03)
GlobalObjectId_V1-2-75255463483393841ad623c260500c31-3986020542622695913-788279421|True|(-0.318, 0.295, -0.286)|(0, 0, -0.005235964, 0.9999863)|(0.045, 0.3, 0.03)
GlobalObjectId_V1-2-75255463483393841ad623c260500c31-3986020542622695913-801688379|True|(-0.318, 0.295, -0.286)|(0, 0, -0.005235964, 0.9999863)|(0.045, 0.3, 0.03)
GlobalObjectId_V1-2-75255463483393841ad623c260500c31-3986020542622695913-827096132|True|(-0.318, 0.295, -0.286)|(0, 0, -0.005235964, 0.9999863)|(0.045, 0.3, 0.03)
GlobalObjectId_V1-2-75255463483393841ad623c260500c31-3986020542622695913-841608481|True|(-0.318, 0.295, -0.286)|(0, 0, -0.005235964, 0.9999863)|(0.045, 0.3, 0.03)
GlobalObjectId_V1-2-75255463483393841ad623c260500c31-3986020542622695913-866930353|True|(-0.318, 0.295, -0.286)|(0, 0, -0.005235964, 0.9999863)|(0.045, 0.3, 0.03)
GlobalObjectId_V1-2-75255463483393841ad623c260500c31-3990936209727103228-1342259368|True|(-0.100672022, 0.947558641, -3.28750134)|(0, 0, 0, 1)|(1.00312221, 1.24048829, 1.00738955)
GlobalObjectId_V1-2-75255463483393841ad623c260500c31-3990936209727103228-1807193877|True|(-0.100672022, 0.947558641, -3.28750134)|(0, 0, 0, 1)|(1.00312221, 1.24048829, 1.00738955)
GlobalObjectId_V1-2-75255463483393841ad623c260500c31-3990936209727103228-249137488|True|(-0.100672022, 0.947558641, -3.28750134)|(0, 0, 0, 1)|(1.00312221, 1.24048829, 1.00738955)
GlobalObjectId_V1-2-75255463483393841ad623c260500c31-3990936209727103228-325631740|True|(-0.100672022, 0.947558641, -3.28750134)|(0, 0, 0, 1)|(1.00312221, 1.24048829, 1.00738955)
GlobalObjectId_V1-2-75255463483393841ad623c260500c31-3990936209727103228-673208042|True|(-0.100672022, 0.947558641, -3.28750134)|(0, 0, 0, 1)|(1.00312221, 1.24048829, 1.00738955)
GlobalObjectId_V1-2-75255463483393841ad623c260500c31-3990936209727103228-726046513|True|(-0.100672022, 0.947558641, -3.28750134)|(0, 0, 0, 1)|(1.00312221, 1.24048829, 1.00738955)
GlobalObjectId_V1-2-75255463483393841ad623c260500c31-4049461724828919020-1054006661|True|(0, 0.295, -0.276)|(0, 0, 0, 1)|(0.59, 0.225, 0.014)
GlobalObjectId_V1-2-75255463483393841ad623c260500c31-4049461724828919020-1066520553|True|(0, 0.295, -0.276)|(0, 0, 0, 1)|(0.59, 0.225, 0.014)
GlobalObjectId_V1-2-75255463483393841ad623c260500c31-4049461724828919020-1075442592|True|(0, 0.295, -0.276)|(0, 0, 0, 1)|(0.59, 0.225, 0.014)
GlobalObjectId_V1-2-75255463483393841ad623c260500c31-4049461724828919020-1123419265|True|(0, 0.295, -0.276)|(0, 0, 0, 1)|(0.59, 0.225, 0.014)
GlobalObjectId_V1-2-75255463483393841ad623c260500c31-4049461724828919020-1189067973|True|(0, 0.295, -0.276)|(0, 0, 0, 1)|(0.59, 0.225, 0.014)
GlobalObjectId_V1-2-75255463483393841ad623c260500c31-4049461724828919020-1213532434|True|(0, 0.295, -0.276)|(0, 0, 0, 1)|(0.59, 0.225, 0.014)
GlobalObjectId_V1-2-75255463483393841ad623c260500c31-4049461724828919020-1231942770|True|(0, 0.295, -0.276)|(0, 0, 0, 1)|(0.59, 0.225, 0.014)
GlobalObjectId_V1-2-75255463483393841ad623c260500c31-4049461724828919020-1273255913|True|(0, 0.295, -0.276)|(0, 0, 0, 1)|(0.59, 0.225, 0.014)
GlobalObjectId_V1-2-75255463483393841ad623c260500c31-4049461724828919020-1278822786|True|(0, 0.295, -0.276)|(0, 0, 0, 1)|(0.59, 0.225, 0.014)
GlobalObjectId_V1-2-75255463483393841ad623c260500c31-4049461724828919020-1289928147|True|(0, 0.295, -0.276)|(0, 0, 0, 1)|(0.59, 0.225, 0.014)
GlobalObjectId_V1-2-75255463483393841ad623c260500c31-4049461724828919020-1306169864|True|(0, 0.295, -0.276)|(0, 0, 0, 1)|(0.59, 0.225, 0.014)
GlobalObjectId_V1-2-75255463483393841ad623c260500c31-4049461724828919020-134612628|True|(0, 0.295, -0.276)|(0, 0, 0, 1)|(0.59, 0.225, 0.014)
GlobalObjectId_V1-2-75255463483393841ad623c260500c31-4049461724828919020-1362226918|True|(0, 0.295, -0.276)|(0, 0, 0, 1)|(0.59, 0.225, 0.014)
GlobalObjectId_V1-2-75255463483393841ad623c260500c31-4049461724828919020-1446791577|True|(0, 0.295, -0.276)|(0, 0, 0, 1)|(0.59, 0.225, 0.014)
GlobalObjectId_V1-2-75255463483393841ad623c260500c31-4049461724828919020-1453559021|True|(0, 0.295, -0.276)|(0, 0, 0, 1)|(0.59, 0.225, 0.014)
GlobalObjectId_V1-2-75255463483393841ad623c260500c31-4049461724828919020-1474131409|True|(0, 0.295, -0.276)|(0, 0, 0, 1)|(0.59, 0.225, 0.014)
GlobalObjectId_V1-2-75255463483393841ad623c260500c31-4049461724828919020-1523898307|True|(0, 0.295, -0.276)|(0, 0, 0, 1)|(0.59, 0.225, 0.014)
GlobalObjectId_V1-2-75255463483393841ad623c260500c31-4049461724828919020-1589411330|True|(0, 0.295, -0.276)|(0, 0, 0, 1)|(0.59, 0.225, 0.014)
GlobalObjectId_V1-2-75255463483393841ad623c260500c31-4049461724828919020-1669245919|True|(0, 0.295, -0.276)|(0, 0, 0, 1)|(0.59, 0.225, 0.014)
GlobalObjectId_V1-2-75255463483393841ad623c260500c31-4049461724828919020-1737122726|True|(0, 0.295, -0.276)|(0, 0, 0, 1)|(0.59, 0.225, 0.014)
GlobalObjectId_V1-2-75255463483393841ad623c260500c31-4049461724828919020-1741248142|True|(0, 0.295, -0.276)|(0, 0, 0, 1)|(0.59, 0.225, 0.014)
GlobalObjectId_V1-2-75255463483393841ad623c260500c31-4049461724828919020-177614287|True|(0, 0.295, -0.276)|(0, 0, 0, 1)|(0.59, 0.225, 0.014)
GlobalObjectId_V1-2-75255463483393841ad623c260500c31-4049461724828919020-1802634647|True|(0, 0.295, -0.276)|(0, 0, 0, 1)|(0.59, 0.225, 0.014)
GlobalObjectId_V1-2-75255463483393841ad623c260500c31-4049461724828919020-1890397674|True|(0, 0.295, -0.276)|(0, 0, 0, 1)|(0.59, 0.225, 0.014)
GlobalObjectId_V1-2-75255463483393841ad623c260500c31-4049461724828919020-1899348449|True|(0, 0.295, -0.276)|(0, 0, 0, 1)|(0.59, 0.225, 0.014)
GlobalObjectId_V1-2-75255463483393841ad623c260500c31-4049461724828919020-1931660283|True|(0, 0.295, -0.276)|(0, 0, 0, 1)|(0.59, 0.225, 0.014)
GlobalObjectId_V1-2-75255463483393841ad623c260500c31-4049461724828919020-2008804692|True|(0, 0.295, -0.276)|(0, 0, 0, 1)|(0.59, 0.225, 0.014)
GlobalObjectId_V1-2-75255463483393841ad623c260500c31-4049461724828919020-2120236441|True|(0, 0.295, -0.276)|(0, 0, 0, 1)|(0.59, 0.225, 0.014)
GlobalObjectId_V1-2-75255463483393841ad623c260500c31-4049461724828919020-255090835|True|(0, 0.295, -0.276)|(0, 0, 0, 1)|(0.59, 0.225, 0.014)
GlobalObjectId_V1-2-75255463483393841ad623c260500c31-4049461724828919020-261895982|True|(0, 0.295, -0.276)|(0, 0, 0, 1)|(0.59, 0.225, 0.014)
GlobalObjectId_V1-2-75255463483393841ad623c260500c31-4049461724828919020-346250313|True|(0, 0.295, -0.276)|(0, 0, 0, 1)|(0.59, 0.225, 0.014)
GlobalObjectId_V1-2-75255463483393841ad623c260500c31-4049461724828919020-374324541|True|(0, 0.295, -0.276)|(0, 0, 0, 1)|(0.59, 0.225, 0.014)
GlobalObjectId_V1-2-75255463483393841ad623c260500c31-4049461724828919020-39910857|True|(0, 0.295, -0.276)|(0, 0, 0, 1)|(0.59, 0.225, 0.014)
GlobalObjectId_V1-2-75255463483393841ad623c260500c31-4049461724828919020-415706150|True|(0, 0.295, -0.276)|(0, 0, 0, 1)|(0.59, 0.225, 0.014)
GlobalObjectId_V1-2-75255463483393841ad623c260500c31-4049461724828919020-420684188|True|(0, 0.295, -0.276)|(0, 0, 0, 1)|(0.59, 0.225, 0.014)
GlobalObjectId_V1-2-75255463483393841ad623c260500c31-4049461724828919020-448738566|True|(0, 0.295, -0.276)|(0, 0, 0, 1)|(0.59, 0.225, 0.014)
GlobalObjectId_V1-2-75255463483393841ad623c260500c31-4049461724828919020-455620735|True|(0, 0.295, -0.276)|(0, 0, 0, 1)|(0.59, 0.225, 0.014)
GlobalObjectId_V1-2-75255463483393841ad623c260500c31-4049461724828919020-462089741|True|(0, 0.295, -0.276)|(0, 0, 0, 1)|(0.59, 0.225, 0.014)
GlobalObjectId_V1-2-75255463483393841ad623c260500c31-4049461724828919020-471337410|True|(0, 0.295, -0.276)|(0, 0, 0, 1)|(0.59, 0.225, 0.014)
GlobalObjectId_V1-2-75255463483393841ad623c260500c31-4049461724828919020-514498336|True|(0, 0.295, -0.276)|(0, 0, 0, 1)|(0.59, 0.225, 0.014)
GlobalObjectId_V1-2-75255463483393841ad623c260500c31-4049461724828919020-570203299|True|(0, 0.295, -0.276)|(0, 0, 0, 1)|(0.59, 0.225, 0.014)
GlobalObjectId_V1-2-75255463483393841ad623c260500c31-4049461724828919020-577746331|True|(0, 0.295, -0.276)|(0, 0, 0, 1)|(0.59, 0.225, 0.014)
GlobalObjectId_V1-2-75255463483393841ad623c260500c31-4049461724828919020-614239699|True|(0, 0.295, -0.276)|(0, 0, 0, 1)|(0.59, 0.225, 0.014)
GlobalObjectId_V1-2-75255463483393841ad623c260500c31-4049461724828919020-720893779|True|(0, 0.295, -0.276)|(0, 0, 0, 1)|(0.59, 0.225, 0.014)
GlobalObjectId_V1-2-75255463483393841ad623c260500c31-4049461724828919020-759653167|True|(0, 0.295, -0.276)|(0, 0, 0, 1)|(0.59, 0.225, 0.014)
GlobalObjectId_V1-2-75255463483393841ad623c260500c31-4049461724828919020-788279421|True|(0, 0.295, -0.276)|(0, 0, 0, 1)|(0.59, 0.225, 0.014)
GlobalObjectId_V1-2-75255463483393841ad623c260500c31-4049461724828919020-801688379|True|(0, 0.295, -0.276)|(0, 0, 0, 1)|(0.59, 0.225, 0.014)
GlobalObjectId_V1-2-75255463483393841ad623c260500c31-4049461724828919020-827096132|True|(0, 0.295, -0.276)|(0, 0, 0, 1)|(0.59, 0.225, 0.014)
GlobalObjectId_V1-2-75255463483393841ad623c260500c31-4049461724828919020-841608481|True|(0, 0.295, -0.276)|(0, 0, 0, 1)|(0.59, 0.225, 0.014)
GlobalObjectId_V1-2-75255463483393841ad623c260500c31-4049461724828919020-866930353|True|(0, 0.295, -0.276)|(0, 0, 0, 1)|(0.59, 0.225, 0.014)
GlobalObjectId_V1-2-75255463483393841ad623c260500c31-4059711311488962554-1270225228|True|(8.14907142E-10, -0.000545450661, -0.0003636366)|(0, 0, 0, 1)|(0.009090905, 0.009090908, 0.009090909)
GlobalObjectId_V1-2-75255463483393841ad623c260500c31-4059711311488962554-1720144850|True|(8.14907142E-10, -0.000545450661, -0.0003636366)|(0, 0, 0, 1)|(0.009090905, 0.009090908, 0.009090909)
GlobalObjectId_V1-2-75255463483393841ad623c260500c31-4059711311488962554-1742115882|True|(8.14907142E-10, -0.000545450661, -0.0003636366)|(0, 0, 0, 1)|(0.009090905, 0.009090908, 0.009090909)
GlobalObjectId_V1-2-75255463483393841ad623c260500c31-4059711311488962554-1906523992|True|(8.14907142E-10, -0.000545450661, -0.0003636366)|(0, 0, 0, 1)|(0.009090905, 0.009090908, 0.009090909)
GlobalObjectId_V1-2-75255463483393841ad623c260500c31-4059711311488962554-1921694405|True|(8.14907142E-10, -0.000545450661, -0.0003636366)|(0, 0, 0, 1)|(0.009090905, 0.009090908, 0.009090909)
GlobalObjectId_V1-2-75255463483393841ad623c260500c31-4059711311488962554-2052472853|True|(8.14907142E-10, -0.000545450661, -0.0003636366)|(0, 0, 0, 1)|(0.009090905, 0.009090908, 0.009090909)
GlobalObjectId_V1-2-75255463483393841ad623c260500c31-4059711311488962554-303056869|True|(8.14907142E-10, -0.000545450661, -0.0003636366)|(0, 0, 0, 1)|(0.009090905, 0.009090908, 0.009090909)
GlobalObjectId_V1-2-75255463483393841ad623c260500c31-4059711311488962554-308968016|True|(8.14907142E-10, -0.000545450661, -0.0003636366)|(0, 0, 0, 1)|(0.009090905, 0.009090908, 0.009090909)
GlobalObjectId_V1-2-75255463483393841ad623c260500c31-4059711311488962554-764708180|True|(8.14907142E-10, -0.000545450661, -0.0003636366)|(0, 0, 0, 1)|(0.009090905, 0.009090908, 0.009090909)
GlobalObjectId_V1-2-75255463483393841ad623c260500c31-4059711311488962554-924230383|True|(8.14907142E-10, -0.000545450661, -0.0003636366)|(0, 0, 0, 1)|(0.009090905, 0.009090908, 0.009090909)
GlobalObjectId_V1-2-75255463483393841ad623c260500c31-406395782-0|True|(0, 0, 0)|(0.7071068, 0, 0, 0.7071068)|(1, 1, 1)
GlobalObjectId_V1-2-75255463483393841ad623c260500c31-4094097-0|True|(0, 0, 0)|(0.7071068, 0, 0, 0.7071068)|(1, 1, 1)
GlobalObjectId_V1-2-75255463483393841ad623c260500c31-409558902616199997-1270225228|True|(0, 0, 0)|(-0.7071068, 0, 0, 0.7071067)|(100, 100, 100)
GlobalObjectId_V1-2-75255463483393841ad623c260500c31-409558902616199997-1720144850|True|(0, 0, 0)|(-0.7071068, 0, 0, 0.7071067)|(100, 100, 100)
GlobalObjectId_V1-2-75255463483393841ad623c260500c31-409558902616199997-1742115882|True|(0, 0, 0)|(-0.7071068, 0, 0, 0.7071067)|(100, 100, 100)
GlobalObjectId_V1-2-75255463483393841ad623c260500c31-409558902616199997-1906523992|True|(0, 0, 0)|(-0.7071068, 0, 0, 0.7071067)|(100, 100, 100)
GlobalObjectId_V1-2-75255463483393841ad623c260500c31-409558902616199997-1921694405|True|(0, 0, 0)|(-0.7071068, 0, 0, 0.7071067)|(100, 100, 100)
GlobalObjectId_V1-2-75255463483393841ad623c260500c31-409558902616199997-2052472853|True|(0, 0, 0)|(-0.7071068, 0, 0, 0.7071067)|(100, 100, 100)
GlobalObjectId_V1-2-75255463483393841ad623c260500c31-409558902616199997-303056869|True|(0, 0, 0)|(-0.7071068, 0, 0, 0.7071067)|(100, 100, 100)
GlobalObjectId_V1-2-75255463483393841ad623c260500c31-409558902616199997-308968016|True|(0, 0, 0)|(-0.7071068, 0, 0, 0.7071067)|(100, 100, 100)
GlobalObjectId_V1-2-75255463483393841ad623c260500c31-409558902616199997-764708180|True|(0, 0, 0)|(-0.7071068, 0, 0, 0.7071067)|(100, 100, 100)
GlobalObjectId_V1-2-75255463483393841ad623c260500c31-409558902616199997-924230383|True|(0, 0, 0)|(-0.7071068, 0, 0, 0.7071067)|(100, 100, 100)
GlobalObjectId_V1-2-75255463483393841ad623c260500c31-409939920-0|True|(0, 0, 0)|(0.7071068, 0, 0, 0.7071068)|(1, 1, 1)
GlobalObjectId_V1-2-75255463483393841ad623c260500c31-4124170622719183771-1000678127|True|(0, 0, 0)|(0, 0.7071068, 0, 0.7071068)|(1, 1, 1)
GlobalObjectId_V1-2-75255463483393841ad623c260500c31-4124170622719183771-1754215475|True|(0, 0, 0)|(0, 0.7071068, 0, 0.7071067)|(1, 1, 1)
GlobalObjectId_V1-2-75255463483393841ad623c260500c31-4124170622719183771-2116447405|True|(0, 0, 0)|(0, 0.7071068, 0, 0.7071067)|(1, 1, 1)
GlobalObjectId_V1-2-75255463483393841ad623c260500c31-4129580787506430183-1054006661|True|(0, 0, 0)|(0.7071069, 1.152023E-07, 1.15202319E-07, 0.7071067)|(0.6527323, 1.33095169, 0.30627045)
GlobalObjectId_V1-2-75255463483393841ad623c260500c31-4129580787506430183-1066520553|True|(0, 0, 0)|(0.7071069, 1.152023E-07, 1.15202319E-07, 0.7071067)|(0.6527323, 1.33095169, 0.30627045)
GlobalObjectId_V1-2-75255463483393841ad623c260500c31-4129580787506430183-1075442592|True|(0, 0, 0)|(0.7071069, 1.152023E-07, 1.15202319E-07, 0.7071067)|(0.6527323, 1.33095169, 0.30627045)
GlobalObjectId_V1-2-75255463483393841ad623c260500c31-4129580787506430183-1123419265|True|(0, 0, 0)|(0.7071069, 1.152023E-07, 1.15202319E-07, 0.7071067)|(0.6527323, 1.33095169, 0.30627045)
GlobalObjectId_V1-2-75255463483393841ad623c260500c31-4129580787506430183-1189067973|True|(0, 0, 0)|(0.7071069, 1.152023E-07, 1.15202319E-07, 0.7071067)|(0.6527323, 1.33095169, 0.30627045)
GlobalObjectId_V1-2-75255463483393841ad623c260500c31-4129580787506430183-1213532434|True|(0, 0, 0)|(0.7071069, 1.152023E-07, 1.15202319E-07, 0.7071067)|(0.6527323, 1.33095169, 0.30627045)
GlobalObjectId_V1-2-75255463483393841ad623c260500c31-4129580787506430183-1231942770|True|(0, 0, 0)|(0.7071069, 1.152023E-07, 1.15202319E-07, 0.7071067)|(0.6527323, 1.33095169, 0.30627045)
GlobalObjectId_V1-2-75255463483393841ad623c260500c31-4129580787506430183-1273255913|True|(0, 0, 0)|(0.7071069, 1.152023E-07, 1.15202319E-07, 0.7071067)|(0.6527323, 1.33095169, 0.30627045)
GlobalObjectId_V1-2-75255463483393841ad623c260500c31-4129580787506430183-1278822786|True|(0, 0, 0)|(0.7071069, 1.152023E-07, 1.15202319E-07, 0.7071067)|(0.6527323, 1.33095169, 0.30627045)
GlobalObjectId_V1-2-75255463483393841ad623c260500c31-4129580787506430183-1289928147|True|(0, 0, 0)|(0.7071069, 1.152023E-07, 1.15202319E-07, 0.7071067)|(0.6527323, 1.33095169, 0.30627045)
GlobalObjectId_V1-2-75255463483393841ad623c260500c31-4129580787506430183-1306169864|True|(0, 0, 0)|(0.7071069, 1.152023E-07, 1.15202319E-07, 0.7071067)|(0.6527323, 1.33095169, 0.30627045)
GlobalObjectId_V1-2-75255463483393841ad623c260500c31-4129580787506430183-134612628|True|(0, 0, 0)|(0.7071069, 1.152023E-07, 1.15202319E-07, 0.7071067)|(0.6527323, 1.33095169, 0.30627045)
GlobalObjectId_V1-2-75255463483393841ad623c260500c31-4129580787506430183-1362226918|True|(0, 0, 0)|(0.7071069, 1.152023E-07, 1.15202319E-07, 0.7071067)|(0.6527323, 1.33095169, 0.30627045)
GlobalObjectId_V1-2-75255463483393841ad623c260500c31-4129580787506430183-1446791577|True|(0, 0, 0)|(0.7071069, 1.152023E-07, 1.15202319E-07, 0.7071067)|(0.6527323, 1.33095169, 0.30627045)
GlobalObjectId_V1-2-75255463483393841ad623c260500c31-4129580787506430183-1453559021|True|(0, 0, 0)|(0.7071069, 1.152023E-07, 1.15202319E-07, 0.7071067)|(0.6527323, 1.33095169, 0.30627045)
GlobalObjectId_V1-2-75255463483393841ad623c260500c31-4129580787506430183-1474131409|True|(0, 0, 0)|(0.7071069, 1.152023E-07, 1.15202319E-07, 0.7071067)|(0.6527323, 1.33095169, 0.30627045)
GlobalObjectId_V1-2-75255463483393841ad623c260500c31-4129580787506430183-1523898307|True|(0, 0, 0)|(0.7071069, 1.152023E-07, 1.15202319E-07, 0.7071067)|(0.6527323, 1.33095169, 0.30627045)
GlobalObjectId_V1-2-75255463483393841ad623c260500c31-4129580787506430183-1589411330|True|(0, 0, 0)|(0.7071069, 1.152023E-07, 1.15202319E-07, 0.7071067)|(0.6527323, 1.33095169, 0.30627045)
GlobalObjectId_V1-2-75255463483393841ad623c260500c31-4129580787506430183-1669245919|True|(0, 0, 0)|(0.7071069, 1.152023E-07, 1.15202319E-07, 0.7071067)|(0.6527323, 1.33095169, 0.30627045)
GlobalObjectId_V1-2-75255463483393841ad623c260500c31-4129580787506430183-1737122726|True|(0, 0, 0)|(0.7071069, 1.152023E-07, 1.15202319E-07, 0.7071067)|(0.6527323, 1.33095169, 0.30627045)
GlobalObjectId_V1-2-75255463483393841ad623c260500c31-4129580787506430183-1741248142|True|(0, 0, 0)|(0.7071069, 1.152023E-07, 1.15202319E-07, 0.7071067)|(0.6527323, 1.33095169, 0.30627045)
GlobalObjectId_V1-2-75255463483393841ad623c260500c31-4129580787506430183-177614287|True|(0, 0, 0)|(0.7071069, 1.152023E-07, 1.15202319E-07, 0.7071067)|(0.6527323, 1.33095169, 0.30627045)
GlobalObjectId_V1-2-75255463483393841ad623c260500c31-4129580787506430183-1802634647|True|(0, 0, 0)|(0.7071069, 1.152023E-07, 1.15202319E-07, 0.7071067)|(0.6527323, 1.33095169, 0.30627045)
GlobalObjectId_V1-2-75255463483393841ad623c260500c31-4129580787506430183-1890397674|True|(0, 0, 0)|(0.7071069, 1.152023E-07, 1.15202319E-07, 0.7071067)|(0.6527323, 1.33095169, 0.30627045)
GlobalObjectId_V1-2-75255463483393841ad623c260500c31-4129580787506430183-1899348449|True|(0, 0, 0)|(0.7071069, 1.152023E-07, 1.15202319E-07, 0.7071067)|(0.6527323, 1.33095169, 0.30627045)
GlobalObjectId_V1-2-75255463483393841ad623c260500c31-4129580787506430183-1931660283|True|(0, 0, 0)|(0.7071069, 1.152023E-07, 1.15202319E-07, 0.7071067)|(0.6527323, 1.33095169, 0.30627045)
GlobalObjectId_V1-2-75255463483393841ad623c260500c31-4129580787506430183-2008804692|True|(0, 0, 0)|(0.7071069, 1.152023E-07, 1.15202319E-07, 0.7071067)|(0.6527323, 1.33095169, 0.30627045)
GlobalObjectId_V1-2-75255463483393841ad623c260500c31-4129580787506430183-2120236441|True|(0, 0, 0)|(0.7071069, 1.152023E-07, 1.15202319E-07, 0.7071067)|(0.6527323, 1.33095169, 0.30627045)
GlobalObjectId_V1-2-75255463483393841ad623c260500c31-4129580787506430183-255090835|True|(0, 0, 0)|(0.7071069, 1.152023E-07, 1.15202319E-07, 0.7071067)|(0.6527323, 1.33095169, 0.30627045)
GlobalObjectId_V1-2-75255463483393841ad623c260500c31-4129580787506430183-261895982|True|(0, 0, 0)|(0.7071069, 1.152023E-07, 1.15202319E-07, 0.7071067)|(0.6527323, 1.33095169, 0.30627045)
GlobalObjectId_V1-2-75255463483393841ad623c260500c31-4129580787506430183-346250313|True|(0, 0, 0)|(0.7071069, 1.152023E-07, 1.15202319E-07, 0.7071067)|(0.6527323, 1.33095169, 0.30627045)
GlobalObjectId_V1-2-75255463483393841ad623c260500c31-4129580787506430183-374324541|True|(0, 0, 0)|(0.7071069, 1.152023E-07, 1.15202319E-07, 0.7071067)|(0.6527323, 1.33095169, 0.30627045)
GlobalObjectId_V1-2-75255463483393841ad623c260500c31-4129580787506430183-39910857|True|(0, 0, 0)|(0.7071069, 1.152023E-07, 1.15202319E-07, 0.7071067)|(0.6527323, 1.33095169, 0.30627045)
GlobalObjectId_V1-2-75255463483393841ad623c260500c31-4129580787506430183-415706150|True|(0, 0, 0)|(0.7071069, 1.152023E-07, 1.15202319E-07, 0.7071067)|(0.6527323, 1.33095169, 0.30627045)
GlobalObjectId_V1-2-75255463483393841ad623c260500c31-4129580787506430183-420684188|True|(0, 0, 0)|(0.7071069, 1.152023E-07, 1.15202319E-07, 0.7071067)|(0.6527323, 1.33095169, 0.30627045)
GlobalObjectId_V1-2-75255463483393841ad623c260500c31-4129580787506430183-448738566|True|(0, 0, 0)|(0.7071069, 1.152023E-07, 1.15202319E-07, 0.7071067)|(0.6527323, 1.33095169, 0.30627045)
GlobalObjectId_V1-2-75255463483393841ad623c260500c31-4129580787506430183-455620735|True|(0, 0, 0)|(0.7071069, 1.152023E-07, 1.15202319E-07, 0.7071067)|(0.6527323, 1.33095169, 0.30627045)
GlobalObjectId_V1-2-75255463483393841ad623c260500c31-4129580787506430183-462089741|True|(0, 0, 0)|(0.7071069, 1.152023E-07, 1.15202319E-07, 0.7071067)|(0.6527323, 1.33095169, 0.30627045)
GlobalObjectId_V1-2-75255463483393841ad623c260500c31-4129580787506430183-471337410|True|(0, 0, 0)|(0.7071069, 1.152023E-07, 1.15202319E-07, 0.7071067)|(0.6527323, 1.33095169, 0.30627045)
GlobalObjectId_V1-2-75255463483393841ad623c260500c31-4129580787506430183-514498336|True|(0, 0, 0)|(0.7071069, 1.152023E-07, 1.15202319E-07, 0.7071067)|(0.6527323, 1.33095169, 0.30627045)
GlobalObjectId_V1-2-75255463483393841ad623c260500c31-4129580787506430183-570203299|True|(0, 0, 0)|(0.7071069, 1.152023E-07, 1.15202319E-07, 0.7071067)|(0.6527323, 1.33095169, 0.30627045)
GlobalObjectId_V1-2-75255463483393841ad623c260500c31-4129580787506430183-577746331|True|(0, 0, 0)|(0.7071069, 1.152023E-07, 1.15202319E-07, 0.7071067)|(0.6527323, 1.33095169, 0.30627045)
GlobalObjectId_V1-2-75255463483393841ad623c260500c31-4129580787506430183-614239699|True|(0, 0, 0)|(0.7071069, 1.152023E-07, 1.15202319E-07, 0.7071067)|(0.6527323, 1.33095169, 0.30627045)
GlobalObjectId_V1-2-75255463483393841ad623c260500c31-4129580787506430183-720893779|True|(0, 0, 0)|(0.7071069, 1.152023E-07, 1.15202319E-07, 0.7071067)|(0.6527323, 1.33095169, 0.30627045)
GlobalObjectId_V1-2-75255463483393841ad623c260500c31-4129580787506430183-759653167|True|(0, 0, 0)|(0.7071069, 1.152023E-07, 1.15202319E-07, 0.7071067)|(0.6527323, 1.33095169, 0.30627045)
GlobalObjectId_V1-2-75255463483393841ad623c260500c31-4129580787506430183-788279421|True|(0, 0, 0)|(0.7071069, 1.152023E-07, 1.15202319E-07, 0.7071067)|(0.6527323, 1.33095169, 0.30627045)
GlobalObjectId_V1-2-75255463483393841ad623c260500c31-4129580787506430183-801688379|True|(0, 0, 0)|(0.7071069, 1.152023E-07, 1.15202319E-07, 0.7071067)|(0.6527323, 1.33095169, 0.30627045)
GlobalObjectId_V1-2-75255463483393841ad623c260500c31-4129580787506430183-827096132|True|(0, 0, 0)|(0.7071069, 1.152023E-07, 1.15202319E-07, 0.7071067)|(0.6527323, 1.33095169, 0.30627045)
GlobalObjectId_V1-2-75255463483393841ad623c260500c31-4129580787506430183-841608481|True|(0, 0, 0)|(0.7071069, 1.152023E-07, 1.15202319E-07, 0.7071067)|(0.6527323, 1.33095169, 0.30627045)
GlobalObjectId_V1-2-75255463483393841ad623c260500c31-4129580787506430183-866930353|True|(0, 0, 0)|(0.7071069, 1.152023E-07, 1.15202319E-07, 0.7071067)|(0.6527323, 1.33095169, 0.30627045)
GlobalObjectId_V1-2-75255463483393841ad623c260500c31-413257408-0|True|(0, 0, 0)|(0.7071068, 0, 0, 0.7071068)|(1, 1, 1)
GlobalObjectId_V1-2-75255463483393841ad623c260500c31-413560508-0|True|(0, 0, 0)|(0.7071068, 0, 0, 0.7071068)|(1, 1, 1)
GlobalObjectId_V1-2-75255463483393841ad623c260500c31-414632575-0|True|(0, 0, 0)|(0.7071068, 0, 0, 0.7071068)|(1, 1, 1)
GlobalObjectId_V1-2-75255463483393841ad623c260500c31-415486637-0|True|(1.45, 0, -0.092)|(0, 0, 0, 1)|(0.25, 0.18, 0.018)
GlobalObjectId_V1-2-75255463483393841ad623c260500c31-416121128-0|True|(0, 0, 0)|(0.7071068, 0, 0, 0.7071068)|(1, 1, 1)
GlobalObjectId_V1-2-75255463483393841ad623c260500c31-4161808607297053074-1278433063|True|(3.492459E-10, -0.000599997, -0.0004000005)|(0, 0, 0, 1)|(0.009999994, 0.009999996, 0.009999997)
GlobalObjectId_V1-2-75255463483393841ad623c260500c31-4161808607297053074-1796550201|True|(3.492459E-10, -0.000599997, -0.0004000005)|(0, 0, 0, 1)|(0.009999994, 0.009999996, 0.009999997)
GlobalObjectId_V1-2-75255463483393841ad623c260500c31-4161808607297053074-227182643|True|(3.492459E-10, -0.000599997, -0.0004000005)|(0, 0, 0, 1)|(0.009999994, 0.009999996, 0.009999997)
GlobalObjectId_V1-2-75255463483393841ad623c260500c31-4161808607297053074-4508494|True|(3.492459E-10, -0.000599997, -0.0004000005)|(0, 0, 0, 1)|(0.009999994, 0.009999996, 0.009999997)
GlobalObjectId_V1-2-75255463483393841ad623c260500c31-4161808607297053074-493544818|True|(3.492459E-10, -0.000599997, -0.0004000005)|(0, 0, 0, 1)|(0.009999994, 0.009999996, 0.009999997)
GlobalObjectId_V1-2-75255463483393841ad623c260500c31-4161808607297053074-537414647|True|(3.492459E-10, -0.000599997, -0.0004000005)|(0, 0, 0, 1)|(0.009999994, 0.009999996, 0.009999997)
GlobalObjectId_V1-2-75255463483393841ad623c260500c31-4161808607297053074-616789302|True|(3.492459E-10, -0.000599997, -0.0004000005)|(0, 0, 0, 1)|(0.009999994, 0.009999996, 0.009999997)
GlobalObjectId_V1-2-75255463483393841ad623c260500c31-4161808607297053074-828342056|True|(3.492459E-10, -0.000599997, -0.0004000005)|(0, 0, 0, 1)|(0.009999994, 0.009999996, 0.009999997)
GlobalObjectId_V1-2-75255463483393841ad623c260500c31-4161808607297053074-863157045|True|(3.492459E-10, -0.000599997, -0.0004000005)|(0, 0, 0, 1)|(0.009999994, 0.009999996, 0.009999997)
GlobalObjectId_V1-2-75255463483393841ad623c260500c31-4161808607297053074-950912075|True|(3.492459E-10, -0.000599997, -0.0004000005)|(0, 0, 0, 1)|(0.009999994, 0.009999996, 0.009999997)
GlobalObjectId_V1-2-75255463483393841ad623c260500c31-417235688-0|True|(0, 0, 0)|(0.7071068, 0, 0, 0.7071068)|(1, 1, 1)
GlobalObjectId_V1-2-75255463483393841ad623c260500c31-417372721145204678-1156845426|True|(0, 0.00111999991, 0)|(0, 0, 0, 1)|(1, 1, 1)
GlobalObjectId_V1-2-75255463483393841ad623c260500c31-417372721145204678-1282342156|True|(0, 0.00111999991, 0)|(0, 0, 0, 1)|(1, 1, 1)
GlobalObjectId_V1-2-75255463483393841ad623c260500c31-417372721145204678-1328059363|True|(0, 0.00111999991, 0)|(0, 0, 0, 1)|(1, 1, 1)
GlobalObjectId_V1-2-75255463483393841ad623c260500c31-417372721145204678-1364577291|True|(0, 0.00111999991, 0)|(0, 0, 0, 1)|(1, 1, 1)
GlobalObjectId_V1-2-75255463483393841ad623c260500c31-417372721145204678-1398831272|True|(0, 0.00111999991, 0)|(0, 0, 0, 1)|(1, 1, 1)
GlobalObjectId_V1-2-75255463483393841ad623c260500c31-417372721145204678-1538826313|True|(0, 0.00111999991, 0)|(0, 0, 0, 1)|(1, 1, 1)
GlobalObjectId_V1-2-75255463483393841ad623c260500c31-417372721145204678-2022718491|True|(0, 0.00111999991, 0)|(0, 0, 0, 1)|(1, 1, 1)
GlobalObjectId_V1-2-75255463483393841ad623c260500c31-417372721145204678-2038314915|True|(0, 0.00111999991, 0)|(0, 0, 0, 1)|(1, 1, 1)
GlobalObjectId_V1-2-75255463483393841ad623c260500c31-417372721145204678-535235437|True|(0, 0.00111999991, 0)|(0, 0, 0, 1)|(1, 1, 1)
GlobalObjectId_V1-2-75255463483393841ad623c260500c31-417372721145204678-662617545|True|(0, 0.00111999991, 0)|(0, 0, 0, 1)|(1, 1, 1)
GlobalObjectId_V1-2-75255463483393841ad623c260500c31-417519865-0|True|(0, 0, 0)|(0.7071068, 0, 0, 0.7071068)|(1, 1, 1)
GlobalObjectId_V1-2-75255463483393841ad623c260500c31-419001591-0|True|(0, 0, 0)|(0.7071068, 0, 0, 0.7071068)|(1, 1, 1)
GlobalObjectId_V1-2-75255463483393841ad623c260500c31-419152135-0|True|(0.25, 0, -0.092)|(0, 0, 0, 1)|(0.25, 0.18, 0.018)
GlobalObjectId_V1-2-75255463483393841ad623c260500c31-421735885-0|True|(0, 0, 0)|(0.7071068, 0, 0, 0.7071068)|(1, 1, 1)
GlobalObjectId_V1-2-75255463483393841ad623c260500c31-4230501288874380501-1092392191|True|(-7.45058043E-11, 0.00233479147, 8.381903E-11)|(-0.0128043434, -0.112429664, 0.112430051, 0.987195551)|(0.9999999, 1, 1)
GlobalObjectId_V1-2-75255463483393841ad623c260500c31-4230501288874380501-1236654927|True|(-7.45058043E-11, 0.00233479147, 8.381903E-11)|(-0.0128043434, -0.112429664, 0.112430051, 0.987195551)|(0.9999999, 1, 1)
GlobalObjectId_V1-2-75255463483393841ad623c260500c31-4230501288874380501-1830864491|True|(-7.45058043E-11, 0.00233479147, 8.381903E-11)|(-0.0128043434, -0.112429664, 0.112430051, 0.987195551)|(0.9999999, 1, 1)
GlobalObjectId_V1-2-75255463483393841ad623c260500c31-4230501288874380501-184762202|True|(-7.45058043E-11, 0.00233479147, 8.381903E-11)|(-0.0128043434, -0.112429664, 0.112430051, 0.987195551)|(0.9999999, 1, 1)
GlobalObjectId_V1-2-75255463483393841ad623c260500c31-4230501288874380501-430729400|True|(-7.45058043E-11, 0.00233479147, 8.381903E-11)|(-0.0128043434, -0.112429664, 0.112430051, 0.987195551)|(0.9999999, 1, 1)
GlobalObjectId_V1-2-75255463483393841ad623c260500c31-4230501288874380501-507331391|True|(-7.45058043E-11, 0.00233479147, 8.381903E-11)|(-0.0128043434, -0.112429664, 0.112430051, 0.987195551)|(0.9999999, 1, 1)
GlobalObjectId_V1-2-75255463483393841ad623c260500c31-4230501288874380501-559331042|True|(-7.45058043E-11, 0.00233479147, 8.381903E-11)|(-0.0128043434, -0.112429664, 0.112430051, 0.987195551)|(0.9999999, 1, 1)
GlobalObjectId_V1-2-75255463483393841ad623c260500c31-4230501288874380501-995936011|True|(-7.45058043E-11, 0.00233479147, 8.381903E-11)|(-0.0128043434, -0.112429664, 0.112430051, 0.987195551)|(0.9999999, 1, 1)
GlobalObjectId_V1-2-75255463483393841ad623c260500c31-427824946-0|True|(0, 0, 0)|(0.7071068, 0, 0, 0.7071068)|(1, 1, 1)
GlobalObjectId_V1-2-75255463483393841ad623c260500c31-430105085-0|True|(0, 0, 0)|(0.7071068, 0, 0, 0.7071068)|(1, 1, 1)
GlobalObjectId_V1-2-75255463483393841ad623c260500c31-434020990-0|True|(-1.5, 0.7, 0)|(0, 0, 0, 1)|(0.4, 1.1, 0.45)
GlobalObjectId_V1-2-75255463483393841ad623c260500c31-44170489-0|True|(0, 0, 0)|(0.7071068, 0, 0, 0.7071068)|(1, 1, 1)
GlobalObjectId_V1-2-75255463483393841ad623c260500c31-442975997-0|True|(0, 0, 0)|(0.7071068, 0, 0, 0.7071068)|(1, 1, 1)
GlobalObjectId_V1-2-75255463483393841ad623c260500c31-446126139-0|True|(0, 0, 0)|(0, 0, 0, 1)|(1, 1, 1)
GlobalObjectId_V1-2-75255463483393841ad623c260500c31-447330830-0|True|(0, 0, 0)|(0, 0, 0, 1)|(1, 1, 1)
GlobalObjectId_V1-2-75255463483393841ad623c260500c31-4489146433247081994-1054006661|True|(155.327759, 5.059423, 224.994064)|(0, -0.776161551, 0, 0.6305341)|(2.25, 2.9, 2.9)
GlobalObjectId_V1-2-75255463483393841ad623c260500c31-4489146433247081994-1066520553|True|(-418.96167, 0.08, -468.4142)|(0, 0.9976028, 0, 0.0692004859)|(2.25, 2.9, 2.9)
GlobalObjectId_V1-2-75255463483393841ad623c260500c31-4489146433247081994-1075442592|True|(281.999969, 0.08, 723)|(0, -0.7071068, 0, 0.7071068)|(2.25, 2.9, 2.9)
GlobalObjectId_V1-2-75255463483393841ad623c260500c31-4489146433247081994-1123419265|True|(209.327667, 1.96000063, 532.301758)|(0, 0.9987315, 0, 0.050353758)|(2.25, 2.9, 2.9)
GlobalObjectId_V1-2-75255463483393841ad623c260500c31-4489146433247081994-1189067973|True|(203.216522, 1.220001, 606.081238)|(0, 0.999908268, 0, 0.0135460757)|(2.25, 2.9, 2.9)
GlobalObjectId_V1-2-75255463483393841ad623c260500c31-4489146433247081994-1213532434|True|(371.999969, 0.08, 723)|(0, -0.7071068, 0, 0.7071068)|(2.25, 2.9, 2.9)
GlobalObjectId_V1-2-75255463483393841ad623c260500c31-4489146433247081994-1231942770|True|(-161.807846, 3.80222178, 81.82323)|(0, 0.9995658, 0, 0.02946713)|(2.25, 2.9, 2.9)
GlobalObjectId_V1-2-75255463483393841ad623c260500c31-4489146433247081994-1273255913|True|(-367.009521, 0.08, -323.656219)|(0, -0.7435694, 0, 0.668658733)|(2.25, 2.9, 2.9)
GlobalObjectId_V1-2-75255463483393841ad623c260500c31-4489146433247081994-1278822786|True|(206.837646, 2.70000124, 458.081116)|(0, 0.9999084, 0, -0.0135376258)|(2.25, 2.9, 2.9)
GlobalObjectId_V1-2-75255463483393841ad623c260500c31-4489146433247081994-1289928147|True|(-163.65625, 0.567713, -267.009644)|(0, 0.998596251, 0, -0.0529681)|(2.25, 2.9, 2.9)
GlobalObjectId_V1-2-75255463483393841ad623c260500c31-4489146433247081994-1306169864|True|(-27.5546589, 5.08, 219.802658)|(0, -0.7577621, 0, 0.652531)|(2.25, 2.9, 2.9)
GlobalObjectId_V1-2-75255463483393841ad623c260500c31-4489146433247081994-134612628|True|(-107.644249, 5.07376766, 222.310089)|(0, -0.743568063, 0, 0.6686604)|(2.25, 2.9, 2.9)
GlobalObjectId_V1-2-75255463483393841ad623c260500c31-4489146433247081994-1362226918|True|(219.860367, 0.196346149, 710.7845)|(0, -0.892024, 0, 0.451988071)|(2.25, 2.9, 2.9)
GlobalObjectId_V1-2-75255463483393841ad623c260500c31-4489146433247081994-1446791577|True|(198.09314, 3.76, 352.197174)|(0, 0.9994594, 0, -0.03287806)|(2.25, 2.9, 2.9)
GlobalObjectId_V1-2-75255463483393841ad623c260500c31-4489146433247081994-1453559021|True|(-413.019165, 0.08, -467.5858)|(0, 0.9976028, 0, 0.0692004859)|(2.25, 2.9, 2.9)
GlobalObjectId_V1-2-75255463483393841ad623c260500c31-4489146433247081994-1474131409|True|(-154.837158, 2.135555, -97.78731)|(0, 0.999370754, 0, -0.0354714245)|(2.25, 2.9, 2.9)
GlobalObjectId_V1-2-75255463483393841ad623c260500c31-4489146433247081994-1523898307|True|(-157.689911, 0.567713, -267.644348)|(0, 0.998596251, 0, -0.0529681)|(2.25, 2.9, 2.9)
GlobalObjectId_V1-2-75255463483393841ad623c260500c31-4489146433247081994-1589411330|True|(-367.6443, 0.08, -317.6899)|(0, -0.7435694, 0, 0.668658733)|(2.25, 2.9, 2.9)
GlobalObjectId_V1-2-75255463483393841ad623c260500c31-4489146433247081994-1669245919|True|(-148.852249, 2.135555, -98.2127)|(0, 0.999370754, 0, -0.0354714245)|(2.25, 2.9, 2.9)
GlobalObjectId_V1-2-75255463483393841ad623c260500c31-4489146433247081994-1737122726|True|(-155.818253, 3.80222178, 82.17668)|(0, 0.9995658, 0, 0.02946713)|(2.25, 2.9, 2.9)
GlobalObjectId_V1-2-75255463483393841ad623c260500c31-4489146433247081994-1741248142|True|(-417, 0.08, -648)|(0, 1, 0, 0)|(2.25, 2.9, 2.9)
GlobalObjectId_V1-2-75255463483393841ad623c260500c31-4489146433247081994-177614287|True|(202.310089, 4.553269, 272.3558)|(0, 0.9985963, 0, -0.0529668555)|(2.25, 2.9, 2.9)
GlobalObjectId_V1-2-75255463483393841ad623c260500c31-4489146433247081994-1802634647|True|(-107.009529, 5.07376766, 216.34375)|(0, -0.743568063, 0, 0.6686604)|(2.25, 2.9, 2.9)
GlobalObjectId_V1-2-75255463483393841ad623c260500c31-4489146433247081994-1890397674|True|(-156.150757, 1.30222225, -188.156372)|(0, 0.9996601, 0, -0.0260719471)|(2.25, 2.9, 2.9)
GlobalObjectId_V1-2-75255463483393841ad623c260500c31-4489146433247081994-1899348449|True|(-148.441971, 2.96888852, -7.80449533)|(0, 0.999468446, 0, 0.0326023437)|(2.25, 2.9, 2.9)
GlobalObjectId_V1-2-75255463483393841ad623c260500c31-4489146433247081994-1931660283|True|(-296.843079, 0.08, -309.949615)|(0, -0.80032, 0, 0.599573)|(2.25, 2.9, 2.9)
GlobalObjectId_V1-2-75255463483393841ad623c260500c31-4489146433247081994-2008804692|True|(212.835449, 2.70000124, 457.9187)|(0, 0.9999084, 0, -0.0135376258)|(2.25, 2.9, 2.9)
GlobalObjectId_V1-2-75255463483393841ad623c260500c31-4489146433247081994-2120236441|True|(156.556885, 5.059423, 219.121323)|(0, -0.776161551, 0, 0.6305341)|(2.25, 2.9, 2.9)
GlobalObjectId_V1-2-75255463483393841ad623c260500c31-4489146433247081994-255090835|True|(-295.156921, 0.08, -315.7078)|(0, -0.80032, 0, 0.599573)|(2.25, 2.9, 2.9)
GlobalObjectId_V1-2-75255463483393841ad623c260500c31-4489146433247081994-261895982|True|(-155.901047, 4.625048, 170.40416)|(0, 0.9970247, 0, -0.0770826638)|(2.25, 2.9, 2.9)
GlobalObjectId_V1-2-75255463483393841ad623c260500c31-4489146433247081994-346250313|True|(197.218735, 1.220001, 605.91864)|(0, 0.999908268, 0, 0.0135460757)|(2.25, 2.9, 2.9)
GlobalObjectId_V1-2-75255463483393841ad623c260500c31-4489146433247081994-374324541|True|(-161.829742, 4.625048, 171.3264)|(0, 0.9970247, 0, -0.0770826638)|(2.25, 2.9, 2.9)
GlobalObjectId_V1-2-75255463483393841ad623c260500c31-4489146433247081994-39910857|True|(-416.794067, 0.08, -378.3949)|(0, 0.999532461, 0, -0.0305765588)|(2.25, 2.9, 2.9)
GlobalObjectId_V1-2-75255463483393841ad623c260500c31-4489146433247081994-415706150|True|(203.3581, 1.96000063, 531.698242)|(0, 0.9987315, 0, 0.050353758)|(2.25, 2.9, 2.9)
GlobalObjectId_V1-2-75255463483393841ad623c260500c31-4489146433247081994-420684188|True|(-414.508759, 0.08, -557.698853)|(0, 0.9987365, 0, -0.05025425)|(2.25, 2.9, 2.9)
GlobalObjectId_V1-2-75255463483393841ad623c260500c31-4489146433247081994-448738566|True|(61.53735, 5.08, 220.723755)|(0, -0.6503057, 0, 0.7596727)|(2.25, 2.9, 2.9)
GlobalObjectId_V1-2-75255463483393841ad623c260500c31-4489146433247081994-455620735|True|(223.408859, 0.196346149, 705.9462)|(0, -0.892024, 0, 0.451988071)|(2.25, 2.9, 2.9)
GlobalObjectId_V1-2-75255463483393841ad623c260500c31-4489146433247081994-462089741|True|(-154.429214, 2.96888852, -8.195516)|(0, 0.999468446, 0, 0.0326023437)|(2.25, 2.9, 2.9)
GlobalObjectId_V1-2-75255463483393841ad623c260500c31-4489146433247081994-471337410|True|(-408.5391, 0.08, -558.301147)|(0, 0.9987365, 0, -0.05025425)|(2.25, 2.9, 2.9)
GlobalObjectId_V1-2-75255463483393841ad623c260500c31-4489146433247081994-514498336|True|(371.999969, 0.08, 717)|(0, -0.7071068, 0, 0.7071068)|(2.25, 2.9, 2.9)
GlobalObjectId_V1-2-75255463483393841ad623c260500c31-4489146433247081994-570203299|True|(62.46258, 5.08, 226.651978)|(0, -0.6503057, 0, 0.7596727)|(2.25, 2.9, 2.9)
GlobalObjectId_V1-2-75255463483393841ad623c260500c31-4489146433247081994-577746331|True|(196.343765, 4.553269, 272.9905)|(0, 0.9985963, 0, -0.0529668555)|(2.25, 2.9, 2.9)
GlobalObjectId_V1-2-75255463483393841ad623c260500c31-4489146433247081994-614239699|True|(204.08017, 3.76, 351.802826)|(0, 0.9994594, 0, -0.03287806)|(2.25, 2.9, 2.9)
GlobalObjectId_V1-2-75255463483393841ad623c260500c31-4489146433247081994-720893779|True|(-208.673416, 0.09050576, -321.8297)|(0, -0.759511232, 0, 0.6504942)|(2.25, 2.9, 2.9)
GlobalObjectId_V1-2-75255463483393841ad623c260500c31-4489146433247081994-759653167|True|(-423, 0.08, -648)|(0, 1, 0, 0)|(2.25, 2.9, 2.9)
GlobalObjectId_V1-2-75255463483393841ad623c260500c31-4489146433247081994-788279421|True|(-422.782837, 0.08, -378.028137)|(0, 0.999532461, 0, -0.0305765588)|(2.25, 2.9, 2.9)
GlobalObjectId_V1-2-75255463483393841ad623c260500c31-4489146433247081994-801688379|True|(-162.1426, 1.30222225, -187.843628)|(0, 0.9996601, 0, -0.0260719471)|(2.25, 2.9, 2.9)
GlobalObjectId_V1-2-75255463483393841ad623c260500c31-4489146433247081994-827096132|True|(281.999969, 0.08, 717)|(0, -0.7071068, 0, 0.7071068)|(2.25, 2.9, 2.9)
GlobalObjectId_V1-2-75255463483393841ad623c260500c31-4489146433247081994-841608481|True|(-28.4451, 5.08, 225.736221)|(0, -0.7577621, 0, 0.652531)|(2.25, 2.9, 2.9)
GlobalObjectId_V1-2-75255463483393841ad623c260500c31-4489146433247081994-866930353|True|(-209.595718, 0.09050576, -315.901)|(0, -0.759511232, 0, 0.6504942)|(2.25, 2.9, 2.9)
GlobalObjectId_V1-2-75255463483393841ad623c260500c31-4512110561502832267-1270225228|True|(0.00160000008, 0, 0)|(0.9871956, 0.112429716, 0.112429671, -0.0128043881)|(1.00000036, 1.00000012, 1)
GlobalObjectId_V1-2-75255463483393841ad623c260500c31-4512110561502832267-1720144850|True|(0.00160000008, 0, 0)|(0.9871956, 0.112429716, 0.112429671, -0.0128043881)|(1.00000036, 1.00000012, 1)
GlobalObjectId_V1-2-75255463483393841ad623c260500c31-4512110561502832267-1742115882|True|(0.00160000008, 0, 0)|(0.9871956, 0.112429716, 0.112429671, -0.0128043881)|(1.00000036, 1.00000012, 1)
GlobalObjectId_V1-2-75255463483393841ad623c260500c31-4512110561502832267-1906523992|True|(0.00160000008, 0, 0)|(0.9871956, 0.112429716, 0.112429671, -0.0128043881)|(1.00000036, 1.00000012, 1)
GlobalObjectId_V1-2-75255463483393841ad623c260500c31-4512110561502832267-1921694405|True|(0.00160000008, 0, 0)|(0.9871956, 0.112429716, 0.112429671, -0.0128043881)|(1.00000036, 1.00000012, 1)
GlobalObjectId_V1-2-75255463483393841ad623c260500c31-4512110561502832267-2052472853|True|(0.00160000008, 0, 0)|(0.9871956, 0.112429716, 0.112429671, -0.0128043881)|(1.00000036, 1.00000012, 1)
GlobalObjectId_V1-2-75255463483393841ad623c260500c31-4512110561502832267-303056869|True|(0.00160000008, 0, 0)|(0.9871956, 0.112429716, 0.112429671, -0.0128043881)|(1.00000036, 1.00000012, 1)
GlobalObjectId_V1-2-75255463483393841ad623c260500c31-4512110561502832267-308968016|True|(0.00160000008, 0, 0)|(0.9871956, 0.112429716, 0.112429671, -0.0128043881)|(1.00000036, 1.00000012, 1)
GlobalObjectId_V1-2-75255463483393841ad623c260500c31-4512110561502832267-764708180|True|(0.00160000008, 0, 0)|(0.9871956, 0.112429716, 0.112429671, -0.0128043881)|(1.00000036, 1.00000012, 1)
GlobalObjectId_V1-2-75255463483393841ad623c260500c31-4512110561502832267-924230383|True|(0.00160000008, 0, 0)|(0.9871956, 0.112429716, 0.112429671, -0.0128043881)|(1.00000036, 1.00000012, 1)
GlobalObjectId_V1-2-75255463483393841ad623c260500c31-451627701-0|True|(0, 0, 0)|(0.7071068, 0, 0, 0.7071068)|(1, 1, 1)
GlobalObjectId_V1-2-75255463483393841ad623c260500c31-452291613-0|True|(0, 0, 0)|(0.7071068, 0, 0, 0.7071068)|(1, 1, 1)
GlobalObjectId_V1-2-75255463483393841ad623c260500c31-4526677276365109532-1092392191|True|(-0.0028, 0.0007000005, 0)|(0.9020881, -0.297195524, -0.297195584, -0.09791182)|(1, 1, 1)
GlobalObjectId_V1-2-75255463483393841ad623c260500c31-4526677276365109532-1236654927|True|(-0.0028, 0.0007000005, 0)|(0.9020881, -0.297195524, -0.297195584, -0.09791182)|(1, 1, 1)
GlobalObjectId_V1-2-75255463483393841ad623c260500c31-4526677276365109532-1830864491|True|(-0.0028, 0.0007000005, 0)|(0.9020881, -0.297195524, -0.297195584, -0.09791182)|(1, 1, 1)
GlobalObjectId_V1-2-75255463483393841ad623c260500c31-4526677276365109532-184762202|True|(-0.0028, 0.0007000005, 0)|(0.9020881, -0.297195524, -0.297195584, -0.09791182)|(1, 1, 1)
GlobalObjectId_V1-2-75255463483393841ad623c260500c31-4526677276365109532-430729400|True|(-0.0028, 0.0007000005, 0)|(0.9020881, -0.297195524, -0.297195584, -0.09791182)|(1, 1, 1)
GlobalObjectId_V1-2-75255463483393841ad623c260500c31-4526677276365109532-507331391|True|(-0.0028, 0.0007000005, 0)|(0.9020881, -0.297195524, -0.297195584, -0.09791182)|(1, 1, 1)
GlobalObjectId_V1-2-75255463483393841ad623c260500c31-4526677276365109532-559331042|True|(-0.0028, 0.0007000005, 0)|(0.9020881, -0.297195524, -0.297195584, -0.09791182)|(1, 1, 1)
GlobalObjectId_V1-2-75255463483393841ad623c260500c31-4526677276365109532-995936011|True|(-0.0028, 0.0007000005, 0)|(0.9020881, -0.297195524, -0.297195584, -0.09791182)|(1, 1, 1)
GlobalObjectId_V1-2-75255463483393841ad623c260500c31-4549506604192830504-1982561155|True|(0, 0, 0)|(0, 0.7071068, 0, 0.7071068)|(1, 1, 1)
GlobalObjectId_V1-2-75255463483393841ad623c260500c31-4549506604192830504-585345400|True|(0, 0, 0)|(0, 0.7071068, 0, 0.7071068)|(1, 1, 1)
GlobalObjectId_V1-2-75255463483393841ad623c260500c31-4549506604192830504-70444170|True|(0, 0, 0)|(0, 0.7071068, 0, 0.7071068)|(1, 1, 1)
GlobalObjectId_V1-2-75255463483393841ad623c260500c31-4551812-0|True|(0, 0, 0)|(0.7071068, 0, 0, 0.7071068)|(1, 1, 1)
GlobalObjectId_V1-2-75255463483393841ad623c260500c31-455514995-0|True|(133.999924, 5.08, 219.4)|(0, 0, 0, 1)|(1, 1, 1)
GlobalObjectId_V1-2-75255463483393841ad623c260500c31-456450370-0|True|(0, 0, 0)|(0.7071068, 0, 0, 0.7071068)|(1, 1, 1)
GlobalObjectId_V1-2-75255463483393841ad623c260500c31-4571483371547833376-124650490|True|(-0.00160000008, 0, 0)|(0.9871956, -0.112429716, -0.112429671, -0.0128043881)|(1.00000036, 1.00000012, 1)
GlobalObjectId_V1-2-75255463483393841ad623c260500c31-4571483371547833376-1376906811|True|(-0.00160000008, 0, 0)|(0.9871956, -0.112429716, -0.112429671, -0.0128043881)|(1.00000036, 1.00000012, 1)
GlobalObjectId_V1-2-75255463483393841ad623c260500c31-4571483371547833376-1395087067|True|(-0.00160000008, 0, 0)|(0.9871956, -0.112429716, -0.112429671, -0.0128043881)|(1.00000036, 1.00000012, 1)
GlobalObjectId_V1-2-75255463483393841ad623c260500c31-4571483371547833376-589898910|True|(-0.00160000008, 0, 0)|(0.9871956, -0.112429716, -0.112429671, -0.0128043881)|(1.00000036, 1.00000012, 1)
GlobalObjectId_V1-2-75255463483393841ad623c260500c31-4571483371547833376-951118863|True|(-0.00160000008, 0, 0)|(0.9871956, -0.112429716, -0.112429671, -0.0128043881)|(1.00000036, 1.00000012, 1)
GlobalObjectId_V1-2-75255463483393841ad623c260500c31-4571483371547833376-997839571|True|(-0.00160000008, 0, 0)|(0.9871956, -0.112429716, -0.112429671, -0.0128043881)|(1.00000036, 1.00000012, 1)
GlobalObjectId_V1-2-75255463483393841ad623c260500c31-458524130-0|True|(0, 0, 0)|(0.7071068, 0, 0, 0.7071068)|(1, 1, 1)
GlobalObjectId_V1-2-75255463483393841ad623c260500c31-459989697-0|True|(0, 0, 0)|(0.7071068, 0, 0, 0.7071068)|(1, 1, 1)
GlobalObjectId_V1-2-75255463483393841ad623c260500c31-460784807-0|True|(-1.5, 0.15, 0)|(0, 0, 0, 1)|(0.35, 0.3, 3.5)
GlobalObjectId_V1-2-75255463483393841ad623c260500c31-461503308-0|True|(0, 0, 0)|(0, 0, 0, 1)|(1, 1, 1)
GlobalObjectId_V1-2-75255463483393841ad623c260500c31-46473383-0|True|(2.65, 0, -0.092)|(0, 0, 0, 1)|(0.25, 0.18, 0.018)
GlobalObjectId_V1-2-75255463483393841ad623c260500c31-4655139769358229353-1342259368|True|(0, 0.0007999998, 0)|(0, 0, 0, 1)|(1, 1, 1)
GlobalObjectId_V1-2-75255463483393841ad623c260500c31-4655139769358229353-1807193877|True|(0, 0.0007999998, 0)|(0, 0, 0, 1)|(1, 1, 1)
GlobalObjectId_V1-2-75255463483393841ad623c260500c31-4655139769358229353-249137488|True|(0, 0.0007999998, 0)|(0, 0, 0, 1)|(1, 1, 1)
GlobalObjectId_V1-2-75255463483393841ad623c260500c31-4655139769358229353-325631740|True|(0, 0.0007999998, 0)|(0, 0, 0, 1)|(1, 1, 1)
GlobalObjectId_V1-2-75255463483393841ad623c260500c31-4655139769358229353-673208042|True|(0, 0.0007999998, 0)|(0, 0, 0, 1)|(1, 1, 1)
GlobalObjectId_V1-2-75255463483393841ad623c260500c31-4655139769358229353-726046513|True|(0, 0.0007999998, 0)|(0, 0, 0, 1)|(1, 1, 1)
GlobalObjectId_V1-2-75255463483393841ad623c260500c31-468480241-0|True|(0, 0, 0)|(0.7071068, 0, 0, 0.7071068)|(1, 1, 1)
GlobalObjectId_V1-2-75255463483393841ad623c260500c31-468637045-0|True|(0, 0, 0)|(0.7071068, 0, 0, 0.7071068)|(1, 1, 1)
GlobalObjectId_V1-2-75255463483393841ad623c260500c31-471623410-0|True|(0, 0, 0)|(0.7071068, 0, 0, 0.7071068)|(1, 1, 1)
GlobalObjectId_V1-2-75255463483393841ad623c260500c31-475112792-0|True|(0, 0, 0)|(0.7071068, 0, 0, 0.7071068)|(1, 1, 1)
GlobalObjectId_V1-2-75255463483393841ad623c260500c31-4756406990960237832-124650490|True|(0.00256000017, 0.0006400007, 0)|(0.902088046, 0.2971957, 0.2971956, -0.09791189)|(1.00000083, 1.00000036, 1)
GlobalObjectId_V1-2-75255463483393841ad623c260500c31-4756406990960237832-1376906811|True|(0.00256000017, 0.0006400007, 0)|(0.902088046, 0.2971957, 0.2971956, -0.09791189)|(1.00000083, 1.00000036, 1)
GlobalObjectId_V1-2-75255463483393841ad623c260500c31-4756406990960237832-1395087067|True|(0.00256000017, 0.0006400007, 0)|(0.902088046, 0.2971957, 0.2971956, -0.09791189)|(1.00000083, 1.00000036, 1)
GlobalObjectId_V1-2-75255463483393841ad623c260500c31-4756406990960237832-589898910|True|(0.00256000017, 0.0006400007, 0)|(0.902088046, 0.2971957, 0.2971956, -0.09791189)|(1.00000083, 1.00000036, 1)
GlobalObjectId_V1-2-75255463483393841ad623c260500c31-4756406990960237832-951118863|True|(0.00256000017, 0.0006400007, 0)|(0.902088046, 0.2971957, 0.2971956, -0.09791189)|(1.00000083, 1.00000036, 1)
GlobalObjectId_V1-2-75255463483393841ad623c260500c31-4756406990960237832-997839571|True|(0.00256000017, 0.0006400007, 0)|(0.902088046, 0.2971957, 0.2971956, -0.09791189)|(1.00000083, 1.00000036, 1)
GlobalObjectId_V1-2-75255463483393841ad623c260500c31-4757076865335804226-124650490|True|(0, 0.85, 0)|(0, 1, 0, 0)|(1, 1, 1)
GlobalObjectId_V1-2-75255463483393841ad623c260500c31-4757076865335804226-1376906811|True|(0, 0.85, 0)|(0, 1, 0, 0)|(1, 1, 1)
GlobalObjectId_V1-2-75255463483393841ad623c260500c31-4757076865335804226-1395087067|True|(0, 0.85, 0)|(0, 1, 0, 0)|(1, 1, 1)
GlobalObjectId_V1-2-75255463483393841ad623c260500c31-4757076865335804226-589898910|True|(0, 0.85, 0)|(0, 1, 0, 0)|(1, 1, 1)
GlobalObjectId_V1-2-75255463483393841ad623c260500c31-4757076865335804226-951118863|True|(0, 0.85, 0)|(0, 1, 0, 0)|(1, 1, 1)
GlobalObjectId_V1-2-75255463483393841ad623c260500c31-4757076865335804226-997839571|True|(0, 0.85, 0)|(0, 1, 0, 0)|(1, 1, 1)
GlobalObjectId_V1-2-75255463483393841ad623c260500c31-476600120-0|True|(0, 0, 0)|(0.7071068, 0, 0, 0.7071068)|(1, 1, 1)
GlobalObjectId_V1-2-75255463483393841ad623c260500c31-4768167333311518681-1092392191|True|(0, 0.04000002, -0.12)|(0, 0, 0, 1)|(1, 1, 1)
GlobalObjectId_V1-2-75255463483393841ad623c260500c31-4768167333311518681-1236654927|True|(0, 0.04000002, -0.12)|(0, 0, 0, 1)|(1, 1, 1)
GlobalObjectId_V1-2-75255463483393841ad623c260500c31-4768167333311518681-1830864491|True|(0, 0.04000002, -0.12)|(0, 0, 0, 1)|(1, 1, 1)
GlobalObjectId_V1-2-75255463483393841ad623c260500c31-4768167333311518681-184762202|True|(0, 0.04000002, -0.12)|(0, 0, 0, 1)|(1, 1, 1)
GlobalObjectId_V1-2-75255463483393841ad623c260500c31-4768167333311518681-430729400|True|(0, 0.04000002, -0.12)|(0, 0, 0, 1)|(1, 1, 1)
GlobalObjectId_V1-2-75255463483393841ad623c260500c31-4768167333311518681-507331391|True|(0, 0.04000002, -0.12)|(0, 0, 0, 1)|(1, 1, 1)
GlobalObjectId_V1-2-75255463483393841ad623c260500c31-4768167333311518681-559331042|True|(0, 0.04000002, -0.12)|(0, 0, 0, 1)|(1, 1, 1)
GlobalObjectId_V1-2-75255463483393841ad623c260500c31-4768167333311518681-995936011|True|(0, 0.04000002, -0.12)|(0, 0, 0, 1)|(1, 1, 1)
GlobalObjectId_V1-2-75255463483393841ad623c260500c31-4803415502270657454-1156845426|True|(0, 0, 0)|(-0.7071068, 0, 0, 0.7071067)|(100, 100, 100)
GlobalObjectId_V1-2-75255463483393841ad623c260500c31-4803415502270657454-1282342156|True|(0, 0, 0)|(-0.7071068, 0, 0, 0.7071067)|(100, 100, 100)
GlobalObjectId_V1-2-75255463483393841ad623c260500c31-4803415502270657454-1328059363|True|(0, 0, 0)|(-0.7071068, 0, 0, 0.7071067)|(100, 100, 100)
GlobalObjectId_V1-2-75255463483393841ad623c260500c31-4803415502270657454-1364577291|True|(0, 0, 0)|(-0.7071068, 0, 0, 0.7071067)|(100, 100, 100)
GlobalObjectId_V1-2-75255463483393841ad623c260500c31-4803415502270657454-1398831272|True|(0, 0, 0)|(-0.7071068, 0, 0, 0.7071067)|(100, 100, 100)
GlobalObjectId_V1-2-75255463483393841ad623c260500c31-4803415502270657454-1538826313|True|(0, 0, 0)|(-0.7071068, 0, 0, 0.7071067)|(100, 100, 100)
GlobalObjectId_V1-2-75255463483393841ad623c260500c31-4803415502270657454-2022718491|True|(0, 0, 0)|(-0.7071068, 0, 0, 0.7071067)|(100, 100, 100)
GlobalObjectId_V1-2-75255463483393841ad623c260500c31-4803415502270657454-2038314915|True|(0, 0, 0)|(-0.7071068, 0, 0, 0.7071067)|(100, 100, 100)
GlobalObjectId_V1-2-75255463483393841ad623c260500c31-4803415502270657454-535235437|True|(0, 0, 0)|(-0.7071068, 0, 0, 0.7071067)|(100, 100, 100)
GlobalObjectId_V1-2-75255463483393841ad623c260500c31-4803415502270657454-662617545|True|(0, 0, 0)|(-0.7071068, 0, 0, 0.7071067)|(100, 100, 100)
GlobalObjectId_V1-2-75255463483393841ad623c260500c31-480677107-0|True|(171.235321, 4.914808, 232.418976)|(0, 0.500508964, 0, 0.865731359)|(1, 1, 1)
GlobalObjectId_V1-2-75255463483393841ad623c260500c31-480677108-0|{"MonoBehaviour":{"m_Enabled":true,"m_EditorHideFlags":0,"m_Name":"","m_EditorClassIdentifier":"Assembly-CSharp::HighwayHazard","visual":{"instanceID":0},"barrierArm":{"instanceID":0},"signal":{"instanceID":0},"warning":{"instanceID":0},"laneIndex":0,"breakHealth":0.0,"warningSeconds":1.7999999523162842,"cycleSeconds":4.0,"crossingDistance":9.0}}
GlobalObjectId_V1-2-75255463483393841ad623c260500c31-4814567337057467638-124650490|True|(-2.14204182E-10, 0.00224813819, -3.81842252E-10)|(-0.404356867, -0.0356133059, 0.03561337, 0.913213551)|(1.00000012, 1, 1)
GlobalObjectId_V1-2-75255463483393841ad623c260500c31-4814567337057467638-1376906811|True|(-2.14204182E-10, 0.00224813819, -3.81842252E-10)|(-0.404356867, -0.0356133059, 0.03561337, 0.913213551)|(1.00000012, 1, 1)
GlobalObjectId_V1-2-75255463483393841ad623c260500c31-4814567337057467638-1395087067|True|(-2.14204182E-10, 0.00224813819, -3.81842252E-10)|(-0.404356867, -0.0356133059, 0.03561337, 0.913213551)|(1.00000012, 1, 1)
GlobalObjectId_V1-2-75255463483393841ad623c260500c31-4814567337057467638-589898910|True|(-2.14204182E-10, 0.00224813819, -3.81842252E-10)|(-0.404356867, -0.0356133059, 0.03561337, 0.913213551)|(1.00000012, 1, 1)
GlobalObjectId_V1-2-75255463483393841ad623c260500c31-4814567337057467638-951118863|True|(-2.14204182E-10, 0.00224813819, -3.81842252E-10)|(-0.404356867, -0.0356133059, 0.03561337, 0.913213551)|(1.00000012, 1, 1)
GlobalObjectId_V1-2-75255463483393841ad623c260500c31-4814567337057467638-997839571|True|(-2.14204182E-10, 0.00224813819, -3.81842252E-10)|(-0.404356867, -0.0356133059, 0.03561337, 0.913213551)|(1.00000012, 1, 1)
GlobalObjectId_V1-2-75255463483393841ad623c260500c31-482222870-0|True|(-1.5, 2, 0)|(0, 0, 0, 1)|(0.32, 0.34, 0.12)
GlobalObjectId_V1-2-75255463483393841ad623c260500c31-4822917092834147682-1342259368|True|(0, 0.0048, 0)|(0, 0, 0, 1)|(1, 1, 1)
GlobalObjectId_V1-2-75255463483393841ad623c260500c31-4822917092834147682-1807193877|True|(0, 0.0048, 0)|(0, 0, 0, 1)|(1, 1, 1)
GlobalObjectId_V1-2-75255463483393841ad623c260500c31-4822917092834147682-249137488|True|(0, 0.0048, 0)|(0, 0, 0, 1)|(1, 1, 1)
GlobalObjectId_V1-2-75255463483393841ad623c260500c31-4822917092834147682-325631740|True|(0, 0.0048, 0)|(0, 0, 0, 1)|(1, 1, 1)
GlobalObjectId_V1-2-75255463483393841ad623c260500c31-4822917092834147682-673208042|True|(0, 0.0048, 0)|(0, 0, 0, 1)|(1, 1, 1)
GlobalObjectId_V1-2-75255463483393841ad623c260500c31-4822917092834147682-726046513|True|(0, 0.0048, 0)|(0, 0, 0, 1)|(1, 1, 1)
GlobalObjectId_V1-2-75255463483393841ad623c260500c31-484359892-0|True|(-413.51, 0, -530.9644)|(0, 0.005080981, 0, 0.9999871)|(1, 1, 1)
GlobalObjectId_V1-2-75255463483393841ad623c260500c31-484359893-0|{"MonoBehaviour":{"m_Enabled":true,"m_EditorHideFlags":0,"m_Name":"","m_EditorClassIdentifier":"Assembly-CSharp::HighwayHazard","visual":{"instanceID":0},"barrierArm":{"instanceID":0},"signal":{"instanceID":0},"warning":{"instanceID":0},"laneIndex":0,"breakHealth":240.0,"warningSeconds":1.7999999523162842,"cycleSeconds":4.0,"crossingDistance":0.0}}
GlobalObjectId_V1-2-75255463483393841ad623c260500c31-486819960-0|True|(0, 0, 0)|(0, 0, 0, 1)|(1, 1, 1)
GlobalObjectId_V1-2-75255463483393841ad623c260500c31-488519497-0|True|(0, 0, 0)|(0.7071068, 0, 0, 0.7071068)|(1, 1, 1)
GlobalObjectId_V1-2-75255463483393841ad623c260500c31-48969860-0|True|(-156.299988, 4.38555527, 145.000031)|(0, 0, 0, 1)|(1, 1, 1)
GlobalObjectId_V1-2-75255463483393841ad623c260500c31-4908176051829348627-1156845426|True|(-1.60932531E-10, 0.00143999979, -1.86517449E-17)|(-0.608287156, 4.422812E-08, 2.802861E-08, 0.793717)|(1, 1, 1)
GlobalObjectId_V1-2-75255463483393841ad623c260500c31-4908176051829348627-1282342156|True|(-1.60932531E-10, 0.00143999979, -1.86517449E-17)|(-0.608287156, 4.422812E-08, 2.802861E-08, 0.793717)|(1, 1, 1)
GlobalObjectId_V1-2-75255463483393841ad623c260500c31-4908176051829348627-1328059363|True|(-1.60932531E-10, 0.00143999979, -1.86517449E-17)|(-0.608287156, 4.422812E-08, 2.802861E-08, 0.793717)|(1, 1, 1)
GlobalObjectId_V1-2-75255463483393841ad623c260500c31-4908176051829348627-1364577291|True|(-1.60932531E-10, 0.00143999979, -1.86517449E-17)|(-0.608287156, 4.422812E-08, 2.802861E-08, 0.793717)|(1, 1, 1)
GlobalObjectId_V1-2-75255463483393841ad623c260500c31-4908176051829348627-1398831272|True|(-1.60932531E-10, 0.00143999979, -1.86517449E-17)|(-0.608287156, 4.422812E-08, 2.802861E-08, 0.793717)|(1, 1, 1)
GlobalObjectId_V1-2-75255463483393841ad623c260500c31-4908176051829348627-1538826313|True|(-1.60932531E-10, 0.00143999979, -1.86517449E-17)|(-0.608287156, 4.422812E-08, 2.802861E-08, 0.793717)|(1, 1, 1)
GlobalObjectId_V1-2-75255463483393841ad623c260500c31-4908176051829348627-2022718491|True|(-1.60932531E-10, 0.00143999979, -1.86517449E-17)|(-0.608287156, 4.422812E-08, 2.802861E-08, 0.793717)|(1, 1, 1)
GlobalObjectId_V1-2-75255463483393841ad623c260500c31-4908176051829348627-2038314915|True|(-1.60932531E-10, 0.00143999979, -1.86517449E-17)|(-0.608287156, 4.422812E-08, 2.802861E-08, 0.793717)|(1, 1, 1)
GlobalObjectId_V1-2-75255463483393841ad623c260500c31-4908176051829348627-535235437|True|(-1.60932531E-10, 0.00143999979, -1.86517449E-17)|(-0.608287156, 4.422812E-08, 2.802861E-08, 0.793717)|(1, 1, 1)
GlobalObjectId_V1-2-75255463483393841ad623c260500c31-4908176051829348627-662617545|True|(-1.60932531E-10, 0.00143999979, -1.86517449E-17)|(-0.608287156, 4.422812E-08, 2.802861E-08, 0.793717)|(1, 1, 1)
GlobalObjectId_V1-2-75255463483393841ad623c260500c31-491240024-0|True|(0, 0, 0)|(0.7071068, 0, 0, 0.7071068)|(1, 1, 1)
GlobalObjectId_V1-2-75255463483393841ad623c260500c31-4924434717688306237-1054006661|True|(0, 0.295, 0)|(0, 0, 0, 1)|(0.81, 0.31, 0.54)
GlobalObjectId_V1-2-75255463483393841ad623c260500c31-4924434717688306237-1066520553|True|(0, 0.295, 0)|(0, 0, 0, 1)|(0.81, 0.31, 0.54)
GlobalObjectId_V1-2-75255463483393841ad623c260500c31-4924434717688306237-1075442592|True|(0, 0.295, 0)|(0, 0, 0, 1)|(0.81, 0.31, 0.54)
GlobalObjectId_V1-2-75255463483393841ad623c260500c31-4924434717688306237-1123419265|True|(0, 0.295, 0)|(0, 0, 0, 1)|(0.81, 0.31, 0.54)
GlobalObjectId_V1-2-75255463483393841ad623c260500c31-4924434717688306237-1189067973|True|(0, 0.295, 0)|(0, 0, 0, 1)|(0.81, 0.31, 0.54)
GlobalObjectId_V1-2-75255463483393841ad623c260500c31-4924434717688306237-1213532434|True|(0, 0.295, 0)|(0, 0, 0, 1)|(0.81, 0.31, 0.54)
GlobalObjectId_V1-2-75255463483393841ad623c260500c31-4924434717688306237-1231942770|True|(0, 0.295, 0)|(0, 0, 0, 1)|(0.81, 0.31, 0.54)
GlobalObjectId_V1-2-75255463483393841ad623c260500c31-4924434717688306237-1273255913|True|(0, 0.295, 0)|(0, 0, 0, 1)|(0.81, 0.31, 0.54)
GlobalObjectId_V1-2-75255463483393841ad623c260500c31-4924434717688306237-1278822786|True|(0, 0.295, 0)|(0, 0, 0, 1)|(0.81, 0.31, 0.54)
GlobalObjectId_V1-2-75255463483393841ad623c260500c31-4924434717688306237-1289928147|True|(0, 0.295, 0)|(0, 0, 0, 1)|(0.81, 0.31, 0.54)
GlobalObjectId_V1-2-75255463483393841ad623c260500c31-4924434717688306237-1306169864|True|(0, 0.295, 0)|(0, 0, 0, 1)|(0.81, 0.31, 0.54)
GlobalObjectId_V1-2-75255463483393841ad623c260500c31-4924434717688306237-134612628|True|(0, 0.295, 0)|(0, 0, 0, 1)|(0.81, 0.31, 0.54)
GlobalObjectId_V1-2-75255463483393841ad623c260500c31-4924434717688306237-1362226918|True|(0, 0.295, 0)|(0, 0, 0, 1)|(0.81, 0.31, 0.54)
GlobalObjectId_V1-2-75255463483393841ad623c260500c31-4924434717688306237-1446791577|True|(0, 0.295, 0)|(0, 0, 0, 1)|(0.81, 0.31, 0.54)
GlobalObjectId_V1-2-75255463483393841ad623c260500c31-4924434717688306237-1453559021|True|(0, 0.295, 0)|(0, 0, 0, 1)|(0.81, 0.31, 0.54)
GlobalObjectId_V1-2-75255463483393841ad623c260500c31-4924434717688306237-1474131409|True|(0, 0.295, 0)|(0, 0, 0, 1)|(0.81, 0.31, 0.54)
GlobalObjectId_V1-2-75255463483393841ad623c260500c31-4924434717688306237-1523898307|True|(0, 0.295, 0)|(0, 0, 0, 1)|(0.81, 0.31, 0.54)
GlobalObjectId_V1-2-75255463483393841ad623c260500c31-4924434717688306237-1589411330|True|(0, 0.295, 0)|(0, 0, 0, 1)|(0.81, 0.31, 0.54)
GlobalObjectId_V1-2-75255463483393841ad623c260500c31-4924434717688306237-1669245919|True|(0, 0.295, 0)|(0, 0, 0, 1)|(0.81, 0.31, 0.54)
GlobalObjectId_V1-2-75255463483393841ad623c260500c31-4924434717688306237-1737122726|True|(0, 0.295, 0)|(0, 0, 0, 1)|(0.81, 0.31, 0.54)
GlobalObjectId_V1-2-75255463483393841ad623c260500c31-4924434717688306237-1741248142|True|(0, 0.295, 0)|(0, 0, 0, 1)|(0.81, 0.31, 0.54)
GlobalObjectId_V1-2-75255463483393841ad623c260500c31-4924434717688306237-177614287|True|(0, 0.295, 0)|(0, 0, 0, 1)|(0.81, 0.31, 0.54)
GlobalObjectId_V1-2-75255463483393841ad623c260500c31-4924434717688306237-1802634647|True|(0, 0.295, 0)|(0, 0, 0, 1)|(0.81, 0.31, 0.54)
GlobalObjectId_V1-2-75255463483393841ad623c260500c31-4924434717688306237-1890397674|True|(0, 0.295, 0)|(0, 0, 0, 1)|(0.81, 0.31, 0.54)
GlobalObjectId_V1-2-75255463483393841ad623c260500c31-4924434717688306237-1899348449|True|(0, 0.295, 0)|(0, 0, 0, 1)|(0.81, 0.31, 0.54)
GlobalObjectId_V1-2-75255463483393841ad623c260500c31-4924434717688306237-1931660283|True|(0, 0.295, 0)|(0, 0, 0, 1)|(0.81, 0.31, 0.54)
GlobalObjectId_V1-2-75255463483393841ad623c260500c31-4924434717688306237-2008804692|True|(0, 0.295, 0)|(0, 0, 0, 1)|(0.81, 0.31, 0.54)
GlobalObjectId_V1-2-75255463483393841ad623c260500c31-4924434717688306237-2120236441|True|(0, 0.295, 0)|(0, 0, 0, 1)|(0.81, 0.31, 0.54)
GlobalObjectId_V1-2-75255463483393841ad623c260500c31-4924434717688306237-255090835|True|(0, 0.295, 0)|(0, 0, 0, 1)|(0.81, 0.31, 0.54)
GlobalObjectId_V1-2-75255463483393841ad623c260500c31-4924434717688306237-261895982|True|(0, 0.295, 0)|(0, 0, 0, 1)|(0.81, 0.31, 0.54)
GlobalObjectId_V1-2-75255463483393841ad623c260500c31-4924434717688306237-346250313|True|(0, 0.295, 0)|(0, 0, 0, 1)|(0.81, 0.31, 0.54)
GlobalObjectId_V1-2-75255463483393841ad623c260500c31-4924434717688306237-374324541|True|(0, 0.295, 0)|(0, 0, 0, 1)|(0.81, 0.31, 0.54)
GlobalObjectId_V1-2-75255463483393841ad623c260500c31-4924434717688306237-39910857|True|(0, 0.295, 0)|(0, 0, 0, 1)|(0.81, 0.31, 0.54)
GlobalObjectId_V1-2-75255463483393841ad623c260500c31-4924434717688306237-415706150|True|(0, 0.295, 0)|(0, 0, 0, 1)|(0.81, 0.31, 0.54)
GlobalObjectId_V1-2-75255463483393841ad623c260500c31-4924434717688306237-420684188|True|(0, 0.295, 0)|(0, 0, 0, 1)|(0.81, 0.31, 0.54)
GlobalObjectId_V1-2-75255463483393841ad623c260500c31-4924434717688306237-448738566|True|(0, 0.295, 0)|(0, 0, 0, 1)|(0.81, 0.31, 0.54)
GlobalObjectId_V1-2-75255463483393841ad623c260500c31-4924434717688306237-455620735|True|(0, 0.295, 0)|(0, 0, 0, 1)|(0.81, 0.31, 0.54)
GlobalObjectId_V1-2-75255463483393841ad623c260500c31-4924434717688306237-462089741|True|(0, 0.295, 0)|(0, 0, 0, 1)|(0.81, 0.31, 0.54)
GlobalObjectId_V1-2-75255463483393841ad623c260500c31-4924434717688306237-471337410|True|(0, 0.295, 0)|(0, 0, 0, 1)|(0.81, 0.31, 0.54)
GlobalObjectId_V1-2-75255463483393841ad623c260500c31-4924434717688306237-514498336|True|(0, 0.295, 0)|(0, 0, 0, 1)|(0.81, 0.31, 0.54)
GlobalObjectId_V1-2-75255463483393841ad623c260500c31-4924434717688306237-570203299|True|(0, 0.295, 0)|(0, 0, 0, 1)|(0.81, 0.31, 0.54)
GlobalObjectId_V1-2-75255463483393841ad623c260500c31-4924434717688306237-577746331|True|(0, 0.295, 0)|(0, 0, 0, 1)|(0.81, 0.31, 0.54)
GlobalObjectId_V1-2-75255463483393841ad623c260500c31-4924434717688306237-614239699|True|(0, 0.295, 0)|(0, 0, 0, 1)|(0.81, 0.31, 0.54)
GlobalObjectId_V1-2-75255463483393841ad623c260500c31-4924434717688306237-720893779|True|(0, 0.295, 0)|(0, 0, 0, 1)|(0.81, 0.31, 0.54)
GlobalObjectId_V1-2-75255463483393841ad623c260500c31-4924434717688306237-759653167|True|(0, 0.295, 0)|(0, 0, 0, 1)|(0.81, 0.31, 0.54)
GlobalObjectId_V1-2-75255463483393841ad623c260500c31-4924434717688306237-788279421|True|(0, 0.295, 0)|(0, 0, 0, 1)|(0.81, 0.31, 0.54)
GlobalObjectId_V1-2-75255463483393841ad623c260500c31-4924434717688306237-801688379|True|(0, 0.295, 0)|(0, 0, 0, 1)|(0.81, 0.31, 0.54)
GlobalObjectId_V1-2-75255463483393841ad623c260500c31-4924434717688306237-827096132|True|(0, 0.295, 0)|(0, 0, 0, 1)|(0.81, 0.31, 0.54)
GlobalObjectId_V1-2-75255463483393841ad623c260500c31-4924434717688306237-841608481|True|(0, 0.295, 0)|(0, 0, 0, 1)|(0.81, 0.31, 0.54)
GlobalObjectId_V1-2-75255463483393841ad623c260500c31-4924434717688306237-866930353|True|(0, 0.295, 0)|(0, 0, 0, 1)|(0.81, 0.31, 0.54)
GlobalObjectId_V1-2-75255463483393841ad623c260500c31-493577885-0|True|(0, 0, 0)|(0, 0, 0, 1)|(1, 1, 1)
GlobalObjectId_V1-2-75255463483393841ad623c260500c31-494517999-0|True|(0, 0, 0)|(0.7071068, 0, 0, 0.7071068)|(1, 1, 1)
GlobalObjectId_V1-2-75255463483393841ad623c260500c31-499518413-0|True|(199.179947, 1.61999953, 557.547363)|(0, -0.0503584146, 0, 0.9987312)|(1, 1, 1)
GlobalObjectId_V1-2-75255463483393841ad623c260500c31-499518414-0|{"MonoBehaviour":{"m_Enabled":true,"m_EditorHideFlags":0,"m_Name":"","m_EditorClassIdentifier":"Assembly-CSharp::HighwayHazard","visual":{"instanceID":0},"barrierArm":{"instanceID":0},"signal":{"instanceID":0},"warning":{"instanceID":0},"laneIndex":0,"breakHealth":0.0,"warningSeconds":1.7999999523162842,"cycleSeconds":4.0,"crossingDistance":9.0}}
GlobalObjectId_V1-2-75255463483393841ad623c260500c31-500520460-0|True|(0, 0, 0)|(0.7071068, 0, 0, 0.7071068)|(1, 1, 1)
GlobalObjectId_V1-2-75255463483393841ad623c260500c31-501811464-0|True|(-167.814713, 0.337305367, -292.197083)|(0, 0.241022289, 0, 0.9705196)|(1, 1, 1)
GlobalObjectId_V1-2-75255463483393841ad623c260500c31-5063515491757130005-1270225228|True|(0, 0, 4.17211821E-11)|(0.7071068, 0, 0, 0.7071067)|(1, 1, 1)
GlobalObjectId_V1-2-75255463483393841ad623c260500c31-5063515491757130005-1720144850|True|(0, 0, 4.17211821E-11)|(0.7071068, 0, 0, 0.7071067)|(1, 1, 1)
GlobalObjectId_V1-2-75255463483393841ad623c260500c31-5063515491757130005-1742115882|True|(0, 0, 4.17211821E-11)|(0.7071068, 0, 0, 0.7071067)|(1, 1, 1)
GlobalObjectId_V1-2-75255463483393841ad623c260500c31-5063515491757130005-1906523992|True|(0, 0, 4.17211821E-11)|(0.7071068, 0, 0, 0.7071067)|(1, 1, 1)
GlobalObjectId_V1-2-75255463483393841ad623c260500c31-5063515491757130005-1921694405|True|(0, 0, 4.17211821E-11)|(0.7071068, 0, 0, 0.7071067)|(1, 1, 1)
GlobalObjectId_V1-2-75255463483393841ad623c260500c31-5063515491757130005-2052472853|True|(0, 0, 4.17211821E-11)|(0.7071068, 0, 0, 0.7071067)|(1, 1, 1)
GlobalObjectId_V1-2-75255463483393841ad623c260500c31-5063515491757130005-303056869|True|(0, 0, 4.17211821E-11)|(0.7071068, 0, 0, 0.7071067)|(1, 1, 1)
GlobalObjectId_V1-2-75255463483393841ad623c260500c31-5063515491757130005-308968016|True|(0, 0, 4.17211821E-11)|(0.7071068, 0, 0, 0.7071067)|(1, 1, 1)
GlobalObjectId_V1-2-75255463483393841ad623c260500c31-5063515491757130005-764708180|True|(0, 0, 4.17211821E-11)|(0.7071068, 0, 0, 0.7071067)|(1, 1, 1)
GlobalObjectId_V1-2-75255463483393841ad623c260500c31-5063515491757130005-924230383|True|(0, 0, 4.17211821E-11)|(0.7071068, 0, 0, 0.7071067)|(1, 1, 1)
GlobalObjectId_V1-2-75255463483393841ad623c260500c31-507238788-0|True|(0, 0, 0)|(0.7071068, 0, 0, 0.7071068)|(1, 1, 1)
GlobalObjectId_V1-2-75255463483393841ad623c260500c31-5073787550768197737-124650490|True|(1.11758706E-10, 0.00213466655, 9.31322554E-12)|(-0.0128043983, 0.112429693, -0.112429693, 0.9871956)|(1, 0.99999994, 0.99999994)
GlobalObjectId_V1-2-75255463483393841ad623c260500c31-5073787550768197737-1376906811|True|(1.11758706E-10, 0.00213466655, 9.31322554E-12)|(-0.0128043983, 0.112429693, -0.112429693, 0.9871956)|(1, 0.99999994, 0.99999994)
GlobalObjectId_V1-2-75255463483393841ad623c260500c31-5073787550768197737-1395087067|True|(1.11758706E-10, 0.00213466655, 9.31322554E-12)|(-0.0128043983, 0.112429693, -0.112429693, 0.9871956)|(1, 0.99999994, 0.99999994)
GlobalObjectId_V1-2-75255463483393841ad623c260500c31-5073787550768197737-589898910|True|(1.11758706E-10, 0.00213466655, 9.31322554E-12)|(-0.0128043983, 0.112429693, -0.112429693, 0.9871956)|(1, 0.99999994, 0.99999994)
GlobalObjectId_V1-2-75255463483393841ad623c260500c31-5073787550768197737-951118863|True|(1.11758706E-10, 0.00213466655, 9.31322554E-12)|(-0.0128043983, 0.112429693, -0.112429693, 0.9871956)|(1, 0.99999994, 0.99999994)
GlobalObjectId_V1-2-75255463483393841ad623c260500c31-5073787550768197737-997839571|True|(1.11758706E-10, 0.00213466655, 9.31322554E-12)|(-0.0128043983, 0.112429693, -0.112429693, 0.9871956)|(1, 0.99999994, 0.99999994)
GlobalObjectId_V1-2-75255463483393841ad623c260500c31-5074221703145290802-1278433063|True|(0.07, 0.36, -2.12)|(0.6508453, 0, 0, 0.7592104)|(1, 1, 1)
GlobalObjectId_V1-2-75255463483393841ad623c260500c31-5074221703145290802-1796550201|True|(0.07, 0.36, -2.12)|(0.6508453, 0, 0, 0.7592104)|(1, 1, 1)
GlobalObjectId_V1-2-75255463483393841ad623c260500c31-5074221703145290802-227182643|True|(0.07, 0.36, -2.12)|(0.6508453, 0, 0, 0.7592104)|(1, 1, 1)
GlobalObjectId_V1-2-75255463483393841ad623c260500c31-5074221703145290802-4508494|True|(0.07, 0.36, -2.12)|(0.6508453, 0, 0, 0.7592104)|(1, 1, 1)
GlobalObjectId_V1-2-75255463483393841ad623c260500c31-5074221703145290802-493544818|True|(0.07, 0.36, -2.12)|(0.6508453, 0, 0, 0.7592104)|(1, 1, 1)
GlobalObjectId_V1-2-75255463483393841ad623c260500c31-5074221703145290802-537414647|True|(0.07, 0.36, -2.12)|(0.6508453, 0, 0, 0.7592104)|(1, 1, 1)
GlobalObjectId_V1-2-75255463483393841ad623c260500c31-5074221703145290802-616789302|True|(0.07, 0.36, -2.12)|(0.6508453, 0, 0, 0.7592104)|(1, 1, 1)
GlobalObjectId_V1-2-75255463483393841ad623c260500c31-5074221703145290802-828342056|True|(0.07, 0.36, -2.12)|(0.6508453, 0, 0, 0.7592104)|(1, 1, 1)
GlobalObjectId_V1-2-75255463483393841ad623c260500c31-5074221703145290802-863157045|True|(0.07, 0.36, -2.12)|(0.6508453, 0, 0, 0.7592104)|(1, 1, 1)
GlobalObjectId_V1-2-75255463483393841ad623c260500c31-5074221703145290802-950912075|True|(0.07, 0.36, -2.12)|(0.6508453, 0, 0, 0.7592104)|(1, 1, 1)
GlobalObjectId_V1-2-75255463483393841ad623c260500c31-507432163-0|True|(0, 0, 0)|(0.7071068, 0, 0, 0.7071068)|(1, 1, 1)
GlobalObjectId_V1-2-75255463483393841ad623c260500c31-507739255-0|True|(0, 0, 0)|(0.7071068, 0, 0, 0.7071068)|(1, 1, 1)
GlobalObjectId_V1-2-75255463483393841ad623c260500c31-508701891-0|True|(0, 0, 0)|(0.7071068, 0, 0, 0.7071068)|(1, 1, 1)
GlobalObjectId_V1-2-75255463483393841ad623c260500c31-509030987-0|True|(-1.54146361, 5, 231.174515)|(0, 0.6631946, 0, 0.748446941)|(1, 1, 1)
GlobalObjectId_V1-2-75255463483393841ad623c260500c31-509030988-0|{"MonoBehaviour":{"m_Enabled":true,"m_EditorHideFlags":0,"m_Name":"","m_EditorClassIdentifier":"Assembly-CSharp::HighwayHazard","visual":{"instanceID":0},"barrierArm":{"instanceID":0},"signal":{"instanceID":0},"warning":{"instanceID":0},"laneIndex":0,"breakHealth":0.0,"warningSeconds":1.7999999523162842,"cycleSeconds":4.0,"crossingDistance":9.0}}
GlobalObjectId_V1-2-75255463483393841ad623c260500c31-50924739-0|True|(0, 0, 0)|(0.7071068, 0, 0, 0.7071068)|(1, 1, 1)
GlobalObjectId_V1-2-75255463483393841ad623c260500c31-509463953-0|True|(0, 0, 0)|(0.7071068, 0, 0, 0.7071068)|(1, 1, 1)
GlobalObjectId_V1-2-75255463483393841ad623c260500c31-509840818-0|True|(0, 0, 0)|(0.7071068, 0, 0, 0.7071068)|(1, 1, 1)
GlobalObjectId_V1-2-75255463483393841ad623c260500c31-5099065025112574107-1092392191|True|(-0.100672022, 0.947558641, -0.954)|(0, 0, 0, 1)|(1.00312221, 1.24048829, 1.00738955)
GlobalObjectId_V1-2-75255463483393841ad623c260500c31-5099065025112574107-1236654927|True|(-0.100672022, 0.947558641, -0.954)|(0, 0, 0, 1)|(1.00312221, 1.24048829, 1.00738955)
GlobalObjectId_V1-2-75255463483393841ad623c260500c31-5099065025112574107-1830864491|True|(-0.100672022, 0.947558641, -0.954)|(0, 0, 0, 1)|(1.00312221, 1.24048829, 1.00738955)
GlobalObjectId_V1-2-75255463483393841ad623c260500c31-5099065025112574107-184762202|True|(-0.100672022, 0.947558641, -0.954)|(0, 0, 0, 1)|(1.00312221, 1.24048829, 1.00738955)
GlobalObjectId_V1-2-75255463483393841ad623c260500c31-5099065025112574107-430729400|True|(-0.100672022, 0.947558641, -0.954)|(0, 0, 0, 1)|(1.00312221, 1.24048829, 1.00738955)
GlobalObjectId_V1-2-75255463483393841ad623c260500c31-5099065025112574107-507331391|True|(-0.100672022, 0.947558641, -0.954)|(0, 0, 0, 1)|(1.00312221, 1.24048829, 1.00738955)
GlobalObjectId_V1-2-75255463483393841ad623c260500c31-5099065025112574107-559331042|True|(-0.100672022, 0.947558641, -0.954)|(0, 0, 0, 1)|(1.00312221, 1.24048829, 1.00738955)
GlobalObjectId_V1-2-75255463483393841ad623c260500c31-5099065025112574107-995936011|True|(-0.100672022, 0.947558641, -0.954)|(0, 0, 0, 1)|(1.00312221, 1.24048829, 1.00738955)
GlobalObjectId_V1-2-75255463483393841ad623c260500c31-5105707873899282941-1092392191|True|(1.09895933E-10, 0.00157500128, 1.14713685E-16)|(-0.608287334, 2.627847E-07, 1.83793091E-07, 0.7937169)|(1, 1, 1)
GlobalObjectId_V1-2-75255463483393841ad623c260500c31-5105707873899282941-1236654927|True|(1.09895933E-10, 0.00157500128, 1.14713685E-16)|(-0.608287334, 2.627847E-07, 1.83793091E-07, 0.7937169)|(1, 1, 1)
GlobalObjectId_V1-2-75255463483393841ad623c260500c31-5105707873899282941-1830864491|True|(1.09895933E-10, 0.00157500128, 1.14713685E-16)|(-0.608287334, 2.627847E-07, 1.83793091E-07, 0.7937169)|(1, 1, 1)
GlobalObjectId_V1-2-75255463483393841ad623c260500c31-5105707873899282941-184762202|True|(1.09895933E-10, 0.00157500128, 1.14713685E-16)|(-0.608287334, 2.627847E-07, 1.83793091E-07, 0.7937169)|(1, 1, 1)
GlobalObjectId_V1-2-75255463483393841ad623c260500c31-5105707873899282941-430729400|True|(1.09895933E-10, 0.00157500128, 1.14713685E-16)|(-0.608287334, 2.627847E-07, 1.83793091E-07, 0.7937169)|(1, 1, 1)
GlobalObjectId_V1-2-75255463483393841ad623c260500c31-5105707873899282941-507331391|True|(1.09895933E-10, 0.00157500128, 1.14713685E-16)|(-0.608287334, 2.627847E-07, 1.83793091E-07, 0.7937169)|(1, 1, 1)
GlobalObjectId_V1-2-75255463483393841ad623c260500c31-5105707873899282941-559331042|True|(1.09895933E-10, 0.00157500128, 1.14713685E-16)|(-0.608287334, 2.627847E-07, 1.83793091E-07, 0.7937169)|(1, 1, 1)
GlobalObjectId_V1-2-75255463483393841ad623c260500c31-5105707873899282941-995936011|True|(1.09895933E-10, 0.00157500128, 1.14713685E-16)|(-0.608287334, 2.627847E-07, 1.83793091E-07, 0.7937169)|(1, 1, 1)
GlobalObjectId_V1-2-75255463483393841ad623c260500c31-511702357-0|True|(0, 0, 0)|(0.7071068, 0, 0, 0.7071068)|(1, 1, 1)
GlobalObjectId_V1-2-75255463483393841ad623c260500c31-512293307-0|True|(-1.5, 2, 0)|(0, 0, 0, 1)|(0.32, 0.34, 0.12)
GlobalObjectId_V1-2-75255463483393841ad623c260500c31-512615908-0|True|(0, 0, 0)|(0.7071068, 0, 0, 0.7071068)|(1, 1, 1)
GlobalObjectId_V1-2-75255463483393841ad623c260500c31-516044977-0|True|(0, 0, 0)|(0.7071068, 0, 0, 0.7071068)|(1, 1, 1)
GlobalObjectId_V1-2-75255463483393841ad623c260500c31-516295401-0|True|(0, 0, 0)|(0.7071068, 0, 0, 0.7071068)|(1, 1, 1)
GlobalObjectId_V1-2-75255463483393841ad623c260500c31-51668217-0|True|(0, 0, 0)|(0.7071068, 0, 0, 0.7071068)|(1, 1, 1)
GlobalObjectId_V1-2-75255463483393841ad623c260500c31-517424079-0|True|(0, 0, 0)|(0.7071068, 0, 0, 0.7071068)|(1, 1, 1)
GlobalObjectId_V1-2-75255463483393841ad623c260500c31-519872312-0|True|(0, 0, 0)|(0.7071068, 0, 0, 0.7071068)|(1, 1, 1)
GlobalObjectId_V1-2-75255463483393841ad623c260500c31-5209364132418332139-1278433063|True|(-0.00256000017, 0.0006400007, 0)|(0.902088046, -0.2971957, -0.2971956, -0.09791189)|(1.00000083, 1.00000036, 1)
GlobalObjectId_V1-2-75255463483393841ad623c260500c31-5209364132418332139-1796550201|True|(-0.00256000017, 0.0006400007, 0)|(0.902088046, -0.2971957, -0.2971956, -0.09791189)|(1.00000083, 1.00000036, 1)
GlobalObjectId_V1-2-75255463483393841ad623c260500c31-5209364132418332139-227182643|True|(-0.00256000017, 0.0006400007, 0)|(0.902088046, -0.2971957, -0.2971956, -0.09791189)|(1.00000083, 1.00000036, 1)
GlobalObjectId_V1-2-75255463483393841ad623c260500c31-5209364132418332139-4508494|True|(-0.00256000017, 0.0006400007, 0)|(0.902088046, -0.2971957, -0.2971956, -0.09791189)|(1.00000083, 1.00000036, 1)
GlobalObjectId_V1-2-75255463483393841ad623c260500c31-5209364132418332139-493544818|True|(-0.00256000017, 0.0006400007, 0)|(0.902088046, -0.2971957, -0.2971956, -0.09791189)|(1.00000083, 1.00000036, 1)
GlobalObjectId_V1-2-75255463483393841ad623c260500c31-5209364132418332139-537414647|True|(-0.00256000017, 0.0006400007, 0)|(0.902088046, -0.2971957, -0.2971956, -0.09791189)|(1.00000083, 1.00000036, 1)
GlobalObjectId_V1-2-75255463483393841ad623c260500c31-5209364132418332139-616789302|True|(-0.00256000017, 0.0006400007, 0)|(0.902088046, -0.2971957, -0.2971956, -0.09791189)|(1.00000083, 1.00000036, 1)
GlobalObjectId_V1-2-75255463483393841ad623c260500c31-5209364132418332139-828342056|True|(-0.00256000017, 0.0006400007, 0)|(0.902088046, -0.2971957, -0.2971956, -0.09791189)|(1.00000083, 1.00000036, 1)
GlobalObjectId_V1-2-75255463483393841ad623c260500c31-5209364132418332139-863157045|True|(-0.00256000017, 0.0006400007, 0)|(0.902088046, -0.2971957, -0.2971956, -0.09791189)|(1.00000083, 1.00000036, 1)
GlobalObjectId_V1-2-75255463483393841ad623c260500c31-5209364132418332139-950912075|True|(-0.00256000017, 0.0006400007, 0)|(0.902088046, -0.2971957, -0.2971956, -0.09791189)|(1.00000083, 1.00000036, 1)
GlobalObjectId_V1-2-75255463483393841ad623c260500c31-523612832-0|True|(0, 0, 0)|(0, 0, 0, 1)|(1, 1, 1)
GlobalObjectId_V1-2-75255463483393841ad623c260500c31-524596426-0|True|(0, 0, 0)|(0.7071068, 0, 0, 0.7071068)|(1, 1, 1)
GlobalObjectId_V1-2-75255463483393841ad623c260500c31-527120092-0|True|(0, 0, 0)|(0.7071068, 0, 0, 0.7071068)|(1, 1, 1)
GlobalObjectId_V1-2-75255463483393841ad623c260500c31-529245428-0|True|(4.5, 0.04, 3)|(0, 0, 0, 1)|(9, 0.025, 0.35)
GlobalObjectId_V1-2-75255463483393841ad623c260500c31-5317473674289564682-1270225228|True|(0, 0, 0)|(-0.7071068, 0, 0, 0.7071067)|(100, 100, 100)
GlobalObjectId_V1-2-75255463483393841ad623c260500c31-5317473674289564682-1720144850|True|(0, 0, 0)|(-0.7071068, 0, 0, 0.7071067)|(100, 100, 100)
GlobalObjectId_V1-2-75255463483393841ad623c260500c31-5317473674289564682-1742115882|True|(0, 0, 0)|(-0.7071068, 0, 0, 0.7071067)|(100, 100, 100)
GlobalObjectId_V1-2-75255463483393841ad623c260500c31-5317473674289564682-1906523992|True|(0, 0, 0)|(-0.7071068, 0, 0, 0.7071067)|(100, 100, 100)
GlobalObjectId_V1-2-75255463483393841ad623c260500c31-5317473674289564682-1921694405|True|(0, 0, 0)|(-0.7071068, 0, 0, 0.7071067)|(100, 100, 100)
GlobalObjectId_V1-2-75255463483393841ad623c260500c31-5317473674289564682-2052472853|True|(0, 0, 0)|(-0.7071068, 0, 0, 0.7071067)|(100, 100, 100)
GlobalObjectId_V1-2-75255463483393841ad623c260500c31-5317473674289564682-303056869|True|(0, 0, 0)|(-0.7071068, 0, 0, 0.7071067)|(100, 100, 100)
GlobalObjectId_V1-2-75255463483393841ad623c260500c31-5317473674289564682-308968016|True|(0, 0, 0)|(-0.7071068, 0, 0, 0.7071067)|(100, 100, 100)
GlobalObjectId_V1-2-75255463483393841ad623c260500c31-5317473674289564682-764708180|True|(0, 0, 0)|(-0.7071068, 0, 0, 0.7071067)|(100, 100, 100)
GlobalObjectId_V1-2-75255463483393841ad623c260500c31-5317473674289564682-924230383|True|(0, 0, 0)|(-0.7071068, 0, 0, 0.7071067)|(100, 100, 100)
GlobalObjectId_V1-2-75255463483393841ad623c260500c31-536794529-0|True|(0, 0, 0)|(0.7071068, 0, 0, 0.7071068)|(1, 1, 1)
GlobalObjectId_V1-2-75255463483393841ad623c260500c31-537478191-0|True|(0, 0, 0)|(0.7071068, 0, 0, 0.7071068)|(1, 1, 1)
GlobalObjectId_V1-2-75255463483393841ad623c260500c31-5392072689094053049-1342259368|True|(0, 0.0012800002, 0)|(0, 0, 0, 1)|(1, 1, 1)
GlobalObjectId_V1-2-75255463483393841ad623c260500c31-5392072689094053049-1807193877|True|(0, 0.0012800002, 0)|(0, 0, 0, 1)|(1, 1, 1)
GlobalObjectId_V1-2-75255463483393841ad623c260500c31-5392072689094053049-249137488|True|(0, 0.0012800002, 0)|(0, 0, 0, 1)|(1, 1, 1)
GlobalObjectId_V1-2-75255463483393841ad623c260500c31-5392072689094053049-325631740|True|(0, 0.0012800002, 0)|(0, 0, 0, 1)|(1, 1, 1)
GlobalObjectId_V1-2-75255463483393841ad623c260500c31-5392072689094053049-673208042|True|(0, 0.0012800002, 0)|(0, 0, 0, 1)|(1, 1, 1)
GlobalObjectId_V1-2-75255463483393841ad623c260500c31-5392072689094053049-726046513|True|(0, 0.0012800002, 0)|(0, 0, 0, 1)|(1, 1, 1)
GlobalObjectId_V1-2-75255463483393841ad623c260500c31-5417968501162560091-124650490|True|(0, 0, 0)|(0, 0, 0, 1)|(1, 1, 1)
GlobalObjectId_V1-2-75255463483393841ad623c260500c31-5417968501162560091-1376906811|True|(0, 0, 0)|(0, 0, 0, 1)|(1, 1, 1)
GlobalObjectId_V1-2-75255463483393841ad623c260500c31-5417968501162560091-1395087067|True|(0, 0, 0)|(0, 0, 0, 1)|(1, 1, 1)
GlobalObjectId_V1-2-75255463483393841ad623c260500c31-5417968501162560091-589898910|True|(0, 0, 0)|(0, 0, 0, 1)|(1, 1, 1)
GlobalObjectId_V1-2-75255463483393841ad623c260500c31-5417968501162560091-951118863|True|(0, 0, 0)|(0, 0, 0, 1)|(1, 1, 1)
GlobalObjectId_V1-2-75255463483393841ad623c260500c31-5417968501162560091-997839571|True|(0, 0, 0)|(0, 0, 0, 1)|(1, 1, 1)
GlobalObjectId_V1-2-75255463483393841ad623c260500c31-546250378-0|True|(0, 0, 0)|(0.7071068, 0, 0, 0.7071068)|(1, 1, 1)
GlobalObjectId_V1-2-75255463483393841ad623c260500c31-5465807627441933592-1342259368|True|(0, 0.00127999962, 0)|(0, 0, 0, 1)|(1, 1, 1)
GlobalObjectId_V1-2-75255463483393841ad623c260500c31-5465807627441933592-1807193877|True|(0, 0.00127999962, 0)|(0, 0, 0, 1)|(1, 1, 1)
GlobalObjectId_V1-2-75255463483393841ad623c260500c31-5465807627441933592-249137488|True|(0, 0.00127999962, 0)|(0, 0, 0, 1)|(1, 1, 1)
GlobalObjectId_V1-2-75255463483393841ad623c260500c31-5465807627441933592-325631740|True|(0, 0.00127999962, 0)|(0, 0, 0, 1)|(1, 1, 1)
GlobalObjectId_V1-2-75255463483393841ad623c260500c31-5465807627441933592-673208042|True|(0, 0.00127999962, 0)|(0, 0, 0, 1)|(1, 1, 1)
GlobalObjectId_V1-2-75255463483393841ad623c260500c31-5465807627441933592-726046513|True|(0, 0.00127999962, 0)|(0, 0, 0, 1)|(1, 1, 1)
GlobalObjectId_V1-2-75255463483393841ad623c260500c31-546728073-0|True|(2.65, 0, -0.092)|(0, 0, 0, 1)|(0.25, 0.18, 0.018)
GlobalObjectId_V1-2-75255463483393841ad623c260500c31-548611091-0|True|(0, 0, 0)|(0.7071068, 0, 0, 0.7071068)|(1, 1, 1)
GlobalObjectId_V1-2-75255463483393841ad623c260500c31-5489711397742252066-1278433063|True|(-1.11758706E-10, 0.00213466655, 9.31322554E-12)|(-0.0128043983, -0.112429693, 0.112429693, 0.9871956)|(1, 0.99999994, 0.99999994)
GlobalObjectId_V1-2-75255463483393841ad623c260500c31-5489711397742252066-1796550201|True|(-1.11758706E-10, 0.00213466655, 9.31322554E-12)|(-0.0128043983, -0.112429693, 0.112429693, 0.9871956)|(1, 0.99999994, 0.99999994)
GlobalObjectId_V1-2-75255463483393841ad623c260500c31-5489711397742252066-227182643|True|(-1.11758706E-10, 0.00213466655, 9.31322554E-12)|(-0.0128043983, -0.112429693, 0.112429693, 0.9871956)|(1, 0.99999994, 0.99999994)
GlobalObjectId_V1-2-75255463483393841ad623c260500c31-5489711397742252066-4508494|True|(-1.11758706E-10, 0.00213466655, 9.31322554E-12)|(-0.0128043983, -0.112429693, 0.112429693, 0.9871956)|(1, 0.99999994, 0.99999994)
GlobalObjectId_V1-2-75255463483393841ad623c260500c31-5489711397742252066-493544818|True|(-1.11758706E-10, 0.00213466655, 9.31322554E-12)|(-0.0128043983, -0.112429693, 0.112429693, 0.9871956)|(1, 0.99999994, 0.99999994)
GlobalObjectId_V1-2-75255463483393841ad623c260500c31-5489711397742252066-537414647|True|(-1.11758706E-10, 0.00213466655, 9.31322554E-12)|(-0.0128043983, -0.112429693, 0.112429693, 0.9871956)|(1, 0.99999994, 0.99999994)
GlobalObjectId_V1-2-75255463483393841ad623c260500c31-5489711397742252066-616789302|True|(-1.11758706E-10, 0.00213466655, 9.31322554E-12)|(-0.0128043983, -0.112429693, 0.112429693, 0.9871956)|(1, 0.99999994, 0.99999994)
GlobalObjectId_V1-2-75255463483393841ad623c260500c31-5489711397742252066-828342056|True|(-1.11758706E-10, 0.00213466655, 9.31322554E-12)|(-0.0128043983, -0.112429693, 0.112429693, 0.9871956)|(1, 0.99999994, 0.99999994)
GlobalObjectId_V1-2-75255463483393841ad623c260500c31-5489711397742252066-863157045|True|(-1.11758706E-10, 0.00213466655, 9.31322554E-12)|(-0.0128043983, -0.112429693, 0.112429693, 0.9871956)|(1, 0.99999994, 0.99999994)
GlobalObjectId_V1-2-75255463483393841ad623c260500c31-5489711397742252066-950912075|True|(-1.11758706E-10, 0.00213466655, 9.31322554E-12)|(-0.0128043983, -0.112429693, 0.112429693, 0.9871956)|(1, 0.99999994, 0.99999994)
GlobalObjectId_V1-2-75255463483393841ad623c260500c31-550385367-0|True|(0, 0, 0)|(0.7071068, 0, 0, 0.7071068)|(1, 1, 1)
GlobalObjectId_V1-2-75255463483393841ad623c260500c31-550620685-0|True|(0, 0, 0)|(0, 0, 0, 1)|(1, 1, 1)
GlobalObjectId_V1-2-75255463483393841ad623c260500c31-550912161-0|True|(0, 0, 0)|(0.7071068, 0, 0, 0.7071068)|(1, 1, 1)
GlobalObjectId_V1-2-75255463483393841ad623c260500c31-5521646894702838223-1054006661|True|(0.06900002, 7.450581E-09, -0.01)|(0, 0, 0, 1)|(1, 1, 1)
GlobalObjectId_V1-2-75255463483393841ad623c260500c31-5521646894702838223-1066520553|True|(0.06900002, 7.450581E-09, -0.01)|(0, 0, 0, 1)|(1, 1, 1)
GlobalObjectId_V1-2-75255463483393841ad623c260500c31-5521646894702838223-1075442592|True|(0.06900002, 7.450581E-09, -0.01)|(0, 0, 0, 1)|(1, 1, 1)
GlobalObjectId_V1-2-75255463483393841ad623c260500c31-5521646894702838223-1123419265|True|(0.06900002, 7.450581E-09, -0.01)|(0, 0, 0, 1)|(1, 1, 1)
GlobalObjectId_V1-2-75255463483393841ad623c260500c31-5521646894702838223-1189067973|True|(0.06900002, 7.450581E-09, -0.01)|(0, 0, 0, 1)|(1, 1, 1)
GlobalObjectId_V1-2-75255463483393841ad623c260500c31-5521646894702838223-1213532434|True|(0.06900002, 7.450581E-09, -0.01)|(0, 0, 0, 1)|(1, 1, 1)
GlobalObjectId_V1-2-75255463483393841ad623c260500c31-5521646894702838223-1231942770|True|(0.06900002, 7.450581E-09, -0.01)|(0, 0, 0, 1)|(1, 1, 1)
GlobalObjectId_V1-2-75255463483393841ad623c260500c31-5521646894702838223-1273255913|True|(0.06900002, 7.450581E-09, -0.01)|(0, 0, 0, 1)|(1, 1, 1)
GlobalObjectId_V1-2-75255463483393841ad623c260500c31-5521646894702838223-1278822786|True|(0.06900002, 7.450581E-09, -0.01)|(0, 0, 0, 1)|(1, 1, 1)
GlobalObjectId_V1-2-75255463483393841ad623c260500c31-5521646894702838223-1289928147|True|(0.06900002, 7.450581E-09, -0.01)|(0, 0, 0, 1)|(1, 1, 1)
GlobalObjectId_V1-2-75255463483393841ad623c260500c31-5521646894702838223-1306169864|True|(0.06900002, 7.450581E-09, -0.01)|(0, 0, 0, 1)|(1, 1, 1)
GlobalObjectId_V1-2-75255463483393841ad623c260500c31-5521646894702838223-134612628|True|(0.06900002, 7.450581E-09, -0.01)|(0, 0, 0, 1)|(1, 1, 1)
GlobalObjectId_V1-2-75255463483393841ad623c260500c31-5521646894702838223-1362226918|True|(0.06900002, 7.450581E-09, -0.01)|(0, 0, 0, 1)|(1, 1, 1)
GlobalObjectId_V1-2-75255463483393841ad623c260500c31-5521646894702838223-1446791577|True|(0.06900002, 7.450581E-09, -0.01)|(0, 0, 0, 1)|(1, 1, 1)
GlobalObjectId_V1-2-75255463483393841ad623c260500c31-5521646894702838223-1453559021|True|(0.06900002, 7.450581E-09, -0.01)|(0, 0, 0, 1)|(1, 1, 1)
GlobalObjectId_V1-2-75255463483393841ad623c260500c31-5521646894702838223-1474131409|True|(0.06900002, 7.450581E-09, -0.01)|(0, 0, 0, 1)|(1, 1, 1)
GlobalObjectId_V1-2-75255463483393841ad623c260500c31-5521646894702838223-1523898307|True|(0.06900002, 7.450581E-09, -0.01)|(0, 0, 0, 1)|(1, 1, 1)
GlobalObjectId_V1-2-75255463483393841ad623c260500c31-5521646894702838223-1589411330|True|(0.06900002, 7.450581E-09, -0.01)|(0, 0, 0, 1)|(1, 1, 1)
GlobalObjectId_V1-2-75255463483393841ad623c260500c31-5521646894702838223-1669245919|True|(0.06900002, 7.450581E-09, -0.01)|(0, 0, 0, 1)|(1, 1, 1)
GlobalObjectId_V1-2-75255463483393841ad623c260500c31-5521646894702838223-1737122726|True|(0.06900002, 7.450581E-09, -0.01)|(0, 0, 0, 1)|(1, 1, 1)
GlobalObjectId_V1-2-75255463483393841ad623c260500c31-5521646894702838223-1741248142|True|(0.06900002, 7.450581E-09, -0.01)|(0, 0, 0, 1)|(1, 1, 1)
GlobalObjectId_V1-2-75255463483393841ad623c260500c31-5521646894702838223-177614287|True|(0.06900002, 7.450581E-09, -0.01)|(0, 0, 0, 1)|(1, 1, 1)
GlobalObjectId_V1-2-75255463483393841ad623c260500c31-5521646894702838223-1802634647|True|(0.06900002, 7.450581E-09, -0.01)|(0, 0, 0, 1)|(1, 1, 1)
GlobalObjectId_V1-2-75255463483393841ad623c260500c31-5521646894702838223-1890397674|True|(0.06900002, 7.450581E-09, -0.01)|(0, 0, 0, 1)|(1, 1, 1)
GlobalObjectId_V1-2-75255463483393841ad623c260500c31-5521646894702838223-1899348449|True|(0.06900002, 7.450581E-09, -0.01)|(0, 0, 0, 1)|(1, 1, 1)
GlobalObjectId_V1-2-75255463483393841ad623c260500c31-5521646894702838223-1931660283|True|(0.06900002, 7.450581E-09, -0.01)|(0, 0, 0, 1)|(1, 1, 1)
GlobalObjectId_V1-2-75255463483393841ad623c260500c31-5521646894702838223-2008804692|True|(0.06900002, 7.450581E-09, -0.01)|(0, 0, 0, 1)|(1, 1, 1)
GlobalObjectId_V1-2-75255463483393841ad623c260500c31-5521646894702838223-2120236441|True|(0.06900002, 7.450581E-09, -0.01)|(0, 0, 0, 1)|(1, 1, 1)
GlobalObjectId_V1-2-75255463483393841ad623c260500c31-5521646894702838223-255090835|True|(0.06900002, 7.450581E-09, -0.01)|(0, 0, 0, 1)|(1, 1, 1)
GlobalObjectId_V1-2-75255463483393841ad623c260500c31-5521646894702838223-261895982|True|(0.06900002, 7.450581E-09, -0.01)|(0, 0, 0, 1)|(1, 1, 1)
GlobalObjectId_V1-2-75255463483393841ad623c260500c31-5521646894702838223-346250313|True|(0.06900002, 7.450581E-09, -0.01)|(0, 0, 0, 1)|(1, 1, 1)
GlobalObjectId_V1-2-75255463483393841ad623c260500c31-5521646894702838223-374324541|True|(0.06900002, 7.450581E-09, -0.01)|(0, 0, 0, 1)|(1, 1, 1)
GlobalObjectId_V1-2-75255463483393841ad623c260500c31-5521646894702838223-39910857|True|(0.06900002, 7.450581E-09, -0.01)|(0, 0, 0, 1)|(1, 1, 1)
GlobalObjectId_V1-2-75255463483393841ad623c260500c31-5521646894702838223-415706150|True|(0.06900002, 7.450581E-09, -0.01)|(0, 0, 0, 1)|(1, 1, 1)
GlobalObjectId_V1-2-75255463483393841ad623c260500c31-5521646894702838223-420684188|True|(0.06900002, 7.450581E-09, -0.01)|(0, 0, 0, 1)|(1, 1, 1)
GlobalObjectId_V1-2-75255463483393841ad623c260500c31-5521646894702838223-448738566|True|(0.06900002, 7.450581E-09, -0.01)|(0, 0, 0, 1)|(1, 1, 1)
GlobalObjectId_V1-2-75255463483393841ad623c260500c31-5521646894702838223-455620735|True|(0.06900002, 7.450581E-09, -0.01)|(0, 0, 0, 1)|(1, 1, 1)
GlobalObjectId_V1-2-75255463483393841ad623c260500c31-5521646894702838223-462089741|True|(0.06900002, 7.450581E-09, -0.01)|(0, 0, 0, 1)|(1, 1, 1)
GlobalObjectId_V1-2-75255463483393841ad623c260500c31-5521646894702838223-471337410|True|(0.06900002, 7.450581E-09, -0.01)|(0, 0, 0, 1)|(1, 1, 1)
GlobalObjectId_V1-2-75255463483393841ad623c260500c31-5521646894702838223-514498336|True|(0.06900002, 7.450581E-09, -0.01)|(0, 0, 0, 1)|(1, 1, 1)
GlobalObjectId_V1-2-75255463483393841ad623c260500c31-5521646894702838223-570203299|True|(0.06900002, 7.450581E-09, -0.01)|(0, 0, 0, 1)|(1, 1, 1)
GlobalObjectId_V1-2-75255463483393841ad623c260500c31-5521646894702838223-577746331|True|(0.06900002, 7.450581E-09, -0.01)|(0, 0, 0, 1)|(1, 1, 1)
GlobalObjectId_V1-2-75255463483393841ad623c260500c31-5521646894702838223-614239699|True|(0.06900002, 7.450581E-09, -0.01)|(0, 0, 0, 1)|(1, 1, 1)
GlobalObjectId_V1-2-75255463483393841ad623c260500c31-5521646894702838223-720893779|True|(0.06900002, 7.450581E-09, -0.01)|(0, 0, 0, 1)|(1, 1, 1)
GlobalObjectId_V1-2-75255463483393841ad623c260500c31-5521646894702838223-759653167|True|(0.06900002, 7.450581E-09, -0.01)|(0, 0, 0, 1)|(1, 1, 1)
GlobalObjectId_V1-2-75255463483393841ad623c260500c31-5521646894702838223-788279421|True|(0.06900002, 7.450581E-09, -0.01)|(0, 0, 0, 1)|(1, 1, 1)
GlobalObjectId_V1-2-75255463483393841ad623c260500c31-5521646894702838223-801688379|True|(0.06900002, 7.450581E-09, -0.01)|(0, 0, 0, 1)|(1, 1, 1)
GlobalObjectId_V1-2-75255463483393841ad623c260500c31-5521646894702838223-827096132|True|(0.06900002, 7.450581E-09, -0.01)|(0, 0, 0, 1)|(1, 1, 1)
GlobalObjectId_V1-2-75255463483393841ad623c260500c31-5521646894702838223-841608481|True|(0.06900002, 7.450581E-09, -0.01)|(0, 0, 0, 1)|(1, 1, 1)
GlobalObjectId_V1-2-75255463483393841ad623c260500c31-5521646894702838223-866930353|True|(0.06900002, 7.450581E-09, -0.01)|(0, 0, 0, 1)|(1, 1, 1)
GlobalObjectId_V1-2-75255463483393841ad623c260500c31-552624881-0|True|(0, 0, 0)|(0.7071068, 0, 0, 0.7071068)|(1, 1, 1)
GlobalObjectId_V1-2-75255463483393841ad623c260500c31-552718232-0|True|(0, 0, 0)|(0.7071068, 0, 0, 0.7071068)|(1, 1, 1)
GlobalObjectId_V1-2-75255463483393841ad623c260500c31-553061705-0|True|(3.600006, 0, 0)|(0, 0, 0, 1)|(1, 1, 1)
GlobalObjectId_V1-2-75255463483393841ad623c260500c31-553061706-0|{"MonoBehaviour":{"m_Enabled":true,"m_EditorHideFlags":0,"m_Name":"","m_EditorClassIdentifier":"Assembly-CSharp::HighwayHazard","visual":{"instanceID":0},"barrierArm":{"instanceID":0},"signal":{"instanceID":0},"warning":{"instanceID":0},"laneIndex":2,"breakHealth":0.0,"warningSeconds":1.7999999523162842,"cycleSeconds":6.0,"crossingDistance":0.0}}
GlobalObjectId_V1-2-75255463483393841ad623c260500c31-554732632-0|True|(0, 0, 0)|(0.7071068, 0, 0, 0.7071068)|(1, 1, 1)
GlobalObjectId_V1-2-75255463483393841ad623c260500c31-555333348-0|True|(398.999939, 0, 716.5)|(0, 0.7071068, 0, 0.7071068)|(1, 1, 1)
GlobalObjectId_V1-2-75255463483393841ad623c260500c31-555333349-0|{"MonoBehaviour":{"m_Enabled":true,"m_EditorHideFlags":0,"m_Name":"","m_EditorClassIdentifier":"Assembly-CSharp::HighwayHazard","visual":{"instanceID":0},"barrierArm":{"instanceID":0},"signal":{"instanceID":0},"warning":{"instanceID":0},"laneIndex":0,"breakHealth":240.0,"warningSeconds":1.7999999523162842,"cycleSeconds":4.0,"crossingDistance":0.0}}
GlobalObjectId_V1-2-75255463483393841ad623c260500c31-555585238-0|True|(0, 0, 0)|(0.7071068, 0, 0, 0.7071068)|(1, 1, 1)
GlobalObjectId_V1-2-75255463483393841ad623c260500c31-5559524767572704945-1156845426|True|(0, 0, 8.381903E-11)|(0.7071068, 0, 0, 0.7071067)|(1, 1, 1)
GlobalObjectId_V1-2-75255463483393841ad623c260500c31-5559524767572704945-1282342156|True|(0, 0, 8.381903E-11)|(0.7071068, 0, 0, 0.7071067)|(1, 1, 1)
GlobalObjectId_V1-2-75255463483393841ad623c260500c31-5559524767572704945-1328059363|True|(0, 0, 8.381903E-11)|(0.7071068, 0, 0, 0.7071067)|(1, 1, 1)
GlobalObjectId_V1-2-75255463483393841ad623c260500c31-5559524767572704945-1364577291|True|(0, 0, 8.381903E-11)|(0.7071068, 0, 0, 0.7071067)|(1, 1, 1)
GlobalObjectId_V1-2-75255463483393841ad623c260500c31-5559524767572704945-1398831272|True|(0, 0, 8.381903E-11)|(0.7071068, 0, 0, 0.7071067)|(1, 1, 1)
GlobalObjectId_V1-2-75255463483393841ad623c260500c31-5559524767572704945-1538826313|True|(0, 0, 8.381903E-11)|(0.7071068, 0, 0, 0.7071067)|(1, 1, 1)
GlobalObjectId_V1-2-75255463483393841ad623c260500c31-5559524767572704945-2022718491|True|(0, 0, 8.381903E-11)|(0.7071068, 0, 0, 0.7071067)|(1, 1, 1)
GlobalObjectId_V1-2-75255463483393841ad623c260500c31-5559524767572704945-2038314915|True|(0, 0, 8.381903E-11)|(0.7071068, 0, 0, 0.7071067)|(1, 1, 1)
GlobalObjectId_V1-2-75255463483393841ad623c260500c31-5559524767572704945-535235437|True|(0, 0, 8.381903E-11)|(0.7071068, 0, 0, 0.7071067)|(1, 1, 1)
GlobalObjectId_V1-2-75255463483393841ad623c260500c31-5559524767572704945-662617545|True|(0, 0, 8.381903E-11)|(0.7071068, 0, 0, 0.7071067)|(1, 1, 1)
GlobalObjectId_V1-2-75255463483393841ad623c260500c31-55613774720374243-1156845426|True|(-3.16649679E-10, 0.00174494635, 7.45058043E-11)|(-0.219791666, 0.107601851, -0.107601963, 0.963605344)|(0.99999994, 0.99999994, 0.9999999)
GlobalObjectId_V1-2-75255463483393841ad623c260500c31-55613774720374243-1282342156|True|(-3.16649679E-10, 0.00174494635, 7.45058043E-11)|(-0.219791666, 0.107601851, -0.107601963, 0.963605344)|(0.99999994, 0.99999994, 0.9999999)
GlobalObjectId_V1-2-75255463483393841ad623c260500c31-55613774720374243-1328059363|True|(-3.16649679E-10, 0.00174494635, 7.45058043E-11)|(-0.219791666, 0.107601851, -0.107601963, 0.963605344)|(0.99999994, 0.99999994, 0.9999999)
GlobalObjectId_V1-2-75255463483393841ad623c260500c31-55613774720374243-1364577291|True|(-3.16649679E-10, 0.00174494635, 7.45058043E-11)|(-0.219791666, 0.107601851, -0.107601963, 0.963605344)|(0.99999994, 0.99999994, 0.9999999)
GlobalObjectId_V1-2-75255463483393841ad623c260500c31-55613774720374243-1398831272|True|(-3.16649679E-10, 0.00174494635, 7.45058043E-11)|(-0.219791666, 0.107601851, -0.107601963, 0.963605344)|(0.99999994, 0.99999994, 0.9999999)
GlobalObjectId_V1-2-75255463483393841ad623c260500c31-55613774720374243-1538826313|True|(-3.16649679E-10, 0.00174494635, 7.45058043E-11)|(-0.219791666, 0.107601851, -0.107601963, 0.963605344)|(0.99999994, 0.99999994, 0.9999999)
GlobalObjectId_V1-2-75255463483393841ad623c260500c31-55613774720374243-2022718491|True|(-3.16649679E-10, 0.00174494635, 7.45058043E-11)|(-0.219791666, 0.107601851, -0.107601963, 0.963605344)|(0.99999994, 0.99999994, 0.9999999)
GlobalObjectId_V1-2-75255463483393841ad623c260500c31-55613774720374243-2038314915|True|(-3.16649679E-10, 0.00174494635, 7.45058043E-11)|(-0.219791666, 0.107601851, -0.107601963, 0.963605344)|(0.99999994, 0.99999994, 0.9999999)
GlobalObjectId_V1-2-75255463483393841ad623c260500c31-55613774720374243-535235437|True|(-3.16649679E-10, 0.00174494635, 7.45058043E-11)|(-0.219791666, 0.107601851, -0.107601963, 0.963605344)|(0.99999994, 0.99999994, 0.9999999)
GlobalObjectId_V1-2-75255463483393841ad623c260500c31-55613774720374243-662617545|True|(-3.16649679E-10, 0.00174494635, 7.45058043E-11)|(-0.219791666, 0.107601851, -0.107601963, 0.963605344)|(0.99999994, 0.99999994, 0.9999999)
GlobalObjectId_V1-2-75255463483393841ad623c260500c31-556272716372804980-1156845426|True|(-160.6, 4.38555527, 145.000031)|(0, 0, 0, 1)|(1, 1, 1)
GlobalObjectId_V1-2-75255463483393841ad623c260500c31-556272716372804980-1282342156|True|(202.886871, 0.464614719, 681.711)|(0, 0.145200521, 0, 0.9894023)|(1, 1, 1)
GlobalObjectId_V1-2-75255463483393841ad623c260500c31-556272716372804980-1328059363|True|(202.527267, 4.03000164, 324.972565)|(0, 0.005462069, 0, 0.9999851)|(1, 1, 1)
GlobalObjectId_V1-2-75255463483393841ad623c260500c31-556272716372804980-1364577291|True|(-157.5, 4.38555527, 145.000031)|(0, 0, 0, 1)|(1, 1, 1)
GlobalObjectId_V1-2-75255463483393841ad623c260500c31-556272716372804980-1398831272|True|(199.427444, 4.03000164, 325.006439)|(0, 0.005462069, 0, 0.9999851)|(1, 1, 1)
GlobalObjectId_V1-2-75255463483393841ad623c260500c31-556272716372804980-1538826313|True|(-420.6, 0.08, -675)|(0, 0, 0, 1)|(1, 1, 1)
GlobalObjectId_V1-2-75255463483393841ad623c260500c31-556272716372804980-2022718491|True|(-235, 0.08, -322.5)|(0, 0.7071068, 0, 0.7071068)|(1, 1, 1)
GlobalObjectId_V1-2-75255463483393841ad623c260500c31-556272716372804980-2038314915|True|(-417.5, 0.08, -675)|(0, 0, 0, 1)|(1, 1, 1)
GlobalObjectId_V1-2-75255463483393841ad623c260500c31-556272716372804980-535235437|True|(-235, 0.08, -319.4)|(0, 0.7071068, 0, 0.7071068)|(1, 1, 1)
GlobalObjectId_V1-2-75255463483393841ad623c260500c31-556272716372804980-662617545|True|(205.856155, 0.464614719, 680.820251)|(0, 0.145200521, 0, 0.9894023)|(1, 1, 1)
GlobalObjectId_V1-2-75255463483393841ad623c260500c31-556541269-0|True|(0, 0, 0)|(0.7071068, 0, 0, 0.7071068)|(1, 1, 1)
GlobalObjectId_V1-2-75255463483393841ad623c260500c31-559444462-0|True|(0, 0, 0)|(0.7071068, 0, 0, 0.7071068)|(1, 1, 1)
GlobalObjectId_V1-2-75255463483393841ad623c260500c31-5606363334094177587-1270225228|True|(-0.100672022, 0.947558641, -0.954)|(0, 0, 0, 1)|(1.00312221, 1.24048829, 1.00738955)
GlobalObjectId_V1-2-75255463483393841ad623c260500c31-5606363334094177587-1720144850|True|(-0.100672022, 0.947558641, -0.954)|(0, 0, 0, 1)|(1.00312221, 1.24048829, 1.00738955)
GlobalObjectId_V1-2-75255463483393841ad623c260500c31-5606363334094177587-1742115882|True|(-0.100672022, 0.947558641, -0.954)|(0, 0, 0, 1)|(1.00312221, 1.24048829, 1.00738955)
GlobalObjectId_V1-2-75255463483393841ad623c260500c31-5606363334094177587-1906523992|True|(-0.100672022, 0.947558641, -0.954)|(0, 0, 0, 1)|(1.00312221, 1.24048829, 1.00738955)
GlobalObjectId_V1-2-75255463483393841ad623c260500c31-5606363334094177587-1921694405|True|(-0.100672022, 0.947558641, -0.954)|(0, 0, 0, 1)|(1.00312221, 1.24048829, 1.00738955)
GlobalObjectId_V1-2-75255463483393841ad623c260500c31-5606363334094177587-2052472853|True|(-0.100672022, 0.947558641, -0.954)|(0, 0, 0, 1)|(1.00312221, 1.24048829, 1.00738955)
GlobalObjectId_V1-2-75255463483393841ad623c260500c31-5606363334094177587-303056869|True|(-0.100672022, 0.947558641, -0.954)|(0, 0, 0, 1)|(1.00312221, 1.24048829, 1.00738955)
GlobalObjectId_V1-2-75255463483393841ad623c260500c31-5606363334094177587-308968016|True|(-0.100672022, 0.947558641, -0.954)|(0, 0, 0, 1)|(1.00312221, 1.24048829, 1.00738955)
GlobalObjectId_V1-2-75255463483393841ad623c260500c31-5606363334094177587-764708180|True|(-0.100672022, 0.947558641, -0.954)|(0, 0, 0, 1)|(1.00312221, 1.24048829, 1.00738955)
GlobalObjectId_V1-2-75255463483393841ad623c260500c31-5606363334094177587-924230383|True|(-0.100672022, 0.947558641, -0.954)|(0, 0, 0, 1)|(1.00312221, 1.24048829, 1.00738955)
GlobalObjectId_V1-2-75255463483393841ad623c260500c31-5610142199393240021-1000678127|True|(-0.000212904, 0.00136053562, 0.001313888)|(-0.7071068, 0, 0, 0.7071067)|(449.786377, 449.786377, 449.786377)
GlobalObjectId_V1-2-75255463483393841ad623c260500c31-5610142199393240021-1754215475|True|(-0.000212904, 0.00136053562, 0.001313888)|(-0.7071068, 0, 0, 0.7071067)|(449.786377, 449.786377, 449.786377)
GlobalObjectId_V1-2-75255463483393841ad623c260500c31-5610142199393240021-2116447405|True|(-0.000212904, 0.00136053562, 0.001313888)|(-0.7071068, 0, 0, 0.7071067)|(449.786377, 449.786377, 449.786377)
GlobalObjectId_V1-2-75255463483393841ad623c260500c31-561456483-0|True|(0, 0, 0)|(0.7071068, 0, 0, 0.7071068)|(1, 1, 1)
GlobalObjectId_V1-2-75255463483393841ad623c260500c31-5633301897376542646-1054006661|True|(0, 0.424, -0.286)|(0, 0, 0.00305432151, 0.999995351)|(0.67, 0.04, 0.03)
GlobalObjectId_V1-2-75255463483393841ad623c260500c31-5633301897376542646-1066520553|True|(0, 0.424, -0.286)|(0, 0, 0.00305432151, 0.999995351)|(0.67, 0.04, 0.03)
GlobalObjectId_V1-2-75255463483393841ad623c260500c31-5633301897376542646-1075442592|True|(0, 0.424, -0.286)|(0, 0, 0.00305432151, 0.999995351)|(0.67, 0.04, 0.03)
GlobalObjectId_V1-2-75255463483393841ad623c260500c31-5633301897376542646-1123419265|True|(0, 0.424, -0.286)|(0, 0, 0.00305432151, 0.999995351)|(0.67, 0.04, 0.03)
GlobalObjectId_V1-2-75255463483393841ad623c260500c31-5633301897376542646-1189067973|True|(0, 0.424, -0.286)|(0, 0, 0.00305432151, 0.999995351)|(0.67, 0.04, 0.03)
GlobalObjectId_V1-2-75255463483393841ad623c260500c31-5633301897376542646-1213532434|True|(0, 0.424, -0.286)|(0, 0, 0.00305432151, 0.999995351)|(0.67, 0.04, 0.03)
GlobalObjectId_V1-2-75255463483393841ad623c260500c31-5633301897376542646-1231942770|True|(0, 0.424, -0.286)|(0, 0, 0.00305432151, 0.999995351)|(0.67, 0.04, 0.03)
GlobalObjectId_V1-2-75255463483393841ad623c260500c31-5633301897376542646-1273255913|True|(0, 0.424, -0.286)|(0, 0, 0.00305432151, 0.999995351)|(0.67, 0.04, 0.03)
GlobalObjectId_V1-2-75255463483393841ad623c260500c31-5633301897376542646-1278822786|True|(0, 0.424, -0.286)|(0, 0, 0.00305432151, 0.999995351)|(0.67, 0.04, 0.03)
GlobalObjectId_V1-2-75255463483393841ad623c260500c31-5633301897376542646-1289928147|True|(0, 0.424, -0.286)|(0, 0, 0.00305432151, 0.999995351)|(0.67, 0.04, 0.03)
GlobalObjectId_V1-2-75255463483393841ad623c260500c31-5633301897376542646-1306169864|True|(0, 0.424, -0.286)|(0, 0, 0.00305432151, 0.999995351)|(0.67, 0.04, 0.03)
GlobalObjectId_V1-2-75255463483393841ad623c260500c31-5633301897376542646-134612628|True|(0, 0.424, -0.286)|(0, 0, 0.00305432151, 0.999995351)|(0.67, 0.04, 0.03)
GlobalObjectId_V1-2-75255463483393841ad623c260500c31-5633301897376542646-1362226918|True|(0, 0.424, -0.286)|(0, 0, 0.00305432151, 0.999995351)|(0.67, 0.04, 0.03)
GlobalObjectId_V1-2-75255463483393841ad623c260500c31-5633301897376542646-1446791577|True|(0, 0.424, -0.286)|(0, 0, 0.00305432151, 0.999995351)|(0.67, 0.04, 0.03)
GlobalObjectId_V1-2-75255463483393841ad623c260500c31-5633301897376542646-1453559021|True|(0, 0.424, -0.286)|(0, 0, 0.00305432151, 0.999995351)|(0.67, 0.04, 0.03)
GlobalObjectId_V1-2-75255463483393841ad623c260500c31-5633301897376542646-1474131409|True|(0, 0.424, -0.286)|(0, 0, 0.00305432151, 0.999995351)|(0.67, 0.04, 0.03)
GlobalObjectId_V1-2-75255463483393841ad623c260500c31-5633301897376542646-1523898307|True|(0, 0.424, -0.286)|(0, 0, 0.00305432151, 0.999995351)|(0.67, 0.04, 0.03)
GlobalObjectId_V1-2-75255463483393841ad623c260500c31-5633301897376542646-1589411330|True|(0, 0.424, -0.286)|(0, 0, 0.00305432151, 0.999995351)|(0.67, 0.04, 0.03)
GlobalObjectId_V1-2-75255463483393841ad623c260500c31-5633301897376542646-1669245919|True|(0, 0.424, -0.286)|(0, 0, 0.00305432151, 0.999995351)|(0.67, 0.04, 0.03)
GlobalObjectId_V1-2-75255463483393841ad623c260500c31-5633301897376542646-1737122726|True|(0, 0.424, -0.286)|(0, 0, 0.00305432151, 0.999995351)|(0.67, 0.04, 0.03)
GlobalObjectId_V1-2-75255463483393841ad623c260500c31-5633301897376542646-1741248142|True|(0, 0.424, -0.286)|(0, 0, 0.00305432151, 0.999995351)|(0.67, 0.04, 0.03)
GlobalObjectId_V1-2-75255463483393841ad623c260500c31-5633301897376542646-177614287|True|(0, 0.424, -0.286)|(0, 0, 0.00305432151, 0.999995351)|(0.67, 0.04, 0.03)
GlobalObjectId_V1-2-75255463483393841ad623c260500c31-5633301897376542646-1802634647|True|(0, 0.424, -0.286)|(0, 0, 0.00305432151, 0.999995351)|(0.67, 0.04, 0.03)
GlobalObjectId_V1-2-75255463483393841ad623c260500c31-5633301897376542646-1890397674|True|(0, 0.424, -0.286)|(0, 0, 0.00305432151, 0.999995351)|(0.67, 0.04, 0.03)
GlobalObjectId_V1-2-75255463483393841ad623c260500c31-5633301897376542646-1899348449|True|(0, 0.424, -0.286)|(0, 0, 0.00305432151, 0.999995351)|(0.67, 0.04, 0.03)
GlobalObjectId_V1-2-75255463483393841ad623c260500c31-5633301897376542646-1931660283|True|(0, 0.424, -0.286)|(0, 0, 0.00305432151, 0.999995351)|(0.67, 0.04, 0.03)
GlobalObjectId_V1-2-75255463483393841ad623c260500c31-5633301897376542646-2008804692|True|(0, 0.424, -0.286)|(0, 0, 0.00305432151, 0.999995351)|(0.67, 0.04, 0.03)
GlobalObjectId_V1-2-75255463483393841ad623c260500c31-5633301897376542646-2120236441|True|(0, 0.424, -0.286)|(0, 0, 0.00305432151, 0.999995351)|(0.67, 0.04, 0.03)
GlobalObjectId_V1-2-75255463483393841ad623c260500c31-5633301897376542646-255090835|True|(0, 0.424, -0.286)|(0, 0, 0.00305432151, 0.999995351)|(0.67, 0.04, 0.03)
GlobalObjectId_V1-2-75255463483393841ad623c260500c31-5633301897376542646-261895982|True|(0, 0.424, -0.286)|(0, 0, 0.00305432151, 0.999995351)|(0.67, 0.04, 0.03)
GlobalObjectId_V1-2-75255463483393841ad623c260500c31-5633301897376542646-346250313|True|(0, 0.424, -0.286)|(0, 0, 0.00305432151, 0.999995351)|(0.67, 0.04, 0.03)
GlobalObjectId_V1-2-75255463483393841ad623c260500c31-5633301897376542646-374324541|True|(0, 0.424, -0.286)|(0, 0, 0.00305432151, 0.999995351)|(0.67, 0.04, 0.03)
GlobalObjectId_V1-2-75255463483393841ad623c260500c31-5633301897376542646-39910857|True|(0, 0.424, -0.286)|(0, 0, 0.00305432151, 0.999995351)|(0.67, 0.04, 0.03)
GlobalObjectId_V1-2-75255463483393841ad623c260500c31-5633301897376542646-415706150|True|(0, 0.424, -0.286)|(0, 0, 0.00305432151, 0.999995351)|(0.67, 0.04, 0.03)
GlobalObjectId_V1-2-75255463483393841ad623c260500c31-5633301897376542646-420684188|True|(0, 0.424, -0.286)|(0, 0, 0.00305432151, 0.999995351)|(0.67, 0.04, 0.03)
GlobalObjectId_V1-2-75255463483393841ad623c260500c31-5633301897376542646-448738566|True|(0, 0.424, -0.286)|(0, 0, 0.00305432151, 0.999995351)|(0.67, 0.04, 0.03)
GlobalObjectId_V1-2-75255463483393841ad623c260500c31-5633301897376542646-455620735|True|(0, 0.424, -0.286)|(0, 0, 0.00305432151, 0.999995351)|(0.67, 0.04, 0.03)
GlobalObjectId_V1-2-75255463483393841ad623c260500c31-5633301897376542646-462089741|True|(0, 0.424, -0.286)|(0, 0, 0.00305432151, 0.999995351)|(0.67, 0.04, 0.03)
GlobalObjectId_V1-2-75255463483393841ad623c260500c31-5633301897376542646-471337410|True|(0, 0.424, -0.286)|(0, 0, 0.00305432151, 0.999995351)|(0.67, 0.04, 0.03)
GlobalObjectId_V1-2-75255463483393841ad623c260500c31-5633301897376542646-514498336|True|(0, 0.424, -0.286)|(0, 0, 0.00305432151, 0.999995351)|(0.67, 0.04, 0.03)
GlobalObjectId_V1-2-75255463483393841ad623c260500c31-5633301897376542646-570203299|True|(0, 0.424, -0.286)|(0, 0, 0.00305432151, 0.999995351)|(0.67, 0.04, 0.03)
GlobalObjectId_V1-2-75255463483393841ad623c260500c31-5633301897376542646-577746331|True|(0, 0.424, -0.286)|(0, 0, 0.00305432151, 0.999995351)|(0.67, 0.04, 0.03)
GlobalObjectId_V1-2-75255463483393841ad623c260500c31-5633301897376542646-614239699|True|(0, 0.424, -0.286)|(0, 0, 0.00305432151, 0.999995351)|(0.67, 0.04, 0.03)
GlobalObjectId_V1-2-75255463483393841ad623c260500c31-5633301897376542646-720893779|True|(0, 0.424, -0.286)|(0, 0, 0.00305432151, 0.999995351)|(0.67, 0.04, 0.03)
GlobalObjectId_V1-2-75255463483393841ad623c260500c31-5633301897376542646-759653167|True|(0, 0.424, -0.286)|(0, 0, 0.00305432151, 0.999995351)|(0.67, 0.04, 0.03)
GlobalObjectId_V1-2-75255463483393841ad623c260500c31-5633301897376542646-788279421|True|(0, 0.424, -0.286)|(0, 0, 0.00305432151, 0.999995351)|(0.67, 0.04, 0.03)
GlobalObjectId_V1-2-75255463483393841ad623c260500c31-5633301897376542646-801688379|True|(0, 0.424, -0.286)|(0, 0, 0.00305432151, 0.999995351)|(0.67, 0.04, 0.03)
GlobalObjectId_V1-2-75255463483393841ad623c260500c31-5633301897376542646-827096132|True|(0, 0.424, -0.286)|(0, 0, 0.00305432151, 0.999995351)|(0.67, 0.04, 0.03)
GlobalObjectId_V1-2-75255463483393841ad623c260500c31-5633301897376542646-841608481|True|(0, 0.424, -0.286)|(0, 0, 0.00305432151, 0.999995351)|(0.67, 0.04, 0.03)
GlobalObjectId_V1-2-75255463483393841ad623c260500c31-5633301897376542646-866930353|True|(0, 0.424, -0.286)|(0, 0, 0.00305432151, 0.999995351)|(0.67, 0.04, 0.03)
GlobalObjectId_V1-2-75255463483393841ad623c260500c31-566052604-0|True|(0, 0, 0)|(0, 0, 0, 1)|(1, 1, 1)
GlobalObjectId_V1-2-75255463483393841ad623c260500c31-566220206-0|True|(0.85, 0, -0.092)|(0, 0, 0, 1)|(0.25, 0.18, 0.018)
GlobalObjectId_V1-2-75255463483393841ad623c260500c31-570740902-0|True|(0, 0, 0)|(0.7071068, 0, 0, 0.7071068)|(1, 1, 1)
GlobalObjectId_V1-2-75255463483393841ad623c260500c31-5723345497943004099-1054006661|True|(0, 0.166, -0.286)|(0, 0, -0.00218166, 0.9999976)|(0.67, 0.04, 0.03)
GlobalObjectId_V1-2-75255463483393841ad623c260500c31-5723345497943004099-1066520553|True|(0, 0.166, -0.286)|(0, 0, -0.00218166, 0.9999976)|(0.67, 0.04, 0.03)
GlobalObjectId_V1-2-75255463483393841ad623c260500c31-5723345497943004099-1075442592|True|(0, 0.166, -0.286)|(0, 0, -0.00218166, 0.9999976)|(0.67, 0.04, 0.03)
GlobalObjectId_V1-2-75255463483393841ad623c260500c31-5723345497943004099-1123419265|True|(0, 0.166, -0.286)|(0, 0, -0.00218166, 0.9999976)|(0.67, 0.04, 0.03)
GlobalObjectId_V1-2-75255463483393841ad623c260500c31-5723345497943004099-1189067973|True|(0, 0.166, -0.286)|(0, 0, -0.00218166, 0.9999976)|(0.67, 0.04, 0.03)
GlobalObjectId_V1-2-75255463483393841ad623c260500c31-5723345497943004099-1213532434|True|(0, 0.166, -0.286)|(0, 0, -0.00218166, 0.9999976)|(0.67, 0.04, 0.03)
GlobalObjectId_V1-2-75255463483393841ad623c260500c31-5723345497943004099-1231942770|True|(0, 0.166, -0.286)|(0, 0, -0.00218166, 0.9999976)|(0.67, 0.04, 0.03)
GlobalObjectId_V1-2-75255463483393841ad623c260500c31-5723345497943004099-1273255913|True|(0, 0.166, -0.286)|(0, 0, -0.00218166, 0.9999976)|(0.67, 0.04, 0.03)
GlobalObjectId_V1-2-75255463483393841ad623c260500c31-5723345497943004099-1278822786|True|(0, 0.166, -0.286)|(0, 0, -0.00218166, 0.9999976)|(0.67, 0.04, 0.03)
GlobalObjectId_V1-2-75255463483393841ad623c260500c31-5723345497943004099-1289928147|True|(0, 0.166, -0.286)|(0, 0, -0.00218166, 0.9999976)|(0.67, 0.04, 0.03)
GlobalObjectId_V1-2-75255463483393841ad623c260500c31-5723345497943004099-1306169864|True|(0, 0.166, -0.286)|(0, 0, -0.00218166, 0.9999976)|(0.67, 0.04, 0.03)
GlobalObjectId_V1-2-75255463483393841ad623c260500c31-5723345497943004099-134612628|True|(0, 0.166, -0.286)|(0, 0, -0.00218166, 0.9999976)|(0.67, 0.04, 0.03)
GlobalObjectId_V1-2-75255463483393841ad623c260500c31-5723345497943004099-1362226918|True|(0, 0.166, -0.286)|(0, 0, -0.00218166, 0.9999976)|(0.67, 0.04, 0.03)
GlobalObjectId_V1-2-75255463483393841ad623c260500c31-5723345497943004099-1446791577|True|(0, 0.166, -0.286)|(0, 0, -0.00218166, 0.9999976)|(0.67, 0.04, 0.03)
GlobalObjectId_V1-2-75255463483393841ad623c260500c31-5723345497943004099-1453559021|True|(0, 0.166, -0.286)|(0, 0, -0.00218166, 0.9999976)|(0.67, 0.04, 0.03)
GlobalObjectId_V1-2-75255463483393841ad623c260500c31-5723345497943004099-1474131409|True|(0, 0.166, -0.286)|(0, 0, -0.00218166, 0.9999976)|(0.67, 0.04, 0.03)
GlobalObjectId_V1-2-75255463483393841ad623c260500c31-5723345497943004099-1523898307|True|(0, 0.166, -0.286)|(0, 0, -0.00218166, 0.9999976)|(0.67, 0.04, 0.03)
GlobalObjectId_V1-2-75255463483393841ad623c260500c31-5723345497943004099-1589411330|True|(0, 0.166, -0.286)|(0, 0, -0.00218166, 0.9999976)|(0.67, 0.04, 0.03)
GlobalObjectId_V1-2-75255463483393841ad623c260500c31-5723345497943004099-1669245919|True|(0, 0.166, -0.286)|(0, 0, -0.00218166, 0.9999976)|(0.67, 0.04, 0.03)
GlobalObjectId_V1-2-75255463483393841ad623c260500c31-5723345497943004099-1737122726|True|(0, 0.166, -0.286)|(0, 0, -0.00218166, 0.9999976)|(0.67, 0.04, 0.03)
GlobalObjectId_V1-2-75255463483393841ad623c260500c31-5723345497943004099-1741248142|True|(0, 0.166, -0.286)|(0, 0, -0.00218166, 0.9999976)|(0.67, 0.04, 0.03)
GlobalObjectId_V1-2-75255463483393841ad623c260500c31-5723345497943004099-177614287|True|(0, 0.166, -0.286)|(0, 0, -0.00218166, 0.9999976)|(0.67, 0.04, 0.03)
GlobalObjectId_V1-2-75255463483393841ad623c260500c31-5723345497943004099-1802634647|True|(0, 0.166, -0.286)|(0, 0, -0.00218166, 0.9999976)|(0.67, 0.04, 0.03)
GlobalObjectId_V1-2-75255463483393841ad623c260500c31-5723345497943004099-1890397674|True|(0, 0.166, -0.286)|(0, 0, -0.00218166, 0.9999976)|(0.67, 0.04, 0.03)
GlobalObjectId_V1-2-75255463483393841ad623c260500c31-5723345497943004099-1899348449|True|(0, 0.166, -0.286)|(0, 0, -0.00218166, 0.9999976)|(0.67, 0.04, 0.03)
GlobalObjectId_V1-2-75255463483393841ad623c260500c31-5723345497943004099-1931660283|True|(0, 0.166, -0.286)|(0, 0, -0.00218166, 0.9999976)|(0.67, 0.04, 0.03)
GlobalObjectId_V1-2-75255463483393841ad623c260500c31-5723345497943004099-2008804692|True|(0, 0.166, -0.286)|(0, 0, -0.00218166, 0.9999976)|(0.67, 0.04, 0.03)
GlobalObjectId_V1-2-75255463483393841ad623c260500c31-5723345497943004099-2120236441|True|(0, 0.166, -0.286)|(0, 0, -0.00218166, 0.9999976)|(0.67, 0.04, 0.03)
GlobalObjectId_V1-2-75255463483393841ad623c260500c31-5723345497943004099-255090835|True|(0, 0.166, -0.286)|(0, 0, -0.00218166, 0.9999976)|(0.67, 0.04, 0.03)
GlobalObjectId_V1-2-75255463483393841ad623c260500c31-5723345497943004099-261895982|True|(0, 0.166, -0.286)|(0, 0, -0.00218166, 0.9999976)|(0.67, 0.04, 0.03)
GlobalObjectId_V1-2-75255463483393841ad623c260500c31-5723345497943004099-346250313|True|(0, 0.166, -0.286)|(0, 0, -0.00218166, 0.9999976)|(0.67, 0.04, 0.03)
GlobalObjectId_V1-2-75255463483393841ad623c260500c31-5723345497943004099-374324541|True|(0, 0.166, -0.286)|(0, 0, -0.00218166, 0.9999976)|(0.67, 0.04, 0.03)
GlobalObjectId_V1-2-75255463483393841ad623c260500c31-5723345497943004099-39910857|True|(0, 0.166, -0.286)|(0, 0, -0.00218166, 0.9999976)|(0.67, 0.04, 0.03)
GlobalObjectId_V1-2-75255463483393841ad623c260500c31-5723345497943004099-415706150|True|(0, 0.166, -0.286)|(0, 0, -0.00218166, 0.9999976)|(0.67, 0.04, 0.03)
GlobalObjectId_V1-2-75255463483393841ad623c260500c31-5723345497943004099-420684188|True|(0, 0.166, -0.286)|(0, 0, -0.00218166, 0.9999976)|(0.67, 0.04, 0.03)
GlobalObjectId_V1-2-75255463483393841ad623c260500c31-5723345497943004099-448738566|True|(0, 0.166, -0.286)|(0, 0, -0.00218166, 0.9999976)|(0.67, 0.04, 0.03)
GlobalObjectId_V1-2-75255463483393841ad623c260500c31-5723345497943004099-455620735|True|(0, 0.166, -0.286)|(0, 0, -0.00218166, 0.9999976)|(0.67, 0.04, 0.03)
GlobalObjectId_V1-2-75255463483393841ad623c260500c31-5723345497943004099-462089741|True|(0, 0.166, -0.286)|(0, 0, -0.00218166, 0.9999976)|(0.67, 0.04, 0.03)
GlobalObjectId_V1-2-75255463483393841ad623c260500c31-5723345497943004099-471337410|True|(0, 0.166, -0.286)|(0, 0, -0.00218166, 0.9999976)|(0.67, 0.04, 0.03)
GlobalObjectId_V1-2-75255463483393841ad623c260500c31-5723345497943004099-514498336|True|(0, 0.166, -0.286)|(0, 0, -0.00218166, 0.9999976)|(0.67, 0.04, 0.03)
GlobalObjectId_V1-2-75255463483393841ad623c260500c31-5723345497943004099-570203299|True|(0, 0.166, -0.286)|(0, 0, -0.00218166, 0.9999976)|(0.67, 0.04, 0.03)
GlobalObjectId_V1-2-75255463483393841ad623c260500c31-5723345497943004099-577746331|True|(0, 0.166, -0.286)|(0, 0, -0.00218166, 0.9999976)|(0.67, 0.04, 0.03)
GlobalObjectId_V1-2-75255463483393841ad623c260500c31-5723345497943004099-614239699|True|(0, 0.166, -0.286)|(0, 0, -0.00218166, 0.9999976)|(0.67, 0.04, 0.03)
GlobalObjectId_V1-2-75255463483393841ad623c260500c31-5723345497943004099-720893779|True|(0, 0.166, -0.286)|(0, 0, -0.00218166, 0.9999976)|(0.67, 0.04, 0.03)
GlobalObjectId_V1-2-75255463483393841ad623c260500c31-5723345497943004099-759653167|True|(0, 0.166, -0.286)|(0, 0, -0.00218166, 0.9999976)|(0.67, 0.04, 0.03)
GlobalObjectId_V1-2-75255463483393841ad623c260500c31-5723345497943004099-788279421|True|(0, 0.166, -0.286)|(0, 0, -0.00218166, 0.9999976)|(0.67, 0.04, 0.03)
GlobalObjectId_V1-2-75255463483393841ad623c260500c31-5723345497943004099-801688379|True|(0, 0.166, -0.286)|(0, 0, -0.00218166, 0.9999976)|(0.67, 0.04, 0.03)
GlobalObjectId_V1-2-75255463483393841ad623c260500c31-5723345497943004099-827096132|True|(0, 0.166, -0.286)|(0, 0, -0.00218166, 0.9999976)|(0.67, 0.04, 0.03)
GlobalObjectId_V1-2-75255463483393841ad623c260500c31-5723345497943004099-841608481|True|(0, 0.166, -0.286)|(0, 0, -0.00218166, 0.9999976)|(0.67, 0.04, 0.03)
GlobalObjectId_V1-2-75255463483393841ad623c260500c31-5723345497943004099-866930353|True|(0, 0.166, -0.286)|(0, 0, -0.00218166, 0.9999976)|(0.67, 0.04, 0.03)
GlobalObjectId_V1-2-75255463483393841ad623c260500c31-5728304725416814263-1270225228|True|(-1.60932531E-10, 0.00143999979, -1.86517449E-17)|(-0.608287156, 4.422812E-08, 2.802861E-08, 0.793717)|(1, 1, 1)
GlobalObjectId_V1-2-75255463483393841ad623c260500c31-5728304725416814263-1720144850|True|(-1.60932531E-10, 0.00143999979, -1.86517449E-17)|(-0.608287156, 4.422812E-08, 2.802861E-08, 0.793717)|(1, 1, 1)
GlobalObjectId_V1-2-75255463483393841ad623c260500c31-5728304725416814263-1742115882|True|(-1.60932531E-10, 0.00143999979, -1.86517449E-17)|(-0.608287156, 4.422812E-08, 2.802861E-08, 0.793717)|(1, 1, 1)
GlobalObjectId_V1-2-75255463483393841ad623c260500c31-5728304725416814263-1906523992|True|(-1.60932531E-10, 0.00143999979, -1.86517449E-17)|(-0.608287156, 4.422812E-08, 2.802861E-08, 0.793717)|(1, 1, 1)
GlobalObjectId_V1-2-75255463483393841ad623c260500c31-5728304725416814263-1921694405|True|(-1.60932531E-10, 0.00143999979, -1.86517449E-17)|(-0.608287156, 4.422812E-08, 2.802861E-08, 0.793717)|(1, 1, 1)
GlobalObjectId_V1-2-75255463483393841ad623c260500c31-5728304725416814263-2052472853|True|(-1.60932531E-10, 0.00143999979, -1.86517449E-17)|(-0.608287156, 4.422812E-08, 2.802861E-08, 0.793717)|(1, 1, 1)
GlobalObjectId_V1-2-75255463483393841ad623c260500c31-5728304725416814263-303056869|True|(-1.60932531E-10, 0.00143999979, -1.86517449E-17)|(-0.608287156, 4.422812E-08, 2.802861E-08, 0.793717)|(1, 1, 1)
GlobalObjectId_V1-2-75255463483393841ad623c260500c31-5728304725416814263-308968016|True|(-1.60932531E-10, 0.00143999979, -1.86517449E-17)|(-0.608287156, 4.422812E-08, 2.802861E-08, 0.793717)|(1, 1, 1)
GlobalObjectId_V1-2-75255463483393841ad623c260500c31-5728304725416814263-764708180|True|(-1.60932531E-10, 0.00143999979, -1.86517449E-17)|(-0.608287156, 4.422812E-08, 2.802861E-08, 0.793717)|(1, 1, 1)
GlobalObjectId_V1-2-75255463483393841ad623c260500c31-5728304725416814263-924230383|True|(-1.60932531E-10, 0.00143999979, -1.86517449E-17)|(-0.608287156, 4.422812E-08, 2.802861E-08, 0.793717)|(1, 1, 1)
GlobalObjectId_V1-2-75255463483393841ad623c260500c31-5734380876447156613-1054006661|True|(0, 0.05, 0)|(0, 0, 0, 1)|(0.95, 0.1, 0.68)
GlobalObjectId_V1-2-75255463483393841ad623c260500c31-5734380876447156613-1066520553|True|(0, 0.05, 0)|(0, 0, 0, 1)|(0.95, 0.1, 0.68)
GlobalObjectId_V1-2-75255463483393841ad623c260500c31-5734380876447156613-1075442592|True|(0, 0.05, 0)|(0, 0, 0, 1)|(0.95, 0.1, 0.68)
GlobalObjectId_V1-2-75255463483393841ad623c260500c31-5734380876447156613-1123419265|True|(0, 0.05, 0)|(0, 0, 0, 1)|(0.95, 0.1, 0.68)
GlobalObjectId_V1-2-75255463483393841ad623c260500c31-5734380876447156613-1189067973|True|(0, 0.05, 0)|(0, 0, 0, 1)|(0.95, 0.1, 0.68)
GlobalObjectId_V1-2-75255463483393841ad623c260500c31-5734380876447156613-1213532434|True|(0, 0.05, 0)|(0, 0, 0, 1)|(0.95, 0.1, 0.68)
GlobalObjectId_V1-2-75255463483393841ad623c260500c31-5734380876447156613-1231942770|True|(0, 0.05, 0)|(0, 0, 0, 1)|(0.95, 0.1, 0.68)
GlobalObjectId_V1-2-75255463483393841ad623c260500c31-5734380876447156613-1273255913|True|(0, 0.05, 0)|(0, 0, 0, 1)|(0.95, 0.1, 0.68)
GlobalObjectId_V1-2-75255463483393841ad623c260500c31-5734380876447156613-1278822786|True|(0, 0.05, 0)|(0, 0, 0, 1)|(0.95, 0.1, 0.68)
GlobalObjectId_V1-2-75255463483393841ad623c260500c31-5734380876447156613-1289928147|True|(0, 0.05, 0)|(0, 0, 0, 1)|(0.95, 0.1, 0.68)
GlobalObjectId_V1-2-75255463483393841ad623c260500c31-5734380876447156613-1306169864|True|(0, 0.05, 0)|(0, 0, 0, 1)|(0.95, 0.1, 0.68)
GlobalObjectId_V1-2-75255463483393841ad623c260500c31-5734380876447156613-134612628|True|(0, 0.05, 0)|(0, 0, 0, 1)|(0.95, 0.1, 0.68)
GlobalObjectId_V1-2-75255463483393841ad623c260500c31-5734380876447156613-1362226918|True|(0, 0.05, 0)|(0, 0, 0, 1)|(0.95, 0.1, 0.68)
GlobalObjectId_V1-2-75255463483393841ad623c260500c31-5734380876447156613-1446791577|True|(0, 0.05, 0)|(0, 0, 0, 1)|(0.95, 0.1, 0.68)
GlobalObjectId_V1-2-75255463483393841ad623c260500c31-5734380876447156613-1453559021|True|(0, 0.05, 0)|(0, 0, 0, 1)|(0.95, 0.1, 0.68)
GlobalObjectId_V1-2-75255463483393841ad623c260500c31-5734380876447156613-1474131409|True|(0, 0.05, 0)|(0, 0, 0, 1)|(0.95, 0.1, 0.68)
GlobalObjectId_V1-2-75255463483393841ad623c260500c31-5734380876447156613-1523898307|True|(0, 0.05, 0)|(0, 0, 0, 1)|(0.95, 0.1, 0.68)
GlobalObjectId_V1-2-75255463483393841ad623c260500c31-5734380876447156613-1589411330|True|(0, 0.05, 0)|(0, 0, 0, 1)|(0.95, 0.1, 0.68)
GlobalObjectId_V1-2-75255463483393841ad623c260500c31-5734380876447156613-1669245919|True|(0, 0.05, 0)|(0, 0, 0, 1)|(0.95, 0.1, 0.68)
GlobalObjectId_V1-2-75255463483393841ad623c260500c31-5734380876447156613-1737122726|True|(0, 0.05, 0)|(0, 0, 0, 1)|(0.95, 0.1, 0.68)
GlobalObjectId_V1-2-75255463483393841ad623c260500c31-5734380876447156613-1741248142|True|(0, 0.05, 0)|(0, 0, 0, 1)|(0.95, 0.1, 0.68)
GlobalObjectId_V1-2-75255463483393841ad623c260500c31-5734380876447156613-177614287|True|(0, 0.05, 0)|(0, 0, 0, 1)|(0.95, 0.1, 0.68)
GlobalObjectId_V1-2-75255463483393841ad623c260500c31-5734380876447156613-1802634647|True|(0, 0.05, 0)|(0, 0, 0, 1)|(0.95, 0.1, 0.68)
GlobalObjectId_V1-2-75255463483393841ad623c260500c31-5734380876447156613-1890397674|True|(0, 0.05, 0)|(0, 0, 0, 1)|(0.95, 0.1, 0.68)
GlobalObjectId_V1-2-75255463483393841ad623c260500c31-5734380876447156613-1899348449|True|(0, 0.05, 0)|(0, 0, 0, 1)|(0.95, 0.1, 0.68)
GlobalObjectId_V1-2-75255463483393841ad623c260500c31-5734380876447156613-1931660283|True|(0, 0.05, 0)|(0, 0, 0, 1)|(0.95, 0.1, 0.68)
GlobalObjectId_V1-2-75255463483393841ad623c260500c31-5734380876447156613-2008804692|True|(0, 0.05, 0)|(0, 0, 0, 1)|(0.95, 0.1, 0.68)
GlobalObjectId_V1-2-75255463483393841ad623c260500c31-5734380876447156613-2120236441|True|(0, 0.05, 0)|(0, 0, 0, 1)|(0.95, 0.1, 0.68)
GlobalObjectId_V1-2-75255463483393841ad623c260500c31-5734380876447156613-255090835|True|(0, 0.05, 0)|(0, 0, 0, 1)|(0.95, 0.1, 0.68)
GlobalObjectId_V1-2-75255463483393841ad623c260500c31-5734380876447156613-261895982|True|(0, 0.05, 0)|(0, 0, 0, 1)|(0.95, 0.1, 0.68)
GlobalObjectId_V1-2-75255463483393841ad623c260500c31-5734380876447156613-346250313|True|(0, 0.05, 0)|(0, 0, 0, 1)|(0.95, 0.1, 0.68)
GlobalObjectId_V1-2-75255463483393841ad623c260500c31-5734380876447156613-374324541|True|(0, 0.05, 0)|(0, 0, 0, 1)|(0.95, 0.1, 0.68)
GlobalObjectId_V1-2-75255463483393841ad623c260500c31-5734380876447156613-39910857|True|(0, 0.05, 0)|(0, 0, 0, 1)|(0.95, 0.1, 0.68)
GlobalObjectId_V1-2-75255463483393841ad623c260500c31-5734380876447156613-415706150|True|(0, 0.05, 0)|(0, 0, 0, 1)|(0.95, 0.1, 0.68)
GlobalObjectId_V1-2-75255463483393841ad623c260500c31-5734380876447156613-420684188|True|(0, 0.05, 0)|(0, 0, 0, 1)|(0.95, 0.1, 0.68)
GlobalObjectId_V1-2-75255463483393841ad623c260500c31-5734380876447156613-448738566|True|(0, 0.05, 0)|(0, 0, 0, 1)|(0.95, 0.1, 0.68)
GlobalObjectId_V1-2-75255463483393841ad623c260500c31-5734380876447156613-455620735|True|(0, 0.05, 0)|(0, 0, 0, 1)|(0.95, 0.1, 0.68)
GlobalObjectId_V1-2-75255463483393841ad623c260500c31-5734380876447156613-462089741|True|(0, 0.05, 0)|(0, 0, 0, 1)|(0.95, 0.1, 0.68)
GlobalObjectId_V1-2-75255463483393841ad623c260500c31-5734380876447156613-471337410|True|(0, 0.05, 0)|(0, 0, 0, 1)|(0.95, 0.1, 0.68)
GlobalObjectId_V1-2-75255463483393841ad623c260500c31-5734380876447156613-514498336|True|(0, 0.05, 0)|(0, 0, 0, 1)|(0.95, 0.1, 0.68)
GlobalObjectId_V1-2-75255463483393841ad623c260500c31-5734380876447156613-570203299|True|(0, 0.05, 0)|(0, 0, 0, 1)|(0.95, 0.1, 0.68)
GlobalObjectId_V1-2-75255463483393841ad623c260500c31-5734380876447156613-577746331|True|(0, 0.05, 0)|(0, 0, 0, 1)|(0.95, 0.1, 0.68)
GlobalObjectId_V1-2-75255463483393841ad623c260500c31-5734380876447156613-614239699|True|(0, 0.05, 0)|(0, 0, 0, 1)|(0.95, 0.1, 0.68)
GlobalObjectId_V1-2-75255463483393841ad623c260500c31-5734380876447156613-720893779|True|(0, 0.05, 0)|(0, 0, 0, 1)|(0.95, 0.1, 0.68)
GlobalObjectId_V1-2-75255463483393841ad623c260500c31-5734380876447156613-759653167|True|(0, 0.05, 0)|(0, 0, 0, 1)|(0.95, 0.1, 0.68)
GlobalObjectId_V1-2-75255463483393841ad623c260500c31-5734380876447156613-788279421|True|(0, 0.05, 0)|(0, 0, 0, 1)|(0.95, 0.1, 0.68)
GlobalObjectId_V1-2-75255463483393841ad623c260500c31-5734380876447156613-801688379|True|(0, 0.05, 0)|(0, 0, 0, 1)|(0.95, 0.1, 0.68)
GlobalObjectId_V1-2-75255463483393841ad623c260500c31-5734380876447156613-827096132|True|(0, 0.05, 0)|(0, 0, 0, 1)|(0.95, 0.1, 0.68)
GlobalObjectId_V1-2-75255463483393841ad623c260500c31-5734380876447156613-841608481|True|(0, 0.05, 0)|(0, 0, 0, 1)|(0.95, 0.1, 0.68)
GlobalObjectId_V1-2-75255463483393841ad623c260500c31-5734380876447156613-866930353|True|(0, 0.05, 0)|(0, 0, 0, 1)|(0.95, 0.1, 0.68)
GlobalObjectId_V1-2-75255463483393841ad623c260500c31-57620266-0|True|(0, 0, 0)|(0.7071068, 0, 0, 0.7071068)|(1, 1, 1)
GlobalObjectId_V1-2-75255463483393841ad623c260500c31-581309896455182857-1270225228|True|(-5.96046434E-10, 0.00228805584, 1.49011609E-10)|(0.205635518, -0.07371271, 0.243653744, 0.9449409)|(0.99999994, 1, 0.99999994)
GlobalObjectId_V1-2-75255463483393841ad623c260500c31-581309896455182857-1720144850|True|(-5.96046434E-10, 0.00228805584, 1.49011609E-10)|(0.205635518, -0.07371271, 0.243653744, 0.9449409)|(0.99999994, 1, 0.99999994)
GlobalObjectId_V1-2-75255463483393841ad623c260500c31-581309896455182857-1742115882|True|(-5.96046434E-10, 0.00228805584, 1.49011609E-10)|(0.205635518, -0.07371271, 0.243653744, 0.9449409)|(0.99999994, 1, 0.99999994)
GlobalObjectId_V1-2-75255463483393841ad623c260500c31-581309896455182857-1906523992|True|(-5.96046434E-10, 0.00228805584, 1.49011609E-10)|(0.205635518, -0.07371271, 0.243653744, 0.9449409)|(0.99999994, 1, 0.99999994)
GlobalObjectId_V1-2-75255463483393841ad623c260500c31-581309896455182857-1921694405|True|(-5.96046434E-10, 0.00228805584, 1.49011609E-10)|(0.205635518, -0.07371271, 0.243653744, 0.9449409)|(0.99999994, 1, 0.99999994)
GlobalObjectId_V1-2-75255463483393841ad623c260500c31-581309896455182857-2052472853|True|(-5.96046434E-10, 0.00228805584, 1.49011609E-10)|(0.205635518, -0.07371271, 0.243653744, 0.9449409)|(0.99999994, 1, 0.99999994)
GlobalObjectId_V1-2-75255463483393841ad623c260500c31-581309896455182857-303056869|True|(-5.96046434E-10, 0.00228805584, 1.49011609E-10)|(0.205635518, -0.07371271, 0.243653744, 0.9449409)|(0.99999994, 1, 0.99999994)
GlobalObjectId_V1-2-75255463483393841ad623c260500c31-581309896455182857-308968016|True|(-5.96046434E-10, 0.00228805584, 1.49011609E-10)|(0.205635518, -0.07371271, 0.243653744, 0.9449409)|(0.99999994, 1, 0.99999994)
GlobalObjectId_V1-2-75255463483393841ad623c260500c31-581309896455182857-764708180|True|(-5.96046434E-10, 0.00228805584, 1.49011609E-10)|(0.205635518, -0.07371271, 0.243653744, 0.9449409)|(0.99999994, 1, 0.99999994)
GlobalObjectId_V1-2-75255463483393841ad623c260500c31-581309896455182857-924230383|True|(-5.96046434E-10, 0.00228805584, 1.49011609E-10)|(0.205635518, -0.07371271, 0.243653744, 0.9449409)|(0.99999994, 1, 0.99999994)
GlobalObjectId_V1-2-75255463483393841ad623c260500c31-581541861-0|True|(-156.65657, 3.996614, 103.08931)|(0, -0.0146733178, 0, 0.999892354)|(1, 1, 1)
GlobalObjectId_V1-2-75255463483393841ad623c260500c31-58267205-0|True|(0, 0, 0)|(0, 0, 0, 1)|(1, 1, 1)
GlobalObjectId_V1-2-75255463483393841ad623c260500c31-58292331-0|True|(0, 0, 0)|(0.7071068, 0, 0, 0.7071068)|(1, 1, 1)
GlobalObjectId_V1-2-75255463483393841ad623c260500c31-5835346521174212003-1270225228|True|(0, 0, 0)|(-0.7071068, 0, 0, 0.7071067)|(100, 100, 100)
GlobalObjectId_V1-2-75255463483393841ad623c260500c31-5835346521174212003-1720144850|True|(0, 0, 0)|(-0.7071068, 0, 0, 0.7071067)|(100, 100, 100)
GlobalObjectId_V1-2-75255463483393841ad623c260500c31-5835346521174212003-1742115882|True|(0, 0, 0)|(-0.7071068, 0, 0, 0.7071067)|(100, 100, 100)
GlobalObjectId_V1-2-75255463483393841ad623c260500c31-5835346521174212003-1906523992|True|(0, 0, 0)|(-0.7071068, 0, 0, 0.7071067)|(100, 100, 100)
GlobalObjectId_V1-2-75255463483393841ad623c260500c31-5835346521174212003-1921694405|True|(0, 0, 0)|(-0.7071068, 0, 0, 0.7071067)|(100, 100, 100)
GlobalObjectId_V1-2-75255463483393841ad623c260500c31-5835346521174212003-2052472853|True|(0, 0, 0)|(-0.7071068, 0, 0, 0.7071067)|(100, 100, 100)
GlobalObjectId_V1-2-75255463483393841ad623c260500c31-5835346521174212003-303056869|True|(0, 0, 0)|(-0.7071068, 0, 0, 0.7071067)|(100, 100, 100)
GlobalObjectId_V1-2-75255463483393841ad623c260500c31-5835346521174212003-308968016|True|(0, 0, 0)|(-0.7071068, 0, 0, 0.7071067)|(100, 100, 100)
GlobalObjectId_V1-2-75255463483393841ad623c260500c31-5835346521174212003-764708180|True|(0, 0, 0)|(-0.7071068, 0, 0, 0.7071067)|(100, 100, 100)
GlobalObjectId_V1-2-75255463483393841ad623c260500c31-5835346521174212003-924230383|True|(0, 0, 0)|(-0.7071068, 0, 0, 0.7071067)|(100, 100, 100)
GlobalObjectId_V1-2-75255463483393841ad623c260500c31-5835911733541377616-1342259368|True|(0, 0.04000002, -0.12)|(0, 0, 0, 1)|(1, 1, 1)
GlobalObjectId_V1-2-75255463483393841ad623c260500c31-5835911733541377616-1807193877|True|(0, 0.04000002, -0.12)|(0, 0, 0, 1)|(1, 1, 1)
GlobalObjectId_V1-2-75255463483393841ad623c260500c31-5835911733541377616-249137488|True|(0, 0.04000002, -0.12)|(0, 0, 0, 1)|(1, 1, 1)
GlobalObjectId_V1-2-75255463483393841ad623c260500c31-5835911733541377616-325631740|True|(0, 0.04000002, -0.12)|(0, 0, 0, 1)|(1, 1, 1)
GlobalObjectId_V1-2-75255463483393841ad623c260500c31-5835911733541377616-673208042|True|(0, 0.04000002, -0.12)|(0, 0, 0, 1)|(1, 1, 1)
GlobalObjectId_V1-2-75255463483393841ad623c260500c31-5835911733541377616-726046513|True|(0, 0.04000002, -0.12)|(0, 0, 0, 1)|(1, 1, 1)
GlobalObjectId_V1-2-75255463483393841ad623c260500c31-584231573-0|True|(0, 0, 0)|(0.7071068, 0, 0, 0.7071068)|(1, 1, 1)
GlobalObjectId_V1-2-75255463483393841ad623c260500c31-5848589936428447017-1092392191|True|(0, 0, 0)|(-0.7071068, 0, 0, 0.7071067)|(100, 100, 100)
GlobalObjectId_V1-2-75255463483393841ad623c260500c31-5848589936428447017-1236654927|True|(0, 0, 0)|(-0.7071068, 0, 0, 0.7071067)|(100, 100, 100)
GlobalObjectId_V1-2-75255463483393841ad623c260500c31-5848589936428447017-1830864491|True|(0, 0, 0)|(-0.7071068, 0, 0, 0.7071067)|(100, 100, 100)
GlobalObjectId_V1-2-75255463483393841ad623c260500c31-5848589936428447017-184762202|True|(0, 0, 0)|(-0.7071068, 0, 0, 0.7071067)|(100, 100, 100)
GlobalObjectId_V1-2-75255463483393841ad623c260500c31-5848589936428447017-430729400|True|(0, 0, 0)|(-0.7071068, 0, 0, 0.7071067)|(100, 100, 100)
GlobalObjectId_V1-2-75255463483393841ad623c260500c31-5848589936428447017-507331391|True|(0, 0, 0)|(-0.7071068, 0, 0, 0.7071067)|(100, 100, 100)
GlobalObjectId_V1-2-75255463483393841ad623c260500c31-5848589936428447017-559331042|True|(0, 0, 0)|(-0.7071068, 0, 0, 0.7071067)|(100, 100, 100)
GlobalObjectId_V1-2-75255463483393841ad623c260500c31-5848589936428447017-995936011|True|(0, 0, 0)|(-0.7071068, 0, 0, 0.7071067)|(100, 100, 100)
GlobalObjectId_V1-2-75255463483393841ad623c260500c31-585136915-0|True|(0, 0, 0)|(0.7071068, 0, 0, 0.7071068)|(1, 1, 1)
GlobalObjectId_V1-2-75255463483393841ad623c260500c31-5862873007542990943-124650490|True|(0, 0.0048, 0)|(0, 0, 0, 1)|(1, 1, 1)
GlobalObjectId_V1-2-75255463483393841ad623c260500c31-5862873007542990943-1376906811|True|(0, 0.0048, 0)|(0, 0, 0, 1)|(1, 1, 1)
GlobalObjectId_V1-2-75255463483393841ad623c260500c31-5862873007542990943-1395087067|True|(0, 0.0048, 0)|(0, 0, 0, 1)|(1, 1, 1)
GlobalObjectId_V1-2-75255463483393841ad623c260500c31-5862873007542990943-589898910|True|(0, 0.0048, 0)|(0, 0, 0, 1)|(1, 1, 1)
GlobalObjectId_V1-2-75255463483393841ad623c260500c31-5862873007542990943-951118863|True|(0, 0.0048, 0)|(0, 0, 0, 1)|(1, 1, 1)
GlobalObjectId_V1-2-75255463483393841ad623c260500c31-5862873007542990943-997839571|True|(0, 0.0048, 0)|(0, 0, 0, 1)|(1, 1, 1)
GlobalObjectId_V1-2-75255463483393841ad623c260500c31-5864721385390651851-1342259368|True|(1.86264511E-11, 0.00287865358, -6.938353E-10)|(-0.487629354, -0.0133175161, 0.0133175319, 0.8728476)|(1, 1, 0.99999994)
GlobalObjectId_V1-2-75255463483393841ad623c260500c31-5864721385390651851-1807193877|True|(1.86264511E-11, 0.00287865358, -6.938353E-10)|(-0.487629354, -0.0133175161, 0.0133175319, 0.8728476)|(1, 1, 0.99999994)
GlobalObjectId_V1-2-75255463483393841ad623c260500c31-5864721385390651851-249137488|True|(1.86264511E-11, 0.00287865358, -6.938353E-10)|(-0.487629354, -0.0133175161, 0.0133175319, 0.8728476)|(1, 1, 0.99999994)
GlobalObjectId_V1-2-75255463483393841ad623c260500c31-5864721385390651851-325631740|True|(1.86264511E-11, 0.00287865358, -6.938353E-10)|(-0.487629354, -0.0133175161, 0.0133175319, 0.8728476)|(1, 1, 0.99999994)
GlobalObjectId_V1-2-75255463483393841ad623c260500c31-5864721385390651851-673208042|True|(1.86264511E-11, 0.00287865358, -6.938353E-10)|(-0.487629354, -0.0133175161, 0.0133175319, 0.8728476)|(1, 1, 0.99999994)
GlobalObjectId_V1-2-75255463483393841ad623c260500c31-5864721385390651851-726046513|True|(1.86264511E-11, 0.00287865358, -6.938353E-10)|(-0.487629354, -0.0133175161, 0.0133175319, 0.8728476)|(1, 1, 0.99999994)
GlobalObjectId_V1-2-75255463483393841ad623c260500c31-587425010-0|True|(0, 0, 0)|(0.7071068, 0, 0, 0.7071068)|(1, 1, 1)
GlobalObjectId_V1-2-75255463483393841ad623c260500c31-587467737-0|True|(0, 0, 0)|(0.7071068, 0, 0, 0.7071068)|(1, 1, 1)
GlobalObjectId_V1-2-75255463483393841ad623c260500c31-587519197-0|True|(0, 0, 0)|(0, 0, 0, 1)|(1, 1, 1)
GlobalObjectId_V1-2-75255463483393841ad623c260500c31-588005043-0|True|(0, 0, 0)|(0.7071068, 0, 0, 0.7071068)|(1, 1, 1)
GlobalObjectId_V1-2-75255463483393841ad623c260500c31-5886570361474258997-1342259368|True|(0.00256000017, 0.0006400007, 0)|(0.902088046, 0.2971957, 0.2971956, -0.09791189)|(1.00000083, 1.00000036, 1)
GlobalObjectId_V1-2-75255463483393841ad623c260500c31-5886570361474258997-1807193877|True|(0.00256000017, 0.0006400007, 0)|(0.902088046, 0.2971957, 0.2971956, -0.09791189)|(1.00000083, 1.00000036, 1)
GlobalObjectId_V1-2-75255463483393841ad623c260500c31-5886570361474258997-249137488|True|(0.00256000017, 0.0006400007, 0)|(0.902088046, 0.2971957, 0.2971956, -0.09791189)|(1.00000083, 1.00000036, 1)
GlobalObjectId_V1-2-75255463483393841ad623c260500c31-5886570361474258997-325631740|True|(0.00256000017, 0.0006400007, 0)|(0.902088046, 0.2971957, 0.2971956, -0.09791189)|(1.00000083, 1.00000036, 1)
GlobalObjectId_V1-2-75255463483393841ad623c260500c31-5886570361474258997-673208042|True|(0.00256000017, 0.0006400007, 0)|(0.902088046, 0.2971957, 0.2971956, -0.09791189)|(1.00000083, 1.00000036, 1)
GlobalObjectId_V1-2-75255463483393841ad623c260500c31-5886570361474258997-726046513|True|(0.00256000017, 0.0006400007, 0)|(0.902088046, 0.2971957, 0.2971956, -0.09791189)|(1.00000083, 1.00000036, 1)
GlobalObjectId_V1-2-75255463483393841ad623c260500c31-590929331-0|True|(0, 0, 0)|(0.7071068, 0, 0, 0.7071068)|(1, 1, 1)
GlobalObjectId_V1-2-75255463483393841ad623c260500c31-5933254686072949613-1054006661|True|(-0.004, 0.485, 0.002)|(0, -0.00305432151, 0, 0.999995351)|(0.89, 0.055, 0.63)
GlobalObjectId_V1-2-75255463483393841ad623c260500c31-5933254686072949613-1066520553|True|(-0.004, 0.485, 0.002)|(0, -0.00305432151, 0, 0.999995351)|(0.89, 0.055, 0.63)
GlobalObjectId_V1-2-75255463483393841ad623c260500c31-5933254686072949613-1075442592|True|(-0.004, 0.485, 0.002)|(0, -0.00305432151, 0, 0.999995351)|(0.89, 0.055, 0.63)
GlobalObjectId_V1-2-75255463483393841ad623c260500c31-5933254686072949613-1123419265|True|(-0.004, 0.485, 0.002)|(0, -0.00305432151, 0, 0.999995351)|(0.89, 0.055, 0.63)
GlobalObjectId_V1-2-75255463483393841ad623c260500c31-5933254686072949613-1189067973|True|(-0.004, 0.485, 0.002)|(0, -0.00305432151, 0, 0.999995351)|(0.89, 0.055, 0.63)
GlobalObjectId_V1-2-75255463483393841ad623c260500c31-5933254686072949613-1213532434|True|(-0.004, 0.485, 0.002)|(0, -0.00305432151, 0, 0.999995351)|(0.89, 0.055, 0.63)
GlobalObjectId_V1-2-75255463483393841ad623c260500c31-5933254686072949613-1231942770|True|(-0.004, 0.485, 0.002)|(0, -0.00305432151, 0, 0.999995351)|(0.89, 0.055, 0.63)
GlobalObjectId_V1-2-75255463483393841ad623c260500c31-5933254686072949613-1273255913|True|(-0.004, 0.485, 0.002)|(0, -0.00305432151, 0, 0.999995351)|(0.89, 0.055, 0.63)
GlobalObjectId_V1-2-75255463483393841ad623c260500c31-5933254686072949613-1278822786|True|(-0.004, 0.485, 0.002)|(0, -0.00305432151, 0, 0.999995351)|(0.89, 0.055, 0.63)
GlobalObjectId_V1-2-75255463483393841ad623c260500c31-5933254686072949613-1289928147|True|(-0.004, 0.485, 0.002)|(0, -0.00305432151, 0, 0.999995351)|(0.89, 0.055, 0.63)
GlobalObjectId_V1-2-75255463483393841ad623c260500c31-5933254686072949613-1306169864|True|(-0.004, 0.485, 0.002)|(0, -0.00305432151, 0, 0.999995351)|(0.89, 0.055, 0.63)
GlobalObjectId_V1-2-75255463483393841ad623c260500c31-5933254686072949613-134612628|True|(-0.004, 0.485, 0.002)|(0, -0.00305432151, 0, 0.999995351)|(0.89, 0.055, 0.63)
GlobalObjectId_V1-2-75255463483393841ad623c260500c31-5933254686072949613-1362226918|True|(-0.004, 0.485, 0.002)|(0, -0.00305432151, 0, 0.999995351)|(0.89, 0.055, 0.63)
GlobalObjectId_V1-2-75255463483393841ad623c260500c31-5933254686072949613-1446791577|True|(-0.004, 0.485, 0.002)|(0, -0.00305432151, 0, 0.999995351)|(0.89, 0.055, 0.63)
GlobalObjectId_V1-2-75255463483393841ad623c260500c31-5933254686072949613-1453559021|True|(-0.004, 0.485, 0.002)|(0, -0.00305432151, 0, 0.999995351)|(0.89, 0.055, 0.63)
GlobalObjectId_V1-2-75255463483393841ad623c260500c31-5933254686072949613-1474131409|True|(-0.004, 0.485, 0.002)|(0, -0.00305432151, 0, 0.999995351)|(0.89, 0.055, 0.63)
GlobalObjectId_V1-2-75255463483393841ad623c260500c31-5933254686072949613-1523898307|True|(-0.004, 0.485, 0.002)|(0, -0.00305432151, 0, 0.999995351)|(0.89, 0.055, 0.63)
GlobalObjectId_V1-2-75255463483393841ad623c260500c31-5933254686072949613-1589411330|True|(-0.004, 0.485, 0.002)|(0, -0.00305432151, 0, 0.999995351)|(0.89, 0.055, 0.63)
GlobalObjectId_V1-2-75255463483393841ad623c260500c31-5933254686072949613-1669245919|True|(-0.004, 0.485, 0.002)|(0, -0.00305432151, 0, 0.999995351)|(0.89, 0.055, 0.63)
GlobalObjectId_V1-2-75255463483393841ad623c260500c31-5933254686072949613-1737122726|True|(-0.004, 0.485, 0.002)|(0, -0.00305432151, 0, 0.999995351)|(0.89, 0.055, 0.63)
GlobalObjectId_V1-2-75255463483393841ad623c260500c31-5933254686072949613-1741248142|True|(-0.004, 0.485, 0.002)|(0, -0.00305432151, 0, 0.999995351)|(0.89, 0.055, 0.63)
GlobalObjectId_V1-2-75255463483393841ad623c260500c31-5933254686072949613-177614287|True|(-0.004, 0.485, 0.002)|(0, -0.00305432151, 0, 0.999995351)|(0.89, 0.055, 0.63)
GlobalObjectId_V1-2-75255463483393841ad623c260500c31-5933254686072949613-1802634647|True|(-0.004, 0.485, 0.002)|(0, -0.00305432151, 0, 0.999995351)|(0.89, 0.055, 0.63)
GlobalObjectId_V1-2-75255463483393841ad623c260500c31-5933254686072949613-1890397674|True|(-0.004, 0.485, 0.002)|(0, -0.00305432151, 0, 0.999995351)|(0.89, 0.055, 0.63)
GlobalObjectId_V1-2-75255463483393841ad623c260500c31-5933254686072949613-1899348449|True|(-0.004, 0.485, 0.002)|(0, -0.00305432151, 0, 0.999995351)|(0.89, 0.055, 0.63)
GlobalObjectId_V1-2-75255463483393841ad623c260500c31-5933254686072949613-1931660283|True|(-0.004, 0.485, 0.002)|(0, -0.00305432151, 0, 0.999995351)|(0.89, 0.055, 0.63)
GlobalObjectId_V1-2-75255463483393841ad623c260500c31-5933254686072949613-2008804692|True|(-0.004, 0.485, 0.002)|(0, -0.00305432151, 0, 0.999995351)|(0.89, 0.055, 0.63)
GlobalObjectId_V1-2-75255463483393841ad623c260500c31-5933254686072949613-2120236441|True|(-0.004, 0.485, 0.002)|(0, -0.00305432151, 0, 0.999995351)|(0.89, 0.055, 0.63)
GlobalObjectId_V1-2-75255463483393841ad623c260500c31-5933254686072949613-255090835|True|(-0.004, 0.485, 0.002)|(0, -0.00305432151, 0, 0.999995351)|(0.89, 0.055, 0.63)
GlobalObjectId_V1-2-75255463483393841ad623c260500c31-5933254686072949613-261895982|True|(-0.004, 0.485, 0.002)|(0, -0.00305432151, 0, 0.999995351)|(0.89, 0.055, 0.63)
GlobalObjectId_V1-2-75255463483393841ad623c260500c31-5933254686072949613-346250313|True|(-0.004, 0.485, 0.002)|(0, -0.00305432151, 0, 0.999995351)|(0.89, 0.055, 0.63)
GlobalObjectId_V1-2-75255463483393841ad623c260500c31-5933254686072949613-374324541|True|(-0.004, 0.485, 0.002)|(0, -0.00305432151, 0, 0.999995351)|(0.89, 0.055, 0.63)
GlobalObjectId_V1-2-75255463483393841ad623c260500c31-5933254686072949613-39910857|True|(-0.004, 0.485, 0.002)|(0, -0.00305432151, 0, 0.999995351)|(0.89, 0.055, 0.63)
GlobalObjectId_V1-2-75255463483393841ad623c260500c31-5933254686072949613-415706150|True|(-0.004, 0.485, 0.002)|(0, -0.00305432151, 0, 0.999995351)|(0.89, 0.055, 0.63)
GlobalObjectId_V1-2-75255463483393841ad623c260500c31-5933254686072949613-420684188|True|(-0.004, 0.485, 0.002)|(0, -0.00305432151, 0, 0.999995351)|(0.89, 0.055, 0.63)
GlobalObjectId_V1-2-75255463483393841ad623c260500c31-5933254686072949613-448738566|True|(-0.004, 0.485, 0.002)|(0, -0.00305432151, 0, 0.999995351)|(0.89, 0.055, 0.63)
GlobalObjectId_V1-2-75255463483393841ad623c260500c31-5933254686072949613-455620735|True|(-0.004, 0.485, 0.002)|(0, -0.00305432151, 0, 0.999995351)|(0.89, 0.055, 0.63)
GlobalObjectId_V1-2-75255463483393841ad623c260500c31-5933254686072949613-462089741|True|(-0.004, 0.485, 0.002)|(0, -0.00305432151, 0, 0.999995351)|(0.89, 0.055, 0.63)
GlobalObjectId_V1-2-75255463483393841ad623c260500c31-5933254686072949613-471337410|True|(-0.004, 0.485, 0.002)|(0, -0.00305432151, 0, 0.999995351)|(0.89, 0.055, 0.63)
GlobalObjectId_V1-2-75255463483393841ad623c260500c31-5933254686072949613-514498336|True|(-0.004, 0.485, 0.002)|(0, -0.00305432151, 0, 0.999995351)|(0.89, 0.055, 0.63)
GlobalObjectId_V1-2-75255463483393841ad623c260500c31-5933254686072949613-570203299|True|(-0.004, 0.485, 0.002)|(0, -0.00305432151, 0, 0.999995351)|(0.89, 0.055, 0.63)
GlobalObjectId_V1-2-75255463483393841ad623c260500c31-5933254686072949613-577746331|True|(-0.004, 0.485, 0.002)|(0, -0.00305432151, 0, 0.999995351)|(0.89, 0.055, 0.63)
GlobalObjectId_V1-2-75255463483393841ad623c260500c31-5933254686072949613-614239699|True|(-0.004, 0.485, 0.002)|(0, -0.00305432151, 0, 0.999995351)|(0.89, 0.055, 0.63)
GlobalObjectId_V1-2-75255463483393841ad623c260500c31-5933254686072949613-720893779|True|(-0.004, 0.485, 0.002)|(0, -0.00305432151, 0, 0.999995351)|(0.89, 0.055, 0.63)
GlobalObjectId_V1-2-75255463483393841ad623c260500c31-5933254686072949613-759653167|True|(-0.004, 0.485, 0.002)|(0, -0.00305432151, 0, 0.999995351)|(0.89, 0.055, 0.63)
GlobalObjectId_V1-2-75255463483393841ad623c260500c31-5933254686072949613-788279421|True|(-0.004, 0.485, 0.002)|(0, -0.00305432151, 0, 0.999995351)|(0.89, 0.055, 0.63)
GlobalObjectId_V1-2-75255463483393841ad623c260500c31-5933254686072949613-801688379|True|(-0.004, 0.485, 0.002)|(0, -0.00305432151, 0, 0.999995351)|(0.89, 0.055, 0.63)
GlobalObjectId_V1-2-75255463483393841ad623c260500c31-5933254686072949613-827096132|True|(-0.004, 0.485, 0.002)|(0, -0.00305432151, 0, 0.999995351)|(0.89, 0.055, 0.63)
GlobalObjectId_V1-2-75255463483393841ad623c260500c31-5933254686072949613-841608481|True|(-0.004, 0.485, 0.002)|(0, -0.00305432151, 0, 0.999995351)|(0.89, 0.055, 0.63)
GlobalObjectId_V1-2-75255463483393841ad623c260500c31-5933254686072949613-866930353|True|(-0.004, 0.485, 0.002)|(0, -0.00305432151, 0, 0.999995351)|(0.89, 0.055, 0.63)
GlobalObjectId_V1-2-75255463483393841ad623c260500c31-594120868-0|True|(0, 0, 0)|(0.7071068, 0, 0, 0.7071068)|(1, 1, 1)
GlobalObjectId_V1-2-75255463483393841ad623c260500c31-5949137077937398207-1092392191|True|(0, 0, 0)|(-0.7071068, 0, 0, 0.7071067)|(100, 100, 100)
GlobalObjectId_V1-2-75255463483393841ad623c260500c31-5949137077937398207-1236654927|True|(0, 0, 0)|(-0.7071068, 0, 0, 0.7071067)|(100, 100, 100)
GlobalObjectId_V1-2-75255463483393841ad623c260500c31-5949137077937398207-1830864491|True|(0, 0, 0)|(-0.7071068, 0, 0, 0.7071067)|(100, 100, 100)
GlobalObjectId_V1-2-75255463483393841ad623c260500c31-5949137077937398207-184762202|True|(0, 0, 0)|(-0.7071068, 0, 0, 0.7071067)|(100, 100, 100)
GlobalObjectId_V1-2-75255463483393841ad623c260500c31-5949137077937398207-430729400|True|(0, 0, 0)|(-0.7071068, 0, 0, 0.7071067)|(100, 100, 100)
GlobalObjectId_V1-2-75255463483393841ad623c260500c31-5949137077937398207-507331391|True|(0, 0, 0)|(-0.7071068, 0, 0, 0.7071067)|(100, 100, 100)
GlobalObjectId_V1-2-75255463483393841ad623c260500c31-5949137077937398207-559331042|True|(0, 0, 0)|(-0.7071068, 0, 0, 0.7071067)|(100, 100, 100)
GlobalObjectId_V1-2-75255463483393841ad623c260500c31-5949137077937398207-995936011|True|(0, 0, 0)|(-0.7071068, 0, 0, 0.7071067)|(100, 100, 100)
GlobalObjectId_V1-2-75255463483393841ad623c260500c31-59673334-0|True|(201.599564, 3.360008, 392.32196)|(0, 0.0520534664, 0, 0.998644352)|(1, 1, 1)
GlobalObjectId_V1-2-75255463483393841ad623c260500c31-597144582-0|True|(0, 0, 0)|(0.7071068, 0, 0, 0.7071068)|(1, 1, 1)
GlobalObjectId_V1-2-75255463483393841ad623c260500c31-59752315-0|True|(0, 0, 0)|(0.7071068, 0, 0, 0.7071068)|(1, 1, 1)
GlobalObjectId_V1-2-75255463483393841ad623c260500c31-5992332391949965908-124650490|True|(0, 0.0007999998, 0)|(0, 0, 0, 1)|(1, 1, 1)
GlobalObjectId_V1-2-75255463483393841ad623c260500c31-5992332391949965908-1376906811|True|(0, 0.0007999998, 0)|(0, 0, 0, 1)|(1, 1, 1)
GlobalObjectId_V1-2-75255463483393841ad623c260500c31-5992332391949965908-1395087067|True|(0, 0.0007999998, 0)|(0, 0, 0, 1)|(1, 1, 1)
GlobalObjectId_V1-2-75255463483393841ad623c260500c31-5992332391949965908-589898910|True|(0, 0.0007999998, 0)|(0, 0, 0, 1)|(1, 1, 1)
GlobalObjectId_V1-2-75255463483393841ad623c260500c31-5992332391949965908-951118863|True|(0, 0.0007999998, 0)|(0, 0, 0, 1)|(1, 1, 1)
GlobalObjectId_V1-2-75255463483393841ad623c260500c31-5992332391949965908-997839571|True|(0, 0.0007999998, 0)|(0, 0, 0, 1)|(1, 1, 1)
GlobalObjectId_V1-2-75255463483393841ad623c260500c31-5998869261493770185-1278433063|True|(0.00160000008, 0, 0)|(0.9871956, 0.112429716, 0.112429671, -0.0128043881)|(1.00000036, 1.00000012, 1)
GlobalObjectId_V1-2-75255463483393841ad623c260500c31-5998869261493770185-1796550201|True|(0.00160000008, 0, 0)|(0.9871956, 0.112429716, 0.112429671, -0.0128043881)|(1.00000036, 1.00000012, 1)
GlobalObjectId_V1-2-75255463483393841ad623c260500c31-5998869261493770185-227182643|True|(0.00160000008, 0, 0)|(0.9871956, 0.112429716, 0.112429671, -0.0128043881)|(1.00000036, 1.00000012, 1)
GlobalObjectId_V1-2-75255463483393841ad623c260500c31-5998869261493770185-4508494|True|(0.00160000008, 0, 0)|(0.9871956, 0.112429716, 0.112429671, -0.0128043881)|(1.00000036, 1.00000012, 1)
GlobalObjectId_V1-2-75255463483393841ad623c260500c31-5998869261493770185-493544818|True|(0.00160000008, 0, 0)|(0.9871956, 0.112429716, 0.112429671, -0.0128043881)|(1.00000036, 1.00000012, 1)
GlobalObjectId_V1-2-75255463483393841ad623c260500c31-5998869261493770185-537414647|True|(0.00160000008, 0, 0)|(0.9871956, 0.112429716, 0.112429671, -0.0128043881)|(1.00000036, 1.00000012, 1)
GlobalObjectId_V1-2-75255463483393841ad623c260500c31-5998869261493770185-616789302|True|(0.00160000008, 0, 0)|(0.9871956, 0.112429716, 0.112429671, -0.0128043881)|(1.00000036, 1.00000012, 1)
GlobalObjectId_V1-2-75255463483393841ad623c260500c31-5998869261493770185-828342056|True|(0.00160000008, 0, 0)|(0.9871956, 0.112429716, 0.112429671, -0.0128043881)|(1.00000036, 1.00000012, 1)
GlobalObjectId_V1-2-75255463483393841ad623c260500c31-5998869261493770185-863157045|True|(0.00160000008, 0, 0)|(0.9871956, 0.112429716, 0.112429671, -0.0128043881)|(1.00000036, 1.00000012, 1)
GlobalObjectId_V1-2-75255463483393841ad623c260500c31-5998869261493770185-950912075|True|(0.00160000008, 0, 0)|(0.9871956, 0.112429716, 0.112429671, -0.0128043881)|(1.00000036, 1.00000012, 1)
GlobalObjectId_V1-2-75255463483393841ad623c260500c31-600611588-0|True|(-415.633484, 0, -440.7018)|(0, -0.0426384434, 0, 0.999090552)|(1, 1, 1)
GlobalObjectId_V1-2-75255463483393841ad623c260500c31-600611589-0|{"MonoBehaviour":{"m_Enabled":true,"m_EditorHideFlags":0,"m_Name":"","m_EditorClassIdentifier":"Assembly-CSharp::HighwayHazard","visual":{"instanceID":0},"barrierArm":{"instanceID":0},"signal":{"instanceID":0},"warning":{"instanceID":0},"laneIndex":0,"breakHealth":240.0,"warningSeconds":1.7999999523162842,"cycleSeconds":4.0,"crossingDistance":0.0}}
GlobalObjectId_V1-2-75255463483393841ad623c260500c31-602892372-0|True|(0, 0, 0)|(0, 0, 0, 1)|(1, 1, 1)
GlobalObjectId_V1-2-75255463483393841ad623c260500c31-602935485-0|True|(0, 0, 0)|(0.7071068, 0, 0, 0.7071068)|(1, 1, 1)
GlobalObjectId_V1-2-75255463483393841ad623c260500c31-604036520-0|True|(0, 0, 0)|(0.7071068, 0, 0, 0.7071068)|(1, 1, 1)
GlobalObjectId_V1-2-75255463483393841ad623c260500c31-604130240-0|True|(0, 0, 0)|(0.7071068, 0, 0, 0.7071068)|(1, 1, 1)
GlobalObjectId_V1-2-75255463483393841ad623c260500c31-604813300-0|True|(0, 0, 0)|(0, 0, 0, 1)|(1, 1, 1)
GlobalObjectId_V1-2-75255463483393841ad623c260500c31-605979134-0|True|(0, 0, 0)|(0.7071068, 0, 0, 0.7071068)|(1, 1, 1)
GlobalObjectId_V1-2-75255463483393841ad623c260500c31-606246212-0|True|(0, 0, 0)|(0.7071068, 0, 0, 0.7071068)|(1, 1, 1)
GlobalObjectId_V1-2-75255463483393841ad623c260500c31-6069695927071542018-1092392191|True|(-1.09895933E-10, 0.00157500128, 1.14713685E-16)|(-0.608287334, -2.627847E-07, -1.83793091E-07, 0.7937169)|(1, 1, 1)
GlobalObjectId_V1-2-75255463483393841ad623c260500c31-6069695927071542018-1236654927|True|(-1.09895933E-10, 0.00157500128, 1.14713685E-16)|(-0.608287334, -2.627847E-07, -1.83793091E-07, 0.7937169)|(1, 1, 1)
GlobalObjectId_V1-2-75255463483393841ad623c260500c31-6069695927071542018-1830864491|True|(-1.09895933E-10, 0.00157500128, 1.14713685E-16)|(-0.608287334, -2.627847E-07, -1.83793091E-07, 0.7937169)|(1, 1, 1)
GlobalObjectId_V1-2-75255463483393841ad623c260500c31-6069695927071542018-184762202|True|(-1.09895933E-10, 0.00157500128, 1.14713685E-16)|(-0.608287334, -2.627847E-07, -1.83793091E-07, 0.7937169)|(1, 1, 1)
GlobalObjectId_V1-2-75255463483393841ad623c260500c31-6069695927071542018-430729400|True|(-1.09895933E-10, 0.00157500128, 1.14713685E-16)|(-0.608287334, -2.627847E-07, -1.83793091E-07, 0.7937169)|(1, 1, 1)
GlobalObjectId_V1-2-75255463483393841ad623c260500c31-6069695927071542018-507331391|True|(-1.09895933E-10, 0.00157500128, 1.14713685E-16)|(-0.608287334, -2.627847E-07, -1.83793091E-07, 0.7937169)|(1, 1, 1)
GlobalObjectId_V1-2-75255463483393841ad623c260500c31-6069695927071542018-559331042|True|(-1.09895933E-10, 0.00157500128, 1.14713685E-16)|(-0.608287334, -2.627847E-07, -1.83793091E-07, 0.7937169)|(1, 1, 1)
GlobalObjectId_V1-2-75255463483393841ad623c260500c31-6069695927071542018-995936011|True|(-1.09895933E-10, 0.00157500128, 1.14713685E-16)|(-0.608287334, -2.627847E-07, -1.83793091E-07, 0.7937169)|(1, 1, 1)
GlobalObjectId_V1-2-75255463483393841ad623c260500c31-6076398848649266367-1054006661|True|(0.006, 0.118, -0.004)|(9.900008E-06, 0.005672281, 0.00174530037, 0.9999824)|(0.89, 0.045, 0.625)
GlobalObjectId_V1-2-75255463483393841ad623c260500c31-6076398848649266367-1066520553|True|(0.006, 0.118, -0.004)|(9.900008E-06, 0.005672281, 0.00174530037, 0.9999824)|(0.89, 0.045, 0.625)
GlobalObjectId_V1-2-75255463483393841ad623c260500c31-6076398848649266367-1075442592|True|(0.006, 0.118, -0.004)|(9.900008E-06, 0.005672281, 0.00174530037, 0.9999824)|(0.89, 0.045, 0.625)
GlobalObjectId_V1-2-75255463483393841ad623c260500c31-6076398848649266367-1123419265|True|(0.006, 0.118, -0.004)|(9.900008E-06, 0.005672281, 0.00174530037, 0.9999824)|(0.89, 0.045, 0.625)
GlobalObjectId_V1-2-75255463483393841ad623c260500c31-6076398848649266367-1189067973|True|(0.006, 0.118, -0.004)|(9.900008E-06, 0.005672281, 0.00174530037, 0.9999824)|(0.89, 0.045, 0.625)
GlobalObjectId_V1-2-75255463483393841ad623c260500c31-6076398848649266367-1213532434|True|(0.006, 0.118, -0.004)|(9.900008E-06, 0.005672281, 0.00174530037, 0.9999824)|(0.89, 0.045, 0.625)
GlobalObjectId_V1-2-75255463483393841ad623c260500c31-6076398848649266367-1231942770|True|(0.006, 0.118, -0.004)|(9.900008E-06, 0.005672281, 0.00174530037, 0.9999824)|(0.89, 0.045, 0.625)
GlobalObjectId_V1-2-75255463483393841ad623c260500c31-6076398848649266367-1273255913|True|(0.006, 0.118, -0.004)|(9.900008E-06, 0.005672281, 0.00174530037, 0.9999824)|(0.89, 0.045, 0.625)
GlobalObjectId_V1-2-75255463483393841ad623c260500c31-6076398848649266367-1278822786|True|(0.006, 0.118, -0.004)|(9.900008E-06, 0.005672281, 0.00174530037, 0.9999824)|(0.89, 0.045, 0.625)
GlobalObjectId_V1-2-75255463483393841ad623c260500c31-6076398848649266367-1289928147|True|(0.006, 0.118, -0.004)|(9.900008E-06, 0.005672281, 0.00174530037, 0.9999824)|(0.89, 0.045, 0.625)
GlobalObjectId_V1-2-75255463483393841ad623c260500c31-6076398848649266367-1306169864|True|(0.006, 0.118, -0.004)|(9.900008E-06, 0.005672281, 0.00174530037, 0.9999824)|(0.89, 0.045, 0.625)
GlobalObjectId_V1-2-75255463483393841ad623c260500c31-6076398848649266367-134612628|True|(0.006, 0.118, -0.004)|(9.900008E-06, 0.005672281, 0.00174530037, 0.9999824)|(0.89, 0.045, 0.625)
GlobalObjectId_V1-2-75255463483393841ad623c260500c31-6076398848649266367-1362226918|True|(0.006, 0.118, -0.004)|(9.900008E-06, 0.005672281, 0.00174530037, 0.9999824)|(0.89, 0.045, 0.625)
GlobalObjectId_V1-2-75255463483393841ad623c260500c31-6076398848649266367-1446791577|True|(0.006, 0.118, -0.004)|(9.900008E-06, 0.005672281, 0.00174530037, 0.9999824)|(0.89, 0.045, 0.625)
GlobalObjectId_V1-2-75255463483393841ad623c260500c31-6076398848649266367-1453559021|True|(0.006, 0.118, -0.004)|(9.900008E-06, 0.005672281, 0.00174530037, 0.9999824)|(0.89, 0.045, 0.625)
GlobalObjectId_V1-2-75255463483393841ad623c260500c31-6076398848649266367-1474131409|True|(0.006, 0.118, -0.004)|(9.900008E-06, 0.005672281, 0.00174530037, 0.9999824)|(0.89, 0.045, 0.625)
GlobalObjectId_V1-2-75255463483393841ad623c260500c31-6076398848649266367-1523898307|True|(0.006, 0.118, -0.004)|(9.900008E-06, 0.005672281, 0.00174530037, 0.9999824)|(0.89, 0.045, 0.625)
GlobalObjectId_V1-2-75255463483393841ad623c260500c31-6076398848649266367-1589411330|True|(0.006, 0.118, -0.004)|(9.900008E-06, 0.005672281, 0.00174530037, 0.9999824)|(0.89, 0.045, 0.625)
GlobalObjectId_V1-2-75255463483393841ad623c260500c31-6076398848649266367-1669245919|True|(0.006, 0.118, -0.004)|(9.900008E-06, 0.005672281, 0.00174530037, 0.9999824)|(0.89, 0.045, 0.625)
GlobalObjectId_V1-2-75255463483393841ad623c260500c31-6076398848649266367-1737122726|True|(0.006, 0.118, -0.004)|(9.900008E-06, 0.005672281, 0.00174530037, 0.9999824)|(0.89, 0.045, 0.625)
GlobalObjectId_V1-2-75255463483393841ad623c260500c31-6076398848649266367-1741248142|True|(0.006, 0.118, -0.004)|(9.900008E-06, 0.005672281, 0.00174530037, 0.9999824)|(0.89, 0.045, 0.625)
GlobalObjectId_V1-2-75255463483393841ad623c260500c31-6076398848649266367-177614287|True|(0.006, 0.118, -0.004)|(9.900008E-06, 0.005672281, 0.00174530037, 0.9999824)|(0.89, 0.045, 0.625)
GlobalObjectId_V1-2-75255463483393841ad623c260500c31-6076398848649266367-1802634647|True|(0.006, 0.118, -0.004)|(9.900008E-06, 0.005672281, 0.00174530037, 0.9999824)|(0.89, 0.045, 0.625)
GlobalObjectId_V1-2-75255463483393841ad623c260500c31-6076398848649266367-1890397674|True|(0.006, 0.118, -0.004)|(9.900008E-06, 0.005672281, 0.00174530037, 0.9999824)|(0.89, 0.045, 0.625)
GlobalObjectId_V1-2-75255463483393841ad623c260500c31-6076398848649266367-1899348449|True|(0.006, 0.118, -0.004)|(9.900008E-06, 0.005672281, 0.00174530037, 0.9999824)|(0.89, 0.045, 0.625)
GlobalObjectId_V1-2-75255463483393841ad623c260500c31-6076398848649266367-1931660283|True|(0.006, 0.118, -0.004)|(9.900008E-06, 0.005672281, 0.00174530037, 0.9999824)|(0.89, 0.045, 0.625)
GlobalObjectId_V1-2-75255463483393841ad623c260500c31-6076398848649266367-2008804692|True|(0.006, 0.118, -0.004)|(9.900008E-06, 0.005672281, 0.00174530037, 0.9999824)|(0.89, 0.045, 0.625)
GlobalObjectId_V1-2-75255463483393841ad623c260500c31-6076398848649266367-2120236441|True|(0.006, 0.118, -0.004)|(9.900008E-06, 0.005672281, 0.00174530037, 0.9999824)|(0.89, 0.045, 0.625)
GlobalObjectId_V1-2-75255463483393841ad623c260500c31-6076398848649266367-255090835|True|(0.006, 0.118, -0.004)|(9.900008E-06, 0.005672281, 0.00174530037, 0.9999824)|(0.89, 0.045, 0.625)
GlobalObjectId_V1-2-75255463483393841ad623c260500c31-6076398848649266367-261895982|True|(0.006, 0.118, -0.004)|(9.900008E-06, 0.005672281, 0.00174530037, 0.9999824)|(0.89, 0.045, 0.625)
GlobalObjectId_V1-2-75255463483393841ad623c260500c31-6076398848649266367-346250313|True|(0.006, 0.118, -0.004)|(9.900008E-06, 0.005672281, 0.00174530037, 0.9999824)|(0.89, 0.045, 0.625)
GlobalObjectId_V1-2-75255463483393841ad623c260500c31-6076398848649266367-374324541|True|(0.006, 0.118, -0.004)|(9.900008E-06, 0.005672281, 0.00174530037, 0.9999824)|(0.89, 0.045, 0.625)
GlobalObjectId_V1-2-75255463483393841ad623c260500c31-6076398848649266367-39910857|True|(0.006, 0.118, -0.004)|(9.900008E-06, 0.005672281, 0.00174530037, 0.9999824)|(0.89, 0.045, 0.625)
GlobalObjectId_V1-2-75255463483393841ad623c260500c31-6076398848649266367-415706150|True|(0.006, 0.118, -0.004)|(9.900008E-06, 0.005672281, 0.00174530037, 0.9999824)|(0.89, 0.045, 0.625)
GlobalObjectId_V1-2-75255463483393841ad623c260500c31-6076398848649266367-420684188|True|(0.006, 0.118, -0.004)|(9.900008E-06, 0.005672281, 0.00174530037, 0.9999824)|(0.89, 0.045, 0.625)
GlobalObjectId_V1-2-75255463483393841ad623c260500c31-6076398848649266367-448738566|True|(0.006, 0.118, -0.004)|(9.900008E-06, 0.005672281, 0.00174530037, 0.9999824)|(0.89, 0.045, 0.625)
GlobalObjectId_V1-2-75255463483393841ad623c260500c31-6076398848649266367-455620735|True|(0.006, 0.118, -0.004)|(9.900008E-06, 0.005672281, 0.00174530037, 0.9999824)|(0.89, 0.045, 0.625)
GlobalObjectId_V1-2-75255463483393841ad623c260500c31-6076398848649266367-462089741|True|(0.006, 0.118, -0.004)|(9.900008E-06, 0.005672281, 0.00174530037, 0.9999824)|(0.89, 0.045, 0.625)
GlobalObjectId_V1-2-75255463483393841ad623c260500c31-6076398848649266367-471337410|True|(0.006, 0.118, -0.004)|(9.900008E-06, 0.005672281, 0.00174530037, 0.9999824)|(0.89, 0.045, 0.625)
GlobalObjectId_V1-2-75255463483393841ad623c260500c31-6076398848649266367-514498336|True|(0.006, 0.118, -0.004)|(9.900008E-06, 0.005672281, 0.00174530037, 0.9999824)|(0.89, 0.045, 0.625)
GlobalObjectId_V1-2-75255463483393841ad623c260500c31-6076398848649266367-570203299|True|(0.006, 0.118, -0.004)|(9.900008E-06, 0.005672281, 0.00174530037, 0.9999824)|(0.89, 0.045, 0.625)
GlobalObjectId_V1-2-75255463483393841ad623c260500c31-6076398848649266367-577746331|True|(0.006, 0.118, -0.004)|(9.900008E-06, 0.005672281, 0.00174530037, 0.9999824)|(0.89, 0.045, 0.625)
GlobalObjectId_V1-2-75255463483393841ad623c260500c31-6076398848649266367-614239699|True|(0.006, 0.118, -0.004)|(9.900008E-06, 0.005672281, 0.00174530037, 0.9999824)|(0.89, 0.045, 0.625)
GlobalObjectId_V1-2-75255463483393841ad623c260500c31-6076398848649266367-720893779|True|(0.006, 0.118, -0.004)|(9.900008E-06, 0.005672281, 0.00174530037, 0.9999824)|(0.89, 0.045, 0.625)
GlobalObjectId_V1-2-75255463483393841ad623c260500c31-6076398848649266367-759653167|True|(0.006, 0.118, -0.004)|(9.900008E-06, 0.005672281, 0.00174530037, 0.9999824)|(0.89, 0.045, 0.625)
GlobalObjectId_V1-2-75255463483393841ad623c260500c31-6076398848649266367-788279421|True|(0.006, 0.118, -0.004)|(9.900008E-06, 0.005672281, 0.00174530037, 0.9999824)|(0.89, 0.045, 0.625)
GlobalObjectId_V1-2-75255463483393841ad623c260500c31-6076398848649266367-801688379|True|(0.006, 0.118, -0.004)|(9.900008E-06, 0.005672281, 0.00174530037, 0.9999824)|(0.89, 0.045, 0.625)
GlobalObjectId_V1-2-75255463483393841ad623c260500c31-6076398848649266367-827096132|True|(0.006, 0.118, -0.004)|(9.900008E-06, 0.005672281, 0.00174530037, 0.9999824)|(0.89, 0.045, 0.625)
GlobalObjectId_V1-2-75255463483393841ad623c260500c31-6076398848649266367-841608481|True|(0.006, 0.118, -0.004)|(9.900008E-06, 0.005672281, 0.00174530037, 0.9999824)|(0.89, 0.045, 0.625)
GlobalObjectId_V1-2-75255463483393841ad623c260500c31-6076398848649266367-866930353|True|(0.006, 0.118, -0.004)|(9.900008E-06, 0.005672281, 0.00174530037, 0.9999824)|(0.89, 0.045, 0.625)
GlobalObjectId_V1-2-75255463483393841ad623c260500c31-607674094-0|False|(0, 0, 0)|(0.7071068, 0, 0, 0.7071068)|(1, 1, 1)
GlobalObjectId_V1-2-75255463483393841ad623c260500c31-609949700-0|True|(0, 0, 0)|(0.7071068, 0, 0, 0.7071068)|(1, 1, 1)
GlobalObjectId_V1-2-75255463483393841ad623c260500c31-614946561-0|True|(0, 0, 0)|(0.7071068, 0, 0, 0.7071068)|(1, 1, 1)
GlobalObjectId_V1-2-75255463483393841ad623c260500c31-6156322106948324901-1342259368|True|(0, 0, 0)|(-0.7071068, 0, 0, 0.7071067)|(100, 100, 100)
GlobalObjectId_V1-2-75255463483393841ad623c260500c31-6156322106948324901-1807193877|True|(0, 0, 0)|(-0.7071068, 0, 0, 0.7071067)|(100, 100, 100)
GlobalObjectId_V1-2-75255463483393841ad623c260500c31-6156322106948324901-249137488|True|(0, 0, 0)|(-0.7071068, 0, 0, 0.7071067)|(100, 100, 100)
GlobalObjectId_V1-2-75255463483393841ad623c260500c31-6156322106948324901-325631740|True|(0, 0, 0)|(-0.7071068, 0, 0, 0.7071067)|(100, 100, 100)
GlobalObjectId_V1-2-75255463483393841ad623c260500c31-6156322106948324901-673208042|True|(0, 0, 0)|(-0.7071068, 0, 0, 0.7071067)|(100, 100, 100)
GlobalObjectId_V1-2-75255463483393841ad623c260500c31-6156322106948324901-726046513|True|(0, 0, 0)|(-0.7071068, 0, 0, 0.7071067)|(100, 100, 100)
GlobalObjectId_V1-2-75255463483393841ad623c260500c31-616239800-0|True|(0, 0, 0)|(0.7071068, 0, 0, 0.7071068)|(1, 1, 1)
GlobalObjectId_V1-2-75255463483393841ad623c260500c31-617359868-0|True|(0, 0, 0)|(0.7071068, 0, 0, 0.7071068)|(1, 1, 1)
GlobalObjectId_V1-2-75255463483393841ad623c260500c31-618024371-0|{"MonoBehaviour":{"m_Enabled":true,"m_EditorHideFlags":0,"m_Name":"","m_EditorClassIdentifier":"Assembly-CSharp::IndianOceanAssets.ShooterSurvival.EncounterPlacementController"}}
GlobalObjectId_V1-2-75255463483393841ad623c260500c31-618024372-0|{"MonoBehaviour":{"m_Enabled":true,"m_EditorHideFlags":0,"m_Name":"","m_EditorClassIdentifier":"Assembly-CSharp::HighwayRoute","centers":[{"x":-420.0,"y":0.0,"z":-740.0},{"x":-420.0,"y":0.0,"z":-735.0},{"x":-420.0,"y":0.0,"z":-730.0},{"x":-420.0,"y":0.0,"z":-725.0},{"x":-420.0,"y":0.0,"z":-720.0},{"x":-420.0,"y":0.0,"z":-715.0},{"x":-420.0,"y":0.0,"z":-710.0},{"x":-420.0,"y":0.0,"z":-705.0},{"x":-420.0,"y":0.0,"z":-700.0},{"x":-420.0,"y":0.0,"z":-695.0},{"x":-420.0,"y":0.0,"z":-690.0},{"x":-420.0,"y":0.0,"z":-685.0},{"x":-420.0,"y":0.0,"z":-680.0},{"x":-420.0,"y":0.0,"z":-675.0},{"x":-420.0,"y":0.0,"z":-670.0},{"x":-420.0,"y":0.0,"z":-665.0},{"x":-420.0,"y":0.0,"z":-660.0},{"x":-420.0,"y":0.0,"z":-655.0},{"x":-420.0,"y":0.0,"z":-650.0},{"x":-420.0,"y":0.0,"z":-645.0},{"x":-420.0,"y":0.0,"z":-640.0},{"x":-419.9490966796875,"y":0.0,"z":-635.0},{"x":-419.7974548339844,"y":0.0,"z":-630.0},{"x":-419.54815673828127,"y":0.0,"z":-625.0},{"x":-419.2062683105469,"y":0.0,"z":-620.0},{"x":-418.77874755859377,"y":0.0,"z":-615.0},{"x":-418.2742919921875,"y":0.0,"z":-610.0},{"x":-417.7032165527344,"y":0.0,"z":-605.0},{"x":-417.07708740234377,"y":0.0,"z":-600.0},{"x":-416.4086608886719,"y":0.0,"z":-595.0},{"x":-415.7115783691406,"y":0.0,"z":-590.0},{"x":-415.0,"y":0.0,"z":-585.0},{"x":-414.2884216308594,"y":0.0,"z":-580.0},{"x":-413.5913391113281,"y":0.0,"z":-575.0},{"x":-412.92291259765627,"y":0.0,"z":-570.0},{"x":-412.2967834472656,"y":0.0,"z":-565.0},{"x":-411.7257080078125,"y":0.0,"z":-560.0},{"x":-411.22125244140627,"y":0.0,"z":-555.0},{"x":-410.7937316894531,"y":0.0,"z":-550.0},{"x":-410.45184326171877,"y":0.0,"z":-545.0},{"x":-410.2025451660156,"y":0.0,"z":-540.0},{"x":-410.0509033203125,"y":0.0,"z":-535.0},{"x":-410.0,"y":0.0,"z":-530.0},{"x":-410.0509033203125,"y":0.0,"z":-525.0},{"x":-410.2025451660156,"y":0.0,"z":-520.0},{"x":-410.45184326171877,"y":0.0,"z":-515.0},{"x":-410.7937316894531,"y":0.0,"z":-510.0},{"x":-411.22125244140627,"y":0.0,"z":-505.0},{"x":-411.7257080078125,"y":0.0,"z":-500.0},{"x":-412.2967834472656,"y":0.0,"z":-495.0},{"x":-412.92291259765627,"y":0.0,"z":-490.0},{"x":-413.5913391113281,"y":0.0,"z":-485.0},{"x":-414.2884216308594,"y":0.0,"z":-480.0},{"x":-415.0,"y":0.0,"z":-475.0},{"x":-415.7115783691406,"y":0.0,"z":-470.0},{"x":-416.4086608886719,"y":0.0,"z":-465.0},{"x":-417.07708740234377,"y":0.0,"z":-460.0},{"x":-417.7032165527344,"y":0.0,"z":-455.0},{"x":-418.2742919921875,"y":0.0,"z":-450.0},{"x":-418.77874755859377,"y":0.0,"z":-445.0},{"x":-419.2062683105469,"y":0.0,"z":-440.0},{"x":-419.54815673828127,"y":0.0,"z":-435.0},{"x":-419.7974548339844,"y":0.0,"z":-430.0},{"x":-419.9490966796875,"y":0.0,"z":-425.0},{"x":-420.0,"y":0.0,"z":-420.0},{"x":-420.0,"y":0.0,"z":-415.0},{"x":-420.0,"y":0.0,"z":-410.0},{"x":-420.0,"y":0.0,"z":-405.0},{"x":-420.0,"y":0.0,"z":-400.0},{"x":-420.0,"y":0.0,"z":-395.0},{"x":-420.0,"y":0.0,"z":-390.0},{"x":-420.0,"y":0.0,"z":-385.0},{"x":-419.9038391113281,"y":0.0,"z":-380.09613037109377},{"x":-419.6153564453125,"y":0.0,"z":-375.3846130371094},{"x":-419.1346130371094,"y":0.0,"z":-370.8653564453125},{"x":-418.4615478515625,"y":0.0,"z":-366.5384521484375},{"x":-417.5961608886719,"y":0.0,"z":-362.4038391113281},{"x":-416.5384826660156,"y":0.0,"z":-358.4615173339844},{"x":-415.2884521484375,"y":0.0,"z":-354.7115478515625},{"x":-413.8461608886719,"y":0.0,"z":-351.1538391113281},{"x":-412.2115478515625,"y":0.0,"z":-347.7884826660156},{"x":-410.3846130371094,"y":0.0,"z":-344.6153869628906},{"x":-408.3653869628906,"y":0.0,"z":-341.6346130371094},{"x":-406.1538391113281,"y":0.0,"z":-338.8461608886719},{"x":-403.75,"y":0.0,"z":-336.25},{"x":-401.1538391113281,"y":0.0,"z":-333.8461608886719},{"x":-398.3653564453125,"y":0.0,"z":-331.6346130371094},{"x":-395.38458251953127,"y":0.0,"z":-329.6153869628906},{"x":-392.2115478515625,"y":0.0,"z":-327.7884521484375},{"x":-388.8461608886719,"y":0.0,"z":-326.15386962890627},{"x":-385.2884521484375,"y":0.0,"z":-324.7115478515625},{"x":-381.5384521484375,"y":0.0,"z":-323.4615478515625},{"x":-377.5961608886719,"y":0.0,"z":-322.4038391113281},{"x":-373.4615478515625,"y":0.0,"z":-321.5384521484375},{"x":-369.1346130371094,"y":0.0,"z":-320.8653869628906},{"x":-364.6153564453125,"y":0.0,"z":-320.3846130371094},{"x":-359.9038391113281,"y":0.0,"z":-320.0961608886719},{"x":-355.0,"y":0.0,"z":-320.0},{"x":-350.0,"y":0.0,"z":-320.0},{"x":-345.0,"y":0.0,"z":-320.0},{"x":-340.0,"y":0.0,"z":-320.0},{"x":-335.0,"y":0.0,"z":-320.0},{"x":-330.0,"y":0.0,"z":-320.0},{"x":-325.0,"y":0.0,"z":-320.0},{"x":-320.0,"y":0.0,"z":-320.0},{"x":-315.0,"y":0.0,"z":-319.464111328125},{"x":-310.0,"y":0.0,"z":-318.0},{"x":-305.0,"y":0.0,"z":-316.0},{"x":-300.0,"y":0.0,"z":-314.0},{"x":-295.0,"y":0.0,"z":-312.535888671875},{"x":-290.0,"y":0.0,"z":-312.0},{"x":-285.0,"y":0.0,"z":-312.535888671875},{"x":-280.0,"y":0.0,"z":-314.0},{"x":-275.0,"y":0.0,"z":-316.0},{"x":-270.0,"y":0.0,"z":-318.0},{"x":-265.0,"y":0.0,"z":-319.464111328125},{"x":-260.0,"y":0.0,"z":-320.0},{"x":-255.0,"y":0.0,"z":-320.0},{"x":-250.0,"y":0.0,"z":-320.0},{"x":-245.0,"y":0.0,"z":-320.0},{"x":-240.0,"y":0.0,"z":-320.0},{"x":-235.0,"y":0.0,"z":-320.0},{"x":-230.0,"y":0.0,"z":-320.0},{"x":-225.0,"y":0.0,"z":-320.0},{"x":-220.0961456298828,"y":0.0008903135312721133,"z":-319.9038391113281},{"x":-215.38461303710938,"y":0.0035612541250884535,"z":-319.6153869628906},{"x":-210.86537170410157,"y":0.008012820966541767,"z":-319.1346130371094},{"x":-206.5384521484375,"y":0.014245016500353814,"z":-318.4615173339844},{"x":-202.4038543701172,"y":0.022257836535573007,"z":-317.5961608886719},{"x":-198.46153259277345,"y":0.03205128386616707,"z":-316.5384826660156},{"x":-194.7115478515625,"y":0.0436253622174263,"z":-315.2884826660156},{"x":-191.1538543701172,"y":0.05698006600141525,"z":-313.84613037109377},{"x":-187.78846740722657,"y":0.07211539149284363,"z":-312.2115478515625},{"x":-184.61538696289063,"y":0.08903134614229202,"z":-310.3846130371094},{"x":-181.63461303710938,"y":0.10772792994976044,"z":-308.3653869628906},{"x":-178.8461456298828,"y":0.12820513546466828,"z":-306.1538391113281},{"x":-176.25,"y":0.15046297013759614,"z":-303.75},{"x":-173.8461456298828,"y":0.1745014488697052,"z":-301.15386962890627},{"x":-171.63461303710938,"y":0.2003205269575119,"z":-298.3653869628906},{"x":-169.61538696289063,"y":0.227920264005661,"z":-295.3846130371094},{"x":-167.78846740722657,"y":0.25730058550834658,"z":-292.2115478515625},{"x":-166.15383911132813,"y":0.2884615659713745,"z":-288.8461608886719},{"x":-164.7115478515625,"y":0.3214031457901001,"z":-285.2884521484375},{"x":-163.4615478515625,"y":0.3561253845691681,"z":-281.5384521484375},{"x":-162.40383911132813,"y":0.39262819290161135,"z":-277.59613037109377},{"x":-161.5384521484375,"y":0.43091171979904177,"z":-273.4615478515625},{"x":-160.86538696289063,"y":0.47097575664520266,"z":-269.1346130371094},{"x":-160.38461303710938,"y":0.5128205418586731,"z":-264.6153869628906},{"x":-160.09616088867188,"y":0.556445837020874,"z":-259.9038391113281},{"x":-160.0,"y":0.6018518805503845,"z":-255.0},{"x":-160.0,"y":0.6481481194496155,"z":-250.0},{"x":-160.0,"y":0.694444477558136,"z":-245.0},{"x":-160.0,"y":0.7407407760620117,"z":-240.0},{"x":-160.0,"y":0.7870370149612427,"z":-235.0},{"x":-160.0,"y":0.8333333730697632,"z":-230.0},{"x":-160.0,"y":0.8796296119689941,"z":-225.0},{"x":-160.0,"y":0.9259259104728699,"z":-220.0},{"x":-159.97866821289063,"y":0.9722222089767456,"z":-215.0},{"x":-159.9148712158203,"y":1.0185184478759766,"z":-210.0},{"x":-159.8091278076172,"y":1.064814805984497,"z":-205.0},{"x":-159.66236877441407,"y":1.1111111640930176,"z":-200.0},{"x":-159.47581481933595,"y":1.1574074029922486,"z":-195.0},{"x":-159.25108337402345,"y":1.203703761100769,"z":-190.0},{"x":-158.99008178710938,"y":1.25,"z":-185.0},{"x":-158.69503784179688,"y":1.296296238899231,"z":-180.0},{"x":-158.3684844970703,"y":1.342592477798462,"z":-175.0},{"x":-158.01316833496095,"y":1.388888955116272,"z":-170.0},{"x":-157.6321563720703,"y":1.435185194015503,"z":-165.0},{"x":-157.22869873046876,"y":1.4814815521240235,"z":-160.0},{"x":-156.80621337890626,"y":1.5277777910232545,"z":-155.0},{"x":-156.36831665039063,"y":1.5740740299224854,"z":-150.0},{"x":-155.9187469482422,"y":1.6203702688217164,"z":-145.00001525878907},{"x":-155.46133422851563,"y":1.6666667461395264,"z":-140.0},{"x":-155.0,"y":1.7129629850387574,"z":-135.0},{"x":-154.5386505126953,"y":1.7592592239379883,"z":-130.0},{"x":-154.0812530517578,"y":1.8055555820465088,"z":-125.0},{"x":-153.63168334960938,"y":1.8518518209457398,"z":-120.00000762939453},{"x":-153.19378662109376,"y":1.8981481790542603,"z":-114.99999237060547},{"x":-152.77130126953126,"y":1.9444444179534913,"z":-110.0},{"x":-152.3678436279297,"y":1.9907407760620118,"z":-105.0},{"x":-151.98683166503907,"y":2.037036895751953,"z":-100.0},{"x":-151.6315155029297,"y":2.0833332538604738,"z":-95.00000762939453},{"x":-151.30496215820313,"y":2.129629611968994,"z":-89.99999237060547},{"x":-151.00991821289063,"y":2.1759259700775148,"z":-84.99999237060547},{"x":-150.74891662597657,"y":2.222222328186035,"z":-80.0},{"x":-150.52418518066407,"y":2.2685184478759767,"z":-75.0},{"x":-150.337646484375,"y":2.314814805984497,"z":-70.00000762939453},{"x":-150.1908721923828,"y":2.3611111640930177,"z":-65.00000762939453},{"x":-150.0851287841797,"y":2.407407522201538,"z":-59.99999237060547},{"x":-150.02133178710938,"y":2.4537036418914797,"z":-54.999996185302737},{"x":-150.0,"y":2.5,"z":-50.0},{"x":-150.02133178710938,"y":2.5462963581085207,"z":-44.9999885559082},{"x":-150.0851287841797,"y":2.592592477798462,"z":-40.00000762939453},{"x":-150.1908721923828,"y":2.6388888359069826,"z":-34.99999237060547},{"x":-150.337646484375,"y":2.685184955596924,"z":-30.000011444091798},{"x":-150.52418518066407,"y":2.7314815521240236,"z":-24.999998092651368},{"x":-150.74891662597657,"y":2.777777910232544,"z":-19.999984741210939},{"x":-151.00991821289063,"y":2.8240740299224855,"z":-15.000004768371582},{"x":-151.30496215820313,"y":2.870370388031006,"z":-9.999991416931153},{"x":-151.6315155029297,"y":2.9166665077209474,"z":-5.0000104904174809},{"x":-151.98683166503907,"y":2.962963104248047,"z":0.000002384185791015625},{"x":-152.3678436279297,"y":3.0092594623565676,"z":5.0000152587890629},{"x":-152.77130126953126,"y":3.055555582046509,"z":9.999996185302735},{"x":-153.19378662109376,"y":3.1018519401550295,"z":15.000009536743164},{"x":-153.63168334960938,"y":3.1481480598449709,"z":19.999990463256837},{"x":-154.0812530517578,"y":3.194444417953491,"z":25.000003814697267},{"x":-154.53866577148438,"y":3.2407405376434328,"z":29.999984741210939},{"x":-155.0,"y":3.287036895751953,"z":34.999996185302737},{"x":-155.4613494873047,"y":3.3333334922790529,"z":40.0000114440918},{"x":-155.9187469482422,"y":3.379629611968994,"z":44.99999237060547},{"x":-156.36831665039063,"y":3.4259259700775148,"z":50.000003814697269},{"x":-156.80621337890626,"y":3.472222089767456,"z":54.99998474121094},{"x":-157.22869873046876,"y":3.5185184478759767,"z":60.0},{"x":-157.6321563720703,"y":3.564815044403076,"z":65.00001525878906},{"x":-158.01316833496095,"y":3.6111111640930177,"z":69.99999237060547},{"x":-158.3684844970703,"y":3.657407522201538,"z":75.00000762939453},{"x":-158.69503784179688,"y":3.7037036418914797,"z":79.99998474121094},{"x":-158.99008178710938,"y":3.75,"z":85.0},{"x":-159.25108337402345,"y":3.7962963581085207,"z":90.00001525878906},{"x":-159.47581481933595,"y":3.842592477798462,"z":94.99999237060547},{"x":-159.662353515625,"y":3.8888888359069826,"z":100.00000762939453},{"x":-159.8091278076172,"y":3.935184955596924,"z":104.99998474121094},{"x":-159.9148712158203,"y":3.9814815521240236,"z":110.0},{"x":-159.97866821289063,"y":4.027777671813965,"z":115.00001525878906},{"x":-160.0,"y":4.074073791503906,"z":119.99999237060547},{"x":-160.0,"y":4.120370388031006,"z":125.00000762939453},{"x":-160.0,"y":4.166666507720947,"z":129.99998474121095},{"x":-160.0,"y":4.212963104248047,"z":135.0},{"x":-160.0,"y":4.259259223937988,"z":140.00001525878907},{"x":-160.0,"y":4.30555534362793,"z":145.0},{"x":-160.0,"y":4.351851940155029,"z":150.00001525878907},{"x":-160.0,"y":4.398148059844971,"z":154.99998474121095},{"x":-159.90383911132813,"y":4.443553924560547,"z":159.90382385253907},{"x":-159.61538696289063,"y":4.487179279327393,"z":164.6153564453125},{"x":-159.13461303710938,"y":4.529024124145508,"z":169.13461303710938},{"x":-158.46153259277345,"y":4.569087982177734,"z":173.46153259277345},{"x":-157.59616088867188,"y":4.607371807098389,"z":177.5961456298828},{"x":-156.53846740722657,"y":4.643874645233154,"z":181.5384521484375},{"x":-155.28846740722657,"y":4.6785969734191898,"z":185.2884521484375},{"x":-153.8461456298828,"y":4.711538791656494,"z":188.8461456298828},{"x":-152.21153259277345,"y":4.74269962310791,"z":192.21153259277345},{"x":-150.38461303710938,"y":4.772079944610596,"z":195.38461303710938},{"x":-148.36538696289063,"y":4.799679279327393,"z":198.36538696289063},{"x":-146.15383911132813,"y":4.825498580932617,"z":201.1538543701172},{"x":-143.75,"y":4.849536895751953,"z":203.75},{"x":-141.1538543701172,"y":4.871794700622559,"z":206.15383911132813},{"x":-138.36538696289063,"y":4.892271995544434,"z":208.36538696289063},{"x":-135.38461303710938,"y":4.910968780517578,"z":210.38461303710938},{"x":-132.2115478515625,"y":4.927885055541992,"z":212.2115478515625},{"x":-128.84616088867188,"y":4.943019866943359,"z":213.84616088867188},{"x":-125.28846740722656,"y":4.9563751220703129,"z":215.2884521484375},{"x":-121.53845977783203,"y":4.967948913574219,"z":216.53846740722657},{"x":-117.59615325927735,"y":4.9777421951293949,"z":217.59616088867188},{"x":-113.46154022216797,"y":4.98575496673584,"z":218.4615478515625},{"x":-109.1346206665039,"y":4.991987228393555,"z":219.13461303710938},{"x":-104.61538696289063,"y":4.996438503265381,"z":219.61537170410157},{"x":-99.90384674072266,"y":4.999109745025635,"z":219.90383911132813},{"x":-95.0,"y":5.0,"z":220.0},{"x":-90.0,"y":5.0,"z":220.0},{"x":-85.0,"y":5.0,"z":220.0},{"x":-80.0,"y":5.0,"z":220.0},{"x":-75.0,"y":5.0,"z":220.0},{"x":-70.0,"y":5.0,"z":220.0},{"x":-65.0,"y":5.0,"z":220.0},{"x":-59.999996185302737,"y":5.0,"z":220.0},{"x":-55.000003814697269,"y":5.0,"z":220.0768585205078},{"x":-50.0,"y":5.0,"z":220.3044891357422},{"x":-45.0,"y":5.0,"z":220.6741180419922},{"x":-39.999996185302737,"y":5.0,"z":221.17156982421876},{"x":-35.000003814697269,"y":5.0,"z":221.77772521972657},{"x":-30.000001907348634,"y":5.0,"z":222.46926879882813},{"x":-25.0,"y":5.0,"z":223.21963500976563},{"x":-19.999998092651368,"y":5.0,"z":224.0},{"x":-14.999995231628418,"y":5.0,"z":224.78036499023438},{"x":-10.000003814697266,"y":5.0,"z":225.53073120117188},{"x":-5.000000953674316,"y":5.0,"z":226.22227478027345},{"x":0.0000011920928955078126,"y":5.0,"z":226.82843017578126},{"x":5.000003814697266,"y":5.0,"z":227.3258819580078},{"x":9.999995231628418,"y":5.0,"z":227.69552612304688},{"x":14.999998092651368,"y":5.0,"z":227.9231414794922},{"x":20.0,"y":5.0,"z":228.0},{"x":25.000001907348634,"y":5.0,"z":227.9231414794922},{"x":30.000003814697267,"y":5.0,"z":227.6955108642578},{"x":35.00000762939453,"y":5.0,"z":227.3258819580078},{"x":40.00000762939453,"y":5.0,"z":226.82843017578126},{"x":44.99999237060547,"y":5.0,"z":226.22227478027345},{"x":49.99999237060547,"y":5.0,"z":225.53073120117188},{"x":54.999996185302737,"y":5.0,"z":224.78036499023438},{"x":59.999996185302737,"y":5.0,"z":224.0},{"x":65.0,"y":5.0,"z":223.21963500976563},{"x":70.0,"y":5.0,"z":222.46926879882813},{"x":75.00000762939453,"y":5.0,"z":221.77772521972657},{"x":80.00000762939453,"y":5.0,"z":221.17156982421876},{"x":85.00000762939453,"y":5.0,"z":220.6741180419922},{"x":89.99999237060547,"y":5.0,"z":220.3044891357422},{"x":94.99999237060547,"y":5.0,"z":220.0768585205078},{"x":99.99999237060547,"y":5.0,"z":220.0},{"x":105.0,"y":5.0,"z":220.0},{"x":110.0,"y":5.0,"z":220.0},{"x":115.0,"y":5.0,"z":220.0},{"x":120.00000762939453,"y":5.0,"z":220.0},{"x":125.00000762939453,"y":5.0,"z":220.0},{"x":130.00001525878907,"y":5.0,"z":220.0},{"x":134.99998474121095,"y":5.0,"z":220.0},{"x":139.90382385253907,"y":4.999038219451904,"z":220.0961456298828},{"x":144.61537170410157,"y":4.996153831481934,"z":220.3845977783203},{"x":149.1345977783203,"y":4.99134635925293,"z":220.86537170410157},{"x":153.46153259277345,"y":4.984615325927734,"z":221.5384521484375},{"x":157.5961456298828,"y":4.975961685180664,"z":222.40383911132813},{"x":161.53846740722657,"y":4.965384483337402,"z":223.4615478515625},{"x":165.2884521484375,"y":4.952884674072266,"z":224.7115478515625},{"x":168.84616088867188,"y":4.9384613037109379,"z":226.1538543701172},{"x":172.21153259277345,"y":4.922115325927734,"z":227.78846740722657},{"x":175.38461303710938,"y":4.903846263885498,"z":229.61538696289063},{"x":178.36537170410157,"y":4.88365364074707,"z":231.63462829589845},{"x":181.15383911132813,"y":4.861538410186768,"z":233.8461456298828},{"x":183.75,"y":4.837500095367432,"z":236.25},{"x":186.15383911132813,"y":4.8115386962890629,"z":238.84616088867188},{"x":188.36538696289063,"y":4.783653736114502,"z":241.63461303710938},{"x":190.38461303710938,"y":4.753846168518066,"z":244.61538696289063},{"x":192.2115478515625,"y":4.722115516662598,"z":247.7884521484375},{"x":193.84616088867188,"y":4.6884613037109379,"z":251.15383911132813},{"x":195.2884521484375,"y":4.652884483337402,"z":254.71153259277345},{"x":196.53846740722657,"y":4.615384578704834,"z":258.4615478515625},{"x":197.5961456298828,"y":4.575961112976074,"z":262.4038391113281},{"x":198.4615478515625,"y":4.534615516662598,"z":266.5384826660156},{"x":199.13461303710938,"y":4.49134635925293,"z":270.8653869628906},{"x":199.61538696289063,"y":4.44615364074707,"z":275.3846130371094},{"x":199.90383911132813,"y":4.399038314819336,"z":280.0961608886719},{"x":200.0,"y":4.349999904632568,"z":285.0},{"x":200.0,"y":4.300000190734863,"z":290.0},{"x":200.0,"y":4.25,"z":295.0},{"x":200.0,"y":4.199999809265137,"z":300.0},{"x":200.0,"y":4.150000095367432,"z":305.0},{"x":200.0,"y":4.099999904632568,"z":310.0},{"x":200.0,"y":4.050000190734863,"z":315.0},{"x":200.0,"y":4.0,"z":320.0},{"x":200.0273895263672,"y":3.950000047683716,"z":325.0},{"x":200.10926818847657,"y":3.9000000953674318,"z":330.0},{"x":200.24472045898438,"y":3.8499999046325685,"z":335.0},{"x":200.43226623535157,"y":3.799999952316284,"z":340.0},{"x":200.6698760986328,"y":3.75,"z":345.0},{"x":200.9549102783203,"y":3.700000047683716,"z":350.0},{"x":201.28427124023438,"y":3.6499998569488527,"z":355.0},{"x":201.6543426513672,"y":3.5999999046325685,"z":360.0},{"x":202.0610809326172,"y":3.549999952316284,"z":365.0},{"x":202.5,"y":3.5,"z":370.0},{"x":202.96632385253907,"y":3.450000047683716,"z":375.0},{"x":203.4549102783203,"y":3.4000000953674318,"z":380.0},{"x":203.96043395996095,"y":3.3499999046325685,"z":385.0},{"x":204.47735595703126,"y":3.299999952316284,"z":390.0},{"x":205.0,"y":3.25,"z":395.0},{"x":205.52264404296876,"y":3.1999998092651369,"z":400.0},{"x":206.03956604003907,"y":3.1500000953674318,"z":405.0},{"x":206.5450897216797,"y":3.0999999046325685,"z":410.0},{"x":207.03369140625,"y":3.0500001907348635,"z":415.0},{"x":207.5,"y":3.0,"z":420.0},{"x":207.9389190673828,"y":2.950000047683716,"z":425.0},{"x":208.3456573486328,"y":2.9000000953674318,"z":430.0},{"x":208.71572875976563,"y":2.8499999046325685,"z":435.0},{"x":209.0450897216797,"y":2.799999952316284,"z":440.0},{"x":209.3301239013672,"y":2.75,"z":445.0},{"x":209.56773376464845,"y":2.700000047683716,"z":450.0},{"x":209.75527954101563,"y":2.6500000953674318,"z":455.0},{"x":209.89073181152345,"y":2.6000001430511476,"z":460.0},{"x":209.9726104736328,"y":2.549999952316284,"z":465.0},{"x":210.0,"y":2.5,"z":470.0},{"x":209.9726104736328,"y":2.450000047683716,"z":475.0},{"x":209.89073181152345,"y":2.4000000953674318,"z":480.0},{"x":209.75527954101563,"y":2.3500001430511476,"z":485.0},{"x":209.56773376464845,"y":2.299999952316284,"z":490.0},{"x":209.3301239013672,"y":2.25,"z":495.0},{"x":209.0450897216797,"y":2.200000047683716,"z":500.0},{"x":208.71572875976563,"y":2.1500000953674318,"z":505.0},{"x":208.3456573486328,"y":2.1000001430511476,"z":510.0},{"x":207.93893432617188,"y":2.0500001907348635,"z":515.0},{"x":207.5,"y":1.9999998807907105,"z":520.0},{"x":207.03367614746095,"y":1.9499999284744263,"z":525.0},{"x":206.5450897216797,"y":1.899999976158142,"z":530.0},{"x":206.03956604003907,"y":1.850000023841858,"z":535.0},{"x":205.52264404296876,"y":1.8000000715255738,"z":540.0},{"x":205.0,"y":1.7500001192092896,"z":545.0},{"x":204.47735595703126,"y":1.6999998092651368,"z":550.0},{"x":203.96043395996095,"y":1.6499998569488526,"z":555.0},{"x":203.4549102783203,"y":1.5999999046325684,"z":560.0},{"x":202.96632385253907,"y":1.5499999523162842,"z":565.0},{"x":202.5,"y":1.5,"z":570.0},{"x":202.06106567382813,"y":1.4500000476837159,"z":575.0},{"x":201.6543426513672,"y":1.3999998569488526,"z":580.0},{"x":201.28427124023438,"y":1.3499999046325684,"z":585.0},{"x":200.9549102783203,"y":1.2999999523162842,"z":590.0},{"x":200.6698760986328,"y":1.25,"z":595.0},{"x":200.43226623535157,"y":1.2000000476837159,"z":600.0},{"x":200.24472045898438,"y":1.1500000953674317,"z":605.0},{"x":200.10926818847657,"y":1.1000001430511475,"z":610.0},{"x":200.0273895263672,"y":1.0499999523162842,"z":615.0},{"x":200.0,"y":0.9999999403953552,"z":620.0},{"x":200.0,"y":0.949999988079071,"z":625.0},{"x":200.0,"y":0.9000000357627869,"z":630.0},{"x":200.0,"y":0.8500000834465027,"z":635.0},{"x":200.0,"y":0.8000001311302185,"z":640.0},{"x":200.0,"y":0.7499998807907105,"z":645.0},{"x":200.0,"y":0.6999999284744263,"z":650.0},{"x":200.0,"y":0.6499999761581421,"z":655.0},{"x":200.0961456298828,"y":0.6009615063667297,"z":659.90380859375},{"x":200.38461303710938,"y":0.5538461208343506,"z":664.6154174804688},{"x":200.86538696289063,"y":0.5086538195610046,"z":669.1346435546875},{"x":201.5384521484375,"y":0.4653845727443695,"z":673.4615478515625},{"x":202.40383911132813,"y":0.42403843998908999,"z":677.5961303710938},{"x":203.4615478515625,"y":0.38461539149284365,"z":681.5385131835938},{"x":204.7115478515625,"y":0.3471153676509857,"z":685.2884521484375},{"x":206.1538543701172,"y":0.311538428068161,"z":688.84619140625},{"x":207.78846740722657,"y":0.2778846025466919,"z":692.2115478515625},{"x":209.6154022216797,"y":0.2461538463830948,"z":695.3846435546875},{"x":211.63461303710938,"y":0.2163461446762085,"z":698.3653564453125},{"x":213.84616088867188,"y":0.1884615421295166,"z":701.15380859375},{"x":216.25,"y":0.16249999403953553,"z":703.75},{"x":218.84616088867188,"y":0.13846151530742646,"z":706.15380859375},{"x":221.63461303710938,"y":0.11634615063667298,"z":708.3653564453125},{"x":224.61538696289063,"y":0.09615383297204972,"z":710.3846435546875},{"x":227.78846740722657,"y":0.07788462191820145,"z":712.2115478515625},{"x":231.15383911132813,"y":0.0615384504199028,"z":713.84619140625},{"x":234.71153259277345,"y":0.04711538925766945,"z":715.2884521484375},{"x":238.4615478515625,"y":0.03461537882685661,"z":716.5384521484375},{"x":242.40383911132813,"y":0.024038465693593026,"z":717.5961303710938},{"x":246.53846740722657,"y":0.0153846126049757,"z":718.4615478515625},{"x":250.86537170410157,"y":0.008653849363327027,"z":719.1345825195313},{"x":255.38461303710938,"y":0.003846153151243925,"z":719.6153564453125},{"x":260.09613037109377,"y":0.000961539801210165,"z":719.90380859375},{"x":265.0,"y":0.0,"z":720.0},{"x":270.0,"y":0.0,"z":720.0},{"x":275.0,"y":0.0,"z":720.0},{"x":280.0,"y":0.0,"z":720.0},{"x":285.0,"y":0.0,"z":720.0},{"x":290.0,"y":0.0,"z":720.0},{"x":295.0,"y":0.0,"z":720.0},{"x":300.0,"y":0.0,"z":720.0},{"x":305.0,"y":0.0,"z":720.535888671875},{"x":310.0,"y":0.0,"z":722.0},{"x":315.0,"y":0.0,"z":724.0},{"x":320.0,"y":0.0,"z":726.0},{"x":325.0,"y":0.0,"z":727.464111328125},{"x":330.0,"y":0.0,"z":728.0},{"x":335.0,"y":0.0,"z":727.464111328125},{"x":340.0,"y":0.0,"z":726.0},{"x":345.0,"y":0.0,"z":724.0},{"x":350.0,"y":0.0,"z":722.0},{"x":355.0,"y":0.0,"z":720.535888671875},{"x":360.0,"y":0.0,"z":720.0},{"x":365.0,"y":0.0,"z":720.0},{"x":370.0,"y":0.0,"z":720.0},{"x":375.0,"y":0.0,"z":720.0},{"x":380.0,"y":0.0,"z":720.0},{"x":385.0,"y":0.0,"z":720.0},{"x":390.0,"y":0.0,"z":720.0},{"x":395.0,"y":0.0,"z":720.0},{"x":400.0,"y":0.0,"z":720.0},{"x":405.0,"y":0.0,"z":720.0},{"x":410.0,"y":0.0,"z":720.0},{"x":415.0,"y":0.0,"z":720.0},{"x":420.0,"y":0.0,"z":720.0},{"x":425.0,"y":0.0,"z":720.0},{"x":430.0,"y":0.0,"z":720.0},{"x":435.0,"y":0.0,"z":720.0},{"x":440.0,"y":0.0,"z":720.0},{"x":445.0,"y":0.0,"z":720.0},{"x":450.0,"y":0.0,"z":720.0},{"x":455.0,"y":0.0,"z":720.0},{"x":460.0,"y":0.0,"z":720.0}],"length":2340.0,"forks":[{"start":80.0,"end":310.0,"offset":-30.0},{"start":1680.0,"end":1960.0,"offset":-32.0}],"hud":{"instanceID":0}}}
GlobalObjectId_V1-2-75255463483393841ad623c260500c31-6186499610233337172-1342259368|True|(1.11758706E-10, 0.00213466655, 9.31322554E-12)|(-0.0128043983, 0.112429693, -0.112429693, 0.9871956)|(1, 0.99999994, 0.99999994)
GlobalObjectId_V1-2-75255463483393841ad623c260500c31-6186499610233337172-1807193877|True|(1.11758706E-10, 0.00213466655, 9.31322554E-12)|(-0.0128043983, 0.112429693, -0.112429693, 0.9871956)|(1, 0.99999994, 0.99999994)
GlobalObjectId_V1-2-75255463483393841ad623c260500c31-6186499610233337172-249137488|True|(1.11758706E-10, 0.00213466655, 9.31322554E-12)|(-0.0128043983, 0.112429693, -0.112429693, 0.9871956)|(1, 0.99999994, 0.99999994)
GlobalObjectId_V1-2-75255463483393841ad623c260500c31-6186499610233337172-325631740|True|(1.11758706E-10, 0.00213466655, 9.31322554E-12)|(-0.0128043983, 0.112429693, -0.112429693, 0.9871956)|(1, 0.99999994, 0.99999994)
GlobalObjectId_V1-2-75255463483393841ad623c260500c31-6186499610233337172-673208042|True|(1.11758706E-10, 0.00213466655, 9.31322554E-12)|(-0.0128043983, 0.112429693, -0.112429693, 0.9871956)|(1, 0.99999994, 0.99999994)
GlobalObjectId_V1-2-75255463483393841ad623c260500c31-6186499610233337172-726046513|True|(1.11758706E-10, 0.00213466655, 9.31322554E-12)|(-0.0128043983, 0.112429693, -0.112429693, 0.9871956)|(1, 0.99999994, 0.99999994)
GlobalObjectId_V1-2-75255463483393841ad623c260500c31-619861649-0|True|(0, 0, 0)|(0.7071068, 0, 0, 0.7071068)|(1, 1, 1)
GlobalObjectId_V1-2-75255463483393841ad623c260500c31-62120327-0|True|(0, 0, 0)|(0.7071068, 0, 0, 0.7071068)|(1, 1, 1)
GlobalObjectId_V1-2-75255463483393841ad623c260500c31-621912468-0|True|(0, 0, 0)|(0.7071068, 0, 0, 0.7071068)|(1, 1, 1)
GlobalObjectId_V1-2-75255463483393841ad623c260500c31-622091066-0|True|(0, 0, 0)|(0, 0, 0, 1)|(1, 1, 1)
GlobalObjectId_V1-2-75255463483393841ad623c260500c31-622258384-0|True|(0, 0, 0)|(0, 0, 0, 1)|(1, 1, 1)
GlobalObjectId_V1-2-75255463483393841ad623c260500c31-622437135-0|True|(0, 0, 0)|(0.7071068, 0, 0, 0.7071068)|(1, 1, 1)
GlobalObjectId_V1-2-75255463483393841ad623c260500c31-622583694-0|True|(0, 0, 0)|(0.7071068, 0, 0, 0.7071068)|(1, 1, 1)
GlobalObjectId_V1-2-75255463483393841ad623c260500c31-623685688-0|True|(0, 0, 0)|(0, 0, 0, 1)|(1, 1, 1)
GlobalObjectId_V1-2-75255463483393841ad623c260500c31-6268344474918491116-1156845426|True|(1.60932531E-10, 0.00143999979, -1.86517449E-17)|(-0.608287156, -4.422812E-08, -2.802861E-08, 0.793717)|(1, 1, 1)
GlobalObjectId_V1-2-75255463483393841ad623c260500c31-6268344474918491116-1282342156|True|(1.60932531E-10, 0.00143999979, -1.86517449E-17)|(-0.608287156, -4.422812E-08, -2.802861E-08, 0.793717)|(1, 1, 1)
GlobalObjectId_V1-2-75255463483393841ad623c260500c31-6268344474918491116-1328059363|True|(1.60932531E-10, 0.00143999979, -1.86517449E-17)|(-0.608287156, -4.422812E-08, -2.802861E-08, 0.793717)|(1, 1, 1)
GlobalObjectId_V1-2-75255463483393841ad623c260500c31-6268344474918491116-1364577291|True|(1.60932531E-10, 0.00143999979, -1.86517449E-17)|(-0.608287156, -4.422812E-08, -2.802861E-08, 0.793717)|(1, 1, 1)
GlobalObjectId_V1-2-75255463483393841ad623c260500c31-6268344474918491116-1398831272|True|(1.60932531E-10, 0.00143999979, -1.86517449E-17)|(-0.608287156, -4.422812E-08, -2.802861E-08, 0.793717)|(1, 1, 1)
GlobalObjectId_V1-2-75255463483393841ad623c260500c31-6268344474918491116-1538826313|True|(1.60932531E-10, 0.00143999979, -1.86517449E-17)|(-0.608287156, -4.422812E-08, -2.802861E-08, 0.793717)|(1, 1, 1)
GlobalObjectId_V1-2-75255463483393841ad623c260500c31-6268344474918491116-2022718491|True|(1.60932531E-10, 0.00143999979, -1.86517449E-17)|(-0.608287156, -4.422812E-08, -2.802861E-08, 0.793717)|(1, 1, 1)
GlobalObjectId_V1-2-75255463483393841ad623c260500c31-6268344474918491116-2038314915|True|(1.60932531E-10, 0.00143999979, -1.86517449E-17)|(-0.608287156, -4.422812E-08, -2.802861E-08, 0.793717)|(1, 1, 1)
GlobalObjectId_V1-2-75255463483393841ad623c260500c31-6268344474918491116-535235437|True|(1.60932531E-10, 0.00143999979, -1.86517449E-17)|(-0.608287156, -4.422812E-08, -2.802861E-08, 0.793717)|(1, 1, 1)
GlobalObjectId_V1-2-75255463483393841ad623c260500c31-6268344474918491116-662617545|True|(1.60932531E-10, 0.00143999979, -1.86517449E-17)|(-0.608287156, -4.422812E-08, -2.802861E-08, 0.793717)|(1, 1, 1)
GlobalObjectId_V1-2-75255463483393841ad623c260500c31-627550785-0|True|(450, 0, 720)|(0, 0.7071068, 0, 0.7071068)|(1, 1, 1)
GlobalObjectId_V1-2-75255463483393841ad623c260500c31-631047779-0|True|(0, 0, 0)|(0.7071068, 0, 0, 0.7071068)|(1, 1, 1)
GlobalObjectId_V1-2-75255463483393841ad623c260500c31-631061031-0|True|(0, 0, 0)|(0.7071068, 0, 0, 0.7071068)|(1, 1, 1)
GlobalObjectId_V1-2-75255463483393841ad623c260500c31-633798871-0|True|(0, 0, 0)|(0.7071068, 0, 0, 0.7071068)|(1, 1, 1)
GlobalObjectId_V1-2-75255463483393841ad623c260500c31-6340392612924656559-1156845426|True|(0, 0, 0.0530005135)|(0, 0, 0, 1)|(1, 1, 1)
GlobalObjectId_V1-2-75255463483393841ad623c260500c31-6340392612924656559-1282342156|True|(0, 0, 0.0530005135)|(0, 0, 0, 1)|(1, 1, 1)
GlobalObjectId_V1-2-75255463483393841ad623c260500c31-6340392612924656559-1328059363|True|(0, 0, 0.0530005135)|(0, 0, 0, 1)|(1, 1, 1)
GlobalObjectId_V1-2-75255463483393841ad623c260500c31-6340392612924656559-1364577291|True|(0, 0, 0.0530005135)|(0, 0, 0, 1)|(1, 1, 1)
GlobalObjectId_V1-2-75255463483393841ad623c260500c31-6340392612924656559-1398831272|True|(0, 0, 0.0530005135)|(0, 0, 0, 1)|(1, 1, 1)
GlobalObjectId_V1-2-75255463483393841ad623c260500c31-6340392612924656559-1538826313|True|(0, 0, 0.0530005135)|(0, 0, 0, 1)|(1, 1, 1)
GlobalObjectId_V1-2-75255463483393841ad623c260500c31-6340392612924656559-2022718491|True|(0, 0, 0.0530005135)|(0, 0, 0, 1)|(1, 1, 1)
GlobalObjectId_V1-2-75255463483393841ad623c260500c31-6340392612924656559-2038314915|True|(0, 0, 0.0530005135)|(0, 0, 0, 1)|(1, 1, 1)
GlobalObjectId_V1-2-75255463483393841ad623c260500c31-6340392612924656559-535235437|True|(0, 0, 0.0530005135)|(0, 0, 0, 1)|(1, 1, 1)
GlobalObjectId_V1-2-75255463483393841ad623c260500c31-6340392612924656559-662617545|True|(0, 0, 0.0530005135)|(0, 0, 0, 1)|(1, 1, 1)
GlobalObjectId_V1-2-75255463483393841ad623c260500c31-634528537-0|True|(0, 0, 0)|(0.7071068, 0, 0, 0.7071068)|(1, 1, 1)
GlobalObjectId_V1-2-75255463483393841ad623c260500c31-6359595959197099524-1054006661|True|(0, -0.035, 0.001)|(0, 0, 0, 1)|(0.54, 0.918000042, 1)
GlobalObjectId_V1-2-75255463483393841ad623c260500c31-6359595959197099524-1066520553|True|(0, -0.035, 0.001)|(0, 0, 0, 1)|(0.54, 0.918000042, 1)
GlobalObjectId_V1-2-75255463483393841ad623c260500c31-6359595959197099524-1075442592|True|(0, -0.035, 0.001)|(0, 0, 0, 1)|(0.54, 0.918000042, 1)
GlobalObjectId_V1-2-75255463483393841ad623c260500c31-6359595959197099524-1123419265|True|(0, -0.035, 0.001)|(0, 0, 0, 1)|(0.54, 0.918000042, 1)
GlobalObjectId_V1-2-75255463483393841ad623c260500c31-6359595959197099524-1189067973|True|(0, -0.035, 0.001)|(0, 0, 0, 1)|(0.54, 0.918000042, 1)
GlobalObjectId_V1-2-75255463483393841ad623c260500c31-6359595959197099524-1213532434|True|(0, -0.035, 0.001)|(0, 0, 0, 1)|(0.54, 0.918000042, 1)
GlobalObjectId_V1-2-75255463483393841ad623c260500c31-6359595959197099524-1231942770|True|(0, -0.035, 0.001)|(0, 0, 0, 1)|(0.54, 0.918000042, 1)
GlobalObjectId_V1-2-75255463483393841ad623c260500c31-6359595959197099524-1273255913|True|(0, -0.035, 0.001)|(0, 0, 0, 1)|(0.54, 0.918000042, 1)
GlobalObjectId_V1-2-75255463483393841ad623c260500c31-6359595959197099524-1278822786|True|(0, -0.035, 0.001)|(0, 0, 0, 1)|(0.54, 0.918000042, 1)
GlobalObjectId_V1-2-75255463483393841ad623c260500c31-6359595959197099524-1289928147|True|(0, -0.035, 0.001)|(0, 0, 0, 1)|(0.54, 0.918000042, 1)
GlobalObjectId_V1-2-75255463483393841ad623c260500c31-6359595959197099524-1306169864|True|(0, -0.035, 0.001)|(0, 0, 0, 1)|(0.54, 0.918000042, 1)
GlobalObjectId_V1-2-75255463483393841ad623c260500c31-6359595959197099524-134612628|True|(0, -0.035, 0.001)|(0, 0, 0, 1)|(0.54, 0.918000042, 1)
GlobalObjectId_V1-2-75255463483393841ad623c260500c31-6359595959197099524-1362226918|True|(0, -0.035, 0.001)|(0, 0, 0, 1)|(0.54, 0.918000042, 1)
GlobalObjectId_V1-2-75255463483393841ad623c260500c31-6359595959197099524-1446791577|True|(0, -0.035, 0.001)|(0, 0, 0, 1)|(0.54, 0.918000042, 1)
GlobalObjectId_V1-2-75255463483393841ad623c260500c31-6359595959197099524-1453559021|True|(0, -0.035, 0.001)|(0, 0, 0, 1)|(0.54, 0.918000042, 1)
GlobalObjectId_V1-2-75255463483393841ad623c260500c31-6359595959197099524-1474131409|True|(0, -0.035, 0.001)|(0, 0, 0, 1)|(0.54, 0.918000042, 1)
GlobalObjectId_V1-2-75255463483393841ad623c260500c31-6359595959197099524-1523898307|True|(0, -0.035, 0.001)|(0, 0, 0, 1)|(0.54, 0.918000042, 1)
GlobalObjectId_V1-2-75255463483393841ad623c260500c31-6359595959197099524-1589411330|True|(0, -0.035, 0.001)|(0, 0, 0, 1)|(0.54, 0.918000042, 1)
GlobalObjectId_V1-2-75255463483393841ad623c260500c31-6359595959197099524-1669245919|True|(0, -0.035, 0.001)|(0, 0, 0, 1)|(0.54, 0.918000042, 1)
GlobalObjectId_V1-2-75255463483393841ad623c260500c31-6359595959197099524-1737122726|True|(0, -0.035, 0.001)|(0, 0, 0, 1)|(0.54, 0.918000042, 1)
GlobalObjectId_V1-2-75255463483393841ad623c260500c31-6359595959197099524-1741248142|True|(0, -0.035, 0.001)|(0, 0, 0, 1)|(0.54, 0.918000042, 1)
GlobalObjectId_V1-2-75255463483393841ad623c260500c31-6359595959197099524-177614287|True|(0, -0.035, 0.001)|(0, 0, 0, 1)|(0.54, 0.918000042, 1)
GlobalObjectId_V1-2-75255463483393841ad623c260500c31-6359595959197099524-1802634647|True|(0, -0.035, 0.001)|(0, 0, 0, 1)|(0.54, 0.918000042, 1)
GlobalObjectId_V1-2-75255463483393841ad623c260500c31-6359595959197099524-1890397674|True|(0, -0.035, 0.001)|(0, 0, 0, 1)|(0.54, 0.918000042, 1)
GlobalObjectId_V1-2-75255463483393841ad623c260500c31-6359595959197099524-1899348449|True|(0, -0.035, 0.001)|(0, 0, 0, 1)|(0.54, 0.918000042, 1)
GlobalObjectId_V1-2-75255463483393841ad623c260500c31-6359595959197099524-1931660283|True|(0, -0.035, 0.001)|(0, 0, 0, 1)|(0.54, 0.918000042, 1)
GlobalObjectId_V1-2-75255463483393841ad623c260500c31-6359595959197099524-2008804692|True|(0, -0.035, 0.001)|(0, 0, 0, 1)|(0.54, 0.918000042, 1)
GlobalObjectId_V1-2-75255463483393841ad623c260500c31-6359595959197099524-2120236441|True|(0, -0.035, 0.001)|(0, 0, 0, 1)|(0.54, 0.918000042, 1)
GlobalObjectId_V1-2-75255463483393841ad623c260500c31-6359595959197099524-255090835|True|(0, -0.035, 0.001)|(0, 0, 0, 1)|(0.54, 0.918000042, 1)
GlobalObjectId_V1-2-75255463483393841ad623c260500c31-6359595959197099524-261895982|True|(0, -0.035, 0.001)|(0, 0, 0, 1)|(0.54, 0.918000042, 1)
GlobalObjectId_V1-2-75255463483393841ad623c260500c31-6359595959197099524-346250313|True|(0, -0.035, 0.001)|(0, 0, 0, 1)|(0.54, 0.918000042, 1)
GlobalObjectId_V1-2-75255463483393841ad623c260500c31-6359595959197099524-374324541|True|(0, -0.035, 0.001)|(0, 0, 0, 1)|(0.54, 0.918000042, 1)
GlobalObjectId_V1-2-75255463483393841ad623c260500c31-6359595959197099524-39910857|True|(0, -0.035, 0.001)|(0, 0, 0, 1)|(0.54, 0.918000042, 1)
GlobalObjectId_V1-2-75255463483393841ad623c260500c31-6359595959197099524-415706150|True|(0, -0.035, 0.001)|(0, 0, 0, 1)|(0.54, 0.918000042, 1)
GlobalObjectId_V1-2-75255463483393841ad623c260500c31-6359595959197099524-420684188|True|(0, -0.035, 0.001)|(0, 0, 0, 1)|(0.54, 0.918000042, 1)
GlobalObjectId_V1-2-75255463483393841ad623c260500c31-6359595959197099524-448738566|True|(0, -0.035, 0.001)|(0, 0, 0, 1)|(0.54, 0.918000042, 1)
GlobalObjectId_V1-2-75255463483393841ad623c260500c31-6359595959197099524-455620735|True|(0, -0.035, 0.001)|(0, 0, 0, 1)|(0.54, 0.918000042, 1)
GlobalObjectId_V1-2-75255463483393841ad623c260500c31-6359595959197099524-462089741|True|(0, -0.035, 0.001)|(0, 0, 0, 1)|(0.54, 0.918000042, 1)
GlobalObjectId_V1-2-75255463483393841ad623c260500c31-6359595959197099524-471337410|True|(0, -0.035, 0.001)|(0, 0, 0, 1)|(0.54, 0.918000042, 1)
GlobalObjectId_V1-2-75255463483393841ad623c260500c31-6359595959197099524-514498336|True|(0, -0.035, 0.001)|(0, 0, 0, 1)|(0.54, 0.918000042, 1)
GlobalObjectId_V1-2-75255463483393841ad623c260500c31-6359595959197099524-570203299|True|(0, -0.035, 0.001)|(0, 0, 0, 1)|(0.54, 0.918000042, 1)
GlobalObjectId_V1-2-75255463483393841ad623c260500c31-6359595959197099524-577746331|True|(0, -0.035, 0.001)|(0, 0, 0, 1)|(0.54, 0.918000042, 1)
GlobalObjectId_V1-2-75255463483393841ad623c260500c31-6359595959197099524-614239699|True|(0, -0.035, 0.001)|(0, 0, 0, 1)|(0.54, 0.918000042, 1)
GlobalObjectId_V1-2-75255463483393841ad623c260500c31-6359595959197099524-720893779|True|(0, -0.035, 0.001)|(0, 0, 0, 1)|(0.54, 0.918000042, 1)
GlobalObjectId_V1-2-75255463483393841ad623c260500c31-6359595959197099524-759653167|True|(0, -0.035, 0.001)|(0, 0, 0, 1)|(0.54, 0.918000042, 1)
GlobalObjectId_V1-2-75255463483393841ad623c260500c31-6359595959197099524-788279421|True|(0, -0.035, 0.001)|(0, 0, 0, 1)|(0.54, 0.918000042, 1)
GlobalObjectId_V1-2-75255463483393841ad623c260500c31-6359595959197099524-801688379|True|(0, -0.035, 0.001)|(0, 0, 0, 1)|(0.54, 0.918000042, 1)
GlobalObjectId_V1-2-75255463483393841ad623c260500c31-6359595959197099524-827096132|True|(0, -0.035, 0.001)|(0, 0, 0, 1)|(0.54, 0.918000042, 1)
GlobalObjectId_V1-2-75255463483393841ad623c260500c31-6359595959197099524-841608481|True|(0, -0.035, 0.001)|(0, 0, 0, 1)|(0.54, 0.918000042, 1)
GlobalObjectId_V1-2-75255463483393841ad623c260500c31-6359595959197099524-866930353|True|(0, -0.035, 0.001)|(0, 0, 0, 1)|(0.54, 0.918000042, 1)
GlobalObjectId_V1-2-75255463483393841ad623c260500c31-636297762-0|True|(0, 0, 0)|(0.7071068, 0, 0, 0.7071068)|(1, 1, 1)
GlobalObjectId_V1-2-75255463483393841ad623c260500c31-6370651086622459941-124650490|True|(0, 0.00127999962, 0)|(0, 0, 0, 1)|(1, 1, 1)
GlobalObjectId_V1-2-75255463483393841ad623c260500c31-6370651086622459941-1376906811|True|(0, 0.00127999962, 0)|(0, 0, 0, 1)|(1, 1, 1)
GlobalObjectId_V1-2-75255463483393841ad623c260500c31-6370651086622459941-1395087067|True|(0, 0.00127999962, 0)|(0, 0, 0, 1)|(1, 1, 1)
GlobalObjectId_V1-2-75255463483393841ad623c260500c31-6370651086622459941-589898910|True|(0, 0.00127999962, 0)|(0, 0, 0, 1)|(1, 1, 1)
GlobalObjectId_V1-2-75255463483393841ad623c260500c31-6370651086622459941-951118863|True|(0, 0.00127999962, 0)|(0, 0, 0, 1)|(1, 1, 1)
GlobalObjectId_V1-2-75255463483393841ad623c260500c31-6370651086622459941-997839571|True|(0, 0.00127999962, 0)|(0, 0, 0, 1)|(1, 1, 1)
GlobalObjectId_V1-2-75255463483393841ad623c260500c31-637555556-0|True|(0, 0, 0)|(0.7071068, 0, 0, 0.7071068)|(1, 1, 1)
GlobalObjectId_V1-2-75255463483393841ad623c260500c31-637619705-0|True|(0, 0, 0)|(0.7071068, 0, 0, 0.7071068)|(1, 1, 1)
GlobalObjectId_V1-2-75255463483393841ad623c260500c31-6377967741388083046-1342259368|True|(0, 0, 0)|(0, 0, 0, 1)|(1, 1, 1)
GlobalObjectId_V1-2-75255463483393841ad623c260500c31-6377967741388083046-1807193877|True|(0, 0, 0)|(0, 0, 0, 1)|(1, 1, 1)
GlobalObjectId_V1-2-75255463483393841ad623c260500c31-6377967741388083046-249137488|True|(0, 0, 0)|(0, 0, 0, 1)|(1, 1, 1)
GlobalObjectId_V1-2-75255463483393841ad623c260500c31-6377967741388083046-325631740|True|(0, 0, 0)|(0, 0, 0, 1)|(1, 1, 1)
GlobalObjectId_V1-2-75255463483393841ad623c260500c31-6377967741388083046-673208042|True|(0, 0, 0)|(0, 0, 0, 1)|(1, 1, 1)
GlobalObjectId_V1-2-75255463483393841ad623c260500c31-6377967741388083046-726046513|True|(0, 0, 0)|(0, 0, 0, 1)|(1, 1, 1)
GlobalObjectId_V1-2-75255463483393841ad623c260500c31-63876763-0|True|(0, 0, 0)|(0.7071068, 0, 0, 0.7071068)|(1, 1, 1)
GlobalObjectId_V1-2-75255463483393841ad623c260500c31-638869718-0|True|(2.05000019, 0, -0.092)|(0, 0, 0, 1)|(0.25, 0.18, 0.018)
GlobalObjectId_V1-2-75255463483393841ad623c260500c31-638873900459946269-1278433063|True|(0, 0.00127999962, 0)|(0, 0, 0, 1)|(1, 1, 1)
GlobalObjectId_V1-2-75255463483393841ad623c260500c31-638873900459946269-1796550201|True|(0, 0.00127999962, 0)|(0, 0, 0, 1)|(1, 1, 1)
GlobalObjectId_V1-2-75255463483393841ad623c260500c31-638873900459946269-227182643|True|(0, 0.00127999962, 0)|(0, 0, 0, 1)|(1, 1, 1)
GlobalObjectId_V1-2-75255463483393841ad623c260500c31-638873900459946269-4508494|True|(0, 0.00127999962, 0)|(0, 0, 0, 1)|(1, 1, 1)
GlobalObjectId_V1-2-75255463483393841ad623c260500c31-638873900459946269-493544818|True|(0, 0.00127999962, 0)|(0, 0, 0, 1)|(1, 1, 1)
GlobalObjectId_V1-2-75255463483393841ad623c260500c31-638873900459946269-537414647|True|(0, 0.00127999962, 0)|(0, 0, 0, 1)|(1, 1, 1)
GlobalObjectId_V1-2-75255463483393841ad623c260500c31-638873900459946269-616789302|True|(0, 0.00127999962, 0)|(0, 0, 0, 1)|(1, 1, 1)
GlobalObjectId_V1-2-75255463483393841ad623c260500c31-638873900459946269-828342056|True|(0, 0.00127999962, 0)|(0, 0, 0, 1)|(1, 1, 1)
GlobalObjectId_V1-2-75255463483393841ad623c260500c31-638873900459946269-863157045|True|(0, 0.00127999962, 0)|(0, 0, 0, 1)|(1, 1, 1)
GlobalObjectId_V1-2-75255463483393841ad623c260500c31-638873900459946269-950912075|True|(0, 0.00127999962, 0)|(0, 0, 0, 1)|(1, 1, 1)
GlobalObjectId_V1-2-75255463483393841ad623c260500c31-6390906863183388856-1270225228|True|(0.07, 0.36, -2.12)|(0.6508453, 0, 0, 0.7592104)|(1, 1, 1)
GlobalObjectId_V1-2-75255463483393841ad623c260500c31-6390906863183388856-1720144850|True|(0.07, 0.36, -2.12)|(0.6508453, 0, 0, 0.7592104)|(1, 1, 1)
GlobalObjectId_V1-2-75255463483393841ad623c260500c31-6390906863183388856-1742115882|True|(0.07, 0.36, -2.12)|(0.6508453, 0, 0, 0.7592104)|(1, 1, 1)
GlobalObjectId_V1-2-75255463483393841ad623c260500c31-6390906863183388856-1906523992|True|(0.07, 0.36, -2.12)|(0.6508453, 0, 0, 0.7592104)|(1, 1, 1)
GlobalObjectId_V1-2-75255463483393841ad623c260500c31-6390906863183388856-1921694405|True|(0.07, 0.36, -2.12)|(0.6508453, 0, 0, 0.7592104)|(1, 1, 1)
GlobalObjectId_V1-2-75255463483393841ad623c260500c31-6390906863183388856-2052472853|True|(0.07, 0.36, -2.12)|(0.6508453, 0, 0, 0.7592104)|(1, 1, 1)
GlobalObjectId_V1-2-75255463483393841ad623c260500c31-6390906863183388856-303056869|True|(0.07, 0.36, -2.12)|(0.6508453, 0, 0, 0.7592104)|(1, 1, 1)
GlobalObjectId_V1-2-75255463483393841ad623c260500c31-6390906863183388856-308968016|True|(0.07, 0.36, -2.12)|(0.6508453, 0, 0, 0.7592104)|(1, 1, 1)
GlobalObjectId_V1-2-75255463483393841ad623c260500c31-6390906863183388856-764708180|True|(0.07, 0.36, -2.12)|(0.6508453, 0, 0, 0.7592104)|(1, 1, 1)
GlobalObjectId_V1-2-75255463483393841ad623c260500c31-6390906863183388856-924230383|True|(0.07, 0.36, -2.12)|(0.6508453, 0, 0, 0.7592104)|(1, 1, 1)
GlobalObjectId_V1-2-75255463483393841ad623c260500c31-641411866-0|True|(0, 0, 0)|(0.7071068, 0, 0, 0.7071068)|(1, 1, 1)
GlobalObjectId_V1-2-75255463483393841ad623c260500c31-642932062-0|True|(0, 0, 0)|(0.7071068, 0, 0, 0.7071068)|(1, 1, 1)
GlobalObjectId_V1-2-75255463483393841ad623c260500c31-6442144119435544964-124650490|True|(0, 0.0012800002, 0)|(0, 0, 0, 1)|(1, 1, 1)
GlobalObjectId_V1-2-75255463483393841ad623c260500c31-6442144119435544964-1376906811|True|(0, 0.0012800002, 0)|(0, 0, 0, 1)|(1, 1, 1)
GlobalObjectId_V1-2-75255463483393841ad623c260500c31-6442144119435544964-1395087067|True|(0, 0.0012800002, 0)|(0, 0, 0, 1)|(1, 1, 1)
GlobalObjectId_V1-2-75255463483393841ad623c260500c31-6442144119435544964-589898910|True|(0, 0.0012800002, 0)|(0, 0, 0, 1)|(1, 1, 1)
GlobalObjectId_V1-2-75255463483393841ad623c260500c31-6442144119435544964-951118863|True|(0, 0.0012800002, 0)|(0, 0, 0, 1)|(1, 1, 1)
GlobalObjectId_V1-2-75255463483393841ad623c260500c31-6442144119435544964-997839571|True|(0, 0.0012800002, 0)|(0, 0, 0, 1)|(1, 1, 1)
GlobalObjectId_V1-2-75255463483393841ad623c260500c31-645459886-0|True|(0, 0, 0)|(0.7071068, 0, 0, 0.7071068)|(1, 1, 1)
GlobalObjectId_V1-2-75255463483393841ad623c260500c31-647685427-0|True|(0, 0, 0)|(0.7071068, 0, 0, 0.7071068)|(1, 1, 1)
GlobalObjectId_V1-2-75255463483393841ad623c260500c31-653278231-0|True|(0, 0, 0)|(0.7071068, 0, 0, 0.7071068)|(1, 1, 1)
GlobalObjectId_V1-2-75255463483393841ad623c260500c31-658065655-0|True|(0, 0, 0)|(0.7071068, 0, 0, 0.7071068)|(1, 1, 1)
GlobalObjectId_V1-2-75255463483393841ad623c260500c31-6598211052867065583-1054006661|True|(-0.237600014, -0.015, 0.001)|(0, 0, -0.0610485449, 0.998134851)|(0.4104, 1.0044, 1)
GlobalObjectId_V1-2-75255463483393841ad623c260500c31-6598211052867065583-1066520553|True|(-0.237600014, -0.015, 0.001)|(0, 0, -0.0610485449, 0.998134851)|(0.4104, 1.0044, 1)
GlobalObjectId_V1-2-75255463483393841ad623c260500c31-6598211052867065583-1075442592|True|(-0.237600014, -0.015, 0.001)|(0, 0, -0.0610485449, 0.998134851)|(0.4104, 1.0044, 1)
GlobalObjectId_V1-2-75255463483393841ad623c260500c31-6598211052867065583-1123419265|True|(-0.237600014, -0.015, 0.001)|(0, 0, -0.0610485449, 0.998134851)|(0.4104, 1.0044, 1)
GlobalObjectId_V1-2-75255463483393841ad623c260500c31-6598211052867065583-1189067973|True|(-0.237600014, -0.015, 0.001)|(0, 0, -0.0610485449, 0.998134851)|(0.4104, 1.0044, 1)
GlobalObjectId_V1-2-75255463483393841ad623c260500c31-6598211052867065583-1213532434|True|(-0.237600014, -0.015, 0.001)|(0, 0, -0.0610485449, 0.998134851)|(0.4104, 1.0044, 1)
GlobalObjectId_V1-2-75255463483393841ad623c260500c31-6598211052867065583-1231942770|True|(-0.237600014, -0.015, 0.001)|(0, 0, -0.0610485449, 0.998134851)|(0.4104, 1.0044, 1)
GlobalObjectId_V1-2-75255463483393841ad623c260500c31-6598211052867065583-1273255913|True|(-0.237600014, -0.015, 0.001)|(0, 0, -0.0610485449, 0.998134851)|(0.4104, 1.0044, 1)
GlobalObjectId_V1-2-75255463483393841ad623c260500c31-6598211052867065583-1278822786|True|(-0.237600014, -0.015, 0.001)|(0, 0, -0.0610485449, 0.998134851)|(0.4104, 1.0044, 1)
GlobalObjectId_V1-2-75255463483393841ad623c260500c31-6598211052867065583-1289928147|True|(-0.237600014, -0.015, 0.001)|(0, 0, -0.0610485449, 0.998134851)|(0.4104, 1.0044, 1)
GlobalObjectId_V1-2-75255463483393841ad623c260500c31-6598211052867065583-1306169864|True|(-0.237600014, -0.015, 0.001)|(0, 0, -0.0610485449, 0.998134851)|(0.4104, 1.0044, 1)
GlobalObjectId_V1-2-75255463483393841ad623c260500c31-6598211052867065583-134612628|True|(-0.237600014, -0.015, 0.001)|(0, 0, -0.0610485449, 0.998134851)|(0.4104, 1.0044, 1)
GlobalObjectId_V1-2-75255463483393841ad623c260500c31-6598211052867065583-1362226918|True|(-0.237600014, -0.015, 0.001)|(0, 0, -0.0610485449, 0.998134851)|(0.4104, 1.0044, 1)
GlobalObjectId_V1-2-75255463483393841ad623c260500c31-6598211052867065583-1446791577|True|(-0.237600014, -0.015, 0.001)|(0, 0, -0.0610485449, 0.998134851)|(0.4104, 1.0044, 1)
GlobalObjectId_V1-2-75255463483393841ad623c260500c31-6598211052867065583-1453559021|True|(-0.237600014, -0.015, 0.001)|(0, 0, -0.0610485449, 0.998134851)|(0.4104, 1.0044, 1)
GlobalObjectId_V1-2-75255463483393841ad623c260500c31-6598211052867065583-1474131409|True|(-0.237600014, -0.015, 0.001)|(0, 0, -0.0610485449, 0.998134851)|(0.4104, 1.0044, 1)
GlobalObjectId_V1-2-75255463483393841ad623c260500c31-6598211052867065583-1523898307|True|(-0.237600014, -0.015, 0.001)|(0, 0, -0.0610485449, 0.998134851)|(0.4104, 1.0044, 1)
GlobalObjectId_V1-2-75255463483393841ad623c260500c31-6598211052867065583-1589411330|True|(-0.237600014, -0.015, 0.001)|(0, 0, -0.0610485449, 0.998134851)|(0.4104, 1.0044, 1)
GlobalObjectId_V1-2-75255463483393841ad623c260500c31-6598211052867065583-1669245919|True|(-0.237600014, -0.015, 0.001)|(0, 0, -0.0610485449, 0.998134851)|(0.4104, 1.0044, 1)
GlobalObjectId_V1-2-75255463483393841ad623c260500c31-6598211052867065583-1737122726|True|(-0.237600014, -0.015, 0.001)|(0, 0, -0.0610485449, 0.998134851)|(0.4104, 1.0044, 1)
GlobalObjectId_V1-2-75255463483393841ad623c260500c31-6598211052867065583-1741248142|True|(-0.237600014, -0.015, 0.001)|(0, 0, -0.0610485449, 0.998134851)|(0.4104, 1.0044, 1)
GlobalObjectId_V1-2-75255463483393841ad623c260500c31-6598211052867065583-177614287|True|(-0.237600014, -0.015, 0.001)|(0, 0, -0.0610485449, 0.998134851)|(0.4104, 1.0044, 1)
GlobalObjectId_V1-2-75255463483393841ad623c260500c31-6598211052867065583-1802634647|True|(-0.237600014, -0.015, 0.001)|(0, 0, -0.0610485449, 0.998134851)|(0.4104, 1.0044, 1)
GlobalObjectId_V1-2-75255463483393841ad623c260500c31-6598211052867065583-1890397674|True|(-0.237600014, -0.015, 0.001)|(0, 0, -0.0610485449, 0.998134851)|(0.4104, 1.0044, 1)
GlobalObjectId_V1-2-75255463483393841ad623c260500c31-6598211052867065583-1899348449|True|(-0.237600014, -0.015, 0.001)|(0, 0, -0.0610485449, 0.998134851)|(0.4104, 1.0044, 1)
GlobalObjectId_V1-2-75255463483393841ad623c260500c31-6598211052867065583-1931660283|True|(-0.237600014, -0.015, 0.001)|(0, 0, -0.0610485449, 0.998134851)|(0.4104, 1.0044, 1)
GlobalObjectId_V1-2-75255463483393841ad623c260500c31-6598211052867065583-2008804692|True|(-0.237600014, -0.015, 0.001)|(0, 0, -0.0610485449, 0.998134851)|(0.4104, 1.0044, 1)
GlobalObjectId_V1-2-75255463483393841ad623c260500c31-6598211052867065583-2120236441|True|(-0.237600014, -0.015, 0.001)|(0, 0, -0.0610485449, 0.998134851)|(0.4104, 1.0044, 1)
GlobalObjectId_V1-2-75255463483393841ad623c260500c31-6598211052867065583-255090835|True|(-0.237600014, -0.015, 0.001)|(0, 0, -0.0610485449, 0.998134851)|(0.4104, 1.0044, 1)
GlobalObjectId_V1-2-75255463483393841ad623c260500c31-6598211052867065583-261895982|True|(-0.237600014, -0.015, 0.001)|(0, 0, -0.0610485449, 0.998134851)|(0.4104, 1.0044, 1)
GlobalObjectId_V1-2-75255463483393841ad623c260500c31-6598211052867065583-346250313|True|(-0.237600014, -0.015, 0.001)|(0, 0, -0.0610485449, 0.998134851)|(0.4104, 1.0044, 1)
GlobalObjectId_V1-2-75255463483393841ad623c260500c31-6598211052867065583-374324541|True|(-0.237600014, -0.015, 0.001)|(0, 0, -0.0610485449, 0.998134851)|(0.4104, 1.0044, 1)
GlobalObjectId_V1-2-75255463483393841ad623c260500c31-6598211052867065583-39910857|True|(-0.237600014, -0.015, 0.001)|(0, 0, -0.0610485449, 0.998134851)|(0.4104, 1.0044, 1)
GlobalObjectId_V1-2-75255463483393841ad623c260500c31-6598211052867065583-415706150|True|(-0.237600014, -0.015, 0.001)|(0, 0, -0.0610485449, 0.998134851)|(0.4104, 1.0044, 1)
GlobalObjectId_V1-2-75255463483393841ad623c260500c31-6598211052867065583-420684188|True|(-0.237600014, -0.015, 0.001)|(0, 0, -0.0610485449, 0.998134851)|(0.4104, 1.0044, 1)
GlobalObjectId_V1-2-75255463483393841ad623c260500c31-6598211052867065583-448738566|True|(-0.237600014, -0.015, 0.001)|(0, 0, -0.0610485449, 0.998134851)|(0.4104, 1.0044, 1)
GlobalObjectId_V1-2-75255463483393841ad623c260500c31-6598211052867065583-455620735|True|(-0.237600014, -0.015, 0.001)|(0, 0, -0.0610485449, 0.998134851)|(0.4104, 1.0044, 1)
GlobalObjectId_V1-2-75255463483393841ad623c260500c31-6598211052867065583-462089741|True|(-0.237600014, -0.015, 0.001)|(0, 0, -0.0610485449, 0.998134851)|(0.4104, 1.0044, 1)
GlobalObjectId_V1-2-75255463483393841ad623c260500c31-6598211052867065583-471337410|True|(-0.237600014, -0.015, 0.001)|(0, 0, -0.0610485449, 0.998134851)|(0.4104, 1.0044, 1)
GlobalObjectId_V1-2-75255463483393841ad623c260500c31-6598211052867065583-514498336|True|(-0.237600014, -0.015, 0.001)|(0, 0, -0.0610485449, 0.998134851)|(0.4104, 1.0044, 1)
GlobalObjectId_V1-2-75255463483393841ad623c260500c31-6598211052867065583-570203299|True|(-0.237600014, -0.015, 0.001)|(0, 0, -0.0610485449, 0.998134851)|(0.4104, 1.0044, 1)
GlobalObjectId_V1-2-75255463483393841ad623c260500c31-6598211052867065583-577746331|True|(-0.237600014, -0.015, 0.001)|(0, 0, -0.0610485449, 0.998134851)|(0.4104, 1.0044, 1)
GlobalObjectId_V1-2-75255463483393841ad623c260500c31-6598211052867065583-614239699|True|(-0.237600014, -0.015, 0.001)|(0, 0, -0.0610485449, 0.998134851)|(0.4104, 1.0044, 1)
GlobalObjectId_V1-2-75255463483393841ad623c260500c31-6598211052867065583-720893779|True|(-0.237600014, -0.015, 0.001)|(0, 0, -0.0610485449, 0.998134851)|(0.4104, 1.0044, 1)
GlobalObjectId_V1-2-75255463483393841ad623c260500c31-6598211052867065583-759653167|True|(-0.237600014, -0.015, 0.001)|(0, 0, -0.0610485449, 0.998134851)|(0.4104, 1.0044, 1)
GlobalObjectId_V1-2-75255463483393841ad623c260500c31-6598211052867065583-788279421|True|(-0.237600014, -0.015, 0.001)|(0, 0, -0.0610485449, 0.998134851)|(0.4104, 1.0044, 1)
GlobalObjectId_V1-2-75255463483393841ad623c260500c31-6598211052867065583-801688379|True|(-0.237600014, -0.015, 0.001)|(0, 0, -0.0610485449, 0.998134851)|(0.4104, 1.0044, 1)
GlobalObjectId_V1-2-75255463483393841ad623c260500c31-6598211052867065583-827096132|True|(-0.237600014, -0.015, 0.001)|(0, 0, -0.0610485449, 0.998134851)|(0.4104, 1.0044, 1)
GlobalObjectId_V1-2-75255463483393841ad623c260500c31-6598211052867065583-841608481|True|(-0.237600014, -0.015, 0.001)|(0, 0, -0.0610485449, 0.998134851)|(0.4104, 1.0044, 1)
GlobalObjectId_V1-2-75255463483393841ad623c260500c31-6598211052867065583-866930353|True|(-0.237600014, -0.015, 0.001)|(0, 0, -0.0610485449, 0.998134851)|(0.4104, 1.0044, 1)
GlobalObjectId_V1-2-75255463483393841ad623c260500c31-6606890749143539872-1054006661|True|(0, 0.005, 0)|(0, 0.317304641, 0, 0.948323667)|(1, 1, 1)
GlobalObjectId_V1-2-75255463483393841ad623c260500c31-6606890749143539872-1066520553|True|(0, 0.005, 0)|(0, 0.317304641, 0, 0.948323667)|(1, 1, 1)
GlobalObjectId_V1-2-75255463483393841ad623c260500c31-6606890749143539872-1075442592|True|(0, 0.005, 0)|(0, 0.317304641, 0, 0.948323667)|(1, 1, 1)
GlobalObjectId_V1-2-75255463483393841ad623c260500c31-6606890749143539872-1123419265|True|(0, 0.005, 0)|(0, 0.317304641, 0, 0.948323667)|(1, 1, 1)
GlobalObjectId_V1-2-75255463483393841ad623c260500c31-6606890749143539872-1189067973|True|(0, 0.005, 0)|(0, 0.317304641, 0, 0.948323667)|(1, 1, 1)
GlobalObjectId_V1-2-75255463483393841ad623c260500c31-6606890749143539872-1213532434|True|(0, 0.005, 0)|(0, 0.317304641, 0, 0.948323667)|(1, 1, 1)
GlobalObjectId_V1-2-75255463483393841ad623c260500c31-6606890749143539872-1231942770|True|(0, 0.005, 0)|(0, 0.317304641, 0, 0.948323667)|(1, 1, 1)
GlobalObjectId_V1-2-75255463483393841ad623c260500c31-6606890749143539872-1273255913|True|(0, 0.005, 0)|(0, 0.317304641, 0, 0.948323667)|(1, 1, 1)
GlobalObjectId_V1-2-75255463483393841ad623c260500c31-6606890749143539872-1278822786|True|(0, 0.005, 0)|(0, 0.317304641, 0, 0.948323667)|(1, 1, 1)
GlobalObjectId_V1-2-75255463483393841ad623c260500c31-6606890749143539872-1289928147|True|(0, 0.005, 0)|(0, 0.317304641, 0, 0.948323667)|(1, 1, 1)
GlobalObjectId_V1-2-75255463483393841ad623c260500c31-6606890749143539872-1306169864|True|(0, 0.005, 0)|(0, 0.317304641, 0, 0.948323667)|(1, 1, 1)
GlobalObjectId_V1-2-75255463483393841ad623c260500c31-6606890749143539872-134612628|True|(0, 0.005, 0)|(0, 0.317304641, 0, 0.948323667)|(1, 1, 1)
GlobalObjectId_V1-2-75255463483393841ad623c260500c31-6606890749143539872-1362226918|True|(0, 0.005, 0)|(0, 0.317304641, 0, 0.948323667)|(1, 1, 1)
GlobalObjectId_V1-2-75255463483393841ad623c260500c31-6606890749143539872-1446791577|True|(0, 0.005, 0)|(0, 0.317304641, 0, 0.948323667)|(1, 1, 1)
GlobalObjectId_V1-2-75255463483393841ad623c260500c31-6606890749143539872-1453559021|True|(0, 0.005, 0)|(0, 0.317304641, 0, 0.948323667)|(1, 1, 1)
GlobalObjectId_V1-2-75255463483393841ad623c260500c31-6606890749143539872-1474131409|True|(0, 0.005, 0)|(0, 0.317304641, 0, 0.948323667)|(1, 1, 1)
GlobalObjectId_V1-2-75255463483393841ad623c260500c31-6606890749143539872-1523898307|True|(0, 0.005, 0)|(0, 0.317304641, 0, 0.948323667)|(1, 1, 1)
GlobalObjectId_V1-2-75255463483393841ad623c260500c31-6606890749143539872-1589411330|True|(0, 0.005, 0)|(0, 0.317304641, 0, 0.948323667)|(1, 1, 1)
GlobalObjectId_V1-2-75255463483393841ad623c260500c31-6606890749143539872-1669245919|True|(0, 0.005, 0)|(0, 0.317304641, 0, 0.948323667)|(1, 1, 1)
GlobalObjectId_V1-2-75255463483393841ad623c260500c31-6606890749143539872-1737122726|True|(0, 0.005, 0)|(0, 0.317304641, 0, 0.948323667)|(1, 1, 1)
GlobalObjectId_V1-2-75255463483393841ad623c260500c31-6606890749143539872-1741248142|True|(0, 0.005, 0)|(0, 0.317304641, 0, 0.948323667)|(1, 1, 1)
GlobalObjectId_V1-2-75255463483393841ad623c260500c31-6606890749143539872-177614287|True|(0, 0.005, 0)|(0, 0.317304641, 0, 0.948323667)|(1, 1, 1)
GlobalObjectId_V1-2-75255463483393841ad623c260500c31-6606890749143539872-1802634647|True|(0, 0.005, 0)|(0, 0.317304641, 0, 0.948323667)|(1, 1, 1)
GlobalObjectId_V1-2-75255463483393841ad623c260500c31-6606890749143539872-1890397674|True|(0, 0.005, 0)|(0, 0.317304641, 0, 0.948323667)|(1, 1, 1)
GlobalObjectId_V1-2-75255463483393841ad623c260500c31-6606890749143539872-1899348449|True|(0, 0.005, 0)|(0, 0.317304641, 0, 0.948323667)|(1, 1, 1)
GlobalObjectId_V1-2-75255463483393841ad623c260500c31-6606890749143539872-1931660283|True|(0, 0.005, 0)|(0, 0.317304641, 0, 0.948323667)|(1, 1, 1)
GlobalObjectId_V1-2-75255463483393841ad623c260500c31-6606890749143539872-2008804692|True|(0, 0.005, 0)|(0, 0.317304641, 0, 0.948323667)|(1, 1, 1)
GlobalObjectId_V1-2-75255463483393841ad623c260500c31-6606890749143539872-2120236441|True|(0, 0.005, 0)|(0, 0.317304641, 0, 0.948323667)|(1, 1, 1)
GlobalObjectId_V1-2-75255463483393841ad623c260500c31-6606890749143539872-255090835|True|(0, 0.005, 0)|(0, 0.317304641, 0, 0.948323667)|(1, 1, 1)
GlobalObjectId_V1-2-75255463483393841ad623c260500c31-6606890749143539872-261895982|True|(0, 0.005, 0)|(0, 0.317304641, 0, 0.948323667)|(1, 1, 1)
GlobalObjectId_V1-2-75255463483393841ad623c260500c31-6606890749143539872-346250313|True|(0, 0.005, 0)|(0, 0.317304641, 0, 0.948323667)|(1, 1, 1)
GlobalObjectId_V1-2-75255463483393841ad623c260500c31-6606890749143539872-374324541|True|(0, 0.005, 0)|(0, 0.317304641, 0, 0.948323667)|(1, 1, 1)
GlobalObjectId_V1-2-75255463483393841ad623c260500c31-6606890749143539872-39910857|True|(0, 0.005, 0)|(0, 0.317304641, 0, 0.948323667)|(1, 1, 1)
GlobalObjectId_V1-2-75255463483393841ad623c260500c31-6606890749143539872-415706150|True|(0, 0.005, 0)|(0, 0.317304641, 0, 0.948323667)|(1, 1, 1)
GlobalObjectId_V1-2-75255463483393841ad623c260500c31-6606890749143539872-420684188|True|(0, 0.005, 0)|(0, 0.317304641, 0, 0.948323667)|(1, 1, 1)
GlobalObjectId_V1-2-75255463483393841ad623c260500c31-6606890749143539872-448738566|True|(0, 0.005, 0)|(0, 0.317304641, 0, 0.948323667)|(1, 1, 1)
GlobalObjectId_V1-2-75255463483393841ad623c260500c31-6606890749143539872-455620735|True|(0, 0.005, 0)|(0, 0.317304641, 0, 0.948323667)|(1, 1, 1)
GlobalObjectId_V1-2-75255463483393841ad623c260500c31-6606890749143539872-462089741|True|(0, 0.005, 0)|(0, 0.317304641, 0, 0.948323667)|(1, 1, 1)
GlobalObjectId_V1-2-75255463483393841ad623c260500c31-6606890749143539872-471337410|True|(0, 0.005, 0)|(0, 0.317304641, 0, 0.948323667)|(1, 1, 1)
GlobalObjectId_V1-2-75255463483393841ad623c260500c31-6606890749143539872-514498336|True|(0, 0.005, 0)|(0, 0.317304641, 0, 0.948323667)|(1, 1, 1)
GlobalObjectId_V1-2-75255463483393841ad623c260500c31-6606890749143539872-570203299|True|(0, 0.005, 0)|(0, 0.317304641, 0, 0.948323667)|(1, 1, 1)
GlobalObjectId_V1-2-75255463483393841ad623c260500c31-6606890749143539872-577746331|True|(0, 0.005, 0)|(0, 0.317304641, 0, 0.948323667)|(1, 1, 1)
GlobalObjectId_V1-2-75255463483393841ad623c260500c31-6606890749143539872-614239699|True|(0, 0.005, 0)|(0, 0.317304641, 0, 0.948323667)|(1, 1, 1)
GlobalObjectId_V1-2-75255463483393841ad623c260500c31-6606890749143539872-720893779|True|(0, 0.005, 0)|(0, 0.317304641, 0, 0.948323667)|(1, 1, 1)
GlobalObjectId_V1-2-75255463483393841ad623c260500c31-6606890749143539872-759653167|True|(0, 0.005, 0)|(0, 0.317304641, 0, 0.948323667)|(1, 1, 1)
GlobalObjectId_V1-2-75255463483393841ad623c260500c31-6606890749143539872-788279421|True|(0, 0.005, 0)|(0, 0.317304641, 0, 0.948323667)|(1, 1, 1)
GlobalObjectId_V1-2-75255463483393841ad623c260500c31-6606890749143539872-801688379|True|(0, 0.005, 0)|(0, 0.317304641, 0, 0.948323667)|(1, 1, 1)
GlobalObjectId_V1-2-75255463483393841ad623c260500c31-6606890749143539872-827096132|True|(0, 0.005, 0)|(0, 0.317304641, 0, 0.948323667)|(1, 1, 1)
GlobalObjectId_V1-2-75255463483393841ad623c260500c31-6606890749143539872-841608481|True|(0, 0.005, 0)|(0, 0.317304641, 0, 0.948323667)|(1, 1, 1)
GlobalObjectId_V1-2-75255463483393841ad623c260500c31-6606890749143539872-866930353|True|(0, 0.005, 0)|(0, 0.317304641, 0, 0.948323667)|(1, 1, 1)
GlobalObjectId_V1-2-75255463483393841ad623c260500c31-663604931-0|True|(0, 0, 0)|(0.7071068, 0, 0, 0.7071068)|(1, 1, 1)
GlobalObjectId_V1-2-75255463483393841ad623c260500c31-663659532-0|True|(0, 0, 0)|(0, 0, 0, 1)|(1, 1, 1)
GlobalObjectId_V1-2-75255463483393841ad623c260500c31-666509239-0|True|(0, 0, 0)|(0.7071068, 0, 0, 0.7071068)|(1, 1, 1)
GlobalObjectId_V1-2-75255463483393841ad623c260500c31-666828542-0|True|(0, 0, 0)|(0.7071068, 0, 0, 0.7071068)|(1, 1, 1)
GlobalObjectId_V1-2-75255463483393841ad623c260500c31-669766528-0|True|(0, 0, 0)|(0, 0, 0, 1)|(1, 1, 1)
GlobalObjectId_V1-2-75255463483393841ad623c260500c31-6701877440358788256-1092392191|True|(0, 0, 4.65656472E-11)|(0.7071068, 0, 0, 0.7071067)|(1, 1, 1)
GlobalObjectId_V1-2-75255463483393841ad623c260500c31-6701877440358788256-1236654927|True|(0, 0, 4.65656472E-11)|(0.7071068, 0, 0, 0.7071067)|(1, 1, 1)
GlobalObjectId_V1-2-75255463483393841ad623c260500c31-6701877440358788256-1830864491|True|(0, 0, 4.65656472E-11)|(0.7071068, 0, 0, 0.7071067)|(1, 1, 1)
GlobalObjectId_V1-2-75255463483393841ad623c260500c31-6701877440358788256-184762202|True|(0, 0, 4.65656472E-11)|(0.7071068, 0, 0, 0.7071067)|(1, 1, 1)
GlobalObjectId_V1-2-75255463483393841ad623c260500c31-6701877440358788256-430729400|True|(0, 0, 4.65656472E-11)|(0.7071068, 0, 0, 0.7071067)|(1, 1, 1)
GlobalObjectId_V1-2-75255463483393841ad623c260500c31-6701877440358788256-507331391|True|(0, 0, 4.65656472E-11)|(0.7071068, 0, 0, 0.7071067)|(1, 1, 1)
GlobalObjectId_V1-2-75255463483393841ad623c260500c31-6701877440358788256-559331042|True|(0, 0, 4.65656472E-11)|(0.7071068, 0, 0, 0.7071067)|(1, 1, 1)
GlobalObjectId_V1-2-75255463483393841ad623c260500c31-6701877440358788256-995936011|True|(0, 0, 4.65656472E-11)|(0.7071068, 0, 0, 0.7071067)|(1, 1, 1)
GlobalObjectId_V1-2-75255463483393841ad623c260500c31-6723635564595863910-1081198540|True|(0, 4.76837158E-07, 2.54374726E-07)|(-0.7071068, 0, 0, 0.7071067)|(100, 100, 100)
GlobalObjectId_V1-2-75255463483393841ad623c260500c31-6723635564595863910-1461267783|True|(0, 4.76837158E-07, 2.54374726E-07)|(-0.7071068, 0, 0, 0.7071067)|(100, 100, 100)
GlobalObjectId_V1-2-75255463483393841ad623c260500c31-6723951810786731160-1054006661|True|(0, 0, 0)|(0.7071068, 0, 0, 0.7071068)|(1.2744, 1.2744, 1)
GlobalObjectId_V1-2-75255463483393841ad623c260500c31-6723951810786731160-1066520553|True|(0, 0, 0)|(0.7071068, 0, 0, 0.7071068)|(1.2744, 1.2744, 1)
GlobalObjectId_V1-2-75255463483393841ad623c260500c31-6723951810786731160-1075442592|True|(0, 0, 0)|(0.7071068, 0, 0, 0.7071068)|(1.2744, 1.2744, 1)
GlobalObjectId_V1-2-75255463483393841ad623c260500c31-6723951810786731160-1123419265|True|(0, 0, 0)|(0.7071068, 0, 0, 0.7071068)|(1.2744, 1.2744, 1)
GlobalObjectId_V1-2-75255463483393841ad623c260500c31-6723951810786731160-1189067973|True|(0, 0, 0)|(0.7071068, 0, 0, 0.7071068)|(1.2744, 1.2744, 1)
GlobalObjectId_V1-2-75255463483393841ad623c260500c31-6723951810786731160-1213532434|True|(0, 0, 0)|(0.7071068, 0, 0, 0.7071068)|(1.2744, 1.2744, 1)
GlobalObjectId_V1-2-75255463483393841ad623c260500c31-6723951810786731160-1231942770|True|(0, 0, 0)|(0.7071068, 0, 0, 0.7071068)|(1.2744, 1.2744, 1)
GlobalObjectId_V1-2-75255463483393841ad623c260500c31-6723951810786731160-1273255913|True|(0, 0, 0)|(0.7071068, 0, 0, 0.7071068)|(1.2744, 1.2744, 1)
GlobalObjectId_V1-2-75255463483393841ad623c260500c31-6723951810786731160-1278822786|True|(0, 0, 0)|(0.7071068, 0, 0, 0.7071068)|(1.2744, 1.2744, 1)
GlobalObjectId_V1-2-75255463483393841ad623c260500c31-6723951810786731160-1289928147|True|(0, 0, 0)|(0.7071068, 0, 0, 0.7071068)|(1.2744, 1.2744, 1)
GlobalObjectId_V1-2-75255463483393841ad623c260500c31-6723951810786731160-1306169864|True|(0, 0, 0)|(0.7071068, 0, 0, 0.7071068)|(1.2744, 1.2744, 1)
GlobalObjectId_V1-2-75255463483393841ad623c260500c31-6723951810786731160-134612628|True|(0, 0, 0)|(0.7071068, 0, 0, 0.7071068)|(1.2744, 1.2744, 1)
GlobalObjectId_V1-2-75255463483393841ad623c260500c31-6723951810786731160-1362226918|True|(0, 0, 0)|(0.7071068, 0, 0, 0.7071068)|(1.2744, 1.2744, 1)
GlobalObjectId_V1-2-75255463483393841ad623c260500c31-6723951810786731160-1446791577|True|(0, 0, 0)|(0.7071068, 0, 0, 0.7071068)|(1.2744, 1.2744, 1)
GlobalObjectId_V1-2-75255463483393841ad623c260500c31-6723951810786731160-1453559021|True|(0, 0, 0)|(0.7071068, 0, 0, 0.7071068)|(1.2744, 1.2744, 1)
GlobalObjectId_V1-2-75255463483393841ad623c260500c31-6723951810786731160-1474131409|True|(0, 0, 0)|(0.7071068, 0, 0, 0.7071068)|(1.2744, 1.2744, 1)
GlobalObjectId_V1-2-75255463483393841ad623c260500c31-6723951810786731160-1523898307|True|(0, 0, 0)|(0.7071068, 0, 0, 0.7071068)|(1.2744, 1.2744, 1)
GlobalObjectId_V1-2-75255463483393841ad623c260500c31-6723951810786731160-1589411330|True|(0, 0, 0)|(0.7071068, 0, 0, 0.7071068)|(1.2744, 1.2744, 1)
GlobalObjectId_V1-2-75255463483393841ad623c260500c31-6723951810786731160-1669245919|True|(0, 0, 0)|(0.7071068, 0, 0, 0.7071068)|(1.2744, 1.2744, 1)
GlobalObjectId_V1-2-75255463483393841ad623c260500c31-6723951810786731160-1737122726|True|(0, 0, 0)|(0.7071068, 0, 0, 0.7071068)|(1.2744, 1.2744, 1)
GlobalObjectId_V1-2-75255463483393841ad623c260500c31-6723951810786731160-1741248142|True|(0, 0, 0)|(0.7071068, 0, 0, 0.7071068)|(1.2744, 1.2744, 1)
GlobalObjectId_V1-2-75255463483393841ad623c260500c31-6723951810786731160-177614287|True|(0, 0, 0)|(0.7071068, 0, 0, 0.7071068)|(1.2744, 1.2744, 1)
GlobalObjectId_V1-2-75255463483393841ad623c260500c31-6723951810786731160-1802634647|True|(0, 0, 0)|(0.7071068, 0, 0, 0.7071068)|(1.2744, 1.2744, 1)
GlobalObjectId_V1-2-75255463483393841ad623c260500c31-6723951810786731160-1890397674|True|(0, 0, 0)|(0.7071068, 0, 0, 0.7071068)|(1.2744, 1.2744, 1)
GlobalObjectId_V1-2-75255463483393841ad623c260500c31-6723951810786731160-1899348449|True|(0, 0, 0)|(0.7071068, 0, 0, 0.7071068)|(1.2744, 1.2744, 1)
GlobalObjectId_V1-2-75255463483393841ad623c260500c31-6723951810786731160-1931660283|True|(0, 0, 0)|(0.7071068, 0, 0, 0.7071068)|(1.2744, 1.2744, 1)
GlobalObjectId_V1-2-75255463483393841ad623c260500c31-6723951810786731160-2008804692|True|(0, 0, 0)|(0.7071068, 0, 0, 0.7071068)|(1.2744, 1.2744, 1)
GlobalObjectId_V1-2-75255463483393841ad623c260500c31-6723951810786731160-2120236441|True|(0, 0, 0)|(0.7071068, 0, 0, 0.7071068)|(1.2744, 1.2744, 1)
GlobalObjectId_V1-2-75255463483393841ad623c260500c31-6723951810786731160-255090835|True|(0, 0, 0)|(0.7071068, 0, 0, 0.7071068)|(1.2744, 1.2744, 1)
GlobalObjectId_V1-2-75255463483393841ad623c260500c31-6723951810786731160-261895982|True|(0, 0, 0)|(0.7071068, 0, 0, 0.7071068)|(1.2744, 1.2744, 1)
GlobalObjectId_V1-2-75255463483393841ad623c260500c31-6723951810786731160-346250313|True|(0, 0, 0)|(0.7071068, 0, 0, 0.7071068)|(1.2744, 1.2744, 1)
GlobalObjectId_V1-2-75255463483393841ad623c260500c31-6723951810786731160-374324541|True|(0, 0, 0)|(0.7071068, 0, 0, 0.7071068)|(1.2744, 1.2744, 1)
GlobalObjectId_V1-2-75255463483393841ad623c260500c31-6723951810786731160-39910857|True|(0, 0, 0)|(0.7071068, 0, 0, 0.7071068)|(1.2744, 1.2744, 1)
GlobalObjectId_V1-2-75255463483393841ad623c260500c31-6723951810786731160-415706150|True|(0, 0, 0)|(0.7071068, 0, 0, 0.7071068)|(1.2744, 1.2744, 1)
GlobalObjectId_V1-2-75255463483393841ad623c260500c31-6723951810786731160-420684188|True|(0, 0, 0)|(0.7071068, 0, 0, 0.7071068)|(1.2744, 1.2744, 1)
GlobalObjectId_V1-2-75255463483393841ad623c260500c31-6723951810786731160-448738566|True|(0, 0, 0)|(0.7071068, 0, 0, 0.7071068)|(1.2744, 1.2744, 1)
GlobalObjectId_V1-2-75255463483393841ad623c260500c31-6723951810786731160-455620735|True|(0, 0, 0)|(0.7071068, 0, 0, 0.7071068)|(1.2744, 1.2744, 1)
GlobalObjectId_V1-2-75255463483393841ad623c260500c31-6723951810786731160-462089741|True|(0, 0, 0)|(0.7071068, 0, 0, 0.7071068)|(1.2744, 1.2744, 1)
GlobalObjectId_V1-2-75255463483393841ad623c260500c31-6723951810786731160-471337410|True|(0, 0, 0)|(0.7071068, 0, 0, 0.7071068)|(1.2744, 1.2744, 1)
GlobalObjectId_V1-2-75255463483393841ad623c260500c31-6723951810786731160-514498336|True|(0, 0, 0)|(0.7071068, 0, 0, 0.7071068)|(1.2744, 1.2744, 1)
GlobalObjectId_V1-2-75255463483393841ad623c260500c31-6723951810786731160-570203299|True|(0, 0, 0)|(0.7071068, 0, 0, 0.7071068)|(1.2744, 1.2744, 1)
GlobalObjectId_V1-2-75255463483393841ad623c260500c31-6723951810786731160-577746331|True|(0, 0, 0)|(0.7071068, 0, 0, 0.7071068)|(1.2744, 1.2744, 1)
GlobalObjectId_V1-2-75255463483393841ad623c260500c31-6723951810786731160-614239699|True|(0, 0, 0)|(0.7071068, 0, 0, 0.7071068)|(1.2744, 1.2744, 1)
GlobalObjectId_V1-2-75255463483393841ad623c260500c31-6723951810786731160-720893779|True|(0, 0, 0)|(0.7071068, 0, 0, 0.7071068)|(1.2744, 1.2744, 1)
GlobalObjectId_V1-2-75255463483393841ad623c260500c31-6723951810786731160-759653167|True|(0, 0, 0)|(0.7071068, 0, 0, 0.7071068)|(1.2744, 1.2744, 1)
GlobalObjectId_V1-2-75255463483393841ad623c260500c31-6723951810786731160-788279421|True|(0, 0, 0)|(0.7071068, 0, 0, 0.7071068)|(1.2744, 1.2744, 1)
GlobalObjectId_V1-2-75255463483393841ad623c260500c31-6723951810786731160-801688379|True|(0, 0, 0)|(0.7071068, 0, 0, 0.7071068)|(1.2744, 1.2744, 1)
GlobalObjectId_V1-2-75255463483393841ad623c260500c31-6723951810786731160-827096132|True|(0, 0, 0)|(0.7071068, 0, 0, 0.7071068)|(1.2744, 1.2744, 1)
GlobalObjectId_V1-2-75255463483393841ad623c260500c31-6723951810786731160-841608481|True|(0, 0, 0)|(0.7071068, 0, 0, 0.7071068)|(1.2744, 1.2744, 1)
GlobalObjectId_V1-2-75255463483393841ad623c260500c31-6723951810786731160-866930353|True|(0, 0, 0)|(0.7071068, 0, 0, 0.7071068)|(1.2744, 1.2744, 1)
GlobalObjectId_V1-2-75255463483393841ad623c260500c31-6746388701384518728-1270225228|True|(1.60932531E-10, 0.00143999979, -1.86517449E-17)|(-0.608287156, -4.422812E-08, -2.802861E-08, 0.793717)|(1, 1, 1)
GlobalObjectId_V1-2-75255463483393841ad623c260500c31-6746388701384518728-1720144850|True|(1.60932531E-10, 0.00143999979, -1.86517449E-17)|(-0.608287156, -4.422812E-08, -2.802861E-08, 0.793717)|(1, 1, 1)
GlobalObjectId_V1-2-75255463483393841ad623c260500c31-6746388701384518728-1742115882|True|(1.60932531E-10, 0.00143999979, -1.86517449E-17)|(-0.608287156, -4.422812E-08, -2.802861E-08, 0.793717)|(1, 1, 1)
GlobalObjectId_V1-2-75255463483393841ad623c260500c31-6746388701384518728-1906523992|True|(1.60932531E-10, 0.00143999979, -1.86517449E-17)|(-0.608287156, -4.422812E-08, -2.802861E-08, 0.793717)|(1, 1, 1)
GlobalObjectId_V1-2-75255463483393841ad623c260500c31-6746388701384518728-1921694405|True|(1.60932531E-10, 0.00143999979, -1.86517449E-17)|(-0.608287156, -4.422812E-08, -2.802861E-08, 0.793717)|(1, 1, 1)
GlobalObjectId_V1-2-75255463483393841ad623c260500c31-6746388701384518728-2052472853|True|(1.60932531E-10, 0.00143999979, -1.86517449E-17)|(-0.608287156, -4.422812E-08, -2.802861E-08, 0.793717)|(1, 1, 1)
GlobalObjectId_V1-2-75255463483393841ad623c260500c31-6746388701384518728-303056869|True|(1.60932531E-10, 0.00143999979, -1.86517449E-17)|(-0.608287156, -4.422812E-08, -2.802861E-08, 0.793717)|(1, 1, 1)
GlobalObjectId_V1-2-75255463483393841ad623c260500c31-6746388701384518728-308968016|True|(1.60932531E-10, 0.00143999979, -1.86517449E-17)|(-0.608287156, -4.422812E-08, -2.802861E-08, 0.793717)|(1, 1, 1)
GlobalObjectId_V1-2-75255463483393841ad623c260500c31-6746388701384518728-764708180|True|(1.60932531E-10, 0.00143999979, -1.86517449E-17)|(-0.608287156, -4.422812E-08, -2.802861E-08, 0.793717)|(1, 1, 1)
GlobalObjectId_V1-2-75255463483393841ad623c260500c31-6746388701384518728-924230383|True|(1.60932531E-10, 0.00143999979, -1.86517449E-17)|(-0.608287156, -4.422812E-08, -2.802861E-08, 0.793717)|(1, 1, 1)
GlobalObjectId_V1-2-75255463483393841ad623c260500c31-675496347-0|True|(-3.60000658, 0, -4.76837158E-07)|(0, 0, 0, 1)|(1, 1, 1)
GlobalObjectId_V1-2-75255463483393841ad623c260500c31-675496348-0|{"MonoBehaviour":{"m_Enabled":true,"m_EditorHideFlags":0,"m_Name":"","m_EditorClassIdentifier":"Assembly-CSharp::HighwayHazard","visual":{"instanceID":0},"barrierArm":{"instanceID":0},"signal":{"instanceID":0},"warning":{"instanceID":0},"laneIndex":0,"breakHealth":0.0,"warningSeconds":1.7999999523162842,"cycleSeconds":6.0,"crossingDistance":0.0}}
GlobalObjectId_V1-2-75255463483393841ad623c260500c31-676408235-0|True|(0, 0, 0)|(0.7071068, 0, 0, 0.7071068)|(1, 1, 1)
GlobalObjectId_V1-2-75255463483393841ad623c260500c31-676575051-0|True|(0, 0, 0)|(0.7071068, 0, 0, 0.7071068)|(1, 1, 1)
GlobalObjectId_V1-2-75255463483393841ad623c260500c31-677270121-0|True|(0, 0, 0)|(0.7071068, 0, 0, 0.7071068)|(1, 1, 1)
GlobalObjectId_V1-2-75255463483393841ad623c260500c31-677482317-0|True|(0, 0, 0)|(0.7071068, 0, 0, 0.7071068)|(1, 1, 1)
GlobalObjectId_V1-2-75255463483393841ad623c260500c31-679577560-0|True|(0, 0, 0)|(0, 0, 0, 1)|(1, 1, 1)
GlobalObjectId_V1-2-75255463483393841ad623c260500c31-679954383-0|True|(1.5, 0, 0)|(0, 0, 0, 1)|(3, 0.17, 0.17)
GlobalObjectId_V1-2-75255463483393841ad623c260500c31-682628342-0|True|(0, 0, 0)|(0.7071068, 0, 0, 0.7071068)|(1, 1, 1)
GlobalObjectId_V1-2-75255463483393841ad623c260500c31-682769621174666238-1156845426|True|(-0.00160000008, 0, 0)|(0.9871956, -0.112429716, -0.112429671, -0.0128043881)|(1.00000036, 1.00000012, 1)
GlobalObjectId_V1-2-75255463483393841ad623c260500c31-682769621174666238-1282342156|True|(-0.00160000008, 0, 0)|(0.9871956, -0.112429716, -0.112429671, -0.0128043881)|(1.00000036, 1.00000012, 1)
GlobalObjectId_V1-2-75255463483393841ad623c260500c31-682769621174666238-1328059363|True|(-0.00160000008, 0, 0)|(0.9871956, -0.112429716, -0.112429671, -0.0128043881)|(1.00000036, 1.00000012, 1)
GlobalObjectId_V1-2-75255463483393841ad623c260500c31-682769621174666238-1364577291|True|(-0.00160000008, 0, 0)|(0.9871956, -0.112429716, -0.112429671, -0.0128043881)|(1.00000036, 1.00000012, 1)
GlobalObjectId_V1-2-75255463483393841ad623c260500c31-682769621174666238-1398831272|True|(-0.00160000008, 0, 0)|(0.9871956, -0.112429716, -0.112429671, -0.0128043881)|(1.00000036, 1.00000012, 1)
GlobalObjectId_V1-2-75255463483393841ad623c260500c31-682769621174666238-1538826313|True|(-0.00160000008, 0, 0)|(0.9871956, -0.112429716, -0.112429671, -0.0128043881)|(1.00000036, 1.00000012, 1)
GlobalObjectId_V1-2-75255463483393841ad623c260500c31-682769621174666238-2022718491|True|(-0.00160000008, 0, 0)|(0.9871956, -0.112429716, -0.112429671, -0.0128043881)|(1.00000036, 1.00000012, 1)
GlobalObjectId_V1-2-75255463483393841ad623c260500c31-682769621174666238-2038314915|True|(-0.00160000008, 0, 0)|(0.9871956, -0.112429716, -0.112429671, -0.0128043881)|(1.00000036, 1.00000012, 1)
GlobalObjectId_V1-2-75255463483393841ad623c260500c31-682769621174666238-535235437|True|(-0.00160000008, 0, 0)|(0.9871956, -0.112429716, -0.112429671, -0.0128043881)|(1.00000036, 1.00000012, 1)
GlobalObjectId_V1-2-75255463483393841ad623c260500c31-682769621174666238-662617545|True|(-0.00160000008, 0, 0)|(0.9871956, -0.112429716, -0.112429671, -0.0128043881)|(1.00000036, 1.00000012, 1)
GlobalObjectId_V1-2-75255463483393841ad623c260500c31-683685757-0|True|(0, 0, 0)|(0, 0, 0, 1)|(1, 1, 1)
GlobalObjectId_V1-2-75255463483393841ad623c260500c31-68809622-0|True|(-1.5, 0.7, 0)|(0, 0, 0, 1)|(0.4, 1.1, 0.45)
GlobalObjectId_V1-2-75255463483393841ad623c260500c31-688690956-0|True|(0, 0, 0)|(0.7071068, 0, 0, 0.7071068)|(1, 1, 1)
GlobalObjectId_V1-2-75255463483393841ad623c260500c31-6892899682597930239-124650490|True|(133.999924, 5.08, 220.6)|(0, 0.7071068, 0, 0.7071068)|(1, 1, 1)
GlobalObjectId_V1-2-75255463483393841ad623c260500c31-6892899682597930239-1376906811|True|(-385.7723, 0.08, -327.605316)|(0, 0.5587082, 0, 0.829364359)|(1, 1, 1)
GlobalObjectId_V1-2-75255463483393841ad623c260500c31-6892899682597930239-1395087067|True|(133.999924, 5.08, 217.5)|(0, 0.7071068, 0, 0.7071068)|(1, 1, 1)
GlobalObjectId_V1-2-75255463483393841ad623c260500c31-6892899682597930239-589898910|True|(-386.936951, 0.08, -324.732422)|(0, 0.5587082, 0, 0.829364359)|(1, 1, 1)
GlobalObjectId_V1-2-75255463483393841ad623c260500c31-6892899682597930239-951118863|True|(-150.790665, 2.718889, -35.0151176)|(0, -0.0126229068, 0, 0.999920368)|(1, 1, 1)
GlobalObjectId_V1-2-75255463483393841ad623c260500c31-6892899682597930239-997839571|True|(-147.691666, 2.718889, -34.9368629)|(0, -0.0126229068, 0, 0.999920368)|(1, 1, 1)
GlobalObjectId_V1-2-75255463483393841ad623c260500c31-689388665-0|True|(0, 0, 0)|(0.7071068, 0, 0, 0.7071068)|(1, 1, 1)
GlobalObjectId_V1-2-75255463483393841ad623c260500c31-692031783-0|True|(2.65, 0, -0.092)|(0, 0, 0, 1)|(0.25, 0.18, 0.018)
GlobalObjectId_V1-2-75255463483393841ad623c260500c31-6932976640156443900-1342259368|True|(0, 0, 0)|(-0.7071068, 0, 0, 0.7071067)|(100, 100, 100)
GlobalObjectId_V1-2-75255463483393841ad623c260500c31-6932976640156443900-1807193877|True|(0, 0, 0)|(-0.7071068, 0, 0, 0.7071067)|(100, 100, 100)
GlobalObjectId_V1-2-75255463483393841ad623c260500c31-6932976640156443900-249137488|True|(0, 0, 0)|(-0.7071068, 0, 0, 0.7071067)|(100, 100, 100)
GlobalObjectId_V1-2-75255463483393841ad623c260500c31-6932976640156443900-325631740|True|(0, 0, 0)|(-0.7071068, 0, 0, 0.7071067)|(100, 100, 100)
GlobalObjectId_V1-2-75255463483393841ad623c260500c31-6932976640156443900-673208042|True|(0, 0, 0)|(-0.7071068, 0, 0, 0.7071067)|(100, 100, 100)
GlobalObjectId_V1-2-75255463483393841ad623c260500c31-6932976640156443900-726046513|True|(0, 0, 0)|(-0.7071068, 0, 0, 0.7071067)|(100, 100, 100)
GlobalObjectId_V1-2-75255463483393841ad623c260500c31-6937669935770998182-1092392191|True|(7.45058043E-11, 0.00233479147, 8.381903E-11)|(-0.0128043434, 0.112429664, -0.112430051, 0.987195551)|(0.9999999, 1, 1)
GlobalObjectId_V1-2-75255463483393841ad623c260500c31-6937669935770998182-1236654927|True|(7.45058043E-11, 0.00233479147, 8.381903E-11)|(-0.0128043434, 0.112429664, -0.112430051, 0.987195551)|(0.9999999, 1, 1)
GlobalObjectId_V1-2-75255463483393841ad623c260500c31-6937669935770998182-1830864491|True|(7.45058043E-11, 0.00233479147, 8.381903E-11)|(-0.0128043434, 0.112429664, -0.112430051, 0.987195551)|(0.9999999, 1, 1)
GlobalObjectId_V1-2-75255463483393841ad623c260500c31-6937669935770998182-184762202|True|(7.45058043E-11, 0.00233479147, 8.381903E-11)|(-0.0128043434, 0.112429664, -0.112430051, 0.987195551)|(0.9999999, 1, 1)
GlobalObjectId_V1-2-75255463483393841ad623c260500c31-6937669935770998182-430729400|True|(7.45058043E-11, 0.00233479147, 8.381903E-11)|(-0.0128043434, 0.112429664, -0.112430051, 0.987195551)|(0.9999999, 1, 1)
GlobalObjectId_V1-2-75255463483393841ad623c260500c31-6937669935770998182-507331391|True|(7.45058043E-11, 0.00233479147, 8.381903E-11)|(-0.0128043434, 0.112429664, -0.112430051, 0.987195551)|(0.9999999, 1, 1)
GlobalObjectId_V1-2-75255463483393841ad623c260500c31-6937669935770998182-559331042|True|(7.45058043E-11, 0.00233479147, 8.381903E-11)|(-0.0128043434, 0.112429664, -0.112430051, 0.987195551)|(0.9999999, 1, 1)
GlobalObjectId_V1-2-75255463483393841ad623c260500c31-6937669935770998182-995936011|True|(7.45058043E-11, 0.00233479147, 8.381903E-11)|(-0.0128043434, 0.112429664, -0.112430051, 0.987195551)|(0.9999999, 1, 1)
GlobalObjectId_V1-2-75255463483393841ad623c260500c31-698024524-0|True|(0.85, 0, -0.092)|(0, 0, 0, 1)|(0.25, 0.18, 0.018)
GlobalObjectId_V1-2-75255463483393841ad623c260500c31-6981545831462586551-1270225228|True|(0, 0.04000002, -0.12)|(0, 0, 0, 1)|(1, 1, 1)
GlobalObjectId_V1-2-75255463483393841ad623c260500c31-6981545831462586551-1720144850|True|(0, 0.04000002, -0.12)|(0, 0, 0, 1)|(1, 1, 1)
GlobalObjectId_V1-2-75255463483393841ad623c260500c31-6981545831462586551-1742115882|True|(0, 0.04000002, -0.12)|(0, 0, 0, 1)|(1, 1, 1)
GlobalObjectId_V1-2-75255463483393841ad623c260500c31-6981545831462586551-1906523992|True|(0, 0.04000002, -0.12)|(0, 0, 0, 1)|(1, 1, 1)
GlobalObjectId_V1-2-75255463483393841ad623c260500c31-6981545831462586551-1921694405|True|(0, 0.04000002, -0.12)|(0, 0, 0, 1)|(1, 1, 1)
GlobalObjectId_V1-2-75255463483393841ad623c260500c31-6981545831462586551-2052472853|True|(0, 0.04000002, -0.12)|(0, 0, 0, 1)|(1, 1, 1)
GlobalObjectId_V1-2-75255463483393841ad623c260500c31-6981545831462586551-303056869|True|(0, 0.04000002, -0.12)|(0, 0, 0, 1)|(1, 1, 1)
GlobalObjectId_V1-2-75255463483393841ad623c260500c31-6981545831462586551-308968016|True|(0, 0.04000002, -0.12)|(0, 0, 0, 1)|(1, 1, 1)
GlobalObjectId_V1-2-75255463483393841ad623c260500c31-6981545831462586551-764708180|True|(0, 0.04000002, -0.12)|(0, 0, 0, 1)|(1, 1, 1)
GlobalObjectId_V1-2-75255463483393841ad623c260500c31-6981545831462586551-924230383|True|(0, 0.04000002, -0.12)|(0, 0, 0, 1)|(1, 1, 1)
GlobalObjectId_V1-2-75255463483393841ad623c260500c31-6986532913780188210-124650490|True|(1.60932531E-10, 0.00143999979, -1.86517449E-17)|(-0.608287156, -4.422812E-08, -2.802861E-08, 0.793717)|(1, 1, 1)
GlobalObjectId_V1-2-75255463483393841ad623c260500c31-6986532913780188210-1376906811|True|(1.60932531E-10, 0.00143999979, -1.86517449E-17)|(-0.608287156, -4.422812E-08, -2.802861E-08, 0.793717)|(1, 1, 1)
GlobalObjectId_V1-2-75255463483393841ad623c260500c31-6986532913780188210-1395087067|True|(1.60932531E-10, 0.00143999979, -1.86517449E-17)|(-0.608287156, -4.422812E-08, -2.802861E-08, 0.793717)|(1, 1, 1)
GlobalObjectId_V1-2-75255463483393841ad623c260500c31-6986532913780188210-589898910|True|(1.60932531E-10, 0.00143999979, -1.86517449E-17)|(-0.608287156, -4.422812E-08, -2.802861E-08, 0.793717)|(1, 1, 1)
GlobalObjectId_V1-2-75255463483393841ad623c260500c31-6986532913780188210-951118863|True|(1.60932531E-10, 0.00143999979, -1.86517449E-17)|(-0.608287156, -4.422812E-08, -2.802861E-08, 0.793717)|(1, 1, 1)
GlobalObjectId_V1-2-75255463483393841ad623c260500c31-6986532913780188210-997839571|True|(1.60932531E-10, 0.00143999979, -1.86517449E-17)|(-0.608287156, -4.422812E-08, -2.802861E-08, 0.793717)|(1, 1, 1)
GlobalObjectId_V1-2-75255463483393841ad623c260500c31-700969382-0|True|(0, 0, 0)|(0.7071068, 0, 0, 0.7071068)|(1, 1, 1)
GlobalObjectId_V1-2-75255463483393841ad623c260500c31-702232433-0|True|(-1.5, 0.15, 0)|(0, 0, 0, 1)|(0.35, 0.3, 3.5)
GlobalObjectId_V1-2-75255463483393841ad623c260500c31-7036512523121159152-1342259368|True|(-1.60932531E-10, 0.00143999979, -1.86517449E-17)|(-0.608287156, 4.422812E-08, 2.802861E-08, 0.793717)|(1, 1, 1)
GlobalObjectId_V1-2-75255463483393841ad623c260500c31-7036512523121159152-1807193877|True|(-1.60932531E-10, 0.00143999979, -1.86517449E-17)|(-0.608287156, 4.422812E-08, 2.802861E-08, 0.793717)|(1, 1, 1)
GlobalObjectId_V1-2-75255463483393841ad623c260500c31-7036512523121159152-249137488|True|(-1.60932531E-10, 0.00143999979, -1.86517449E-17)|(-0.608287156, 4.422812E-08, 2.802861E-08, 0.793717)|(1, 1, 1)
GlobalObjectId_V1-2-75255463483393841ad623c260500c31-7036512523121159152-325631740|True|(-1.60932531E-10, 0.00143999979, -1.86517449E-17)|(-0.608287156, 4.422812E-08, 2.802861E-08, 0.793717)|(1, 1, 1)
GlobalObjectId_V1-2-75255463483393841ad623c260500c31-7036512523121159152-673208042|True|(-1.60932531E-10, 0.00143999979, -1.86517449E-17)|(-0.608287156, 4.422812E-08, 2.802861E-08, 0.793717)|(1, 1, 1)
GlobalObjectId_V1-2-75255463483393841ad623c260500c31-7036512523121159152-726046513|True|(-1.60932531E-10, 0.00143999979, -1.86517449E-17)|(-0.608287156, 4.422812E-08, 2.802861E-08, 0.793717)|(1, 1, 1)
GlobalObjectId_V1-2-75255463483393841ad623c260500c31-706890629-0|True|(-156.111633, 3.16335464, 12.7376614)|(0, -0.04213629, 0, 0.9991119)|(1, 1, 1)
GlobalObjectId_V1-2-75255463483393841ad623c260500c31-707192726-0|True|(92.00026, 5.07999945, 220.202148)|(0, 0.7230056, 0, 0.69084233)|(1, 1, 1)
GlobalObjectId_V1-2-75255463483393841ad623c260500c31-708106329044791484-1278433063|True|(0, 0.0012800002, 0)|(0, 0, 0, 1)|(1, 1, 1)
GlobalObjectId_V1-2-75255463483393841ad623c260500c31-708106329044791484-1796550201|True|(0, 0.0012800002, 0)|(0, 0, 0, 1)|(1, 1, 1)
GlobalObjectId_V1-2-75255463483393841ad623c260500c31-708106329044791484-227182643|True|(0, 0.0012800002, 0)|(0, 0, 0, 1)|(1, 1, 1)
GlobalObjectId_V1-2-75255463483393841ad623c260500c31-708106329044791484-4508494|True|(0, 0.0012800002, 0)|(0, 0, 0, 1)|(1, 1, 1)
GlobalObjectId_V1-2-75255463483393841ad623c260500c31-708106329044791484-493544818|True|(0, 0.0012800002, 0)|(0, 0, 0, 1)|(1, 1, 1)
GlobalObjectId_V1-2-75255463483393841ad623c260500c31-708106329044791484-537414647|True|(0, 0.0012800002, 0)|(0, 0, 0, 1)|(1, 1, 1)
GlobalObjectId_V1-2-75255463483393841ad623c260500c31-708106329044791484-616789302|True|(0, 0.0012800002, 0)|(0, 0, 0, 1)|(1, 1, 1)
GlobalObjectId_V1-2-75255463483393841ad623c260500c31-708106329044791484-828342056|True|(0, 0.0012800002, 0)|(0, 0, 0, 1)|(1, 1, 1)
GlobalObjectId_V1-2-75255463483393841ad623c260500c31-708106329044791484-863157045|True|(0, 0.0012800002, 0)|(0, 0, 0, 1)|(1, 1, 1)
GlobalObjectId_V1-2-75255463483393841ad623c260500c31-708106329044791484-950912075|True|(0, 0.0012800002, 0)|(0, 0, 0, 1)|(1, 1, 1)
GlobalObjectId_V1-2-75255463483393841ad623c260500c31-708873975-0|True|(0, 0, 0)|(0, 0, 0, 1)|(1, 1, 1)
GlobalObjectId_V1-2-75255463483393841ad623c260500c31-7092721297930153602-1054006661|True|(0, 0.625, 0)|(0, 0, 0, 1)|(1, 1, 1)
GlobalObjectId_V1-2-75255463483393841ad623c260500c31-7092721297930153602-1066520553|True|(0, 0.625, 0)|(0, 0, 0, 1)|(1, 1, 1)
GlobalObjectId_V1-2-75255463483393841ad623c260500c31-7092721297930153602-1075442592|True|(0, 0.625, 0)|(0, 0, 0, 1)|(1, 1, 1)
GlobalObjectId_V1-2-75255463483393841ad623c260500c31-7092721297930153602-1123419265|True|(0, 0.625, 0)|(0, 0, 0, 1)|(1, 1, 1)
GlobalObjectId_V1-2-75255463483393841ad623c260500c31-7092721297930153602-1189067973|True|(0, 0.625, 0)|(0, 0, 0, 1)|(1, 1, 1)
GlobalObjectId_V1-2-75255463483393841ad623c260500c31-7092721297930153602-1213532434|True|(0, 0.625, 0)|(0, 0, 0, 1)|(1, 1, 1)
GlobalObjectId_V1-2-75255463483393841ad623c260500c31-7092721297930153602-1231942770|True|(0, 0.625, 0)|(0, 0, 0, 1)|(1, 1, 1)
GlobalObjectId_V1-2-75255463483393841ad623c260500c31-7092721297930153602-1273255913|True|(0, 0.625, 0)|(0, 0, 0, 1)|(1, 1, 1)
GlobalObjectId_V1-2-75255463483393841ad623c260500c31-7092721297930153602-1278822786|True|(0, 0.625, 0)|(0, 0, 0, 1)|(1, 1, 1)
GlobalObjectId_V1-2-75255463483393841ad623c260500c31-7092721297930153602-1289928147|True|(0, 0.625, 0)|(0, 0, 0, 1)|(1, 1, 1)
GlobalObjectId_V1-2-75255463483393841ad623c260500c31-7092721297930153602-1306169864|True|(0, 0.625, 0)|(0, 0, 0, 1)|(1, 1, 1)
GlobalObjectId_V1-2-75255463483393841ad623c260500c31-7092721297930153602-134612628|True|(0, 0.625, 0)|(0, 0, 0, 1)|(1, 1, 1)
GlobalObjectId_V1-2-75255463483393841ad623c260500c31-7092721297930153602-1362226918|True|(0, 0.625, 0)|(0, 0, 0, 1)|(1, 1, 1)
GlobalObjectId_V1-2-75255463483393841ad623c260500c31-7092721297930153602-1446791577|True|(0, 0.625, 0)|(0, 0, 0, 1)|(1, 1, 1)
GlobalObjectId_V1-2-75255463483393841ad623c260500c31-7092721297930153602-1453559021|True|(0, 0.625, 0)|(0, 0, 0, 1)|(1, 1, 1)
GlobalObjectId_V1-2-75255463483393841ad623c260500c31-7092721297930153602-1474131409|True|(0, 0.625, 0)|(0, 0, 0, 1)|(1, 1, 1)
GlobalObjectId_V1-2-75255463483393841ad623c260500c31-7092721297930153602-1523898307|True|(0, 0.625, 0)|(0, 0, 0, 1)|(1, 1, 1)
GlobalObjectId_V1-2-75255463483393841ad623c260500c31-7092721297930153602-1589411330|True|(0, 0.625, 0)|(0, 0, 0, 1)|(1, 1, 1)
GlobalObjectId_V1-2-75255463483393841ad623c260500c31-7092721297930153602-1669245919|True|(0, 0.625, 0)|(0, 0, 0, 1)|(1, 1, 1)
GlobalObjectId_V1-2-75255463483393841ad623c260500c31-7092721297930153602-1737122726|True|(0, 0.625, 0)|(0, 0, 0, 1)|(1, 1, 1)
GlobalObjectId_V1-2-75255463483393841ad623c260500c31-7092721297930153602-1741248142|True|(0, 0.625, 0)|(0, 0, 0, 1)|(1, 1, 1)
GlobalObjectId_V1-2-75255463483393841ad623c260500c31-7092721297930153602-177614287|True|(0, 0.625, 0)|(0, 0, 0, 1)|(1, 1, 1)
GlobalObjectId_V1-2-75255463483393841ad623c260500c31-7092721297930153602-1802634647|True|(0, 0.625, 0)|(0, 0, 0, 1)|(1, 1, 1)
GlobalObjectId_V1-2-75255463483393841ad623c260500c31-7092721297930153602-1890397674|True|(0, 0.625, 0)|(0, 0, 0, 1)|(1, 1, 1)
GlobalObjectId_V1-2-75255463483393841ad623c260500c31-7092721297930153602-1899348449|True|(0, 0.625, 0)|(0, 0, 0, 1)|(1, 1, 1)
GlobalObjectId_V1-2-75255463483393841ad623c260500c31-7092721297930153602-1931660283|True|(0, 0.625, 0)|(0, 0, 0, 1)|(1, 1, 1)
GlobalObjectId_V1-2-75255463483393841ad623c260500c31-7092721297930153602-2008804692|True|(0, 0.625, 0)|(0, 0, 0, 1)|(1, 1, 1)
GlobalObjectId_V1-2-75255463483393841ad623c260500c31-7092721297930153602-2120236441|True|(0, 0.625, 0)|(0, 0, 0, 1)|(1, 1, 1)
GlobalObjectId_V1-2-75255463483393841ad623c260500c31-7092721297930153602-255090835|True|(0, 0.625, 0)|(0, 0, 0, 1)|(1, 1, 1)
GlobalObjectId_V1-2-75255463483393841ad623c260500c31-7092721297930153602-261895982|True|(0, 0.625, 0)|(0, 0, 0, 1)|(1, 1, 1)
GlobalObjectId_V1-2-75255463483393841ad623c260500c31-7092721297930153602-346250313|True|(0, 0.625, 0)|(0, 0, 0, 1)|(1, 1, 1)
GlobalObjectId_V1-2-75255463483393841ad623c260500c31-7092721297930153602-374324541|True|(0, 0.625, 0)|(0, 0, 0, 1)|(1, 1, 1)
GlobalObjectId_V1-2-75255463483393841ad623c260500c31-7092721297930153602-39910857|True|(0, 0.625, 0)|(0, 0, 0, 1)|(1, 1, 1)
GlobalObjectId_V1-2-75255463483393841ad623c260500c31-7092721297930153602-415706150|True|(0, 0.625, 0)|(0, 0, 0, 1)|(1, 1, 1)
GlobalObjectId_V1-2-75255463483393841ad623c260500c31-7092721297930153602-420684188|True|(0, 0.625, 0)|(0, 0, 0, 1)|(1, 1, 1)
GlobalObjectId_V1-2-75255463483393841ad623c260500c31-7092721297930153602-448738566|True|(0, 0.625, 0)|(0, 0, 0, 1)|(1, 1, 1)
GlobalObjectId_V1-2-75255463483393841ad623c260500c31-7092721297930153602-455620735|True|(0, 0.625, 0)|(0, 0, 0, 1)|(1, 1, 1)
GlobalObjectId_V1-2-75255463483393841ad623c260500c31-7092721297930153602-462089741|True|(0, 0.625, 0)|(0, 0, 0, 1)|(1, 1, 1)
GlobalObjectId_V1-2-75255463483393841ad623c260500c31-7092721297930153602-471337410|True|(0, 0.625, 0)|(0, 0, 0, 1)|(1, 1, 1)
GlobalObjectId_V1-2-75255463483393841ad623c260500c31-7092721297930153602-514498336|True|(0, 0.625, 0)|(0, 0, 0, 1)|(1, 1, 1)
GlobalObjectId_V1-2-75255463483393841ad623c260500c31-7092721297930153602-570203299|True|(0, 0.625, 0)|(0, 0, 0, 1)|(1, 1, 1)
GlobalObjectId_V1-2-75255463483393841ad623c260500c31-7092721297930153602-577746331|True|(0, 0.625, 0)|(0, 0, 0, 1)|(1, 1, 1)
GlobalObjectId_V1-2-75255463483393841ad623c260500c31-7092721297930153602-614239699|True|(0, 0.625, 0)|(0, 0, 0, 1)|(1, 1, 1)
GlobalObjectId_V1-2-75255463483393841ad623c260500c31-7092721297930153602-720893779|True|(0, 0.625, 0)|(0, 0, 0, 1)|(1, 1, 1)
GlobalObjectId_V1-2-75255463483393841ad623c260500c31-7092721297930153602-759653167|True|(0, 0.625, 0)|(0, 0, 0, 1)|(1, 1, 1)
GlobalObjectId_V1-2-75255463483393841ad623c260500c31-7092721297930153602-788279421|True|(0, 0.625, 0)|(0, 0, 0, 1)|(1, 1, 1)
GlobalObjectId_V1-2-75255463483393841ad623c260500c31-7092721297930153602-801688379|True|(0, 0.625, 0)|(0, 0, 0, 1)|(1, 1, 1)
GlobalObjectId_V1-2-75255463483393841ad623c260500c31-7092721297930153602-827096132|True|(0, 0.625, 0)|(0, 0, 0, 1)|(1, 1, 1)
GlobalObjectId_V1-2-75255463483393841ad623c260500c31-7092721297930153602-841608481|True|(0, 0.625, 0)|(0, 0, 0, 1)|(1, 1, 1)
GlobalObjectId_V1-2-75255463483393841ad623c260500c31-7092721297930153602-866930353|True|(0, 0.625, 0)|(0, 0, 0, 1)|(1, 1, 1)
GlobalObjectId_V1-2-75255463483393841ad623c260500c31-709860068-0|True|(0, 0, 0)|(0.7071068, 0, 0, 0.7071068)|(1, 1, 1)
GlobalObjectId_V1-2-75255463483393841ad623c260500c31-711011141-0|True|(0, 0, 0)|(0.7071068, 0, 0, 0.7071068)|(1, 1, 1)
GlobalObjectId_V1-2-75255463483393841ad623c260500c31-712537298-0|True|(-133.647766, 5.007887, 214.924866)|(0, 0.5157999, 0, 0.8567091)|(1, 1, 1)
GlobalObjectId_V1-2-75255463483393841ad623c260500c31-714162071-0|True|(0, 0, 0)|(0.7071068, 0, 0, 0.7071068)|(1, 1, 1)
GlobalObjectId_V1-2-75255463483393841ad623c260500c31-7167179736606163232-1278433063|True|(0, 0.00111999991, 0)|(0, 0, 0, 1)|(1, 1, 1)
GlobalObjectId_V1-2-75255463483393841ad623c260500c31-7167179736606163232-1796550201|True|(0, 0.00111999991, 0)|(0, 0, 0, 1)|(1, 1, 1)
GlobalObjectId_V1-2-75255463483393841ad623c260500c31-7167179736606163232-227182643|True|(0, 0.00111999991, 0)|(0, 0, 0, 1)|(1, 1, 1)
GlobalObjectId_V1-2-75255463483393841ad623c260500c31-7167179736606163232-4508494|True|(0, 0.00111999991, 0)|(0, 0, 0, 1)|(1, 1, 1)
GlobalObjectId_V1-2-75255463483393841ad623c260500c31-7167179736606163232-493544818|True|(0, 0.00111999991, 0)|(0, 0, 0, 1)|(1, 1, 1)
GlobalObjectId_V1-2-75255463483393841ad623c260500c31-7167179736606163232-537414647|True|(0, 0.00111999991, 0)|(0, 0, 0, 1)|(1, 1, 1)
GlobalObjectId_V1-2-75255463483393841ad623c260500c31-7167179736606163232-616789302|True|(0, 0.00111999991, 0)|(0, 0, 0, 1)|(1, 1, 1)
GlobalObjectId_V1-2-75255463483393841ad623c260500c31-7167179736606163232-828342056|True|(0, 0.00111999991, 0)|(0, 0, 0, 1)|(1, 1, 1)
GlobalObjectId_V1-2-75255463483393841ad623c260500c31-7167179736606163232-863157045|True|(0, 0.00111999991, 0)|(0, 0, 0, 1)|(1, 1, 1)
GlobalObjectId_V1-2-75255463483393841ad623c260500c31-7167179736606163232-950912075|True|(0, 0.00111999991, 0)|(0, 0, 0, 1)|(1, 1, 1)
GlobalObjectId_V1-2-75255463483393841ad623c260500c31-717565302-0|True|(205.3382, 2.38000035, 481.878082)|(0, -0.0135452505, 0, 0.999908268)|(1, 1, 1)
GlobalObjectId_V1-2-75255463483393841ad623c260500c31-717565303-0|{"MonoBehaviour":{"m_Enabled":true,"m_EditorHideFlags":0,"m_Name":"","m_EditorClassIdentifier":"Assembly-CSharp::HighwayHazard","visual":{"instanceID":0},"barrierArm":{"instanceID":0},"signal":{"instanceID":0},"warning":{"instanceID":0},"laneIndex":0,"breakHealth":0.0,"warningSeconds":1.7999999523162842,"cycleSeconds":4.0,"crossingDistance":9.0}}
GlobalObjectId_V1-2-75255463483393841ad623c260500c31-719101063-0|True|(0, 0, 0)|(0, 0, 0, 1)|(1, 1, 1)
GlobalObjectId_V1-2-75255463483393841ad623c260500c31-7209644653775749630-1270225228|True|(0, 0.0012800002, 0)|(0, 0, 0, 1)|(1, 1, 1)
GlobalObjectId_V1-2-75255463483393841ad623c260500c31-7209644653775749630-1720144850|True|(0, 0.0012800002, 0)|(0, 0, 0, 1)|(1, 1, 1)
GlobalObjectId_V1-2-75255463483393841ad623c260500c31-7209644653775749630-1742115882|True|(0, 0.0012800002, 0)|(0, 0, 0, 1)|(1, 1, 1)
GlobalObjectId_V1-2-75255463483393841ad623c260500c31-7209644653775749630-1906523992|True|(0, 0.0012800002, 0)|(0, 0, 0, 1)|(1, 1, 1)
GlobalObjectId_V1-2-75255463483393841ad623c260500c31-7209644653775749630-1921694405|True|(0, 0.0012800002, 0)|(0, 0, 0, 1)|(1, 1, 1)
GlobalObjectId_V1-2-75255463483393841ad623c260500c31-7209644653775749630-2052472853|True|(0, 0.0012800002, 0)|(0, 0, 0, 1)|(1, 1, 1)
GlobalObjectId_V1-2-75255463483393841ad623c260500c31-7209644653775749630-303056869|True|(0, 0.0012800002, 0)|(0, 0, 0, 1)|(1, 1, 1)
GlobalObjectId_V1-2-75255463483393841ad623c260500c31-7209644653775749630-308968016|True|(0, 0.0012800002, 0)|(0, 0, 0, 1)|(1, 1, 1)
GlobalObjectId_V1-2-75255463483393841ad623c260500c31-7209644653775749630-764708180|True|(0, 0.0012800002, 0)|(0, 0, 0, 1)|(1, 1, 1)
GlobalObjectId_V1-2-75255463483393841ad623c260500c31-7209644653775749630-924230383|True|(0, 0.0012800002, 0)|(0, 0, 0, 1)|(1, 1, 1)
GlobalObjectId_V1-2-75255463483393841ad623c260500c31-721088510-0|True|(0, 0, 0)|(0.7071068, 0, 0, 0.7071068)|(1, 1, 1)
GlobalObjectId_V1-2-75255463483393841ad623c260500c31-7218177410531948743-1092392191|True|(0.0028, 0.0007000005, 0)|(0.9020881, 0.297195524, 0.297195584, -0.09791182)|(1, 1, 1)
GlobalObjectId_V1-2-75255463483393841ad623c260500c31-7218177410531948743-1236654927|True|(0.0028, 0.0007000005, 0)|(0.9020881, 0.297195524, 0.297195584, -0.09791182)|(1, 1, 1)
GlobalObjectId_V1-2-75255463483393841ad623c260500c31-7218177410531948743-1830864491|True|(0.0028, 0.0007000005, 0)|(0.9020881, 0.297195524, 0.297195584, -0.09791182)|(1, 1, 1)
GlobalObjectId_V1-2-75255463483393841ad623c260500c31-7218177410531948743-184762202|True|(0.0028, 0.0007000005, 0)|(0.9020881, 0.297195524, 0.297195584, -0.09791182)|(1, 1, 1)
GlobalObjectId_V1-2-75255463483393841ad623c260500c31-7218177410531948743-430729400|True|(0.0028, 0.0007000005, 0)|(0.9020881, 0.297195524, 0.297195584, -0.09791182)|(1, 1, 1)
GlobalObjectId_V1-2-75255463483393841ad623c260500c31-7218177410531948743-507331391|True|(0.0028, 0.0007000005, 0)|(0.9020881, 0.297195524, 0.297195584, -0.09791182)|(1, 1, 1)
GlobalObjectId_V1-2-75255463483393841ad623c260500c31-7218177410531948743-559331042|True|(0.0028, 0.0007000005, 0)|(0.9020881, 0.297195524, 0.297195584, -0.09791182)|(1, 1, 1)
GlobalObjectId_V1-2-75255463483393841ad623c260500c31-7218177410531948743-995936011|True|(0.0028, 0.0007000005, 0)|(0.9020881, 0.297195524, 0.297195584, -0.09791182)|(1, 1, 1)
GlobalObjectId_V1-2-75255463483393841ad623c260500c31-7260889265268386917-1982561155|True|(-0.00235781353, 0.00199437141, 0.001093109)|(-0.7071068, 0, 0, 0.7071067)|(450.076965, 450.076965, 450.076965)
GlobalObjectId_V1-2-75255463483393841ad623c260500c31-7260889265268386917-585345400|True|(-0.00235781353, 0.00199437141, 0.001093109)|(-0.7071068, 0, 0, 0.7071067)|(450.076965, 450.076965, 450.076965)
GlobalObjectId_V1-2-75255463483393841ad623c260500c31-7260889265268386917-70444170|True|(-0.00235781353, 0.00199437141, 0.001093109)|(-0.7071068, 0, 0, 0.7071067)|(450.076965, 450.076965, 450.076965)
GlobalObjectId_V1-2-75255463483393841ad623c260500c31-7271361073044670845-1092392191|{"MonoBehaviour":{"m_Enabled":true,"m_EditorHideFlags":0,"m_Name":"","m_EditorClassIdentifier":"Assembly-CSharp::IndianOceanAssets.ShooterSurvival.EnemyMovementController","eventMode":4,"moveSpeed":2.4000000953674318,"patrolAcrossRoad":false,"moveAnimation":0,"targetPoint":{"instanceID":0},"hideWhileWaiting":false,"ambushEntrySide":0.0,"modelForwardYaw":0.0,"arrivalDistance":0.05000000074505806}}
GlobalObjectId_V1-2-75255463483393841ad623c260500c31-7271361073044670845-1236654927|{"MonoBehaviour":{"m_Enabled":true,"m_EditorHideFlags":0,"m_Name":"","m_EditorClassIdentifier":"Assembly-CSharp::IndianOceanAssets.ShooterSurvival.EnemyMovementController","eventMode":4,"moveSpeed":2.4000000953674318,"patrolAcrossRoad":false,"moveAnimation":0,"targetPoint":{"instanceID":0},"hideWhileWaiting":false,"ambushEntrySide":0.0,"modelForwardYaw":0.0,"arrivalDistance":0.05000000074505806}}
GlobalObjectId_V1-2-75255463483393841ad623c260500c31-7271361073044670845-1830864491|{"MonoBehaviour":{"m_Enabled":true,"m_EditorHideFlags":0,"m_Name":"","m_EditorClassIdentifier":"Assembly-CSharp::IndianOceanAssets.ShooterSurvival.EnemyMovementController","eventMode":4,"moveSpeed":2.4000000953674318,"patrolAcrossRoad":false,"moveAnimation":0,"targetPoint":{"instanceID":0},"hideWhileWaiting":false,"ambushEntrySide":0.0,"modelForwardYaw":0.0,"arrivalDistance":0.05000000074505806}}
GlobalObjectId_V1-2-75255463483393841ad623c260500c31-7271361073044670845-184762202|{"MonoBehaviour":{"m_Enabled":true,"m_EditorHideFlags":0,"m_Name":"","m_EditorClassIdentifier":"Assembly-CSharp::IndianOceanAssets.ShooterSurvival.EnemyMovementController","eventMode":4,"moveSpeed":2.4000000953674318,"patrolAcrossRoad":false,"moveAnimation":0,"targetPoint":{"instanceID":0},"hideWhileWaiting":false,"ambushEntrySide":0.0,"modelForwardYaw":0.0,"arrivalDistance":0.05000000074505806}}
GlobalObjectId_V1-2-75255463483393841ad623c260500c31-7271361073044670845-430729400|{"MonoBehaviour":{"m_Enabled":true,"m_EditorHideFlags":0,"m_Name":"","m_EditorClassIdentifier":"Assembly-CSharp::IndianOceanAssets.ShooterSurvival.EnemyMovementController","eventMode":4,"moveSpeed":2.4000000953674318,"patrolAcrossRoad":false,"moveAnimation":0,"targetPoint":{"instanceID":0},"hideWhileWaiting":false,"ambushEntrySide":0.0,"modelForwardYaw":0.0,"arrivalDistance":0.05000000074505806}}
GlobalObjectId_V1-2-75255463483393841ad623c260500c31-7271361073044670845-507331391|{"MonoBehaviour":{"m_Enabled":true,"m_EditorHideFlags":0,"m_Name":"","m_EditorClassIdentifier":"Assembly-CSharp::IndianOceanAssets.ShooterSurvival.EnemyMovementController","eventMode":4,"moveSpeed":2.4000000953674318,"patrolAcrossRoad":false,"moveAnimation":0,"targetPoint":{"instanceID":0},"hideWhileWaiting":false,"ambushEntrySide":0.0,"modelForwardYaw":0.0,"arrivalDistance":0.05000000074505806}}
GlobalObjectId_V1-2-75255463483393841ad623c260500c31-7271361073044670845-559331042|{"MonoBehaviour":{"m_Enabled":true,"m_EditorHideFlags":0,"m_Name":"","m_EditorClassIdentifier":"Assembly-CSharp::IndianOceanAssets.ShooterSurvival.EnemyMovementController","eventMode":4,"moveSpeed":2.4000000953674318,"patrolAcrossRoad":false,"moveAnimation":0,"targetPoint":{"instanceID":0},"hideWhileWaiting":false,"ambushEntrySide":0.0,"modelForwardYaw":0.0,"arrivalDistance":0.05000000074505806}}
GlobalObjectId_V1-2-75255463483393841ad623c260500c31-7271361073044670845-995936011|{"MonoBehaviour":{"m_Enabled":true,"m_EditorHideFlags":0,"m_Name":"","m_EditorClassIdentifier":"Assembly-CSharp::IndianOceanAssets.ShooterSurvival.EnemyMovementController","eventMode":4,"moveSpeed":2.4000000953674318,"patrolAcrossRoad":false,"moveAnimation":0,"targetPoint":{"instanceID":0},"hideWhileWaiting":false,"ambushEntrySide":0.0,"modelForwardYaw":0.0,"arrivalDistance":0.05000000074505806}}
GlobalObjectId_V1-2-75255463483393841ad623c260500c31-7277535066234673465-1092392191|True|(3.79513948E-10, 0.00322338077, -1.49011609E-10)|(0.186180249, -0.5005813, 0.500581443, 0.6813029)|(1, 1, 1.00000012)
GlobalObjectId_V1-2-75255463483393841ad623c260500c31-7277535066234673465-1236654927|True|(3.79513948E-10, 0.00322338077, -1.49011609E-10)|(0.186180249, -0.5005813, 0.500581443, 0.6813029)|(1, 1, 1.00000012)
GlobalObjectId_V1-2-75255463483393841ad623c260500c31-7277535066234673465-1830864491|True|(3.79513948E-10, 0.00322338077, -1.49011609E-10)|(0.186180249, -0.5005813, 0.500581443, 0.6813029)|(1, 1, 1.00000012)
GlobalObjectId_V1-2-75255463483393841ad623c260500c31-7277535066234673465-184762202|True|(3.79513948E-10, 0.00322338077, -1.49011609E-10)|(0.186180249, -0.5005813, 0.500581443, 0.6813029)|(1, 1, 1.00000012)
GlobalObjectId_V1-2-75255463483393841ad623c260500c31-7277535066234673465-430729400|True|(3.79513948E-10, 0.00322338077, -1.49011609E-10)|(0.186180249, -0.5005813, 0.500581443, 0.6813029)|(1, 1, 1.00000012)
GlobalObjectId_V1-2-75255463483393841ad623c260500c31-7277535066234673465-507331391|True|(3.79513948E-10, 0.00322338077, -1.49011609E-10)|(0.186180249, -0.5005813, 0.500581443, 0.6813029)|(1, 1, 1.00000012)
GlobalObjectId_V1-2-75255463483393841ad623c260500c31-7277535066234673465-559331042|True|(3.79513948E-10, 0.00322338077, -1.49011609E-10)|(0.186180249, -0.5005813, 0.500581443, 0.6813029)|(1, 1, 1.00000012)
GlobalObjectId_V1-2-75255463483393841ad623c260500c31-7277535066234673465-995936011|True|(3.79513948E-10, 0.00322338077, -1.49011609E-10)|(0.186180249, -0.5005813, 0.500581443, 0.6813029)|(1, 1, 1.00000012)
GlobalObjectId_V1-2-75255463483393841ad623c260500c31-727771630-0|True|(-1.5, 2, 0)|(0, 0, 0, 1)|(0.32, 0.34, 0.12)
GlobalObjectId_V1-2-75255463483393841ad623c260500c31-7278875846484181087-1270225228|True|(0, 0.00127999962, 0)|(0, 0, 0, 1)|(1, 1, 1)
GlobalObjectId_V1-2-75255463483393841ad623c260500c31-7278875846484181087-1720144850|True|(0, 0.00127999962, 0)|(0, 0, 0, 1)|(1, 1, 1)
GlobalObjectId_V1-2-75255463483393841ad623c260500c31-7278875846484181087-1742115882|True|(0, 0.00127999962, 0)|(0, 0, 0, 1)|(1, 1, 1)
GlobalObjectId_V1-2-75255463483393841ad623c260500c31-7278875846484181087-1906523992|True|(0, 0.00127999962, 0)|(0, 0, 0, 1)|(1, 1, 1)
GlobalObjectId_V1-2-75255463483393841ad623c260500c31-7278875846484181087-1921694405|True|(0, 0.00127999962, 0)|(0, 0, 0, 1)|(1, 1, 1)
GlobalObjectId_V1-2-75255463483393841ad623c260500c31-7278875846484181087-2052472853|True|(0, 0.00127999962, 0)|(0, 0, 0, 1)|(1, 1, 1)
GlobalObjectId_V1-2-75255463483393841ad623c260500c31-7278875846484181087-303056869|True|(0, 0.00127999962, 0)|(0, 0, 0, 1)|(1, 1, 1)
GlobalObjectId_V1-2-75255463483393841ad623c260500c31-7278875846484181087-308968016|True|(0, 0.00127999962, 0)|(0, 0, 0, 1)|(1, 1, 1)
GlobalObjectId_V1-2-75255463483393841ad623c260500c31-7278875846484181087-764708180|True|(0, 0.00127999962, 0)|(0, 0, 0, 1)|(1, 1, 1)
GlobalObjectId_V1-2-75255463483393841ad623c260500c31-7278875846484181087-924230383|True|(0, 0.00127999962, 0)|(0, 0, 0, 1)|(1, 1, 1)
GlobalObjectId_V1-2-75255463483393841ad623c260500c31-7287262018703420810-1156845426|True|(0, 0.0007999998, 0)|(0, 0, 0, 1)|(1, 1, 1)
GlobalObjectId_V1-2-75255463483393841ad623c260500c31-7287262018703420810-1282342156|True|(0, 0.0007999998, 0)|(0, 0, 0, 1)|(1, 1, 1)
GlobalObjectId_V1-2-75255463483393841ad623c260500c31-7287262018703420810-1328059363|True|(0, 0.0007999998, 0)|(0, 0, 0, 1)|(1, 1, 1)
GlobalObjectId_V1-2-75255463483393841ad623c260500c31-7287262018703420810-1364577291|True|(0, 0.0007999998, 0)|(0, 0, 0, 1)|(1, 1, 1)
GlobalObjectId_V1-2-75255463483393841ad623c260500c31-7287262018703420810-1398831272|True|(0, 0.0007999998, 0)|(0, 0, 0, 1)|(1, 1, 1)
GlobalObjectId_V1-2-75255463483393841ad623c260500c31-7287262018703420810-1538826313|True|(0, 0.0007999998, 0)|(0, 0, 0, 1)|(1, 1, 1)
GlobalObjectId_V1-2-75255463483393841ad623c260500c31-7287262018703420810-2022718491|True|(0, 0.0007999998, 0)|(0, 0, 0, 1)|(1, 1, 1)
GlobalObjectId_V1-2-75255463483393841ad623c260500c31-7287262018703420810-2038314915|True|(0, 0.0007999998, 0)|(0, 0, 0, 1)|(1, 1, 1)
GlobalObjectId_V1-2-75255463483393841ad623c260500c31-7287262018703420810-535235437|True|(0, 0.0007999998, 0)|(0, 0, 0, 1)|(1, 1, 1)
GlobalObjectId_V1-2-75255463483393841ad623c260500c31-7287262018703420810-662617545|True|(0, 0.0007999998, 0)|(0, 0, 0, 1)|(1, 1, 1)
GlobalObjectId_V1-2-75255463483393841ad623c260500c31-732038008-0|True|(-146.49205, 2.718889, -34.9065666)|(0, -0.0126229068, 0, 0.999920368)|(1, 1, 1)
GlobalObjectId_V1-2-75255463483393841ad623c260500c31-7320695-0|True|(0, 0, 0)|(0, 0, 0, 1)|(1, 1, 1)
GlobalObjectId_V1-2-75255463483393841ad623c260500c31-73354842-0|True|(0, 0, 0)|(0, 0, 0, 1)|(1, 1, 1)
GlobalObjectId_V1-2-75255463483393841ad623c260500c31-7336158374470609739-1278433063|True|(-5.96046434E-10, 0.00228805584, 1.49011609E-10)|(0.294516057, -0.07520755, 0.311206967, 0.900419)|(0.99999994, 1.00000012, 1.00000012)
GlobalObjectId_V1-2-75255463483393841ad623c260500c31-7336158374470609739-1796550201|True|(-5.96046434E-10, 0.00228805584, 1.49011609E-10)|(0.294516057, -0.07520755, 0.311206967, 0.900419)|(0.99999994, 1.00000012, 1.00000012)
GlobalObjectId_V1-2-75255463483393841ad623c260500c31-7336158374470609739-227182643|True|(-5.96046434E-10, 0.00228805584, 1.49011609E-10)|(0.294516057, -0.07520755, 0.311206967, 0.900419)|(0.99999994, 1.00000012, 1.00000012)
GlobalObjectId_V1-2-75255463483393841ad623c260500c31-7336158374470609739-4508494|True|(-5.96046434E-10, 0.00228805584, 1.49011609E-10)|(0.294516057, -0.07520755, 0.311206967, 0.900419)|(0.99999994, 1.00000012, 1.00000012)
GlobalObjectId_V1-2-75255463483393841ad623c260500c31-7336158374470609739-493544818|True|(-5.96046434E-10, 0.00228805584, 1.49011609E-10)|(0.294516057, -0.07520755, 0.311206967, 0.900419)|(0.99999994, 1.00000012, 1.00000012)
GlobalObjectId_V1-2-75255463483393841ad623c260500c31-7336158374470609739-537414647|True|(-5.96046434E-10, 0.00228805584, 1.49011609E-10)|(0.294516057, -0.07520755, 0.311206967, 0.900419)|(0.99999994, 1.00000012, 1.00000012)
GlobalObjectId_V1-2-75255463483393841ad623c260500c31-7336158374470609739-616789302|True|(-5.96046434E-10, 0.00228805584, 1.49011609E-10)|(0.294516057, -0.07520755, 0.311206967, 0.900419)|(0.99999994, 1.00000012, 1.00000012)
GlobalObjectId_V1-2-75255463483393841ad623c260500c31-7336158374470609739-828342056|True|(-5.96046434E-10, 0.00228805584, 1.49011609E-10)|(0.294516057, -0.07520755, 0.311206967, 0.900419)|(0.99999994, 1.00000012, 1.00000012)
GlobalObjectId_V1-2-75255463483393841ad623c260500c31-7336158374470609739-863157045|True|(-5.96046434E-10, 0.00228805584, 1.49011609E-10)|(0.294516057, -0.07520755, 0.311206967, 0.900419)|(0.99999994, 1.00000012, 1.00000012)
GlobalObjectId_V1-2-75255463483393841ad623c260500c31-7336158374470609739-950912075|True|(-5.96046434E-10, 0.00228805584, 1.49011609E-10)|(0.294516057, -0.07520755, 0.311206967, 0.900419)|(0.99999994, 1.00000012, 1.00000012)
GlobalObjectId_V1-2-75255463483393841ad623c260500c31-734034547-0|True|(0, 0, 0)|(0.7071068, 0, 0, 0.7071068)|(1, 1, 1)
GlobalObjectId_V1-2-75255463483393841ad623c260500c31-7361925588756777182-1278433063|True|(0, 0, 0)|(-0.7071068, 0, 0, 0.7071067)|(100, 100, 100)
GlobalObjectId_V1-2-75255463483393841ad623c260500c31-7361925588756777182-1796550201|True|(0, 0, 0)|(-0.7071068, 0, 0, 0.7071067)|(100, 100, 100)
GlobalObjectId_V1-2-75255463483393841ad623c260500c31-7361925588756777182-227182643|True|(0, 0, 0)|(-0.7071068, 0, 0, 0.7071067)|(100, 100, 100)
GlobalObjectId_V1-2-75255463483393841ad623c260500c31-7361925588756777182-4508494|True|(0, 0, 0)|(-0.7071068, 0, 0, 0.7071067)|(100, 100, 100)
GlobalObjectId_V1-2-75255463483393841ad623c260500c31-7361925588756777182-493544818|True|(0, 0, 0)|(-0.7071068, 0, 0, 0.7071067)|(100, 100, 100)
GlobalObjectId_V1-2-75255463483393841ad623c260500c31-7361925588756777182-537414647|True|(0, 0, 0)|(-0.7071068, 0, 0, 0.7071067)|(100, 100, 100)
GlobalObjectId_V1-2-75255463483393841ad623c260500c31-7361925588756777182-616789302|True|(0, 0, 0)|(-0.7071068, 0, 0, 0.7071067)|(100, 100, 100)
GlobalObjectId_V1-2-75255463483393841ad623c260500c31-7361925588756777182-828342056|True|(0, 0, 0)|(-0.7071068, 0, 0, 0.7071067)|(100, 100, 100)
GlobalObjectId_V1-2-75255463483393841ad623c260500c31-7361925588756777182-863157045|True|(0, 0, 0)|(-0.7071068, 0, 0, 0.7071067)|(100, 100, 100)
GlobalObjectId_V1-2-75255463483393841ad623c260500c31-7361925588756777182-950912075|True|(0, 0, 0)|(-0.7071068, 0, 0, 0.7071067)|(100, 100, 100)
GlobalObjectId_V1-2-75255463483393841ad623c260500c31-736562946-0|True|(202.4439, 1.88000739, 539.679)|(0, -0.0517685935, 0, 0.998659134)|(1, 1, 1)
GlobalObjectId_V1-2-75255463483393841ad623c260500c31-737550665-0|True|(0, 0, 0)|(0.7071068, 0, 0, 0.7071068)|(1, 1, 1)
GlobalObjectId_V1-2-75255463483393841ad623c260500c31-7384132998969826053-1278433063|True|(-4.09781931E-10, 0.002151076, -5.21540644E-10)|(-0.3357132, 0.22286512, -0.222865179, 0.887670457)|(0.99999994, 1, 1)
GlobalObjectId_V1-2-75255463483393841ad623c260500c31-7384132998969826053-1796550201|True|(-4.09781931E-10, 0.002151076, -5.21540644E-10)|(-0.3357132, 0.22286512, -0.222865179, 0.887670457)|(0.99999994, 1, 1)
GlobalObjectId_V1-2-75255463483393841ad623c260500c31-7384132998969826053-227182643|True|(-4.09781931E-10, 0.002151076, -5.21540644E-10)|(-0.3357132, 0.22286512, -0.222865179, 0.887670457)|(0.99999994, 1, 1)
GlobalObjectId_V1-2-75255463483393841ad623c260500c31-7384132998969826053-4508494|True|(-4.09781931E-10, 0.002151076, -5.21540644E-10)|(-0.3357132, 0.22286512, -0.222865179, 0.887670457)|(0.99999994, 1, 1)
GlobalObjectId_V1-2-75255463483393841ad623c260500c31-7384132998969826053-493544818|True|(-4.09781931E-10, 0.002151076, -5.21540644E-10)|(-0.3357132, 0.22286512, -0.222865179, 0.887670457)|(0.99999994, 1, 1)
GlobalObjectId_V1-2-75255463483393841ad623c260500c31-7384132998969826053-537414647|True|(-4.09781931E-10, 0.002151076, -5.21540644E-10)|(-0.3357132, 0.22286512, -0.222865179, 0.887670457)|(0.99999994, 1, 1)
GlobalObjectId_V1-2-75255463483393841ad623c260500c31-7384132998969826053-616789302|True|(-4.09781931E-10, 0.002151076, -5.21540644E-10)|(-0.3357132, 0.22286512, -0.222865179, 0.887670457)|(0.99999994, 1, 1)
GlobalObjectId_V1-2-75255463483393841ad623c260500c31-7384132998969826053-828342056|True|(-4.09781931E-10, 0.002151076, -5.21540644E-10)|(-0.3357132, 0.22286512, -0.222865179, 0.887670457)|(0.99999994, 1, 1)
GlobalObjectId_V1-2-75255463483393841ad623c260500c31-7384132998969826053-863157045|True|(-4.09781931E-10, 0.002151076, -5.21540644E-10)|(-0.3357132, 0.22286512, -0.222865179, 0.887670457)|(0.99999994, 1, 1)
GlobalObjectId_V1-2-75255463483393841ad623c260500c31-7384132998969826053-950912075|True|(-4.09781931E-10, 0.002151076, -5.21540644E-10)|(-0.3357132, 0.22286512, -0.222865179, 0.887670457)|(0.99999994, 1, 1)
GlobalObjectId_V1-2-75255463483393841ad623c260500c31-739012182-0|True|(0, 0, 0)|(0.7071068, 0, 0, 0.7071068)|(1, 1, 1)
GlobalObjectId_V1-2-75255463483393841ad623c260500c31-7427216669226107213-1342259368|True|(0, 0, 0)|(-0.7071068, 0, 0, 0.7071067)|(100, 100, 100)
GlobalObjectId_V1-2-75255463483393841ad623c260500c31-7427216669226107213-1807193877|True|(0, 0, 0)|(-0.7071068, 0, 0, 0.7071067)|(100, 100, 100)
GlobalObjectId_V1-2-75255463483393841ad623c260500c31-7427216669226107213-249137488|True|(0, 0, 0)|(-0.7071068, 0, 0, 0.7071067)|(100, 100, 100)
GlobalObjectId_V1-2-75255463483393841ad623c260500c31-7427216669226107213-325631740|True|(0, 0, 0)|(-0.7071068, 0, 0, 0.7071067)|(100, 100, 100)
GlobalObjectId_V1-2-75255463483393841ad623c260500c31-7427216669226107213-673208042|True|(0, 0, 0)|(-0.7071068, 0, 0, 0.7071067)|(100, 100, 100)
GlobalObjectId_V1-2-75255463483393841ad623c260500c31-7427216669226107213-726046513|True|(0, 0, 0)|(-0.7071068, 0, 0, 0.7071067)|(100, 100, 100)
GlobalObjectId_V1-2-75255463483393841ad623c260500c31-743062765-0|True|(0, 0, 0)|(0.7071068, 0, 0, 0.7071068)|(1, 1, 1)
GlobalObjectId_V1-2-75255463483393841ad623c260500c31-7446032714235285377-1156845426|True|(0, 0.0048, 0)|(0, 0, 0, 1)|(1, 1, 1)
GlobalObjectId_V1-2-75255463483393841ad623c260500c31-7446032714235285377-1282342156|True|(0, 0.0048, 0)|(0, 0, 0, 1)|(1, 1, 1)
GlobalObjectId_V1-2-75255463483393841ad623c260500c31-7446032714235285377-1328059363|True|(0, 0.0048, 0)|(0, 0, 0, 1)|(1, 1, 1)
GlobalObjectId_V1-2-75255463483393841ad623c260500c31-7446032714235285377-1364577291|True|(0, 0.0048, 0)|(0, 0, 0, 1)|(1, 1, 1)
GlobalObjectId_V1-2-75255463483393841ad623c260500c31-7446032714235285377-1398831272|True|(0, 0.0048, 0)|(0, 0, 0, 1)|(1, 1, 1)
GlobalObjectId_V1-2-75255463483393841ad623c260500c31-7446032714235285377-1538826313|True|(0, 0.0048, 0)|(0, 0, 0, 1)|(1, 1, 1)
GlobalObjectId_V1-2-75255463483393841ad623c260500c31-7446032714235285377-2022718491|True|(0, 0.0048, 0)|(0, 0, 0, 1)|(1, 1, 1)
GlobalObjectId_V1-2-75255463483393841ad623c260500c31-7446032714235285377-2038314915|True|(0, 0.0048, 0)|(0, 0, 0, 1)|(1, 1, 1)
GlobalObjectId_V1-2-75255463483393841ad623c260500c31-7446032714235285377-535235437|True|(0, 0.0048, 0)|(0, 0, 0, 1)|(1, 1, 1)
GlobalObjectId_V1-2-75255463483393841ad623c260500c31-7446032714235285377-662617545|True|(0, 0.0048, 0)|(0, 0, 0, 1)|(1, 1, 1)
GlobalObjectId_V1-2-75255463483393841ad623c260500c31-746836368611025056-1203107918|True|(0, 0, 0)|(0, 0, 0, 1)|(1, 1, 1)
GlobalObjectId_V1-2-75255463483393841ad623c260500c31-746836368611025056-1383965340|True|(0, 0, 0)|(0, 8.940697E-08, 0, 1)|(1, 1, 1)
GlobalObjectId_V1-2-75255463483393841ad623c260500c31-746836368611025056-1611876135|True|(0, 0, 0)|(0, 0, 0, 1)|(1, 1, 1)
GlobalObjectId_V1-2-75255463483393841ad623c260500c31-746836368611025056-1998288023|True|(0, 0, 0)|(0, 8.940697E-08, 0, 1)|(1, 1, 1)
GlobalObjectId_V1-2-75255463483393841ad623c260500c31-746836368611025056-361588371|True|(0, 0, 0)|(0, 8.940697E-08, 0, 1)|(1, 1, 1)
GlobalObjectId_V1-2-75255463483393841ad623c260500c31-746836368611025056-377268884|True|(0, 0, 0)|(0, 0, 0, 1)|(1, 1, 1)
GlobalObjectId_V1-2-75255463483393841ad623c260500c31-746836368611025056-712445805|True|(0, 0, 0)|(0, 0, 0, 1)|(1, 1, 1)
GlobalObjectId_V1-2-75255463483393841ad623c260500c31-747848772-0|True|(-390.7475, 0.08, -330.554779)|(0, 0.5158164, 0, 0.856699169)|(1, 1, 1)
GlobalObjectId_V1-2-75255463483393841ad623c260500c31-74789598-0|True|(0, 0, 0)|(0.7071068, 0, 0, 0.7071068)|(1, 1, 1)
GlobalObjectId_V1-2-75255463483393841ad623c260500c31-749634153-0|True|(0, 0, 0)|(0.7071068, 0, 0, 0.7071068)|(1, 1, 1)
GlobalObjectId_V1-2-75255463483393841ad623c260500c31-7507117788698631725-1054006661|True|(0, 0.008, 0)|(0, 0.09584575, 0, 0.9953962)|(1, 1, 1)
GlobalObjectId_V1-2-75255463483393841ad623c260500c31-7507117788698631725-1066520553|True|(0, 0.008, 0)|(0, 0.09584575, 0, 0.9953962)|(1, 1, 1)
GlobalObjectId_V1-2-75255463483393841ad623c260500c31-7507117788698631725-1075442592|True|(0, 0.008, 0)|(0, 0.09584575, 0, 0.9953962)|(1, 1, 1)
GlobalObjectId_V1-2-75255463483393841ad623c260500c31-7507117788698631725-1123419265|True|(0, 0.008, 0)|(0, 0.09584575, 0, 0.9953962)|(1, 1, 1)
GlobalObjectId_V1-2-75255463483393841ad623c260500c31-7507117788698631725-1189067973|True|(0, 0.008, 0)|(0, 0.09584575, 0, 0.9953962)|(1, 1, 1)
GlobalObjectId_V1-2-75255463483393841ad623c260500c31-7507117788698631725-1213532434|True|(0, 0.008, 0)|(0, 0.09584575, 0, 0.9953962)|(1, 1, 1)
GlobalObjectId_V1-2-75255463483393841ad623c260500c31-7507117788698631725-1231942770|True|(0, 0.008, 0)|(0, 0.09584575, 0, 0.9953962)|(1, 1, 1)
GlobalObjectId_V1-2-75255463483393841ad623c260500c31-7507117788698631725-1273255913|True|(0, 0.008, 0)|(0, 0.09584575, 0, 0.9953962)|(1, 1, 1)
GlobalObjectId_V1-2-75255463483393841ad623c260500c31-7507117788698631725-1278822786|True|(0, 0.008, 0)|(0, 0.09584575, 0, 0.9953962)|(1, 1, 1)
GlobalObjectId_V1-2-75255463483393841ad623c260500c31-7507117788698631725-1289928147|True|(0, 0.008, 0)|(0, 0.09584575, 0, 0.9953962)|(1, 1, 1)
GlobalObjectId_V1-2-75255463483393841ad623c260500c31-7507117788698631725-1306169864|True|(0, 0.008, 0)|(0, 0.09584575, 0, 0.9953962)|(1, 1, 1)
GlobalObjectId_V1-2-75255463483393841ad623c260500c31-7507117788698631725-134612628|True|(0, 0.008, 0)|(0, 0.09584575, 0, 0.9953962)|(1, 1, 1)
GlobalObjectId_V1-2-75255463483393841ad623c260500c31-7507117788698631725-1362226918|True|(0, 0.008, 0)|(0, 0.09584575, 0, 0.9953962)|(1, 1, 1)
GlobalObjectId_V1-2-75255463483393841ad623c260500c31-7507117788698631725-1446791577|True|(0, 0.008, 0)|(0, 0.09584575, 0, 0.9953962)|(1, 1, 1)
GlobalObjectId_V1-2-75255463483393841ad623c260500c31-7507117788698631725-1453559021|True|(0, 0.008, 0)|(0, 0.09584575, 0, 0.9953962)|(1, 1, 1)
GlobalObjectId_V1-2-75255463483393841ad623c260500c31-7507117788698631725-1474131409|True|(0, 0.008, 0)|(0, 0.09584575, 0, 0.9953962)|(1, 1, 1)
GlobalObjectId_V1-2-75255463483393841ad623c260500c31-7507117788698631725-1523898307|True|(0, 0.008, 0)|(0, 0.09584575, 0, 0.9953962)|(1, 1, 1)
GlobalObjectId_V1-2-75255463483393841ad623c260500c31-7507117788698631725-1589411330|True|(0, 0.008, 0)|(0, 0.09584575, 0, 0.9953962)|(1, 1, 1)
GlobalObjectId_V1-2-75255463483393841ad623c260500c31-7507117788698631725-1669245919|True|(0, 0.008, 0)|(0, 0.09584575, 0, 0.9953962)|(1, 1, 1)
GlobalObjectId_V1-2-75255463483393841ad623c260500c31-7507117788698631725-1737122726|True|(0, 0.008, 0)|(0, 0.09584575, 0, 0.9953962)|(1, 1, 1)
GlobalObjectId_V1-2-75255463483393841ad623c260500c31-7507117788698631725-1741248142|True|(0, 0.008, 0)|(0, 0.09584575, 0, 0.9953962)|(1, 1, 1)
GlobalObjectId_V1-2-75255463483393841ad623c260500c31-7507117788698631725-177614287|True|(0, 0.008, 0)|(0, 0.09584575, 0, 0.9953962)|(1, 1, 1)
GlobalObjectId_V1-2-75255463483393841ad623c260500c31-7507117788698631725-1802634647|True|(0, 0.008, 0)|(0, 0.09584575, 0, 0.9953962)|(1, 1, 1)
GlobalObjectId_V1-2-75255463483393841ad623c260500c31-7507117788698631725-1890397674|True|(0, 0.008, 0)|(0, 0.09584575, 0, 0.9953962)|(1, 1, 1)
GlobalObjectId_V1-2-75255463483393841ad623c260500c31-7507117788698631725-1899348449|True|(0, 0.008, 0)|(0, 0.09584575, 0, 0.9953962)|(1, 1, 1)
GlobalObjectId_V1-2-75255463483393841ad623c260500c31-7507117788698631725-1931660283|True|(0, 0.008, 0)|(0, 0.09584575, 0, 0.9953962)|(1, 1, 1)
GlobalObjectId_V1-2-75255463483393841ad623c260500c31-7507117788698631725-2008804692|True|(0, 0.008, 0)|(0, 0.09584575, 0, 0.9953962)|(1, 1, 1)
GlobalObjectId_V1-2-75255463483393841ad623c260500c31-7507117788698631725-2120236441|True|(0, 0.008, 0)|(0, 0.09584575, 0, 0.9953962)|(1, 1, 1)
GlobalObjectId_V1-2-75255463483393841ad623c260500c31-7507117788698631725-255090835|True|(0, 0.008, 0)|(0, 0.09584575, 0, 0.9953962)|(1, 1, 1)
GlobalObjectId_V1-2-75255463483393841ad623c260500c31-7507117788698631725-261895982|True|(0, 0.008, 0)|(0, 0.09584575, 0, 0.9953962)|(1, 1, 1)
GlobalObjectId_V1-2-75255463483393841ad623c260500c31-7507117788698631725-346250313|True|(0, 0.008, 0)|(0, 0.09584575, 0, 0.9953962)|(1, 1, 1)
GlobalObjectId_V1-2-75255463483393841ad623c260500c31-7507117788698631725-374324541|True|(0, 0.008, 0)|(0, 0.09584575, 0, 0.9953962)|(1, 1, 1)
GlobalObjectId_V1-2-75255463483393841ad623c260500c31-7507117788698631725-39910857|True|(0, 0.008, 0)|(0, 0.09584575, 0, 0.9953962)|(1, 1, 1)
GlobalObjectId_V1-2-75255463483393841ad623c260500c31-7507117788698631725-415706150|True|(0, 0.008, 0)|(0, 0.09584575, 0, 0.9953962)|(1, 1, 1)
GlobalObjectId_V1-2-75255463483393841ad623c260500c31-7507117788698631725-420684188|True|(0, 0.008, 0)|(0, 0.09584575, 0, 0.9953962)|(1, 1, 1)
GlobalObjectId_V1-2-75255463483393841ad623c260500c31-7507117788698631725-448738566|True|(0, 0.008, 0)|(0, 0.09584575, 0, 0.9953962)|(1, 1, 1)
GlobalObjectId_V1-2-75255463483393841ad623c260500c31-7507117788698631725-455620735|True|(0, 0.008, 0)|(0, 0.09584575, 0, 0.9953962)|(1, 1, 1)
GlobalObjectId_V1-2-75255463483393841ad623c260500c31-7507117788698631725-462089741|True|(0, 0.008, 0)|(0, 0.09584575, 0, 0.9953962)|(1, 1, 1)
GlobalObjectId_V1-2-75255463483393841ad623c260500c31-7507117788698631725-471337410|True|(0, 0.008, 0)|(0, 0.09584575, 0, 0.9953962)|(1, 1, 1)
GlobalObjectId_V1-2-75255463483393841ad623c260500c31-7507117788698631725-514498336|True|(0, 0.008, 0)|(0, 0.09584575, 0, 0.9953962)|(1, 1, 1)
GlobalObjectId_V1-2-75255463483393841ad623c260500c31-7507117788698631725-570203299|True|(0, 0.008, 0)|(0, 0.09584575, 0, 0.9953962)|(1, 1, 1)
GlobalObjectId_V1-2-75255463483393841ad623c260500c31-7507117788698631725-577746331|True|(0, 0.008, 0)|(0, 0.09584575, 0, 0.9953962)|(1, 1, 1)
GlobalObjectId_V1-2-75255463483393841ad623c260500c31-7507117788698631725-614239699|True|(0, 0.008, 0)|(0, 0.09584575, 0, 0.9953962)|(1, 1, 1)
GlobalObjectId_V1-2-75255463483393841ad623c260500c31-7507117788698631725-720893779|True|(0, 0.008, 0)|(0, 0.09584575, 0, 0.9953962)|(1, 1, 1)
GlobalObjectId_V1-2-75255463483393841ad623c260500c31-7507117788698631725-759653167|True|(0, 0.008, 0)|(0, 0.09584575, 0, 0.9953962)|(1, 1, 1)
GlobalObjectId_V1-2-75255463483393841ad623c260500c31-7507117788698631725-788279421|True|(0, 0.008, 0)|(0, 0.09584575, 0, 0.9953962)|(1, 1, 1)
GlobalObjectId_V1-2-75255463483393841ad623c260500c31-7507117788698631725-801688379|True|(0, 0.008, 0)|(0, 0.09584575, 0, 0.9953962)|(1, 1, 1)
GlobalObjectId_V1-2-75255463483393841ad623c260500c31-7507117788698631725-827096132|True|(0, 0.008, 0)|(0, 0.09584575, 0, 0.9953962)|(1, 1, 1)
GlobalObjectId_V1-2-75255463483393841ad623c260500c31-7507117788698631725-841608481|True|(0, 0.008, 0)|(0, 0.09584575, 0, 0.9953962)|(1, 1, 1)
GlobalObjectId_V1-2-75255463483393841ad623c260500c31-7507117788698631725-866930353|True|(0, 0.008, 0)|(0, 0.09584575, 0, 0.9953962)|(1, 1, 1)
GlobalObjectId_V1-2-75255463483393841ad623c260500c31-7538050047918689362-1342259368|True|(0, 0, 4.065526E-11)|(0.7071068, 0, 0, 0.7071067)|(1, 1, 1)
GlobalObjectId_V1-2-75255463483393841ad623c260500c31-7538050047918689362-1807193877|True|(0, 0, 4.065526E-11)|(0.7071068, 0, 0, 0.7071067)|(1, 1, 1)
GlobalObjectId_V1-2-75255463483393841ad623c260500c31-7538050047918689362-249137488|True|(0, 0, 4.065526E-11)|(0.7071068, 0, 0, 0.7071067)|(1, 1, 1)
GlobalObjectId_V1-2-75255463483393841ad623c260500c31-7538050047918689362-325631740|True|(0, 0, 4.065526E-11)|(0.7071068, 0, 0, 0.7071067)|(1, 1, 1)
GlobalObjectId_V1-2-75255463483393841ad623c260500c31-7538050047918689362-673208042|True|(0, 0, 4.065526E-11)|(0.7071068, 0, 0, 0.7071067)|(1, 1, 1)
GlobalObjectId_V1-2-75255463483393841ad623c260500c31-7538050047918689362-726046513|True|(0, 0, 4.065526E-11)|(0.7071068, 0, 0, 0.7071067)|(1, 1, 1)
GlobalObjectId_V1-2-75255463483393841ad623c260500c31-7545520115879513771-1054006661|True|(0, 0.64, 0)|(-0.7071068, 0, 0, 0.7071068)|(1, 1, 1)
GlobalObjectId_V1-2-75255463483393841ad623c260500c31-7545520115879513771-1066520553|True|(0, 0.64, 0)|(-0.7071068, 0, 0, 0.7071068)|(1, 1, 1)
GlobalObjectId_V1-2-75255463483393841ad623c260500c31-7545520115879513771-1075442592|True|(0, 0.64, 0)|(-0.7071068, 0, 0, 0.7071068)|(1, 1, 1)
GlobalObjectId_V1-2-75255463483393841ad623c260500c31-7545520115879513771-1123419265|True|(0, 0.64, 0)|(-0.7071068, 0, 0, 0.7071068)|(1, 1, 1)
GlobalObjectId_V1-2-75255463483393841ad623c260500c31-7545520115879513771-1189067973|True|(0, 0.64, 0)|(-0.7071068, 0, 0, 0.7071068)|(1, 1, 1)
GlobalObjectId_V1-2-75255463483393841ad623c260500c31-7545520115879513771-1213532434|True|(0, 0.64, 0)|(-0.7071068, 0, 0, 0.7071068)|(1, 1, 1)
GlobalObjectId_V1-2-75255463483393841ad623c260500c31-7545520115879513771-1231942770|True|(0, 0.64, 0)|(-0.7071068, 0, 0, 0.7071068)|(1, 1, 1)
GlobalObjectId_V1-2-75255463483393841ad623c260500c31-7545520115879513771-1273255913|True|(0, 0.64, 0)|(-0.7071068, 0, 0, 0.7071068)|(1, 1, 1)
GlobalObjectId_V1-2-75255463483393841ad623c260500c31-7545520115879513771-1278822786|True|(0, 0.64, 0)|(-0.7071068, 0, 0, 0.7071068)|(1, 1, 1)
GlobalObjectId_V1-2-75255463483393841ad623c260500c31-7545520115879513771-1289928147|True|(0, 0.64, 0)|(-0.7071068, 0, 0, 0.7071068)|(1, 1, 1)
GlobalObjectId_V1-2-75255463483393841ad623c260500c31-7545520115879513771-1306169864|True|(0, 0.64, 0)|(-0.7071068, 0, 0, 0.7071068)|(1, 1, 1)
GlobalObjectId_V1-2-75255463483393841ad623c260500c31-7545520115879513771-134612628|True|(0, 0.64, 0)|(-0.7071068, 0, 0, 0.7071068)|(1, 1, 1)
GlobalObjectId_V1-2-75255463483393841ad623c260500c31-7545520115879513771-1362226918|True|(0, 0.64, 0)|(-0.7071068, 0, 0, 0.7071068)|(1, 1, 1)
GlobalObjectId_V1-2-75255463483393841ad623c260500c31-7545520115879513771-1446791577|True|(0, 0.64, 0)|(-0.7071068, 0, 0, 0.7071068)|(1, 1, 1)
GlobalObjectId_V1-2-75255463483393841ad623c260500c31-7545520115879513771-1453559021|True|(0, 0.64, 0)|(-0.7071068, 0, 0, 0.7071068)|(1, 1, 1)
GlobalObjectId_V1-2-75255463483393841ad623c260500c31-7545520115879513771-1474131409|True|(0, 0.64, 0)|(-0.7071068, 0, 0, 0.7071068)|(1, 1, 1)
GlobalObjectId_V1-2-75255463483393841ad623c260500c31-7545520115879513771-1523898307|True|(0, 0.64, 0)|(-0.7071068, 0, 0, 0.7071068)|(1, 1, 1)
GlobalObjectId_V1-2-75255463483393841ad623c260500c31-7545520115879513771-1589411330|True|(0, 0.64, 0)|(-0.7071068, 0, 0, 0.7071068)|(1, 1, 1)
GlobalObjectId_V1-2-75255463483393841ad623c260500c31-7545520115879513771-1669245919|True|(0, 0.64, 0)|(-0.7071068, 0, 0, 0.7071068)|(1, 1, 1)
GlobalObjectId_V1-2-75255463483393841ad623c260500c31-7545520115879513771-1737122726|True|(0, 0.64, 0)|(-0.7071068, 0, 0, 0.7071068)|(1, 1, 1)
GlobalObjectId_V1-2-75255463483393841ad623c260500c31-7545520115879513771-1741248142|True|(0, 0.64, 0)|(-0.7071068, 0, 0, 0.7071068)|(1, 1, 1)
GlobalObjectId_V1-2-75255463483393841ad623c260500c31-7545520115879513771-177614287|True|(0, 0.64, 0)|(-0.7071068, 0, 0, 0.7071068)|(1, 1, 1)
GlobalObjectId_V1-2-75255463483393841ad623c260500c31-7545520115879513771-1802634647|True|(0, 0.64, 0)|(-0.7071068, 0, 0, 0.7071068)|(1, 1, 1)
GlobalObjectId_V1-2-75255463483393841ad623c260500c31-7545520115879513771-1890397674|True|(0, 0.64, 0)|(-0.7071068, 0, 0, 0.7071068)|(1, 1, 1)
GlobalObjectId_V1-2-75255463483393841ad623c260500c31-7545520115879513771-1899348449|True|(0, 0.64, 0)|(-0.7071068, 0, 0, 0.7071068)|(1, 1, 1)
GlobalObjectId_V1-2-75255463483393841ad623c260500c31-7545520115879513771-1931660283|True|(0, 0.64, 0)|(-0.7071068, 0, 0, 0.7071068)|(1, 1, 1)
GlobalObjectId_V1-2-75255463483393841ad623c260500c31-7545520115879513771-2008804692|True|(0, 0.64, 0)|(-0.7071068, 0, 0, 0.7071068)|(1, 1, 1)
GlobalObjectId_V1-2-75255463483393841ad623c260500c31-7545520115879513771-2120236441|True|(0, 0.64, 0)|(-0.7071068, 0, 0, 0.7071068)|(1, 1, 1)
GlobalObjectId_V1-2-75255463483393841ad623c260500c31-7545520115879513771-255090835|True|(0, 0.64, 0)|(-0.7071068, 0, 0, 0.7071068)|(1, 1, 1)
GlobalObjectId_V1-2-75255463483393841ad623c260500c31-7545520115879513771-261895982|True|(0, 0.64, 0)|(-0.7071068, 0, 0, 0.7071068)|(1, 1, 1)
GlobalObjectId_V1-2-75255463483393841ad623c260500c31-7545520115879513771-346250313|True|(0, 0.64, 0)|(-0.7071068, 0, 0, 0.7071068)|(1, 1, 1)
GlobalObjectId_V1-2-75255463483393841ad623c260500c31-7545520115879513771-374324541|True|(0, 0.64, 0)|(-0.7071068, 0, 0, 0.7071068)|(1, 1, 1)
GlobalObjectId_V1-2-75255463483393841ad623c260500c31-7545520115879513771-39910857|True|(0, 0.64, 0)|(-0.7071068, 0, 0, 0.7071068)|(1, 1, 1)
GlobalObjectId_V1-2-75255463483393841ad623c260500c31-7545520115879513771-415706150|True|(0, 0.64, 0)|(-0.7071068, 0, 0, 0.7071068)|(1, 1, 1)
GlobalObjectId_V1-2-75255463483393841ad623c260500c31-7545520115879513771-420684188|True|(0, 0.64, 0)|(-0.7071068, 0, 0, 0.7071068)|(1, 1, 1)
GlobalObjectId_V1-2-75255463483393841ad623c260500c31-7545520115879513771-448738566|True|(0, 0.64, 0)|(-0.7071068, 0, 0, 0.7071068)|(1, 1, 1)
GlobalObjectId_V1-2-75255463483393841ad623c260500c31-7545520115879513771-455620735|True|(0, 0.64, 0)|(-0.7071068, 0, 0, 0.7071068)|(1, 1, 1)
GlobalObjectId_V1-2-75255463483393841ad623c260500c31-7545520115879513771-462089741|True|(0, 0.64, 0)|(-0.7071068, 0, 0, 0.7071068)|(1, 1, 1)
GlobalObjectId_V1-2-75255463483393841ad623c260500c31-7545520115879513771-471337410|True|(0, 0.64, 0)|(-0.7071068, 0, 0, 0.7071068)|(1, 1, 1)
GlobalObjectId_V1-2-75255463483393841ad623c260500c31-7545520115879513771-514498336|True|(0, 0.64, 0)|(-0.7071068, 0, 0, 0.7071068)|(1, 1, 1)
GlobalObjectId_V1-2-75255463483393841ad623c260500c31-7545520115879513771-570203299|True|(0, 0.64, 0)|(-0.7071068, 0, 0, 0.7071068)|(1, 1, 1)
GlobalObjectId_V1-2-75255463483393841ad623c260500c31-7545520115879513771-577746331|True|(0, 0.64, 0)|(-0.7071068, 0, 0, 0.7071068)|(1, 1, 1)
GlobalObjectId_V1-2-75255463483393841ad623c260500c31-7545520115879513771-614239699|True|(0, 0.64, 0)|(-0.7071068, 0, 0, 0.7071068)|(1, 1, 1)
GlobalObjectId_V1-2-75255463483393841ad623c260500c31-7545520115879513771-720893779|True|(0, 0.64, 0)|(-0.7071068, 0, 0, 0.7071068)|(1, 1, 1)
GlobalObjectId_V1-2-75255463483393841ad623c260500c31-7545520115879513771-759653167|True|(0, 0.64, 0)|(-0.7071068, 0, 0, 0.7071068)|(1, 1, 1)
GlobalObjectId_V1-2-75255463483393841ad623c260500c31-7545520115879513771-788279421|True|(0, 0.64, 0)|(-0.7071068, 0, 0, 0.7071068)|(1, 1, 1)
GlobalObjectId_V1-2-75255463483393841ad623c260500c31-7545520115879513771-801688379|True|(0, 0.64, 0)|(-0.7071068, 0, 0, 0.7071068)|(1, 1, 1)
GlobalObjectId_V1-2-75255463483393841ad623c260500c31-7545520115879513771-827096132|True|(0, 0.64, 0)|(-0.7071068, 0, 0, 0.7071068)|(1, 1, 1)
GlobalObjectId_V1-2-75255463483393841ad623c260500c31-7545520115879513771-841608481|True|(0, 0.64, 0)|(-0.7071068, 0, 0, 0.7071068)|(1, 1, 1)
GlobalObjectId_V1-2-75255463483393841ad623c260500c31-7545520115879513771-866930353|True|(0, 0.64, 0)|(-0.7071068, 0, 0, 0.7071068)|(1, 1, 1)
GlobalObjectId_V1-2-75255463483393841ad623c260500c31-758352980-0|True|(0, 0, 0)|(0.7071068, 0, 0, 0.7071068)|(1, 1, 1)
GlobalObjectId_V1-2-75255463483393841ad623c260500c31-7613756179254007293-1156845426|True|(0, 0, 0)|(-0.7071068, 0, 0, 0.7071067)|(100, 100, 100)
GlobalObjectId_V1-2-75255463483393841ad623c260500c31-7613756179254007293-1282342156|True|(0, 0, 0)|(-0.7071068, 0, 0, 0.7071067)|(100, 100, 100)
GlobalObjectId_V1-2-75255463483393841ad623c260500c31-7613756179254007293-1328059363|True|(0, 0, 0)|(-0.7071068, 0, 0, 0.7071067)|(100, 100, 100)
GlobalObjectId_V1-2-75255463483393841ad623c260500c31-7613756179254007293-1364577291|True|(0, 0, 0)|(-0.7071068, 0, 0, 0.7071067)|(100, 100, 100)
GlobalObjectId_V1-2-75255463483393841ad623c260500c31-7613756179254007293-1398831272|True|(0, 0, 0)|(-0.7071068, 0, 0, 0.7071067)|(100, 100, 100)
GlobalObjectId_V1-2-75255463483393841ad623c260500c31-7613756179254007293-1538826313|True|(0, 0, 0)|(-0.7071068, 0, 0, 0.7071067)|(100, 100, 100)
GlobalObjectId_V1-2-75255463483393841ad623c260500c31-7613756179254007293-2022718491|True|(0, 0, 0)|(-0.7071068, 0, 0, 0.7071067)|(100, 100, 100)
GlobalObjectId_V1-2-75255463483393841ad623c260500c31-7613756179254007293-2038314915|True|(0, 0, 0)|(-0.7071068, 0, 0, 0.7071067)|(100, 100, 100)
GlobalObjectId_V1-2-75255463483393841ad623c260500c31-7613756179254007293-535235437|True|(0, 0, 0)|(-0.7071068, 0, 0, 0.7071067)|(100, 100, 100)
GlobalObjectId_V1-2-75255463483393841ad623c260500c31-7613756179254007293-662617545|True|(0, 0, 0)|(-0.7071068, 0, 0, 0.7071067)|(100, 100, 100)
GlobalObjectId_V1-2-75255463483393841ad623c260500c31-761658715-0|True|(0, 0, 0)|(0.7071068, 0, 0, 0.7071068)|(1, 1, 1)
GlobalObjectId_V1-2-75255463483393841ad623c260500c31-762719118-0|True|(0, 0, 0)|(0.7071068, 0, 0, 0.7071068)|(1, 1, 1)
GlobalObjectId_V1-2-75255463483393841ad623c260500c31-76303952-0|True|(0, 0, 0)|(0.7071068, 0, 0, 0.7071068)|(1, 1, 1)
GlobalObjectId_V1-2-75255463483393841ad623c260500c31-768493125-0|True|(-1.5, 0.7, 0)|(0, 0, 0, 1)|(0.4, 1.1, 0.45)
GlobalObjectId_V1-2-75255463483393841ad623c260500c31-768864037-0|True|(-1.5, 0.15, 0)|(0, 0, 0, 1)|(0.35, 0.3, 3.5)
GlobalObjectId_V1-2-75255463483393841ad623c260500c31-77030588-0|True|(0, 0, 0)|(0.7071068, 0, 0, 0.7071068)|(1, 1, 1)
GlobalObjectId_V1-2-75255463483393841ad623c260500c31-7710643612971158248-1156845426|{"MonoBehaviour":{"m_Enabled":true,"m_EditorHideFlags":0,"m_Name":"","m_EditorClassIdentifier":"Assembly-CSharp::IndianOceanAssets.ShooterSurvival.EnemyMovementController","eventMode":1,"moveSpeed":2.4000000953674318,"patrolAcrossRoad":true,"moveAnimation":1,"targetPoint":{"instanceID":0},"hideWhileWaiting":false,"ambushEntrySide":0.0,"modelForwardYaw":0.0,"arrivalDistance":0.05000000074505806}}
GlobalObjectId_V1-2-75255463483393841ad623c260500c31-7710643612971158248-1282342156|{"MonoBehaviour":{"m_Enabled":true,"m_EditorHideFlags":0,"m_Name":"","m_EditorClassIdentifier":"Assembly-CSharp::IndianOceanAssets.ShooterSurvival.EnemyMovementController","eventMode":1,"moveSpeed":2.4000000953674318,"patrolAcrossRoad":true,"moveAnimation":1,"targetPoint":{"instanceID":0},"hideWhileWaiting":false,"ambushEntrySide":0.0,"modelForwardYaw":0.0,"arrivalDistance":0.05000000074505806}}
GlobalObjectId_V1-2-75255463483393841ad623c260500c31-7710643612971158248-1328059363|{"MonoBehaviour":{"m_Enabled":true,"m_EditorHideFlags":0,"m_Name":"","m_EditorClassIdentifier":"Assembly-CSharp::IndianOceanAssets.ShooterSurvival.EnemyMovementController","eventMode":1,"moveSpeed":2.4000000953674318,"patrolAcrossRoad":true,"moveAnimation":1,"targetPoint":{"instanceID":0},"hideWhileWaiting":false,"ambushEntrySide":0.0,"modelForwardYaw":0.0,"arrivalDistance":0.05000000074505806}}
GlobalObjectId_V1-2-75255463483393841ad623c260500c31-7710643612971158248-1364577291|{"MonoBehaviour":{"m_Enabled":true,"m_EditorHideFlags":0,"m_Name":"","m_EditorClassIdentifier":"Assembly-CSharp::IndianOceanAssets.ShooterSurvival.EnemyMovementController","eventMode":1,"moveSpeed":2.4000000953674318,"patrolAcrossRoad":true,"moveAnimation":1,"targetPoint":{"instanceID":0},"hideWhileWaiting":false,"ambushEntrySide":0.0,"modelForwardYaw":0.0,"arrivalDistance":0.05000000074505806}}
GlobalObjectId_V1-2-75255463483393841ad623c260500c31-7710643612971158248-1398831272|{"MonoBehaviour":{"m_Enabled":true,"m_EditorHideFlags":0,"m_Name":"","m_EditorClassIdentifier":"Assembly-CSharp::IndianOceanAssets.ShooterSurvival.EnemyMovementController","eventMode":1,"moveSpeed":2.4000000953674318,"patrolAcrossRoad":true,"moveAnimation":1,"targetPoint":{"instanceID":0},"hideWhileWaiting":false,"ambushEntrySide":0.0,"modelForwardYaw":0.0,"arrivalDistance":0.05000000074505806}}
GlobalObjectId_V1-2-75255463483393841ad623c260500c31-7710643612971158248-1538826313|{"MonoBehaviour":{"m_Enabled":true,"m_EditorHideFlags":0,"m_Name":"","m_EditorClassIdentifier":"Assembly-CSharp::IndianOceanAssets.ShooterSurvival.EnemyMovementController","eventMode":1,"moveSpeed":2.4000000953674318,"patrolAcrossRoad":true,"moveAnimation":1,"targetPoint":{"instanceID":0},"hideWhileWaiting":false,"ambushEntrySide":0.0,"modelForwardYaw":0.0,"arrivalDistance":0.05000000074505806}}
GlobalObjectId_V1-2-75255463483393841ad623c260500c31-7710643612971158248-2022718491|{"MonoBehaviour":{"m_Enabled":true,"m_EditorHideFlags":0,"m_Name":"","m_EditorClassIdentifier":"Assembly-CSharp::IndianOceanAssets.ShooterSurvival.EnemyMovementController","eventMode":1,"moveSpeed":2.4000000953674318,"patrolAcrossRoad":true,"moveAnimation":1,"targetPoint":{"instanceID":0},"hideWhileWaiting":false,"ambushEntrySide":0.0,"modelForwardYaw":0.0,"arrivalDistance":0.05000000074505806}}
GlobalObjectId_V1-2-75255463483393841ad623c260500c31-7710643612971158248-2038314915|{"MonoBehaviour":{"m_Enabled":true,"m_EditorHideFlags":0,"m_Name":"","m_EditorClassIdentifier":"Assembly-CSharp::IndianOceanAssets.ShooterSurvival.EnemyMovementController","eventMode":1,"moveSpeed":2.4000000953674318,"patrolAcrossRoad":true,"moveAnimation":1,"targetPoint":{"instanceID":0},"hideWhileWaiting":false,"ambushEntrySide":0.0,"modelForwardYaw":0.0,"arrivalDistance":0.05000000074505806}}
GlobalObjectId_V1-2-75255463483393841ad623c260500c31-7710643612971158248-535235437|{"MonoBehaviour":{"m_Enabled":true,"m_EditorHideFlags":0,"m_Name":"","m_EditorClassIdentifier":"Assembly-CSharp::IndianOceanAssets.ShooterSurvival.EnemyMovementController","eventMode":1,"moveSpeed":2.4000000953674318,"patrolAcrossRoad":true,"moveAnimation":1,"targetPoint":{"instanceID":0},"hideWhileWaiting":false,"ambushEntrySide":0.0,"modelForwardYaw":0.0,"arrivalDistance":0.05000000074505806}}
GlobalObjectId_V1-2-75255463483393841ad623c260500c31-7710643612971158248-662617545|{"MonoBehaviour":{"m_Enabled":true,"m_EditorHideFlags":0,"m_Name":"","m_EditorClassIdentifier":"Assembly-CSharp::IndianOceanAssets.ShooterSurvival.EnemyMovementController","eventMode":1,"moveSpeed":2.4000000953674318,"patrolAcrossRoad":true,"moveAnimation":1,"targetPoint":{"instanceID":0},"hideWhileWaiting":false,"ambushEntrySide":0.0,"modelForwardYaw":0.0,"arrivalDistance":0.05000000074505806}}
GlobalObjectId_V1-2-75255463483393841ad623c260500c31-772518092-0|True|(0, 0, 0)|(0.7071068, 0, 0, 0.7071068)|(1, 1, 1)
GlobalObjectId_V1-2-75255463483393841ad623c260500c31-774343048-0|True|(0, 0, 0)|(0, 0, 0, 1)|(1, 1, 1)
GlobalObjectId_V1-2-75255463483393841ad623c260500c31-775911685-0|True|(-160.878448, 1.49661994, -166.764389)|(0, 0.0380144231, 0, 0.999277234)|(1, 1, 1)
GlobalObjectId_V1-2-75255463483393841ad623c260500c31-777031790-0|True|(0, 0, 0)|(0, 0, 0, 1)|(1, 1, 1)
GlobalObjectId_V1-2-75255463483393841ad623c260500c31-77709899-0|True|(0, 0, 0)|(0.7071068, 0, 0, 0.7071068)|(1, 1, 1)
GlobalObjectId_V1-2-75255463483393841ad623c260500c31-777838390-0|True|(-1.5, 2, 0)|(0, 0, 0, 1)|(0.32, 0.34, 0.12)
GlobalObjectId_V1-2-75255463483393841ad623c260500c31-777939853-0|True|(0, 0, 0)|(0.7071068, 0, 0, 0.7071068)|(1, 1, 1)
GlobalObjectId_V1-2-75255463483393841ad623c260500c31-7797914158092628005-1270225228|True|(0, 0.0048, 0)|(0, 0, 0, 1)|(1, 1, 1)
GlobalObjectId_V1-2-75255463483393841ad623c260500c31-7797914158092628005-1720144850|True|(0, 0.0048, 0)|(0, 0, 0, 1)|(1, 1, 1)
GlobalObjectId_V1-2-75255463483393841ad623c260500c31-7797914158092628005-1742115882|True|(0, 0.0048, 0)|(0, 0, 0, 1)|(1, 1, 1)
GlobalObjectId_V1-2-75255463483393841ad623c260500c31-7797914158092628005-1906523992|True|(0, 0.0048, 0)|(0, 0, 0, 1)|(1, 1, 1)
GlobalObjectId_V1-2-75255463483393841ad623c260500c31-7797914158092628005-1921694405|True|(0, 0.0048, 0)|(0, 0, 0, 1)|(1, 1, 1)
GlobalObjectId_V1-2-75255463483393841ad623c260500c31-7797914158092628005-2052472853|True|(0, 0.0048, 0)|(0, 0, 0, 1)|(1, 1, 1)
GlobalObjectId_V1-2-75255463483393841ad623c260500c31-7797914158092628005-303056869|True|(0, 0.0048, 0)|(0, 0, 0, 1)|(1, 1, 1)
GlobalObjectId_V1-2-75255463483393841ad623c260500c31-7797914158092628005-308968016|True|(0, 0.0048, 0)|(0, 0, 0, 1)|(1, 1, 1)
GlobalObjectId_V1-2-75255463483393841ad623c260500c31-7797914158092628005-764708180|True|(0, 0.0048, 0)|(0, 0, 0, 1)|(1, 1, 1)
GlobalObjectId_V1-2-75255463483393841ad623c260500c31-7797914158092628005-924230383|True|(0, 0.0048, 0)|(0, 0, 0, 1)|(1, 1, 1)
GlobalObjectId_V1-2-75255463483393841ad623c260500c31-784916715-0|True|(0, 0, 0)|(0.7071068, 0, 0, 0.7071068)|(1, 1, 1)
GlobalObjectId_V1-2-75255463483393841ad623c260500c31-785888961-0|True|(-1.5, 1.3, 0)|(0, 0, 0, 1)|(1, 1, 1)
GlobalObjectId_V1-2-75255463483393841ad623c260500c31-7862798195440693140-1092392191|True|(0, 0, 0)|(0, 0, 0, 1)|(1, 1, 1)
GlobalObjectId_V1-2-75255463483393841ad623c260500c31-7862798195440693140-1236654927|True|(0, 0, 0)|(0, 0, 0, 1)|(1, 1, 1)
GlobalObjectId_V1-2-75255463483393841ad623c260500c31-7862798195440693140-1830864491|True|(0, 0, 0)|(0, 0, 0, 1)|(1, 1, 1)
GlobalObjectId_V1-2-75255463483393841ad623c260500c31-7862798195440693140-184762202|True|(0, 0, 0)|(0, 0, 0, 1)|(1, 1, 1)
GlobalObjectId_V1-2-75255463483393841ad623c260500c31-7862798195440693140-430729400|True|(0, 0, 0)|(0, 0, 0, 1)|(1, 1, 1)
GlobalObjectId_V1-2-75255463483393841ad623c260500c31-7862798195440693140-507331391|True|(0, 0, 0)|(0, 0, 0, 1)|(1, 1, 1)
GlobalObjectId_V1-2-75255463483393841ad623c260500c31-7862798195440693140-559331042|True|(0, 0, 0)|(0, 0, 0, 1)|(1, 1, 1)
GlobalObjectId_V1-2-75255463483393841ad623c260500c31-7862798195440693140-995936011|True|(0, 0, 0)|(0, 0, 0, 1)|(1, 1, 1)
GlobalObjectId_V1-2-75255463483393841ad623c260500c31-787247213-0|True|(0, 0, 0)|(0.7071068, 0, 0, 0.7071068)|(1, 1, 1)
GlobalObjectId_V1-2-75255463483393841ad623c260500c31-789411233-0|True|(0, 0, 0)|(0.7071068, 0, 0, 0.7071068)|(1, 1, 1)
GlobalObjectId_V1-2-75255463483393841ad623c260500c31-7901544632725012564-1054006661|True|(0, 1.13260007, -0.035)|(0.09475031, 0.766977966, -0.118640184, 0.623451352)|(1, 1, 1)
GlobalObjectId_V1-2-75255463483393841ad623c260500c31-7901544632725012564-1066520553|True|(0, 1.13260007, -0.035)|(0.0117686186, -0.9860571, 0.151375741, 0.06810572)|(1, 1, 1)
GlobalObjectId_V1-2-75255463483393841ad623c260500c31-7901544632725012564-1075442592|True|(0, 1.13260007, -0.035)|(0.106463484, 0.698701441, -0.108252652, 0.699116051)|(1, 1, 1)
GlobalObjectId_V1-2-75255463483393841ad623c260500c31-7901544632725012564-1123419265|True|(0, 1.13260007, -0.035)|(0.008908599, -0.9871671, 0.151570931, 0.04947716)|(1, 1, 1)
GlobalObjectId_V1-2-75255463483393841ad623c260500c31-7901544632725012564-1189067973|True|(0, 1.13260007, -0.035)|(0.00332167931, -0.988319457, 0.151796162, 0.0130958771)|(1, 1, 1)
GlobalObjectId_V1-2-75255463483393841ad623c260500c31-7901544632725012564-1213532434|True|(0, 1.13260007, -0.035)|(0.106463484, 0.698701441, -0.108252652, 0.699116051)|(1, 1, 1)
GlobalObjectId_V1-2-75255463483393841ad623c260500c31-7901544632725012564-1231942770|True|(0, 1.13260007, -0.035)|(0.005738496, -0.9879857, 0.151724041, 0.0288324486)|(1, 1, 1)
GlobalObjectId_V1-2-75255463483393841ad623c260500c31-7901544632725012564-1273255913|True|(0, 1.13260007, -0.035)|(0.1005799, 0.7347526, -0.113740027, 0.661124468)|(1, 1, 1)
GlobalObjectId_V1-2-75255463483393841ad623c260500c31-7901544632725012564-1278822786|True|(0, 1.13260007, -0.035)|(-0.000790364, -0.9883117, 0.151830465, -0.0136738205)|(1, 1, 1)
GlobalObjectId_V1-2-75255463483393841ad623c260500c31-7901544632725012564-1289928147|True|(0, 1.13260007, -0.035)|(-0.0067786444, -0.9870032, 0.151681125, -0.0526467636)|(1, 1, 1)
GlobalObjectId_V1-2-75255463483393841ad623c260500c31-7901544632725012564-1306169864|True|(0, 1.13260007, -0.035)|(0.0981133059, 0.7487854, -0.115874454, 0.645187855)|(1, 1, 1)
GlobalObjectId_V1-2-75255463483393841ad623c260500c31-7901544632725012564-134612628|True|(0, 1.13260007, -0.035)|(0.100580141, 0.7347512, -0.113739826, 0.661126)|(1, 1, 1)
GlobalObjectId_V1-2-75255463483393841ad623c260500c31-7901544632725012564-1362226918|True|(0, 1.13260007, -0.035)|(0.06749556, 0.8815495, -0.136005357, 0.4470093)|(1, 1, 1)
GlobalObjectId_V1-2-75255463483393841ad623c260500c31-7901544632725012564-1446791577|True|(0, 1.13260007, -0.035)|(-0.00372733665, -0.9878622, 0.151786759, -0.0327898972)|(1, 1, 1)
GlobalObjectId_V1-2-75255463483393841ad623c260500c31-7901544632725012564-1453559021|True|(0, 1.13260007, -0.035)|(0.0117686186, -0.9860571, 0.151375741, 0.06810572)|(1, 1, 1)
GlobalObjectId_V1-2-75255463483393841ad623c260500c31-7901544632725012564-1474131409|True|(0, 1.13260007, -0.035)|(-0.004121192, -0.9877738, 0.151776582, -0.0353531651)|(1, 1, 1)
GlobalObjectId_V1-2-75255463483393841ad623c260500c31-7901544632725012564-1523898307|True|(0, 1.13260007, -0.035)|(-0.0067786444, -0.9870032, 0.151681125, -0.0526467636)|(1, 1, 1)
GlobalObjectId_V1-2-75255463483393841ad623c260500c31-7901544632725012564-1589411330|True|(0, 1.13260007, -0.035)|(0.1005799, 0.7347526, -0.113740027, 0.661124468)|(1, 1, 1)
GlobalObjectId_V1-2-75255463483393841ad623c260500c31-7901544632725012564-1669245919|True|(0, 1.13260007, -0.035)|(-0.004121192, -0.9877738, 0.151776582, -0.0353531651)|(1, 1, 1)
GlobalObjectId_V1-2-75255463483393841ad623c260500c31-7901544632725012564-1737122726|True|(0, 1.13260007, -0.035)|(0.005738496, -0.9879857, 0.151724041, 0.0288324486)|(1, 1, 1)
GlobalObjectId_V1-2-75255463483393841ad623c260500c31-7901544632725012564-1741248142|True|(0, 1.13260007, -0.035)|(0.00126513245, -0.988406241, 0.151827246, -0.000293173478)|(1, 1, 1)
GlobalObjectId_V1-2-75255463483393841ad623c260500c31-7901544632725012564-177614287|True|(0, 1.13260007, -0.035)|(-0.00677845534, -0.987003267, 0.15168114, -0.0526455343)|(1, 1, 1)
GlobalObjectId_V1-2-75255463483393841ad623c260500c31-7901544632725012564-1802634647|True|(0, 1.13260007, -0.035)|(0.100580141, 0.7347512, -0.113739826, 0.661126)|(1, 1, 1)
GlobalObjectId_V1-2-75255463483393841ad623c260500c31-7901544632725012564-1890397674|True|(0, 1.13260007, -0.035)|(-0.00269372948, -0.9880626, 0.151808634, -0.02606275)|(1, 1, 1)
GlobalObjectId_V1-2-75255463483393841ad623c260500c31-7901544632725012564-1899348449|True|(0, 1.13260007, -0.035)|(0.006214384, -0.987890363, 0.1517053, 0.0319313444)|(1, 1, 1)
GlobalObjectId_V1-2-75255463483393841ad623c260500c31-7901544632725012564-1931660283|True|(0, 1.13260007, -0.035)|(0.09001901, 0.790865541, -0.122268923, 0.5928563)|(1, 1, 1)
GlobalObjectId_V1-2-75255463483393841ad623c260500c31-7901544632725012564-2008804692|True|(0, 1.13260007, -0.035)|(-0.000790364, -0.9883117, 0.151830465, -0.0136738205)|(1, 1, 1)
GlobalObjectId_V1-2-75255463483393841ad623c260500c31-7901544632725012564-2120236441|True|(0, 1.13260007, -0.035)|(0.09475031, 0.766977966, -0.118640184, 0.623451352)|(1, 1, 1)
GlobalObjectId_V1-2-75255463483393841ad623c260500c31-7901544632725012564-255090835|True|(0, 1.13260007, -0.035)|(0.09001901, 0.790865541, -0.122268923, 0.5928563)|(1, 1, 1)
GlobalObjectId_V1-2-75255463483393841ad623c260500c31-7901544632725012564-261895982|True|(0, 1.13260007, -0.035)|(-0.01044188, -0.9854429, 0.15147303, -0.07648129)|(1, 1, 1)
GlobalObjectId_V1-2-75255463483393841ad623c260500c31-7901544632725012564-346250313|True|(0, 1.13260007, -0.035)|(0.00332167931, -0.988319457, 0.151796162, 0.0130958771)|(1, 1, 1)
GlobalObjectId_V1-2-75255463483393841ad623c260500c31-7901544632725012564-374324541|True|(0, 1.13260007, -0.035)|(-0.01044188, -0.9854429, 0.15147303, -0.07648129)|(1, 1, 1)
GlobalObjectId_V1-2-75255463483393841ad623c260500c31-7901544632725012564-39910857|True|(0, 1.13260007, -0.035)|(-0.00337781338, -0.987935066, 0.151794925, -0.0305150952)|(1, 1, 1)
GlobalObjectId_V1-2-75255463483393841ad623c260500c31-7901544632725012564-415706150|True|(0, 1.13260007, -0.035)|(0.008908599, -0.9871671, 0.151570931, 0.04947716)|(1, 1, 1)
GlobalObjectId_V1-2-75255463483393841ad623c260500c31-7901544632725012564-420684188|True|(0, 1.13260007, -0.035)|(-0.00636643, -0.987142563, 0.151698977, -0.049964413)|(1, 1, 1)
GlobalObjectId_V1-2-75255463483393841ad623c260500c31-7901544632725012564-448738566|True|(0, 1.13260007, -0.035)|(0.114516288, 0.642543435, -0.0996952057, 0.7510559)|(1, 1, 1)
GlobalObjectId_V1-2-75255463483393841ad623c260500c31-7901544632725012564-455620735|True|(0, 1.13260007, -0.035)|(0.06749556, 0.8815495, -0.136005357, 0.4470093)|(1, 1, 1)
GlobalObjectId_V1-2-75255463483393841ad623c260500c31-7901544632725012564-462089741|True|(0, 1.13260007, -0.035)|(0.006214384, -0.987890363, 0.1517053, 0.0319313444)|(1, 1, 1)
GlobalObjectId_V1-2-75255463483393841ad623c260500c31-7901544632725012564-471337410|True|(0, 1.13260007, -0.035)|(-0.00636643, -0.987142563, 0.151698977, -0.049964413)|(1, 1, 1)
GlobalObjectId_V1-2-75255463483393841ad623c260500c31-7901544632725012564-514498336|True|(0, 1.13260007, -0.035)|(0.106463484, 0.698701441, -0.108252652, 0.699116051)|(1, 1, 1)
GlobalObjectId_V1-2-75255463483393841ad623c260500c31-7901544632725012564-570203299|True|(0, 1.13260007, -0.035)|(0.114516288, 0.642543435, -0.0996952057, 0.7510559)|(1, 1, 1)
GlobalObjectId_V1-2-75255463483393841ad623c260500c31-7901544632725012564-577746331|True|(0, 1.13260007, -0.035)|(-0.00677845534, -0.987003267, 0.15168114, -0.0526455343)|(1, 1, 1)
GlobalObjectId_V1-2-75255463483393841ad623c260500c31-7901544632725012564-614239699|True|(0, 1.13260007, -0.035)|(-0.00372733665, -0.9878622, 0.151786759, -0.0327898972)|(1, 1, 1)
GlobalObjectId_V1-2-75255463483393841ad623c260500c31-7901544632725012564-720893779|True|(0, 1.13260007, -0.035)|(0.0978018641, 0.7505148, -0.11613746, 0.6431752)|(1, 1, 1)
GlobalObjectId_V1-2-75255463483393841ad623c260500c31-7901544632725012564-759653167|True|(0, 1.13260007, -0.035)|(0.00126513245, -0.988406241, 0.151827246, -0.000293173478)|(1, 1, 1)
GlobalObjectId_V1-2-75255463483393841ad623c260500c31-7901544632725012564-788279421|True|(0, 1.13260007, -0.035)|(-0.00337781338, -0.987935066, 0.151794925, -0.0305150952)|(1, 1, 1)
GlobalObjectId_V1-2-75255463483393841ad623c260500c31-7901544632725012564-801688379|True|(0, 1.13260007, -0.035)|(-0.00269372948, -0.9880626, 0.151808634, -0.02606275)|(1, 1, 1)
GlobalObjectId_V1-2-75255463483393841ad623c260500c31-7901544632725012564-827096132|True|(0, 1.13260007, -0.035)|(0.106463484, 0.698701441, -0.108252652, 0.699116051)|(1, 1, 1)
GlobalObjectId_V1-2-75255463483393841ad623c260500c31-7901544632725012564-841608481|True|(0, 1.13260007, -0.035)|(0.0981133059, 0.7487854, -0.115874454, 0.645187855)|(1, 1, 1)
GlobalObjectId_V1-2-75255463483393841ad623c260500c31-7901544632725012564-866930353|True|(0, 1.13260007, -0.035)|(0.0978018641, 0.7505148, -0.11613746, 0.6431752)|(1, 1, 1)
GlobalObjectId_V1-2-75255463483393841ad623c260500c31-79083051-0|True|(0, 0, 0)|(0.7071068, 0, 0, 0.7071068)|(1, 1, 1)
GlobalObjectId_V1-2-75255463483393841ad623c260500c31-790838561-0|True|(0, 0, 0)|(0, 0, 0, 1)|(1, 1, 1)
GlobalObjectId_V1-2-75255463483393841ad623c260500c31-7917025419143655940-1054006661|True|(0, -0.02, -0.001)|(0, 0, 0, 1)|(1.3824, 0.9072, 1)
GlobalObjectId_V1-2-75255463483393841ad623c260500c31-7917025419143655940-1066520553|True|(0, -0.02, -0.001)|(0, 0, 0, 1)|(1.3824, 0.9072, 1)
GlobalObjectId_V1-2-75255463483393841ad623c260500c31-7917025419143655940-1075442592|True|(0, -0.02, -0.001)|(0, 0, 0, 1)|(1.3824, 0.9072, 1)
GlobalObjectId_V1-2-75255463483393841ad623c260500c31-7917025419143655940-1123419265|True|(0, -0.02, -0.001)|(0, 0, 0, 1)|(1.3824, 0.9072, 1)
GlobalObjectId_V1-2-75255463483393841ad623c260500c31-7917025419143655940-1189067973|True|(0, -0.02, -0.001)|(0, 0, 0, 1)|(1.3824, 0.9072, 1)
GlobalObjectId_V1-2-75255463483393841ad623c260500c31-7917025419143655940-1213532434|True|(0, -0.02, -0.001)|(0, 0, 0, 1)|(1.3824, 0.9072, 1)
GlobalObjectId_V1-2-75255463483393841ad623c260500c31-7917025419143655940-1231942770|True|(0, -0.02, -0.001)|(0, 0, 0, 1)|(1.3824, 0.9072, 1)
GlobalObjectId_V1-2-75255463483393841ad623c260500c31-7917025419143655940-1273255913|True|(0, -0.02, -0.001)|(0, 0, 0, 1)|(1.3824, 0.9072, 1)
GlobalObjectId_V1-2-75255463483393841ad623c260500c31-7917025419143655940-1278822786|True|(0, -0.02, -0.001)|(0, 0, 0, 1)|(1.3824, 0.9072, 1)
GlobalObjectId_V1-2-75255463483393841ad623c260500c31-7917025419143655940-1289928147|True|(0, -0.02, -0.001)|(0, 0, 0, 1)|(1.3824, 0.9072, 1)
GlobalObjectId_V1-2-75255463483393841ad623c260500c31-7917025419143655940-1306169864|True|(0, -0.02, -0.001)|(0, 0, 0, 1)|(1.3824, 0.9072, 1)
GlobalObjectId_V1-2-75255463483393841ad623c260500c31-7917025419143655940-134612628|True|(0, -0.02, -0.001)|(0, 0, 0, 1)|(1.3824, 0.9072, 1)
GlobalObjectId_V1-2-75255463483393841ad623c260500c31-7917025419143655940-1362226918|True|(0, -0.02, -0.001)|(0, 0, 0, 1)|(1.3824, 0.9072, 1)
GlobalObjectId_V1-2-75255463483393841ad623c260500c31-7917025419143655940-1446791577|True|(0, -0.02, -0.001)|(0, 0, 0, 1)|(1.3824, 0.9072, 1)
GlobalObjectId_V1-2-75255463483393841ad623c260500c31-7917025419143655940-1453559021|True|(0, -0.02, -0.001)|(0, 0, 0, 1)|(1.3824, 0.9072, 1)
GlobalObjectId_V1-2-75255463483393841ad623c260500c31-7917025419143655940-1474131409|True|(0, -0.02, -0.001)|(0, 0, 0, 1)|(1.3824, 0.9072, 1)
GlobalObjectId_V1-2-75255463483393841ad623c260500c31-7917025419143655940-1523898307|True|(0, -0.02, -0.001)|(0, 0, 0, 1)|(1.3824, 0.9072, 1)
GlobalObjectId_V1-2-75255463483393841ad623c260500c31-7917025419143655940-1589411330|True|(0, -0.02, -0.001)|(0, 0, 0, 1)|(1.3824, 0.9072, 1)
GlobalObjectId_V1-2-75255463483393841ad623c260500c31-7917025419143655940-1669245919|True|(0, -0.02, -0.001)|(0, 0, 0, 1)|(1.3824, 0.9072, 1)
GlobalObjectId_V1-2-75255463483393841ad623c260500c31-7917025419143655940-1737122726|True|(0, -0.02, -0.001)|(0, 0, 0, 1)|(1.3824, 0.9072, 1)
GlobalObjectId_V1-2-75255463483393841ad623c260500c31-7917025419143655940-1741248142|True|(0, -0.02, -0.001)|(0, 0, 0, 1)|(1.3824, 0.9072, 1)
GlobalObjectId_V1-2-75255463483393841ad623c260500c31-7917025419143655940-177614287|True|(0, -0.02, -0.001)|(0, 0, 0, 1)|(1.3824, 0.9072, 1)
GlobalObjectId_V1-2-75255463483393841ad623c260500c31-7917025419143655940-1802634647|True|(0, -0.02, -0.001)|(0, 0, 0, 1)|(1.3824, 0.9072, 1)
GlobalObjectId_V1-2-75255463483393841ad623c260500c31-7917025419143655940-1890397674|True|(0, -0.02, -0.001)|(0, 0, 0, 1)|(1.3824, 0.9072, 1)
GlobalObjectId_V1-2-75255463483393841ad623c260500c31-7917025419143655940-1899348449|True|(0, -0.02, -0.001)|(0, 0, 0, 1)|(1.3824, 0.9072, 1)
GlobalObjectId_V1-2-75255463483393841ad623c260500c31-7917025419143655940-1931660283|True|(0, -0.02, -0.001)|(0, 0, 0, 1)|(1.3824, 0.9072, 1)
GlobalObjectId_V1-2-75255463483393841ad623c260500c31-7917025419143655940-2008804692|True|(0, -0.02, -0.001)|(0, 0, 0, 1)|(1.3824, 0.9072, 1)
GlobalObjectId_V1-2-75255463483393841ad623c260500c31-7917025419143655940-2120236441|True|(0, -0.02, -0.001)|(0, 0, 0, 1)|(1.3824, 0.9072, 1)
GlobalObjectId_V1-2-75255463483393841ad623c260500c31-7917025419143655940-255090835|True|(0, -0.02, -0.001)|(0, 0, 0, 1)|(1.3824, 0.9072, 1)
GlobalObjectId_V1-2-75255463483393841ad623c260500c31-7917025419143655940-261895982|True|(0, -0.02, -0.001)|(0, 0, 0, 1)|(1.3824, 0.9072, 1)
GlobalObjectId_V1-2-75255463483393841ad623c260500c31-7917025419143655940-346250313|True|(0, -0.02, -0.001)|(0, 0, 0, 1)|(1.3824, 0.9072, 1)
GlobalObjectId_V1-2-75255463483393841ad623c260500c31-7917025419143655940-374324541|True|(0, -0.02, -0.001)|(0, 0, 0, 1)|(1.3824, 0.9072, 1)
GlobalObjectId_V1-2-75255463483393841ad623c260500c31-7917025419143655940-39910857|True|(0, -0.02, -0.001)|(0, 0, 0, 1)|(1.3824, 0.9072, 1)
GlobalObjectId_V1-2-75255463483393841ad623c260500c31-7917025419143655940-415706150|True|(0, -0.02, -0.001)|(0, 0, 0, 1)|(1.3824, 0.9072, 1)
GlobalObjectId_V1-2-75255463483393841ad623c260500c31-7917025419143655940-420684188|True|(0, -0.02, -0.001)|(0, 0, 0, 1)|(1.3824, 0.9072, 1)
GlobalObjectId_V1-2-75255463483393841ad623c260500c31-7917025419143655940-448738566|True|(0, -0.02, -0.001)|(0, 0, 0, 1)|(1.3824, 0.9072, 1)
GlobalObjectId_V1-2-75255463483393841ad623c260500c31-7917025419143655940-455620735|True|(0, -0.02, -0.001)|(0, 0, 0, 1)|(1.3824, 0.9072, 1)
GlobalObjectId_V1-2-75255463483393841ad623c260500c31-7917025419143655940-462089741|True|(0, -0.02, -0.001)|(0, 0, 0, 1)|(1.3824, 0.9072, 1)
GlobalObjectId_V1-2-75255463483393841ad623c260500c31-7917025419143655940-471337410|True|(0, -0.02, -0.001)|(0, 0, 0, 1)|(1.3824, 0.9072, 1)
GlobalObjectId_V1-2-75255463483393841ad623c260500c31-7917025419143655940-514498336|True|(0, -0.02, -0.001)|(0, 0, 0, 1)|(1.3824, 0.9072, 1)
GlobalObjectId_V1-2-75255463483393841ad623c260500c31-7917025419143655940-570203299|True|(0, -0.02, -0.001)|(0, 0, 0, 1)|(1.3824, 0.9072, 1)
GlobalObjectId_V1-2-75255463483393841ad623c260500c31-7917025419143655940-577746331|True|(0, -0.02, -0.001)|(0, 0, 0, 1)|(1.3824, 0.9072, 1)
GlobalObjectId_V1-2-75255463483393841ad623c260500c31-7917025419143655940-614239699|True|(0, -0.02, -0.001)|(0, 0, 0, 1)|(1.3824, 0.9072, 1)
GlobalObjectId_V1-2-75255463483393841ad623c260500c31-7917025419143655940-720893779|True|(0, -0.02, -0.001)|(0, 0, 0, 1)|(1.3824, 0.9072, 1)
GlobalObjectId_V1-2-75255463483393841ad623c260500c31-7917025419143655940-759653167|True|(0, -0.02, -0.001)|(0, 0, 0, 1)|(1.3824, 0.9072, 1)
GlobalObjectId_V1-2-75255463483393841ad623c260500c31-7917025419143655940-788279421|True|(0, -0.02, -0.001)|(0, 0, 0, 1)|(1.3824, 0.9072, 1)
GlobalObjectId_V1-2-75255463483393841ad623c260500c31-7917025419143655940-801688379|True|(0, -0.02, -0.001)|(0, 0, 0, 1)|(1.3824, 0.9072, 1)
GlobalObjectId_V1-2-75255463483393841ad623c260500c31-7917025419143655940-827096132|True|(0, -0.02, -0.001)|(0, 0, 0, 1)|(1.3824, 0.9072, 1)
GlobalObjectId_V1-2-75255463483393841ad623c260500c31-7917025419143655940-841608481|True|(0, -0.02, -0.001)|(0, 0, 0, 1)|(1.3824, 0.9072, 1)
GlobalObjectId_V1-2-75255463483393841ad623c260500c31-7917025419143655940-866930353|True|(0, -0.02, -0.001)|(0, 0, 0, 1)|(1.3824, 0.9072, 1)
GlobalObjectId_V1-2-75255463483393841ad623c260500c31-792449057-0|True|(4.5, 0.04, 3)|(0, 0, 0, 1)|(9, 0.025, 0.35)
GlobalObjectId_V1-2-75255463483393841ad623c260500c31-7945423842497024558-1270225228|True|(0, 0.0007999998, 0)|(0, 0, 0, 1)|(1, 1, 1)
GlobalObjectId_V1-2-75255463483393841ad623c260500c31-7945423842497024558-1720144850|True|(0, 0.0007999998, 0)|(0, 0, 0, 1)|(1, 1, 1)
GlobalObjectId_V1-2-75255463483393841ad623c260500c31-7945423842497024558-1742115882|True|(0, 0.0007999998, 0)|(0, 0, 0, 1)|(1, 1, 1)
GlobalObjectId_V1-2-75255463483393841ad623c260500c31-7945423842497024558-1906523992|True|(0, 0.0007999998, 0)|(0, 0, 0, 1)|(1, 1, 1)
GlobalObjectId_V1-2-75255463483393841ad623c260500c31-7945423842497024558-1921694405|True|(0, 0.0007999998, 0)|(0, 0, 0, 1)|(1, 1, 1)
GlobalObjectId_V1-2-75255463483393841ad623c260500c31-7945423842497024558-2052472853|True|(0, 0.0007999998, 0)|(0, 0, 0, 1)|(1, 1, 1)
GlobalObjectId_V1-2-75255463483393841ad623c260500c31-7945423842497024558-303056869|True|(0, 0.0007999998, 0)|(0, 0, 0, 1)|(1, 1, 1)
GlobalObjectId_V1-2-75255463483393841ad623c260500c31-7945423842497024558-308968016|True|(0, 0.0007999998, 0)|(0, 0, 0, 1)|(1, 1, 1)
GlobalObjectId_V1-2-75255463483393841ad623c260500c31-7945423842497024558-764708180|True|(0, 0.0007999998, 0)|(0, 0, 0, 1)|(1, 1, 1)
GlobalObjectId_V1-2-75255463483393841ad623c260500c31-7945423842497024558-924230383|True|(0, 0.0007999998, 0)|(0, 0, 0, 1)|(1, 1, 1)
GlobalObjectId_V1-2-75255463483393841ad623c260500c31-7953811957116272635-1156845426|True|(0, 0.00127999962, 0)|(0, 0, 0, 1)|(1, 1, 1)
GlobalObjectId_V1-2-75255463483393841ad623c260500c31-7953811957116272635-1282342156|True|(0, 0.00127999962, 0)|(0, 0, 0, 1)|(1, 1, 1)
GlobalObjectId_V1-2-75255463483393841ad623c260500c31-7953811957116272635-1328059363|True|(0, 0.00127999962, 0)|(0, 0, 0, 1)|(1, 1, 1)
GlobalObjectId_V1-2-75255463483393841ad623c260500c31-7953811957116272635-1364577291|True|(0, 0.00127999962, 0)|(0, 0, 0, 1)|(1, 1, 1)
GlobalObjectId_V1-2-75255463483393841ad623c260500c31-7953811957116272635-1398831272|True|(0, 0.00127999962, 0)|(0, 0, 0, 1)|(1, 1, 1)
GlobalObjectId_V1-2-75255463483393841ad623c260500c31-7953811957116272635-1538826313|True|(0, 0.00127999962, 0)|(0, 0, 0, 1)|(1, 1, 1)
GlobalObjectId_V1-2-75255463483393841ad623c260500c31-7953811957116272635-2022718491|True|(0, 0.00127999962, 0)|(0, 0, 0, 1)|(1, 1, 1)
GlobalObjectId_V1-2-75255463483393841ad623c260500c31-7953811957116272635-2038314915|True|(0, 0.00127999962, 0)|(0, 0, 0, 1)|(1, 1, 1)
GlobalObjectId_V1-2-75255463483393841ad623c260500c31-7953811957116272635-535235437|True|(0, 0.00127999962, 0)|(0, 0, 0, 1)|(1, 1, 1)
GlobalObjectId_V1-2-75255463483393841ad623c260500c31-7953811957116272635-662617545|True|(0, 0.00127999962, 0)|(0, 0, 0, 1)|(1, 1, 1)
GlobalObjectId_V1-2-75255463483393841ad623c260500c31-796392620-0|True|(-419.4, 0.08, -675)|(0, 0, 0, 1)|(1, 1, 1)
GlobalObjectId_V1-2-75255463483393841ad623c260500c31-801705133-0|True|(0, 0, 0)|(0.7071068, 0, 0, 0.7071068)|(1, 1, 1)
GlobalObjectId_V1-2-75255463483393841ad623c260500c31-8029798616643026522-1156845426|True|(0, 0.0012800002, 0)|(0, 0, 0, 1)|(1, 1, 1)
GlobalObjectId_V1-2-75255463483393841ad623c260500c31-8029798616643026522-1282342156|True|(0, 0.0012800002, 0)|(0, 0, 0, 1)|(1, 1, 1)
GlobalObjectId_V1-2-75255463483393841ad623c260500c31-8029798616643026522-1328059363|True|(0, 0.0012800002, 0)|(0, 0, 0, 1)|(1, 1, 1)
GlobalObjectId_V1-2-75255463483393841ad623c260500c31-8029798616643026522-1364577291|True|(0, 0.0012800002, 0)|(0, 0, 0, 1)|(1, 1, 1)
GlobalObjectId_V1-2-75255463483393841ad623c260500c31-8029798616643026522-1398831272|True|(0, 0.0012800002, 0)|(0, 0, 0, 1)|(1, 1, 1)
GlobalObjectId_V1-2-75255463483393841ad623c260500c31-8029798616643026522-1538826313|True|(0, 0.0012800002, 0)|(0, 0, 0, 1)|(1, 1, 1)
GlobalObjectId_V1-2-75255463483393841ad623c260500c31-8029798616643026522-2022718491|True|(0, 0.0012800002, 0)|(0, 0, 0, 1)|(1, 1, 1)
GlobalObjectId_V1-2-75255463483393841ad623c260500c31-8029798616643026522-2038314915|True|(0, 0.0012800002, 0)|(0, 0, 0, 1)|(1, 1, 1)
GlobalObjectId_V1-2-75255463483393841ad623c260500c31-8029798616643026522-535235437|True|(0, 0.0012800002, 0)|(0, 0, 0, 1)|(1, 1, 1)
GlobalObjectId_V1-2-75255463483393841ad623c260500c31-8029798616643026522-662617545|True|(0, 0.0012800002, 0)|(0, 0, 0, 1)|(1, 1, 1)
GlobalObjectId_V1-2-75255463483393841ad623c260500c31-80324763-0|True|(0, 0, 0)|(0, 0, 0, 1)|(1, 1, 1)
GlobalObjectId_V1-2-75255463483393841ad623c260500c31-8054000611320843544-1278433063|True|(-0.00160000008, 0, 0)|(0.9871956, -0.112429716, -0.112429671, -0.0128043881)|(1.00000036, 1.00000012, 1)
GlobalObjectId_V1-2-75255463483393841ad623c260500c31-8054000611320843544-1796550201|True|(-0.00160000008, 0, 0)|(0.9871956, -0.112429716, -0.112429671, -0.0128043881)|(1.00000036, 1.00000012, 1)
GlobalObjectId_V1-2-75255463483393841ad623c260500c31-8054000611320843544-227182643|True|(-0.00160000008, 0, 0)|(0.9871956, -0.112429716, -0.112429671, -0.0128043881)|(1.00000036, 1.00000012, 1)
GlobalObjectId_V1-2-75255463483393841ad623c260500c31-8054000611320843544-4508494|True|(-0.00160000008, 0, 0)|(0.9871956, -0.112429716, -0.112429671, -0.0128043881)|(1.00000036, 1.00000012, 1)
GlobalObjectId_V1-2-75255463483393841ad623c260500c31-8054000611320843544-493544818|True|(-0.00160000008, 0, 0)|(0.9871956, -0.112429716, -0.112429671, -0.0128043881)|(1.00000036, 1.00000012, 1)
GlobalObjectId_V1-2-75255463483393841ad623c260500c31-8054000611320843544-537414647|True|(-0.00160000008, 0, 0)|(0.9871956, -0.112429716, -0.112429671, -0.0128043881)|(1.00000036, 1.00000012, 1)
GlobalObjectId_V1-2-75255463483393841ad623c260500c31-8054000611320843544-616789302|True|(-0.00160000008, 0, 0)|(0.9871956, -0.112429716, -0.112429671, -0.0128043881)|(1.00000036, 1.00000012, 1)
GlobalObjectId_V1-2-75255463483393841ad623c260500c31-8054000611320843544-828342056|True|(-0.00160000008, 0, 0)|(0.9871956, -0.112429716, -0.112429671, -0.0128043881)|(1.00000036, 1.00000012, 1)
GlobalObjectId_V1-2-75255463483393841ad623c260500c31-8054000611320843544-863157045|True|(-0.00160000008, 0, 0)|(0.9871956, -0.112429716, -0.112429671, -0.0128043881)|(1.00000036, 1.00000012, 1)
GlobalObjectId_V1-2-75255463483393841ad623c260500c31-8054000611320843544-950912075|True|(-0.00160000008, 0, 0)|(0.9871956, -0.112429716, -0.112429671, -0.0128043881)|(1.00000036, 1.00000012, 1)
GlobalObjectId_V1-2-75255463483393841ad623c260500c31-8066960535900014919-124650490|{"MonoBehaviour":{"m_Enabled":true,"m_EditorHideFlags":0,"m_Name":"","m_EditorClassIdentifier":"Assembly-CSharp::IndianOceanAssets.ShooterSurvival.EnemyMovementController","eventMode":1,"moveSpeed":2.4000000953674318,"patrolAcrossRoad":true,"moveAnimation":0,"targetPoint":{"instanceID":0},"hideWhileWaiting":false,"ambushEntrySide":0.0,"modelForwardYaw":0.0,"arrivalDistance":0.05000000074505806}}
GlobalObjectId_V1-2-75255463483393841ad623c260500c31-8066960535900014919-1376906811|{"MonoBehaviour":{"m_Enabled":true,"m_EditorHideFlags":0,"m_Name":"","m_EditorClassIdentifier":"Assembly-CSharp::IndianOceanAssets.ShooterSurvival.EnemyMovementController","eventMode":1,"moveSpeed":2.4000000953674318,"patrolAcrossRoad":true,"moveAnimation":0,"targetPoint":{"instanceID":0},"hideWhileWaiting":false,"ambushEntrySide":0.0,"modelForwardYaw":0.0,"arrivalDistance":0.05000000074505806}}
GlobalObjectId_V1-2-75255463483393841ad623c260500c31-8066960535900014919-1395087067|{"MonoBehaviour":{"m_Enabled":true,"m_EditorHideFlags":0,"m_Name":"","m_EditorClassIdentifier":"Assembly-CSharp::IndianOceanAssets.ShooterSurvival.EnemyMovementController","eventMode":1,"moveSpeed":2.4000000953674318,"patrolAcrossRoad":true,"moveAnimation":0,"targetPoint":{"instanceID":0},"hideWhileWaiting":false,"ambushEntrySide":0.0,"modelForwardYaw":0.0,"arrivalDistance":0.05000000074505806}}
GlobalObjectId_V1-2-75255463483393841ad623c260500c31-8066960535900014919-589898910|{"MonoBehaviour":{"m_Enabled":true,"m_EditorHideFlags":0,"m_Name":"","m_EditorClassIdentifier":"Assembly-CSharp::IndianOceanAssets.ShooterSurvival.EnemyMovementController","eventMode":1,"moveSpeed":2.4000000953674318,"patrolAcrossRoad":true,"moveAnimation":0,"targetPoint":{"instanceID":0},"hideWhileWaiting":false,"ambushEntrySide":0.0,"modelForwardYaw":0.0,"arrivalDistance":0.05000000074505806}}
GlobalObjectId_V1-2-75255463483393841ad623c260500c31-8066960535900014919-951118863|{"MonoBehaviour":{"m_Enabled":true,"m_EditorHideFlags":0,"m_Name":"","m_EditorClassIdentifier":"Assembly-CSharp::IndianOceanAssets.ShooterSurvival.EnemyMovementController","eventMode":1,"moveSpeed":2.4000000953674318,"patrolAcrossRoad":true,"moveAnimation":0,"targetPoint":{"instanceID":0},"hideWhileWaiting":false,"ambushEntrySide":0.0,"modelForwardYaw":0.0,"arrivalDistance":0.05000000074505806}}
GlobalObjectId_V1-2-75255463483393841ad623c260500c31-8066960535900014919-997839571|{"MonoBehaviour":{"m_Enabled":true,"m_EditorHideFlags":0,"m_Name":"","m_EditorClassIdentifier":"Assembly-CSharp::IndianOceanAssets.ShooterSurvival.EnemyMovementController","eventMode":1,"moveSpeed":2.4000000953674318,"patrolAcrossRoad":true,"moveAnimation":0,"targetPoint":{"instanceID":0},"hideWhileWaiting":false,"ambushEntrySide":0.0,"modelForwardYaw":0.0,"arrivalDistance":0.05000000074505806}}
GlobalObjectId_V1-2-75255463483393841ad623c260500c31-807954681-0|True|(0, 0, 0)|(0.7071068, 0, 0, 0.7071068)|(1, 1, 1)
GlobalObjectId_V1-2-75255463483393841ad623c260500c31-8087941607278431693-1203107918|True|(-0.000140335, -5.33461571E-05, -0.000151337226)|(-0.7071068, 0, 0, 0.7071067)|(300.017059, 300.017059, 300.017059)
GlobalObjectId_V1-2-75255463483393841ad623c260500c31-8087941607278431693-1383965340|True|(-0.000140335, -5.33461571E-05, -0.000151337226)|(-0.7071068, 0, 0, 0.7071067)|(300.017059, 300.017059, 300.017059)
GlobalObjectId_V1-2-75255463483393841ad623c260500c31-8087941607278431693-1611876135|True|(-0.000140335, -5.33461571E-05, -0.000151337226)|(-0.7071068, 0, 0, 0.7071067)|(300.017059, 300.017059, 300.017059)
GlobalObjectId_V1-2-75255463483393841ad623c260500c31-8087941607278431693-1998288023|True|(-0.000140335, -5.33461571E-05, -0.000151337226)|(-0.7071068, 0, 0, 0.7071067)|(300.017059, 300.017059, 300.017059)
GlobalObjectId_V1-2-75255463483393841ad623c260500c31-8087941607278431693-361588371|True|(-0.000140335, -5.33461571E-05, -0.000151337226)|(-0.7071068, 0, 0, 0.7071067)|(300.017059, 300.017059, 300.017059)
GlobalObjectId_V1-2-75255463483393841ad623c260500c31-8087941607278431693-377268884|True|(-0.000140335, -5.33461571E-05, -0.000151337226)|(-0.7071068, 0, 0, 0.7071067)|(300.017059, 300.017059, 300.017059)
GlobalObjectId_V1-2-75255463483393841ad623c260500c31-8087941607278431693-712445805|True|(-0.000140335, -5.33461571E-05, -0.000151337226)|(-0.7071068, 0, 0, 0.7071067)|(300.017059, 300.017059, 300.017059)
GlobalObjectId_V1-2-75255463483393841ad623c260500c31-809153239-0|True|(0, 0, 0)|(0.7071068, 0, 0, 0.7071068)|(1, 1, 1)
GlobalObjectId_V1-2-75255463483393841ad623c260500c31-8097808961503987639-1156845426|True|(1.11758706E-10, 0.00213466655, 9.31322554E-12)|(-0.0128043983, 0.112429693, -0.112429693, 0.9871956)|(1, 0.99999994, 0.99999994)
GlobalObjectId_V1-2-75255463483393841ad623c260500c31-8097808961503987639-1282342156|True|(1.11758706E-10, 0.00213466655, 9.31322554E-12)|(-0.0128043983, 0.112429693, -0.112429693, 0.9871956)|(1, 0.99999994, 0.99999994)
GlobalObjectId_V1-2-75255463483393841ad623c260500c31-8097808961503987639-1328059363|True|(1.11758706E-10, 0.00213466655, 9.31322554E-12)|(-0.0128043983, 0.112429693, -0.112429693, 0.9871956)|(1, 0.99999994, 0.99999994)
GlobalObjectId_V1-2-75255463483393841ad623c260500c31-8097808961503987639-1364577291|True|(1.11758706E-10, 0.00213466655, 9.31322554E-12)|(-0.0128043983, 0.112429693, -0.112429693, 0.9871956)|(1, 0.99999994, 0.99999994)
GlobalObjectId_V1-2-75255463483393841ad623c260500c31-8097808961503987639-1398831272|True|(1.11758706E-10, 0.00213466655, 9.31322554E-12)|(-0.0128043983, 0.112429693, -0.112429693, 0.9871956)|(1, 0.99999994, 0.99999994)
GlobalObjectId_V1-2-75255463483393841ad623c260500c31-8097808961503987639-1538826313|True|(1.11758706E-10, 0.00213466655, 9.31322554E-12)|(-0.0128043983, 0.112429693, -0.112429693, 0.9871956)|(1, 0.99999994, 0.99999994)
GlobalObjectId_V1-2-75255463483393841ad623c260500c31-8097808961503987639-2022718491|True|(1.11758706E-10, 0.00213466655, 9.31322554E-12)|(-0.0128043983, 0.112429693, -0.112429693, 0.9871956)|(1, 0.99999994, 0.99999994)
GlobalObjectId_V1-2-75255463483393841ad623c260500c31-8097808961503987639-2038314915|True|(1.11758706E-10, 0.00213466655, 9.31322554E-12)|(-0.0128043983, 0.112429693, -0.112429693, 0.9871956)|(1, 0.99999994, 0.99999994)
GlobalObjectId_V1-2-75255463483393841ad623c260500c31-8097808961503987639-535235437|True|(1.11758706E-10, 0.00213466655, 9.31322554E-12)|(-0.0128043983, 0.112429693, -0.112429693, 0.9871956)|(1, 0.99999994, 0.99999994)
GlobalObjectId_V1-2-75255463483393841ad623c260500c31-8097808961503987639-662617545|True|(1.11758706E-10, 0.00213466655, 9.31322554E-12)|(-0.0128043983, 0.112429693, -0.112429693, 0.9871956)|(1, 0.99999994, 0.99999994)
GlobalObjectId_V1-2-75255463483393841ad623c260500c31-81275148-0|True|(0, 0, 0)|(0.7071068, 0, 0, 0.7071068)|(1, 1, 1)
GlobalObjectId_V1-2-75255463483393841ad623c260500c31-813717592-0|True|(-1.5, 0.15, 0)|(0, 0, 0, 1)|(0.35, 0.3, 3.5)
GlobalObjectId_V1-2-75255463483393841ad623c260500c31-814217417752730094-1342259368|True|(-0.00256000017, 0.0006400007, 0)|(0.902088046, -0.2971957, -0.2971956, -0.09791189)|(1.00000083, 1.00000036, 1)
GlobalObjectId_V1-2-75255463483393841ad623c260500c31-814217417752730094-1807193877|True|(-0.00256000017, 0.0006400007, 0)|(0.902088046, -0.2971957, -0.2971956, -0.09791189)|(1.00000083, 1.00000036, 1)
GlobalObjectId_V1-2-75255463483393841ad623c260500c31-814217417752730094-249137488|True|(-0.00256000017, 0.0006400007, 0)|(0.902088046, -0.2971957, -0.2971956, -0.09791189)|(1.00000083, 1.00000036, 1)
GlobalObjectId_V1-2-75255463483393841ad623c260500c31-814217417752730094-325631740|True|(-0.00256000017, 0.0006400007, 0)|(0.902088046, -0.2971957, -0.2971956, -0.09791189)|(1.00000083, 1.00000036, 1)
GlobalObjectId_V1-2-75255463483393841ad623c260500c31-814217417752730094-673208042|True|(-0.00256000017, 0.0006400007, 0)|(0.902088046, -0.2971957, -0.2971956, -0.09791189)|(1.00000083, 1.00000036, 1)
GlobalObjectId_V1-2-75255463483393841ad623c260500c31-814217417752730094-726046513|True|(-0.00256000017, 0.0006400007, 0)|(0.902088046, -0.2971957, -0.2971956, -0.09791189)|(1.00000083, 1.00000036, 1)
GlobalObjectId_V1-2-75255463483393841ad623c260500c31-815731351-0|True|(0, 0, 0)|(0.7071068, 0, 0, 0.7071068)|(1, 1, 1)
GlobalObjectId_V1-2-75255463483393841ad623c260500c31-8170123123546716159-1278433063|True|(-0.100672022, 0.947558641, -3.28750134)|(0, 0, 0, 1)|(1.00312221, 1.24048829, 1.00738955)
GlobalObjectId_V1-2-75255463483393841ad623c260500c31-8170123123546716159-1796550201|True|(-0.100672022, 0.947558641, -3.28750134)|(0, 0, 0, 1)|(1.00312221, 1.24048829, 1.00738955)
GlobalObjectId_V1-2-75255463483393841ad623c260500c31-8170123123546716159-227182643|True|(-0.100672022, 0.947558641, -3.28750134)|(0, 0, 0, 1)|(1.00312221, 1.24048829, 1.00738955)
GlobalObjectId_V1-2-75255463483393841ad623c260500c31-8170123123546716159-4508494|True|(-0.100672022, 0.947558641, -3.28750134)|(0, 0, 0, 1)|(1.00312221, 1.24048829, 1.00738955)
GlobalObjectId_V1-2-75255463483393841ad623c260500c31-8170123123546716159-493544818|True|(-0.100672022, 0.947558641, -3.28750134)|(0, 0, 0, 1)|(1.00312221, 1.24048829, 1.00738955)
GlobalObjectId_V1-2-75255463483393841ad623c260500c31-8170123123546716159-537414647|True|(-0.100672022, 0.947558641, -3.28750134)|(0, 0, 0, 1)|(1.00312221, 1.24048829, 1.00738955)
GlobalObjectId_V1-2-75255463483393841ad623c260500c31-8170123123546716159-616789302|True|(-0.100672022, 0.947558641, -3.28750134)|(0, 0, 0, 1)|(1.00312221, 1.24048829, 1.00738955)
GlobalObjectId_V1-2-75255463483393841ad623c260500c31-8170123123546716159-828342056|True|(-0.100672022, 0.947558641, -3.28750134)|(0, 0, 0, 1)|(1.00312221, 1.24048829, 1.00738955)
GlobalObjectId_V1-2-75255463483393841ad623c260500c31-8170123123546716159-863157045|True|(-0.100672022, 0.947558641, -3.28750134)|(0, 0, 0, 1)|(1.00312221, 1.24048829, 1.00738955)
GlobalObjectId_V1-2-75255463483393841ad623c260500c31-8170123123546716159-950912075|True|(-0.100672022, 0.947558641, -3.28750134)|(0, 0, 0, 1)|(1.00312221, 1.24048829, 1.00738955)
GlobalObjectId_V1-2-75255463483393841ad623c260500c31-820958183-0|True|(2.05000019, 0, -0.092)|(0, 0, 0, 1)|(0.25, 0.18, 0.018)
GlobalObjectId_V1-2-75255463483393841ad623c260500c31-8220719278150905549-124650490|True|(-1.60932531E-10, 0.00143999979, -1.86517449E-17)|(-0.608287156, 4.422812E-08, 2.802861E-08, 0.793717)|(1, 1, 1)
GlobalObjectId_V1-2-75255463483393841ad623c260500c31-8220719278150905549-1376906811|True|(-1.60932531E-10, 0.00143999979, -1.86517449E-17)|(-0.608287156, 4.422812E-08, 2.802861E-08, 0.793717)|(1, 1, 1)
GlobalObjectId_V1-2-75255463483393841ad623c260500c31-8220719278150905549-1395087067|True|(-1.60932531E-10, 0.00143999979, -1.86517449E-17)|(-0.608287156, 4.422812E-08, 2.802861E-08, 0.793717)|(1, 1, 1)
GlobalObjectId_V1-2-75255463483393841ad623c260500c31-8220719278150905549-589898910|True|(-1.60932531E-10, 0.00143999979, -1.86517449E-17)|(-0.608287156, 4.422812E-08, 2.802861E-08, 0.793717)|(1, 1, 1)
GlobalObjectId_V1-2-75255463483393841ad623c260500c31-8220719278150905549-951118863|True|(-1.60932531E-10, 0.00143999979, -1.86517449E-17)|(-0.608287156, 4.422812E-08, 2.802861E-08, 0.793717)|(1, 1, 1)
GlobalObjectId_V1-2-75255463483393841ad623c260500c31-8220719278150905549-997839571|True|(-1.60932531E-10, 0.00143999979, -1.86517449E-17)|(-0.608287156, 4.422812E-08, 2.802861E-08, 0.793717)|(1, 1, 1)
GlobalObjectId_V1-2-75255463483393841ad623c260500c31-822547078-0|True|(-1.5, 2, 0)|(0, 0, 0, 1)|(0.32, 0.34, 0.12)
GlobalObjectId_V1-2-75255463483393841ad623c260500c31-823399725-0|True|(0, 0, 0)|(0.7071068, 0, 0, 0.7071068)|(1, 1, 1)
GlobalObjectId_V1-2-75255463483393841ad623c260500c31-8234049561363111180-1342259368|True|(0, 0, 0)|(0, 0, 0, 1)|(0.28, 0.28, 0.28)
GlobalObjectId_V1-2-75255463483393841ad623c260500c31-8234049561363111180-1807193877|True|(0, 0, 0)|(0, 0, 0, 1)|(0.28, 0.28, 0.28)
GlobalObjectId_V1-2-75255463483393841ad623c260500c31-8234049561363111180-249137488|True|(0, 0, 0)|(0, 0, 0, 1)|(0.28, 0.28, 0.28)
GlobalObjectId_V1-2-75255463483393841ad623c260500c31-8234049561363111180-325631740|True|(0, 0, 0)|(0, 0, 0, 1)|(0.28, 0.28, 0.28)
GlobalObjectId_V1-2-75255463483393841ad623c260500c31-8234049561363111180-673208042|True|(0, 0, 0)|(0, 0, 0, 1)|(0.28, 0.28, 0.28)
GlobalObjectId_V1-2-75255463483393841ad623c260500c31-8234049561363111180-726046513|True|(0, 0, 0)|(0, 0, 0, 1)|(0.28, 0.28, 0.28)
GlobalObjectId_V1-2-75255463483393841ad623c260500c31-8240988474110713316-1156845426|True|(0, 0, 0)|(-0.7071068, 0, 0, 0.7071067)|(100, 100, 100)
GlobalObjectId_V1-2-75255463483393841ad623c260500c31-8240988474110713316-1282342156|True|(0, 0, 0)|(-0.7071068, 0, 0, 0.7071067)|(100, 100, 100)
GlobalObjectId_V1-2-75255463483393841ad623c260500c31-8240988474110713316-1328059363|True|(0, 0, 0)|(-0.7071068, 0, 0, 0.7071067)|(100, 100, 100)
GlobalObjectId_V1-2-75255463483393841ad623c260500c31-8240988474110713316-1364577291|True|(0, 0, 0)|(-0.7071068, 0, 0, 0.7071067)|(100, 100, 100)
GlobalObjectId_V1-2-75255463483393841ad623c260500c31-8240988474110713316-1398831272|True|(0, 0, 0)|(-0.7071068, 0, 0, 0.7071067)|(100, 100, 100)
GlobalObjectId_V1-2-75255463483393841ad623c260500c31-8240988474110713316-1538826313|True|(0, 0, 0)|(-0.7071068, 0, 0, 0.7071067)|(100, 100, 100)
GlobalObjectId_V1-2-75255463483393841ad623c260500c31-8240988474110713316-2022718491|True|(0, 0, 0)|(-0.7071068, 0, 0, 0.7071067)|(100, 100, 100)
GlobalObjectId_V1-2-75255463483393841ad623c260500c31-8240988474110713316-2038314915|True|(0, 0, 0)|(-0.7071068, 0, 0, 0.7071067)|(100, 100, 100)
GlobalObjectId_V1-2-75255463483393841ad623c260500c31-8240988474110713316-535235437|True|(0, 0, 0)|(-0.7071068, 0, 0, 0.7071067)|(100, 100, 100)
GlobalObjectId_V1-2-75255463483393841ad623c260500c31-8240988474110713316-662617545|True|(0, 0, 0)|(-0.7071068, 0, 0, 0.7071067)|(100, 100, 100)
GlobalObjectId_V1-2-75255463483393841ad623c260500c31-824329580-0|True|(0, 0, 0)|(0.7071068, 0, 0, 0.7071068)|(1, 1, 1)
GlobalObjectId_V1-2-75255463483393841ad623c260500c31-824445578-0|True|(0, 0, 0)|(0.7071068, 0, 0, 0.7071068)|(1, 1, 1)
GlobalObjectId_V1-2-75255463483393841ad623c260500c31-824523721-0|True|(0, 0, 0)|(0.7071068, 0, 0, 0.7071068)|(1, 1, 1)
GlobalObjectId_V1-2-75255463483393841ad623c260500c31-826708529-0|True|(0, 0, 0)|(0.7071068, 0, 0, 0.7071068)|(1, 1, 1)
GlobalObjectId_V1-2-75255463483393841ad623c260500c31-830514300-0|True|(0, 0, 0)|(0.7071068, 0, 0, 0.7071068)|(1, 1, 1)
GlobalObjectId_V1-2-75255463483393841ad623c260500c31-8306411019961098511-1342259368|True|(1.60932531E-10, 0.00143999979, -1.86517449E-17)|(-0.608287156, -4.422812E-08, -2.802861E-08, 0.793717)|(1, 1, 1)
GlobalObjectId_V1-2-75255463483393841ad623c260500c31-8306411019961098511-1807193877|True|(1.60932531E-10, 0.00143999979, -1.86517449E-17)|(-0.608287156, -4.422812E-08, -2.802861E-08, 0.793717)|(1, 1, 1)
GlobalObjectId_V1-2-75255463483393841ad623c260500c31-8306411019961098511-249137488|True|(1.60932531E-10, 0.00143999979, -1.86517449E-17)|(-0.608287156, -4.422812E-08, -2.802861E-08, 0.793717)|(1, 1, 1)
GlobalObjectId_V1-2-75255463483393841ad623c260500c31-8306411019961098511-325631740|True|(1.60932531E-10, 0.00143999979, -1.86517449E-17)|(-0.608287156, -4.422812E-08, -2.802861E-08, 0.793717)|(1, 1, 1)
GlobalObjectId_V1-2-75255463483393841ad623c260500c31-8306411019961098511-673208042|True|(1.60932531E-10, 0.00143999979, -1.86517449E-17)|(-0.608287156, -4.422812E-08, -2.802861E-08, 0.793717)|(1, 1, 1)
GlobalObjectId_V1-2-75255463483393841ad623c260500c31-8306411019961098511-726046513|True|(1.60932531E-10, 0.00143999979, -1.86517449E-17)|(-0.608287156, -4.422812E-08, -2.802861E-08, 0.793717)|(1, 1, 1)
GlobalObjectId_V1-2-75255463483393841ad623c260500c31-835178889-0|True|(0, 0, 0)|(0.7071068, 0, 0, 0.7071068)|(1, 1, 1)
GlobalObjectId_V1-2-75255463483393841ad623c260500c31-8361674091163511510-1156845426|True|(0.00256000017, 0.0006400007, 0)|(0.902088046, 0.2971957, 0.2971956, -0.09791189)|(1.00000083, 1.00000036, 1)
GlobalObjectId_V1-2-75255463483393841ad623c260500c31-8361674091163511510-1282342156|True|(0.00256000017, 0.0006400007, 0)|(0.902088046, 0.2971957, 0.2971956, -0.09791189)|(1.00000083, 1.00000036, 1)
GlobalObjectId_V1-2-75255463483393841ad623c260500c31-8361674091163511510-1328059363|True|(0.00256000017, 0.0006400007, 0)|(0.902088046, 0.2971957, 0.2971956, -0.09791189)|(1.00000083, 1.00000036, 1)
GlobalObjectId_V1-2-75255463483393841ad623c260500c31-8361674091163511510-1364577291|True|(0.00256000017, 0.0006400007, 0)|(0.902088046, 0.2971957, 0.2971956, -0.09791189)|(1.00000083, 1.00000036, 1)
GlobalObjectId_V1-2-75255463483393841ad623c260500c31-8361674091163511510-1398831272|True|(0.00256000017, 0.0006400007, 0)|(0.902088046, 0.2971957, 0.2971956, -0.09791189)|(1.00000083, 1.00000036, 1)
GlobalObjectId_V1-2-75255463483393841ad623c260500c31-8361674091163511510-1538826313|True|(0.00256000017, 0.0006400007, 0)|(0.902088046, 0.2971957, 0.2971956, -0.09791189)|(1.00000083, 1.00000036, 1)
GlobalObjectId_V1-2-75255463483393841ad623c260500c31-8361674091163511510-2022718491|True|(0.00256000017, 0.0006400007, 0)|(0.902088046, 0.2971957, 0.2971956, -0.09791189)|(1.00000083, 1.00000036, 1)
GlobalObjectId_V1-2-75255463483393841ad623c260500c31-8361674091163511510-2038314915|True|(0.00256000017, 0.0006400007, 0)|(0.902088046, 0.2971957, 0.2971956, -0.09791189)|(1.00000083, 1.00000036, 1)
GlobalObjectId_V1-2-75255463483393841ad623c260500c31-8361674091163511510-535235437|True|(0.00256000017, 0.0006400007, 0)|(0.902088046, 0.2971957, 0.2971956, -0.09791189)|(1.00000083, 1.00000036, 1)
GlobalObjectId_V1-2-75255463483393841ad623c260500c31-8361674091163511510-662617545|True|(0.00256000017, 0.0006400007, 0)|(0.902088046, 0.2971957, 0.2971956, -0.09791189)|(1.00000083, 1.00000036, 1)
GlobalObjectId_V1-2-75255463483393841ad623c260500c31-838675597-0|True|(0.85, 0, -0.092)|(0, 0, 0, 1)|(0.25, 0.18, 0.018)
GlobalObjectId_V1-2-75255463483393841ad623c260500c31-839862781059836487-1270225228|True|(-1.862645E-10, 0.00218650536, 3.72529022E-11)|(0.0399149656, 0.314815849, -0.31481573, 0.89453274)|(0.9999998, 0.9999999, 0.9999998)
GlobalObjectId_V1-2-75255463483393841ad623c260500c31-839862781059836487-1720144850|True|(-1.862645E-10, 0.00218650536, 3.72529022E-11)|(0.0399149656, 0.314815849, -0.31481573, 0.89453274)|(0.9999998, 0.9999999, 0.9999998)
GlobalObjectId_V1-2-75255463483393841ad623c260500c31-839862781059836487-1742115882|True|(-1.862645E-10, 0.00218650536, 3.72529022E-11)|(0.0399149656, 0.314815849, -0.31481573, 0.89453274)|(0.9999998, 0.9999999, 0.9999998)
GlobalObjectId_V1-2-75255463483393841ad623c260500c31-839862781059836487-1906523992|True|(-1.862645E-10, 0.00218650536, 3.72529022E-11)|(0.0399149656, 0.314815849, -0.31481573, 0.89453274)|(0.9999998, 0.9999999, 0.9999998)
GlobalObjectId_V1-2-75255463483393841ad623c260500c31-839862781059836487-1921694405|True|(-1.862645E-10, 0.00218650536, 3.72529022E-11)|(0.0399149656, 0.314815849, -0.31481573, 0.89453274)|(0.9999998, 0.9999999, 0.9999998)
GlobalObjectId_V1-2-75255463483393841ad623c260500c31-839862781059836487-2052472853|True|(-1.862645E-10, 0.00218650536, 3.72529022E-11)|(0.0399149656, 0.314815849, -0.31481573, 0.89453274)|(0.9999998, 0.9999999, 0.9999998)
GlobalObjectId_V1-2-75255463483393841ad623c260500c31-839862781059836487-303056869|True|(-1.862645E-10, 0.00218650536, 3.72529022E-11)|(0.0399149656, 0.314815849, -0.31481573, 0.89453274)|(0.9999998, 0.9999999, 0.9999998)
GlobalObjectId_V1-2-75255463483393841ad623c260500c31-839862781059836487-308968016|True|(-1.862645E-10, 0.00218650536, 3.72529022E-11)|(0.0399149656, 0.314815849, -0.31481573, 0.89453274)|(0.9999998, 0.9999999, 0.9999998)
GlobalObjectId_V1-2-75255463483393841ad623c260500c31-839862781059836487-764708180|True|(-1.862645E-10, 0.00218650536, 3.72529022E-11)|(0.0399149656, 0.314815849, -0.31481573, 0.89453274)|(0.9999998, 0.9999999, 0.9999998)
GlobalObjectId_V1-2-75255463483393841ad623c260500c31-839862781059836487-924230383|True|(-1.862645E-10, 0.00218650536, 3.72529022E-11)|(0.0399149656, 0.314815849, -0.31481573, 0.89453274)|(0.9999998, 0.9999999, 0.9999998)
GlobalObjectId_V1-2-75255463483393841ad623c260500c31-8404187833430934640-124650490|True|(0, 0, 0)|(-0.7071068, 0, 0, 0.7071067)|(100, 100, 100)
GlobalObjectId_V1-2-75255463483393841ad623c260500c31-8404187833430934640-1376906811|True|(0, 0, 0)|(-0.7071068, 0, 0, 0.7071067)|(100, 100, 100)
GlobalObjectId_V1-2-75255463483393841ad623c260500c31-8404187833430934640-1395087067|True|(0, 0, 0)|(-0.7071068, 0, 0, 0.7071067)|(100, 100, 100)
GlobalObjectId_V1-2-75255463483393841ad623c260500c31-8404187833430934640-589898910|True|(0, 0, 0)|(-0.7071068, 0, 0, 0.7071067)|(100, 100, 100)
GlobalObjectId_V1-2-75255463483393841ad623c260500c31-8404187833430934640-951118863|True|(0, 0, 0)|(-0.7071068, 0, 0, 0.7071067)|(100, 100, 100)
GlobalObjectId_V1-2-75255463483393841ad623c260500c31-8404187833430934640-997839571|True|(0, 0, 0)|(-0.7071068, 0, 0, 0.7071067)|(100, 100, 100)
GlobalObjectId_V1-2-75255463483393841ad623c260500c31-8419554001804053288-1156845426|True|(3.72529E-10, 0.00214000768, 5.21540644E-10)|(-0.375606745, -0.238553688, 0.2385537, 0.863194)|(1.00000012, 1.00000012, 1)
GlobalObjectId_V1-2-75255463483393841ad623c260500c31-8419554001804053288-1282342156|True|(3.72529E-10, 0.00214000768, 5.21540644E-10)|(-0.375606745, -0.238553688, 0.2385537, 0.863194)|(1.00000012, 1.00000012, 1)
GlobalObjectId_V1-2-75255463483393841ad623c260500c31-8419554001804053288-1328059363|True|(3.72529E-10, 0.00214000768, 5.21540644E-10)|(-0.375606745, -0.238553688, 0.2385537, 0.863194)|(1.00000012, 1.00000012, 1)
GlobalObjectId_V1-2-75255463483393841ad623c260500c31-8419554001804053288-1364577291|True|(3.72529E-10, 0.00214000768, 5.21540644E-10)|(-0.375606745, -0.238553688, 0.2385537, 0.863194)|(1.00000012, 1.00000012, 1)
GlobalObjectId_V1-2-75255463483393841ad623c260500c31-8419554001804053288-1398831272|True|(3.72529E-10, 0.00214000768, 5.21540644E-10)|(-0.375606745, -0.238553688, 0.2385537, 0.863194)|(1.00000012, 1.00000012, 1)
GlobalObjectId_V1-2-75255463483393841ad623c260500c31-8419554001804053288-1538826313|True|(3.72529E-10, 0.00214000768, 5.21540644E-10)|(-0.375606745, -0.238553688, 0.2385537, 0.863194)|(1.00000012, 1.00000012, 1)
GlobalObjectId_V1-2-75255463483393841ad623c260500c31-8419554001804053288-2022718491|True|(3.72529E-10, 0.00214000768, 5.21540644E-10)|(-0.375606745, -0.238553688, 0.2385537, 0.863194)|(1.00000012, 1.00000012, 1)
GlobalObjectId_V1-2-75255463483393841ad623c260500c31-8419554001804053288-2038314915|True|(3.72529E-10, 0.00214000768, 5.21540644E-10)|(-0.375606745, -0.238553688, 0.2385537, 0.863194)|(1.00000012, 1.00000012, 1)
GlobalObjectId_V1-2-75255463483393841ad623c260500c31-8419554001804053288-535235437|True|(3.72529E-10, 0.00214000768, 5.21540644E-10)|(-0.375606745, -0.238553688, 0.2385537, 0.863194)|(1.00000012, 1.00000012, 1)
GlobalObjectId_V1-2-75255463483393841ad623c260500c31-8419554001804053288-662617545|True|(3.72529E-10, 0.00214000768, 5.21540644E-10)|(-0.375606745, -0.238553688, 0.2385537, 0.863194)|(1.00000012, 1.00000012, 1)
GlobalObjectId_V1-2-75255463483393841ad623c260500c31-8432764242584764315-1092392191|True|(0, 0.0008750003, 0)|(0, 0, 0, 1)|(1, 1, 1)
GlobalObjectId_V1-2-75255463483393841ad623c260500c31-8432764242584764315-1236654927|True|(0, 0.0008750003, 0)|(0, 0, 0, 1)|(1, 1, 1)
GlobalObjectId_V1-2-75255463483393841ad623c260500c31-8432764242584764315-1830864491|True|(0, 0.0008750003, 0)|(0, 0, 0, 1)|(1, 1, 1)
GlobalObjectId_V1-2-75255463483393841ad623c260500c31-8432764242584764315-184762202|True|(0, 0.0008750003, 0)|(0, 0, 0, 1)|(1, 1, 1)
GlobalObjectId_V1-2-75255463483393841ad623c260500c31-8432764242584764315-430729400|True|(0, 0.0008750003, 0)|(0, 0, 0, 1)|(1, 1, 1)
GlobalObjectId_V1-2-75255463483393841ad623c260500c31-8432764242584764315-507331391|True|(0, 0.0008750003, 0)|(0, 0, 0, 1)|(1, 1, 1)
GlobalObjectId_V1-2-75255463483393841ad623c260500c31-8432764242584764315-559331042|True|(0, 0.0008750003, 0)|(0, 0, 0, 1)|(1, 1, 1)
GlobalObjectId_V1-2-75255463483393841ad623c260500c31-8432764242584764315-995936011|True|(0, 0.0008750003, 0)|(0, 0, 0, 1)|(1, 1, 1)
GlobalObjectId_V1-2-75255463483393841ad623c260500c31-844488361-0|True|(0.85, 0, -0.092)|(0, 0, 0, 1)|(0.25, 0.18, 0.018)
GlobalObjectId_V1-2-75255463483393841ad623c260500c31-8476804199328410362-1270225228|True|(0, 0, 0)|(0, 0, 0, 1)|(0.28, 0.28, 0.28)
GlobalObjectId_V1-2-75255463483393841ad623c260500c31-8476804199328410362-1720144850|True|(0, 0, 0)|(0, 0, 0, 1)|(0.28, 0.28, 0.28)
GlobalObjectId_V1-2-75255463483393841ad623c260500c31-8476804199328410362-1742115882|True|(0, 0, 0)|(0, 0, 0, 1)|(0.28, 0.28, 0.28)
GlobalObjectId_V1-2-75255463483393841ad623c260500c31-8476804199328410362-1906523992|True|(0, 0, 0)|(0, 0, 0, 1)|(0.28, 0.28, 0.28)
GlobalObjectId_V1-2-75255463483393841ad623c260500c31-8476804199328410362-1921694405|True|(0, 0, 0)|(0, 0, 0, 1)|(0.28, 0.28, 0.28)
GlobalObjectId_V1-2-75255463483393841ad623c260500c31-8476804199328410362-2052472853|True|(0, 0, 0)|(0, 0, 0, 1)|(0.28, 0.28, 0.28)
GlobalObjectId_V1-2-75255463483393841ad623c260500c31-8476804199328410362-303056869|True|(0, 0, 0)|(0, 0, 0, 1)|(0.28, 0.28, 0.28)
GlobalObjectId_V1-2-75255463483393841ad623c260500c31-8476804199328410362-308968016|True|(0, 0, 0)|(0, 0, 0, 1)|(0.28, 0.28, 0.28)
GlobalObjectId_V1-2-75255463483393841ad623c260500c31-8476804199328410362-764708180|True|(0, 0, 0)|(0, 0, 0, 1)|(0.28, 0.28, 0.28)
GlobalObjectId_V1-2-75255463483393841ad623c260500c31-8476804199328410362-924230383|True|(0, 0, 0)|(0, 0, 0, 1)|(0.28, 0.28, 0.28)
GlobalObjectId_V1-2-75255463483393841ad623c260500c31-847944269-0|True|(0, 0, 0)|(0.7071068, 0, 0, 0.7071068)|(1, 1, 1)
GlobalObjectId_V1-2-75255463483393841ad623c260500c31-8485790751458293321-1054006661|True|(0.237600014, 0.015, 0.002)|(0, 0, 0.0610485449, 0.998134851)|(0.4104, 1.0044, 1)
GlobalObjectId_V1-2-75255463483393841ad623c260500c31-8485790751458293321-1066520553|True|(0.237600014, 0.015, 0.002)|(0, 0, 0.0610485449, 0.998134851)|(0.4104, 1.0044, 1)
GlobalObjectId_V1-2-75255463483393841ad623c260500c31-8485790751458293321-1075442592|True|(0.237600014, 0.015, 0.002)|(0, 0, 0.0610485449, 0.998134851)|(0.4104, 1.0044, 1)
GlobalObjectId_V1-2-75255463483393841ad623c260500c31-8485790751458293321-1123419265|True|(0.237600014, 0.015, 0.002)|(0, 0, 0.0610485449, 0.998134851)|(0.4104, 1.0044, 1)
GlobalObjectId_V1-2-75255463483393841ad623c260500c31-8485790751458293321-1189067973|True|(0.237600014, 0.015, 0.002)|(0, 0, 0.0610485449, 0.998134851)|(0.4104, 1.0044, 1)
GlobalObjectId_V1-2-75255463483393841ad623c260500c31-8485790751458293321-1213532434|True|(0.237600014, 0.015, 0.002)|(0, 0, 0.0610485449, 0.998134851)|(0.4104, 1.0044, 1)
GlobalObjectId_V1-2-75255463483393841ad623c260500c31-8485790751458293321-1231942770|True|(0.237600014, 0.015, 0.002)|(0, 0, 0.0610485449, 0.998134851)|(0.4104, 1.0044, 1)
GlobalObjectId_V1-2-75255463483393841ad623c260500c31-8485790751458293321-1273255913|True|(0.237600014, 0.015, 0.002)|(0, 0, 0.0610485449, 0.998134851)|(0.4104, 1.0044, 1)
GlobalObjectId_V1-2-75255463483393841ad623c260500c31-8485790751458293321-1278822786|True|(0.237600014, 0.015, 0.002)|(0, 0, 0.0610485449, 0.998134851)|(0.4104, 1.0044, 1)
GlobalObjectId_V1-2-75255463483393841ad623c260500c31-8485790751458293321-1289928147|True|(0.237600014, 0.015, 0.002)|(0, 0, 0.0610485449, 0.998134851)|(0.4104, 1.0044, 1)
GlobalObjectId_V1-2-75255463483393841ad623c260500c31-8485790751458293321-1306169864|True|(0.237600014, 0.015, 0.002)|(0, 0, 0.0610485449, 0.998134851)|(0.4104, 1.0044, 1)
GlobalObjectId_V1-2-75255463483393841ad623c260500c31-8485790751458293321-134612628|True|(0.237600014, 0.015, 0.002)|(0, 0, 0.0610485449, 0.998134851)|(0.4104, 1.0044, 1)
GlobalObjectId_V1-2-75255463483393841ad623c260500c31-8485790751458293321-1362226918|True|(0.237600014, 0.015, 0.002)|(0, 0, 0.0610485449, 0.998134851)|(0.4104, 1.0044, 1)
GlobalObjectId_V1-2-75255463483393841ad623c260500c31-8485790751458293321-1446791577|True|(0.237600014, 0.015, 0.002)|(0, 0, 0.0610485449, 0.998134851)|(0.4104, 1.0044, 1)
GlobalObjectId_V1-2-75255463483393841ad623c260500c31-8485790751458293321-1453559021|True|(0.237600014, 0.015, 0.002)|(0, 0, 0.0610485449, 0.998134851)|(0.4104, 1.0044, 1)
GlobalObjectId_V1-2-75255463483393841ad623c260500c31-8485790751458293321-1474131409|True|(0.237600014, 0.015, 0.002)|(0, 0, 0.0610485449, 0.998134851)|(0.4104, 1.0044, 1)
GlobalObjectId_V1-2-75255463483393841ad623c260500c31-8485790751458293321-1523898307|True|(0.237600014, 0.015, 0.002)|(0, 0, 0.0610485449, 0.998134851)|(0.4104, 1.0044, 1)
GlobalObjectId_V1-2-75255463483393841ad623c260500c31-8485790751458293321-1589411330|True|(0.237600014, 0.015, 0.002)|(0, 0, 0.0610485449, 0.998134851)|(0.4104, 1.0044, 1)
GlobalObjectId_V1-2-75255463483393841ad623c260500c31-8485790751458293321-1669245919|True|(0.237600014, 0.015, 0.002)|(0, 0, 0.0610485449, 0.998134851)|(0.4104, 1.0044, 1)
GlobalObjectId_V1-2-75255463483393841ad623c260500c31-8485790751458293321-1737122726|True|(0.237600014, 0.015, 0.002)|(0, 0, 0.0610485449, 0.998134851)|(0.4104, 1.0044, 1)
GlobalObjectId_V1-2-75255463483393841ad623c260500c31-8485790751458293321-1741248142|True|(0.237600014, 0.015, 0.002)|(0, 0, 0.0610485449, 0.998134851)|(0.4104, 1.0044, 1)
GlobalObjectId_V1-2-75255463483393841ad623c260500c31-8485790751458293321-177614287|True|(0.237600014, 0.015, 0.002)|(0, 0, 0.0610485449, 0.998134851)|(0.4104, 1.0044, 1)
GlobalObjectId_V1-2-75255463483393841ad623c260500c31-8485790751458293321-1802634647|True|(0.237600014, 0.015, 0.002)|(0, 0, 0.0610485449, 0.998134851)|(0.4104, 1.0044, 1)
GlobalObjectId_V1-2-75255463483393841ad623c260500c31-8485790751458293321-1890397674|True|(0.237600014, 0.015, 0.002)|(0, 0, 0.0610485449, 0.998134851)|(0.4104, 1.0044, 1)
GlobalObjectId_V1-2-75255463483393841ad623c260500c31-8485790751458293321-1899348449|True|(0.237600014, 0.015, 0.002)|(0, 0, 0.0610485449, 0.998134851)|(0.4104, 1.0044, 1)
GlobalObjectId_V1-2-75255463483393841ad623c260500c31-8485790751458293321-1931660283|True|(0.237600014, 0.015, 0.002)|(0, 0, 0.0610485449, 0.998134851)|(0.4104, 1.0044, 1)
GlobalObjectId_V1-2-75255463483393841ad623c260500c31-8485790751458293321-2008804692|True|(0.237600014, 0.015, 0.002)|(0, 0, 0.0610485449, 0.998134851)|(0.4104, 1.0044, 1)
GlobalObjectId_V1-2-75255463483393841ad623c260500c31-8485790751458293321-2120236441|True|(0.237600014, 0.015, 0.002)|(0, 0, 0.0610485449, 0.998134851)|(0.4104, 1.0044, 1)
GlobalObjectId_V1-2-75255463483393841ad623c260500c31-8485790751458293321-255090835|True|(0.237600014, 0.015, 0.002)|(0, 0, 0.0610485449, 0.998134851)|(0.4104, 1.0044, 1)
GlobalObjectId_V1-2-75255463483393841ad623c260500c31-8485790751458293321-261895982|True|(0.237600014, 0.015, 0.002)|(0, 0, 0.0610485449, 0.998134851)|(0.4104, 1.0044, 1)
GlobalObjectId_V1-2-75255463483393841ad623c260500c31-8485790751458293321-346250313|True|(0.237600014, 0.015, 0.002)|(0, 0, 0.0610485449, 0.998134851)|(0.4104, 1.0044, 1)
GlobalObjectId_V1-2-75255463483393841ad623c260500c31-8485790751458293321-374324541|True|(0.237600014, 0.015, 0.002)|(0, 0, 0.0610485449, 0.998134851)|(0.4104, 1.0044, 1)
GlobalObjectId_V1-2-75255463483393841ad623c260500c31-8485790751458293321-39910857|True|(0.237600014, 0.015, 0.002)|(0, 0, 0.0610485449, 0.998134851)|(0.4104, 1.0044, 1)
GlobalObjectId_V1-2-75255463483393841ad623c260500c31-8485790751458293321-415706150|True|(0.237600014, 0.015, 0.002)|(0, 0, 0.0610485449, 0.998134851)|(0.4104, 1.0044, 1)
GlobalObjectId_V1-2-75255463483393841ad623c260500c31-8485790751458293321-420684188|True|(0.237600014, 0.015, 0.002)|(0, 0, 0.0610485449, 0.998134851)|(0.4104, 1.0044, 1)
GlobalObjectId_V1-2-75255463483393841ad623c260500c31-8485790751458293321-448738566|True|(0.237600014, 0.015, 0.002)|(0, 0, 0.0610485449, 0.998134851)|(0.4104, 1.0044, 1)
GlobalObjectId_V1-2-75255463483393841ad623c260500c31-8485790751458293321-455620735|True|(0.237600014, 0.015, 0.002)|(0, 0, 0.0610485449, 0.998134851)|(0.4104, 1.0044, 1)
GlobalObjectId_V1-2-75255463483393841ad623c260500c31-8485790751458293321-462089741|True|(0.237600014, 0.015, 0.002)|(0, 0, 0.0610485449, 0.998134851)|(0.4104, 1.0044, 1)
GlobalObjectId_V1-2-75255463483393841ad623c260500c31-8485790751458293321-471337410|True|(0.237600014, 0.015, 0.002)|(0, 0, 0.0610485449, 0.998134851)|(0.4104, 1.0044, 1)
GlobalObjectId_V1-2-75255463483393841ad623c260500c31-8485790751458293321-514498336|True|(0.237600014, 0.015, 0.002)|(0, 0, 0.0610485449, 0.998134851)|(0.4104, 1.0044, 1)
GlobalObjectId_V1-2-75255463483393841ad623c260500c31-8485790751458293321-570203299|True|(0.237600014, 0.015, 0.002)|(0, 0, 0.0610485449, 0.998134851)|(0.4104, 1.0044, 1)
GlobalObjectId_V1-2-75255463483393841ad623c260500c31-8485790751458293321-577746331|True|(0.237600014, 0.015, 0.002)|(0, 0, 0.0610485449, 0.998134851)|(0.4104, 1.0044, 1)
GlobalObjectId_V1-2-75255463483393841ad623c260500c31-8485790751458293321-614239699|True|(0.237600014, 0.015, 0.002)|(0, 0, 0.0610485449, 0.998134851)|(0.4104, 1.0044, 1)
GlobalObjectId_V1-2-75255463483393841ad623c260500c31-8485790751458293321-720893779|True|(0.237600014, 0.015, 0.002)|(0, 0, 0.0610485449, 0.998134851)|(0.4104, 1.0044, 1)
GlobalObjectId_V1-2-75255463483393841ad623c260500c31-8485790751458293321-759653167|True|(0.237600014, 0.015, 0.002)|(0, 0, 0.0610485449, 0.998134851)|(0.4104, 1.0044, 1)
GlobalObjectId_V1-2-75255463483393841ad623c260500c31-8485790751458293321-788279421|True|(0.237600014, 0.015, 0.002)|(0, 0, 0.0610485449, 0.998134851)|(0.4104, 1.0044, 1)
GlobalObjectId_V1-2-75255463483393841ad623c260500c31-8485790751458293321-801688379|True|(0.237600014, 0.015, 0.002)|(0, 0, 0.0610485449, 0.998134851)|(0.4104, 1.0044, 1)
GlobalObjectId_V1-2-75255463483393841ad623c260500c31-8485790751458293321-827096132|True|(0.237600014, 0.015, 0.002)|(0, 0, 0.0610485449, 0.998134851)|(0.4104, 1.0044, 1)
GlobalObjectId_V1-2-75255463483393841ad623c260500c31-8485790751458293321-841608481|True|(0.237600014, 0.015, 0.002)|(0, 0, 0.0610485449, 0.998134851)|(0.4104, 1.0044, 1)
GlobalObjectId_V1-2-75255463483393841ad623c260500c31-8485790751458293321-866930353|True|(0.237600014, 0.015, 0.002)|(0, 0, 0.0610485449, 0.998134851)|(0.4104, 1.0044, 1)
GlobalObjectId_V1-2-75255463483393841ad623c260500c31-850657364-0|True|(0, 0, 0)|(0, 0, 0, 1)|(1, 1, 1)
GlobalObjectId_V1-2-75255463483393841ad623c260500c31-85168178881154108-1092392191|True|(-2.98023217E-10, 0.00250256155, 0)|(-0.161972508, -0.195602387, 0.3629521, 0.8965324)|(1, 1, 0.99999994)
GlobalObjectId_V1-2-75255463483393841ad623c260500c31-85168178881154108-1236654927|True|(-2.98023217E-10, 0.00250256155, 0)|(-0.161972508, -0.195602387, 0.3629521, 0.8965324)|(1, 1, 0.99999994)
GlobalObjectId_V1-2-75255463483393841ad623c260500c31-85168178881154108-1830864491|True|(-2.98023217E-10, 0.00250256155, 0)|(-0.161972508, -0.195602387, 0.3629521, 0.8965324)|(1, 1, 0.99999994)
GlobalObjectId_V1-2-75255463483393841ad623c260500c31-85168178881154108-184762202|True|(-2.98023217E-10, 0.00250256155, 0)|(-0.161972508, -0.195602387, 0.3629521, 0.8965324)|(1, 1, 0.99999994)
GlobalObjectId_V1-2-75255463483393841ad623c260500c31-85168178881154108-430729400|True|(-2.98023217E-10, 0.00250256155, 0)|(-0.161972508, -0.195602387, 0.3629521, 0.8965324)|(1, 1, 0.99999994)
GlobalObjectId_V1-2-75255463483393841ad623c260500c31-85168178881154108-507331391|True|(-2.98023217E-10, 0.00250256155, 0)|(-0.161972508, -0.195602387, 0.3629521, 0.8965324)|(1, 1, 0.99999994)
GlobalObjectId_V1-2-75255463483393841ad623c260500c31-85168178881154108-559331042|True|(-2.98023217E-10, 0.00250256155, 0)|(-0.161972508, -0.195602387, 0.3629521, 0.8965324)|(1, 1, 0.99999994)
GlobalObjectId_V1-2-75255463483393841ad623c260500c31-85168178881154108-995936011|True|(-2.98023217E-10, 0.00250256155, 0)|(-0.161972508, -0.195602387, 0.3629521, 0.8965324)|(1, 1, 0.99999994)
GlobalObjectId_V1-2-75255463483393841ad623c260500c31-8517921579765969336-1054006661|True|(-0.36, 0.445, -0.318)|(0, 0, 0.06975647, 0.9975641)|(0.075, 0.022, 0.025)
GlobalObjectId_V1-2-75255463483393841ad623c260500c31-8517921579765969336-1066520553|True|(-0.36, 0.445, -0.318)|(0, 0, 0.06975647, 0.9975641)|(0.075, 0.022, 0.025)
GlobalObjectId_V1-2-75255463483393841ad623c260500c31-8517921579765969336-1075442592|True|(-0.36, 0.445, -0.318)|(0, 0, 0.06975647, 0.9975641)|(0.075, 0.022, 0.025)
GlobalObjectId_V1-2-75255463483393841ad623c260500c31-8517921579765969336-1123419265|True|(-0.36, 0.445, -0.318)|(0, 0, 0.06975647, 0.9975641)|(0.075, 0.022, 0.025)
GlobalObjectId_V1-2-75255463483393841ad623c260500c31-8517921579765969336-1189067973|True|(-0.36, 0.445, -0.318)|(0, 0, 0.06975647, 0.9975641)|(0.075, 0.022, 0.025)
GlobalObjectId_V1-2-75255463483393841ad623c260500c31-8517921579765969336-1213532434|True|(-0.36, 0.445, -0.318)|(0, 0, 0.06975647, 0.9975641)|(0.075, 0.022, 0.025)
GlobalObjectId_V1-2-75255463483393841ad623c260500c31-8517921579765969336-1231942770|True|(-0.36, 0.445, -0.318)|(0, 0, 0.06975647, 0.9975641)|(0.075, 0.022, 0.025)
GlobalObjectId_V1-2-75255463483393841ad623c260500c31-8517921579765969336-1273255913|True|(-0.36, 0.445, -0.318)|(0, 0, 0.06975647, 0.9975641)|(0.075, 0.022, 0.025)
GlobalObjectId_V1-2-75255463483393841ad623c260500c31-8517921579765969336-1278822786|True|(-0.36, 0.445, -0.318)|(0, 0, 0.06975647, 0.9975641)|(0.075, 0.022, 0.025)
GlobalObjectId_V1-2-75255463483393841ad623c260500c31-8517921579765969336-1289928147|True|(-0.36, 0.445, -0.318)|(0, 0, 0.06975647, 0.9975641)|(0.075, 0.022, 0.025)
GlobalObjectId_V1-2-75255463483393841ad623c260500c31-8517921579765969336-1306169864|True|(-0.36, 0.445, -0.318)|(0, 0, 0.06975647, 0.9975641)|(0.075, 0.022, 0.025)
GlobalObjectId_V1-2-75255463483393841ad623c260500c31-8517921579765969336-134612628|True|(-0.36, 0.445, -0.318)|(0, 0, 0.06975647, 0.9975641)|(0.075, 0.022, 0.025)
GlobalObjectId_V1-2-75255463483393841ad623c260500c31-8517921579765969336-1362226918|True|(-0.36, 0.445, -0.318)|(0, 0, 0.06975647, 0.9975641)|(0.075, 0.022, 0.025)
GlobalObjectId_V1-2-75255463483393841ad623c260500c31-8517921579765969336-1446791577|True|(-0.36, 0.445, -0.318)|(0, 0, 0.06975647, 0.9975641)|(0.075, 0.022, 0.025)
GlobalObjectId_V1-2-75255463483393841ad623c260500c31-8517921579765969336-1453559021|True|(-0.36, 0.445, -0.318)|(0, 0, 0.06975647, 0.9975641)|(0.075, 0.022, 0.025)
GlobalObjectId_V1-2-75255463483393841ad623c260500c31-8517921579765969336-1474131409|True|(-0.36, 0.445, -0.318)|(0, 0, 0.06975647, 0.9975641)|(0.075, 0.022, 0.025)
GlobalObjectId_V1-2-75255463483393841ad623c260500c31-8517921579765969336-1523898307|True|(-0.36, 0.445, -0.318)|(0, 0, 0.06975647, 0.9975641)|(0.075, 0.022, 0.025)
GlobalObjectId_V1-2-75255463483393841ad623c260500c31-8517921579765969336-1589411330|True|(-0.36, 0.445, -0.318)|(0, 0, 0.06975647, 0.9975641)|(0.075, 0.022, 0.025)
GlobalObjectId_V1-2-75255463483393841ad623c260500c31-8517921579765969336-1669245919|True|(-0.36, 0.445, -0.318)|(0, 0, 0.06975647, 0.9975641)|(0.075, 0.022, 0.025)
GlobalObjectId_V1-2-75255463483393841ad623c260500c31-8517921579765969336-1737122726|True|(-0.36, 0.445, -0.318)|(0, 0, 0.06975647, 0.9975641)|(0.075, 0.022, 0.025)
GlobalObjectId_V1-2-75255463483393841ad623c260500c31-8517921579765969336-1741248142|True|(-0.36, 0.445, -0.318)|(0, 0, 0.06975647, 0.9975641)|(0.075, 0.022, 0.025)
GlobalObjectId_V1-2-75255463483393841ad623c260500c31-8517921579765969336-177614287|True|(-0.36, 0.445, -0.318)|(0, 0, 0.06975647, 0.9975641)|(0.075, 0.022, 0.025)
GlobalObjectId_V1-2-75255463483393841ad623c260500c31-8517921579765969336-1802634647|True|(-0.36, 0.445, -0.318)|(0, 0, 0.06975647, 0.9975641)|(0.075, 0.022, 0.025)
GlobalObjectId_V1-2-75255463483393841ad623c260500c31-8517921579765969336-1890397674|True|(-0.36, 0.445, -0.318)|(0, 0, 0.06975647, 0.9975641)|(0.075, 0.022, 0.025)
GlobalObjectId_V1-2-75255463483393841ad623c260500c31-8517921579765969336-1899348449|True|(-0.36, 0.445, -0.318)|(0, 0, 0.06975647, 0.9975641)|(0.075, 0.022, 0.025)
GlobalObjectId_V1-2-75255463483393841ad623c260500c31-8517921579765969336-1931660283|True|(-0.36, 0.445, -0.318)|(0, 0, 0.06975647, 0.9975641)|(0.075, 0.022, 0.025)
GlobalObjectId_V1-2-75255463483393841ad623c260500c31-8517921579765969336-2008804692|True|(-0.36, 0.445, -0.318)|(0, 0, 0.06975647, 0.9975641)|(0.075, 0.022, 0.025)
GlobalObjectId_V1-2-75255463483393841ad623c260500c31-8517921579765969336-2120236441|True|(-0.36, 0.445, -0.318)|(0, 0, 0.06975647, 0.9975641)|(0.075, 0.022, 0.025)
GlobalObjectId_V1-2-75255463483393841ad623c260500c31-8517921579765969336-255090835|True|(-0.36, 0.445, -0.318)|(0, 0, 0.06975647, 0.9975641)|(0.075, 0.022, 0.025)
GlobalObjectId_V1-2-75255463483393841ad623c260500c31-8517921579765969336-261895982|True|(-0.36, 0.445, -0.318)|(0, 0, 0.06975647, 0.9975641)|(0.075, 0.022, 0.025)
GlobalObjectId_V1-2-75255463483393841ad623c260500c31-8517921579765969336-346250313|True|(-0.36, 0.445, -0.318)|(0, 0, 0.06975647, 0.9975641)|(0.075, 0.022, 0.025)
GlobalObjectId_V1-2-75255463483393841ad623c260500c31-8517921579765969336-374324541|True|(-0.36, 0.445, -0.318)|(0, 0, 0.06975647, 0.9975641)|(0.075, 0.022, 0.025)
GlobalObjectId_V1-2-75255463483393841ad623c260500c31-8517921579765969336-39910857|True|(-0.36, 0.445, -0.318)|(0, 0, 0.06975647, 0.9975641)|(0.075, 0.022, 0.025)
GlobalObjectId_V1-2-75255463483393841ad623c260500c31-8517921579765969336-415706150|True|(-0.36, 0.445, -0.318)|(0, 0, 0.06975647, 0.9975641)|(0.075, 0.022, 0.025)
GlobalObjectId_V1-2-75255463483393841ad623c260500c31-8517921579765969336-420684188|True|(-0.36, 0.445, -0.318)|(0, 0, 0.06975647, 0.9975641)|(0.075, 0.022, 0.025)
GlobalObjectId_V1-2-75255463483393841ad623c260500c31-8517921579765969336-448738566|True|(-0.36, 0.445, -0.318)|(0, 0, 0.06975647, 0.9975641)|(0.075, 0.022, 0.025)
GlobalObjectId_V1-2-75255463483393841ad623c260500c31-8517921579765969336-455620735|True|(-0.36, 0.445, -0.318)|(0, 0, 0.06975647, 0.9975641)|(0.075, 0.022, 0.025)
GlobalObjectId_V1-2-75255463483393841ad623c260500c31-8517921579765969336-462089741|True|(-0.36, 0.445, -0.318)|(0, 0, 0.06975647, 0.9975641)|(0.075, 0.022, 0.025)
GlobalObjectId_V1-2-75255463483393841ad623c260500c31-8517921579765969336-471337410|True|(-0.36, 0.445, -0.318)|(0, 0, 0.06975647, 0.9975641)|(0.075, 0.022, 0.025)
GlobalObjectId_V1-2-75255463483393841ad623c260500c31-8517921579765969336-514498336|True|(-0.36, 0.445, -0.318)|(0, 0, 0.06975647, 0.9975641)|(0.075, 0.022, 0.025)
GlobalObjectId_V1-2-75255463483393841ad623c260500c31-8517921579765969336-570203299|True|(-0.36, 0.445, -0.318)|(0, 0, 0.06975647, 0.9975641)|(0.075, 0.022, 0.025)
GlobalObjectId_V1-2-75255463483393841ad623c260500c31-8517921579765969336-577746331|True|(-0.36, 0.445, -0.318)|(0, 0, 0.06975647, 0.9975641)|(0.075, 0.022, 0.025)
GlobalObjectId_V1-2-75255463483393841ad623c260500c31-8517921579765969336-614239699|True|(-0.36, 0.445, -0.318)|(0, 0, 0.06975647, 0.9975641)|(0.075, 0.022, 0.025)
GlobalObjectId_V1-2-75255463483393841ad623c260500c31-8517921579765969336-720893779|True|(-0.36, 0.445, -0.318)|(0, 0, 0.06975647, 0.9975641)|(0.075, 0.022, 0.025)
GlobalObjectId_V1-2-75255463483393841ad623c260500c31-8517921579765969336-759653167|True|(-0.36, 0.445, -0.318)|(0, 0, 0.06975647, 0.9975641)|(0.075, 0.022, 0.025)
GlobalObjectId_V1-2-75255463483393841ad623c260500c31-8517921579765969336-788279421|True|(-0.36, 0.445, -0.318)|(0, 0, 0.06975647, 0.9975641)|(0.075, 0.022, 0.025)
GlobalObjectId_V1-2-75255463483393841ad623c260500c31-8517921579765969336-801688379|True|(-0.36, 0.445, -0.318)|(0, 0, 0.06975647, 0.9975641)|(0.075, 0.022, 0.025)
GlobalObjectId_V1-2-75255463483393841ad623c260500c31-8517921579765969336-827096132|True|(-0.36, 0.445, -0.318)|(0, 0, 0.06975647, 0.9975641)|(0.075, 0.022, 0.025)
GlobalObjectId_V1-2-75255463483393841ad623c260500c31-8517921579765969336-841608481|True|(-0.36, 0.445, -0.318)|(0, 0, 0.06975647, 0.9975641)|(0.075, 0.022, 0.025)
GlobalObjectId_V1-2-75255463483393841ad623c260500c31-8517921579765969336-866930353|True|(-0.36, 0.445, -0.318)|(0, 0, 0.06975647, 0.9975641)|(0.075, 0.022, 0.025)
GlobalObjectId_V1-2-75255463483393841ad623c260500c31-851929049-0|True|(0, 0, 0)|(0.7071068, 0, 0, 0.7071068)|(1, 1, 1)
GlobalObjectId_V1-2-75255463483393841ad623c260500c31-8528313330333778465-1270225228|True|(0, 0, 0)|(0, 0, 0, 1)|(1.1, 1.1, 1.1)
GlobalObjectId_V1-2-75255463483393841ad623c260500c31-8528313330333778465-1720144850|True|(0, 0, 0)|(0, 0, 0, 1)|(1.1, 1.1, 1.1)
GlobalObjectId_V1-2-75255463483393841ad623c260500c31-8528313330333778465-1742115882|True|(0, 0, 0)|(0, 0, 0, 1)|(1.1, 1.1, 1.1)
GlobalObjectId_V1-2-75255463483393841ad623c260500c31-8528313330333778465-1906523992|True|(0, 0, 0)|(0, 0, 0, 1)|(1.1, 1.1, 1.1)
GlobalObjectId_V1-2-75255463483393841ad623c260500c31-8528313330333778465-1921694405|True|(0, 0, 0)|(0, 0, 0, 1)|(1.1, 1.1, 1.1)
GlobalObjectId_V1-2-75255463483393841ad623c260500c31-8528313330333778465-2052472853|True|(0, 0, 0)|(0, 0, 0, 1)|(1.1, 1.1, 1.1)
GlobalObjectId_V1-2-75255463483393841ad623c260500c31-8528313330333778465-303056869|True|(0, 0, 0)|(0, 0, 0, 1)|(1.1, 1.1, 1.1)
GlobalObjectId_V1-2-75255463483393841ad623c260500c31-8528313330333778465-308968016|True|(0, 0, 0)|(0, 0, 0, 1)|(1.1, 1.1, 1.1)
GlobalObjectId_V1-2-75255463483393841ad623c260500c31-8528313330333778465-764708180|True|(0, 0, 0)|(0, 0, 0, 1)|(1.1, 1.1, 1.1)
GlobalObjectId_V1-2-75255463483393841ad623c260500c31-8528313330333778465-924230383|True|(0, 0, 0)|(0, 0, 0, 1)|(1.1, 1.1, 1.1)
GlobalObjectId_V1-2-75255463483393841ad623c260500c31-853607016-0|True|(-1.5, 1.3, 0)|(0, 0, 0, 1)|(1, 1, 1)
GlobalObjectId_V1-2-75255463483393841ad623c260500c31-856410959-0|True|(0, 0, 0)|(0.7071068, 0, 0, 0.7071068)|(1, 1, 1)
GlobalObjectId_V1-2-75255463483393841ad623c260500c31-8583825752628887303-1270225228|True|(0, 0.85, 0)|(0, 1, 0, 0)|(1, 1, 1)
GlobalObjectId_V1-2-75255463483393841ad623c260500c31-8583825752628887303-1720144850|True|(0, 0.85, 0)|(0, 1, 0, 0)|(1, 1, 1)
GlobalObjectId_V1-2-75255463483393841ad623c260500c31-8583825752628887303-1742115882|True|(0, 0.85, 0)|(0, 1, 0, 0)|(1, 1, 1)
GlobalObjectId_V1-2-75255463483393841ad623c260500c31-8583825752628887303-1906523992|True|(0, 0.85, 0)|(0, 1, 0, 0)|(1, 1, 1)
GlobalObjectId_V1-2-75255463483393841ad623c260500c31-8583825752628887303-1921694405|True|(0, 0.85, 0)|(0, 1, 0, 0)|(1, 1, 1)
GlobalObjectId_V1-2-75255463483393841ad623c260500c31-8583825752628887303-2052472853|True|(0, 0.85, 0)|(0, 1, 0, 0)|(1, 1, 1)
GlobalObjectId_V1-2-75255463483393841ad623c260500c31-8583825752628887303-303056869|True|(0, 0.85, 0)|(0, 1, 0, 0)|(1, 1, 1)
GlobalObjectId_V1-2-75255463483393841ad623c260500c31-8583825752628887303-308968016|True|(0, 0.85, 0)|(0, 1, 0, 0)|(1, 1, 1)
GlobalObjectId_V1-2-75255463483393841ad623c260500c31-8583825752628887303-764708180|True|(0, 0.85, 0)|(0, 1, 0, 0)|(1, 1, 1)
GlobalObjectId_V1-2-75255463483393841ad623c260500c31-8583825752628887303-924230383|True|(0, 0.85, 0)|(0, 1, 0, 0)|(1, 1, 1)
GlobalObjectId_V1-2-75255463483393841ad623c260500c31-859044299-0|True|(3.60000658, 0, 4.76837158E-07)|(0, 0, 0, 1)|(1, 1, 1)
GlobalObjectId_V1-2-75255463483393841ad623c260500c31-859044300-0|{"MonoBehaviour":{"m_Enabled":true,"m_EditorHideFlags":0,"m_Name":"","m_EditorClassIdentifier":"Assembly-CSharp::HighwayHazard","visual":{"instanceID":0},"barrierArm":{"instanceID":0},"signal":{"instanceID":0},"warning":{"instanceID":0},"laneIndex":2,"breakHealth":0.0,"warningSeconds":1.7999999523162842,"cycleSeconds":6.0,"crossingDistance":0.0}}
GlobalObjectId_V1-2-75255463483393841ad623c260500c31-8607261906036366736-1092392191|True|(0, 0.00525000039, 0)|(0, 0, 0, 1)|(1, 1, 1)
GlobalObjectId_V1-2-75255463483393841ad623c260500c31-8607261906036366736-1236654927|True|(0, 0.00525000039, 0)|(0, 0, 0, 1)|(1, 1, 1)
GlobalObjectId_V1-2-75255463483393841ad623c260500c31-8607261906036366736-1830864491|True|(0, 0.00525000039, 0)|(0, 0, 0, 1)|(1, 1, 1)
GlobalObjectId_V1-2-75255463483393841ad623c260500c31-8607261906036366736-184762202|True|(0, 0.00525000039, 0)|(0, 0, 0, 1)|(1, 1, 1)
GlobalObjectId_V1-2-75255463483393841ad623c260500c31-8607261906036366736-430729400|True|(0, 0.00525000039, 0)|(0, 0, 0, 1)|(1, 1, 1)
GlobalObjectId_V1-2-75255463483393841ad623c260500c31-8607261906036366736-507331391|True|(0, 0.00525000039, 0)|(0, 0, 0, 1)|(1, 1, 1)
GlobalObjectId_V1-2-75255463483393841ad623c260500c31-8607261906036366736-559331042|True|(0, 0.00525000039, 0)|(0, 0, 0, 1)|(1, 1, 1)
GlobalObjectId_V1-2-75255463483393841ad623c260500c31-8607261906036366736-995936011|True|(0, 0.00525000039, 0)|(0, 0, 0, 1)|(1, 1, 1)
GlobalObjectId_V1-2-75255463483393841ad623c260500c31-8625530103264661707-1278433063|True|(5.96046434E-10, 0.00228805584, 1.49011609E-10)|(0.215929285, -0.0151834683, -0.140719056, 0.966096342)|(0.9999999, 1.00000012, 1)
GlobalObjectId_V1-2-75255463483393841ad623c260500c31-8625530103264661707-1796550201|True|(5.96046434E-10, 0.00228805584, 1.49011609E-10)|(0.215929285, -0.0151834683, -0.140719056, 0.966096342)|(0.9999999, 1.00000012, 1)
GlobalObjectId_V1-2-75255463483393841ad623c260500c31-8625530103264661707-227182643|True|(5.96046434E-10, 0.00228805584, 1.49011609E-10)|(0.215929285, -0.0151834683, -0.140719056, 0.966096342)|(0.9999999, 1.00000012, 1)
GlobalObjectId_V1-2-75255463483393841ad623c260500c31-8625530103264661707-4508494|True|(5.96046434E-10, 0.00228805584, 1.49011609E-10)|(0.215929285, -0.0151834683, -0.140719056, 0.966096342)|(0.9999999, 1.00000012, 1)
GlobalObjectId_V1-2-75255463483393841ad623c260500c31-8625530103264661707-493544818|True|(5.96046434E-10, 0.00228805584, 1.49011609E-10)|(0.215929285, -0.0151834683, -0.140719056, 0.966096342)|(0.9999999, 1.00000012, 1)
GlobalObjectId_V1-2-75255463483393841ad623c260500c31-8625530103264661707-537414647|True|(5.96046434E-10, 0.00228805584, 1.49011609E-10)|(0.215929285, -0.0151834683, -0.140719056, 0.966096342)|(0.9999999, 1.00000012, 1)
GlobalObjectId_V1-2-75255463483393841ad623c260500c31-8625530103264661707-616789302|True|(5.96046434E-10, 0.00228805584, 1.49011609E-10)|(0.215929285, -0.0151834683, -0.140719056, 0.966096342)|(0.9999999, 1.00000012, 1)
GlobalObjectId_V1-2-75255463483393841ad623c260500c31-8625530103264661707-828342056|True|(5.96046434E-10, 0.00228805584, 1.49011609E-10)|(0.215929285, -0.0151834683, -0.140719056, 0.966096342)|(0.9999999, 1.00000012, 1)
GlobalObjectId_V1-2-75255463483393841ad623c260500c31-8625530103264661707-863157045|True|(5.96046434E-10, 0.00228805584, 1.49011609E-10)|(0.215929285, -0.0151834683, -0.140719056, 0.966096342)|(0.9999999, 1.00000012, 1)
GlobalObjectId_V1-2-75255463483393841ad623c260500c31-8625530103264661707-950912075|True|(5.96046434E-10, 0.00228805584, 1.49011609E-10)|(0.215929285, -0.0151834683, -0.140719056, 0.966096342)|(0.9999999, 1.00000012, 1)
GlobalObjectId_V1-2-75255463483393841ad623c260500c31-865413263-0|True|(0, 0, 0)|(0.7071068, 0, 0, 0.7071068)|(1, 1, 1)
GlobalObjectId_V1-2-75255463483393841ad623c260500c31-86565397-0|True|(0, 0, 0)|(0.7071068, 0, 0, 0.7071068)|(1, 1, 1)
GlobalObjectId_V1-2-75255463483393841ad623c260500c31-869243018-0|True|(0, 0, 0)|(0.7071068, 0, 0, 0.7071068)|(1, 1, 1)
GlobalObjectId_V1-2-75255463483393841ad623c260500c31-869289097-0|True|(1.45, 0, -0.092)|(0, 0, 0, 1)|(0.25, 0.18, 0.018)
GlobalObjectId_V1-2-75255463483393841ad623c260500c31-8708119811609659796-1054006661|True|(0.21, 0.51, -0.342)|(0, 0, 0.0436193869, 0.999048233)|(0.08, 0.02, 0.028)
GlobalObjectId_V1-2-75255463483393841ad623c260500c31-8708119811609659796-1066520553|True|(0.21, 0.51, -0.342)|(0, 0, 0.0436193869, 0.999048233)|(0.08, 0.02, 0.028)
GlobalObjectId_V1-2-75255463483393841ad623c260500c31-8708119811609659796-1075442592|True|(0.21, 0.51, -0.342)|(0, 0, 0.0436193869, 0.999048233)|(0.08, 0.02, 0.028)
GlobalObjectId_V1-2-75255463483393841ad623c260500c31-8708119811609659796-1123419265|True|(0.21, 0.51, -0.342)|(0, 0, 0.0436193869, 0.999048233)|(0.08, 0.02, 0.028)
GlobalObjectId_V1-2-75255463483393841ad623c260500c31-8708119811609659796-1189067973|True|(0.21, 0.51, -0.342)|(0, 0, 0.0436193869, 0.999048233)|(0.08, 0.02, 0.028)
GlobalObjectId_V1-2-75255463483393841ad623c260500c31-8708119811609659796-1213532434|True|(0.21, 0.51, -0.342)|(0, 0, 0.0436193869, 0.999048233)|(0.08, 0.02, 0.028)
GlobalObjectId_V1-2-75255463483393841ad623c260500c31-8708119811609659796-1231942770|True|(0.21, 0.51, -0.342)|(0, 0, 0.0436193869, 0.999048233)|(0.08, 0.02, 0.028)
GlobalObjectId_V1-2-75255463483393841ad623c260500c31-8708119811609659796-1273255913|True|(0.21, 0.51, -0.342)|(0, 0, 0.0436193869, 0.999048233)|(0.08, 0.02, 0.028)
GlobalObjectId_V1-2-75255463483393841ad623c260500c31-8708119811609659796-1278822786|True|(0.21, 0.51, -0.342)|(0, 0, 0.0436193869, 0.999048233)|(0.08, 0.02, 0.028)
GlobalObjectId_V1-2-75255463483393841ad623c260500c31-8708119811609659796-1289928147|True|(0.21, 0.51, -0.342)|(0, 0, 0.0436193869, 0.999048233)|(0.08, 0.02, 0.028)
GlobalObjectId_V1-2-75255463483393841ad623c260500c31-8708119811609659796-1306169864|True|(0.21, 0.51, -0.342)|(0, 0, 0.0436193869, 0.999048233)|(0.08, 0.02, 0.028)
GlobalObjectId_V1-2-75255463483393841ad623c260500c31-8708119811609659796-134612628|True|(0.21, 0.51, -0.342)|(0, 0, 0.0436193869, 0.999048233)|(0.08, 0.02, 0.028)
GlobalObjectId_V1-2-75255463483393841ad623c260500c31-8708119811609659796-1362226918|True|(0.21, 0.51, -0.342)|(0, 0, 0.0436193869, 0.999048233)|(0.08, 0.02, 0.028)
GlobalObjectId_V1-2-75255463483393841ad623c260500c31-8708119811609659796-1446791577|True|(0.21, 0.51, -0.342)|(0, 0, 0.0436193869, 0.999048233)|(0.08, 0.02, 0.028)
GlobalObjectId_V1-2-75255463483393841ad623c260500c31-8708119811609659796-1453559021|True|(0.21, 0.51, -0.342)|(0, 0, 0.0436193869, 0.999048233)|(0.08, 0.02, 0.028)
GlobalObjectId_V1-2-75255463483393841ad623c260500c31-8708119811609659796-1474131409|True|(0.21, 0.51, -0.342)|(0, 0, 0.0436193869, 0.999048233)|(0.08, 0.02, 0.028)
GlobalObjectId_V1-2-75255463483393841ad623c260500c31-8708119811609659796-1523898307|True|(0.21, 0.51, -0.342)|(0, 0, 0.0436193869, 0.999048233)|(0.08, 0.02, 0.028)
GlobalObjectId_V1-2-75255463483393841ad623c260500c31-8708119811609659796-1589411330|True|(0.21, 0.51, -0.342)|(0, 0, 0.0436193869, 0.999048233)|(0.08, 0.02, 0.028)
GlobalObjectId_V1-2-75255463483393841ad623c260500c31-8708119811609659796-1669245919|True|(0.21, 0.51, -0.342)|(0, 0, 0.0436193869, 0.999048233)|(0.08, 0.02, 0.028)
GlobalObjectId_V1-2-75255463483393841ad623c260500c31-8708119811609659796-1737122726|True|(0.21, 0.51, -0.342)|(0, 0, 0.0436193869, 0.999048233)|(0.08, 0.02, 0.028)
GlobalObjectId_V1-2-75255463483393841ad623c260500c31-8708119811609659796-1741248142|True|(0.21, 0.51, -0.342)|(0, 0, 0.0436193869, 0.999048233)|(0.08, 0.02, 0.028)
GlobalObjectId_V1-2-75255463483393841ad623c260500c31-8708119811609659796-177614287|True|(0.21, 0.51, -0.342)|(0, 0, 0.0436193869, 0.999048233)|(0.08, 0.02, 0.028)
GlobalObjectId_V1-2-75255463483393841ad623c260500c31-8708119811609659796-1802634647|True|(0.21, 0.51, -0.342)|(0, 0, 0.0436193869, 0.999048233)|(0.08, 0.02, 0.028)
GlobalObjectId_V1-2-75255463483393841ad623c260500c31-8708119811609659796-1890397674|True|(0.21, 0.51, -0.342)|(0, 0, 0.0436193869, 0.999048233)|(0.08, 0.02, 0.028)
GlobalObjectId_V1-2-75255463483393841ad623c260500c31-8708119811609659796-1899348449|True|(0.21, 0.51, -0.342)|(0, 0, 0.0436193869, 0.999048233)|(0.08, 0.02, 0.028)
GlobalObjectId_V1-2-75255463483393841ad623c260500c31-8708119811609659796-1931660283|True|(0.21, 0.51, -0.342)|(0, 0, 0.0436193869, 0.999048233)|(0.08, 0.02, 0.028)
GlobalObjectId_V1-2-75255463483393841ad623c260500c31-8708119811609659796-2008804692|True|(0.21, 0.51, -0.342)|(0, 0, 0.0436193869, 0.999048233)|(0.08, 0.02, 0.028)
GlobalObjectId_V1-2-75255463483393841ad623c260500c31-8708119811609659796-2120236441|True|(0.21, 0.51, -0.342)|(0, 0, 0.0436193869, 0.999048233)|(0.08, 0.02, 0.028)
GlobalObjectId_V1-2-75255463483393841ad623c260500c31-8708119811609659796-255090835|True|(0.21, 0.51, -0.342)|(0, 0, 0.0436193869, 0.999048233)|(0.08, 0.02, 0.028)
GlobalObjectId_V1-2-75255463483393841ad623c260500c31-8708119811609659796-261895982|True|(0.21, 0.51, -0.342)|(0, 0, 0.0436193869, 0.999048233)|(0.08, 0.02, 0.028)
GlobalObjectId_V1-2-75255463483393841ad623c260500c31-8708119811609659796-346250313|True|(0.21, 0.51, -0.342)|(0, 0, 0.0436193869, 0.999048233)|(0.08, 0.02, 0.028)
GlobalObjectId_V1-2-75255463483393841ad623c260500c31-8708119811609659796-374324541|True|(0.21, 0.51, -0.342)|(0, 0, 0.0436193869, 0.999048233)|(0.08, 0.02, 0.028)
GlobalObjectId_V1-2-75255463483393841ad623c260500c31-8708119811609659796-39910857|True|(0.21, 0.51, -0.342)|(0, 0, 0.0436193869, 0.999048233)|(0.08, 0.02, 0.028)
GlobalObjectId_V1-2-75255463483393841ad623c260500c31-8708119811609659796-415706150|True|(0.21, 0.51, -0.342)|(0, 0, 0.0436193869, 0.999048233)|(0.08, 0.02, 0.028)
GlobalObjectId_V1-2-75255463483393841ad623c260500c31-8708119811609659796-420684188|True|(0.21, 0.51, -0.342)|(0, 0, 0.0436193869, 0.999048233)|(0.08, 0.02, 0.028)
GlobalObjectId_V1-2-75255463483393841ad623c260500c31-8708119811609659796-448738566|True|(0.21, 0.51, -0.342)|(0, 0, 0.0436193869, 0.999048233)|(0.08, 0.02, 0.028)
GlobalObjectId_V1-2-75255463483393841ad623c260500c31-8708119811609659796-455620735|True|(0.21, 0.51, -0.342)|(0, 0, 0.0436193869, 0.999048233)|(0.08, 0.02, 0.028)
GlobalObjectId_V1-2-75255463483393841ad623c260500c31-8708119811609659796-462089741|True|(0.21, 0.51, -0.342)|(0, 0, 0.0436193869, 0.999048233)|(0.08, 0.02, 0.028)
GlobalObjectId_V1-2-75255463483393841ad623c260500c31-8708119811609659796-471337410|True|(0.21, 0.51, -0.342)|(0, 0, 0.0436193869, 0.999048233)|(0.08, 0.02, 0.028)
GlobalObjectId_V1-2-75255463483393841ad623c260500c31-8708119811609659796-514498336|True|(0.21, 0.51, -0.342)|(0, 0, 0.0436193869, 0.999048233)|(0.08, 0.02, 0.028)
GlobalObjectId_V1-2-75255463483393841ad623c260500c31-8708119811609659796-570203299|True|(0.21, 0.51, -0.342)|(0, 0, 0.0436193869, 0.999048233)|(0.08, 0.02, 0.028)
GlobalObjectId_V1-2-75255463483393841ad623c260500c31-8708119811609659796-577746331|True|(0.21, 0.51, -0.342)|(0, 0, 0.0436193869, 0.999048233)|(0.08, 0.02, 0.028)
GlobalObjectId_V1-2-75255463483393841ad623c260500c31-8708119811609659796-614239699|True|(0.21, 0.51, -0.342)|(0, 0, 0.0436193869, 0.999048233)|(0.08, 0.02, 0.028)
GlobalObjectId_V1-2-75255463483393841ad623c260500c31-8708119811609659796-720893779|True|(0.21, 0.51, -0.342)|(0, 0, 0.0436193869, 0.999048233)|(0.08, 0.02, 0.028)
GlobalObjectId_V1-2-75255463483393841ad623c260500c31-8708119811609659796-759653167|True|(0.21, 0.51, -0.342)|(0, 0, 0.0436193869, 0.999048233)|(0.08, 0.02, 0.028)
GlobalObjectId_V1-2-75255463483393841ad623c260500c31-8708119811609659796-788279421|True|(0.21, 0.51, -0.342)|(0, 0, 0.0436193869, 0.999048233)|(0.08, 0.02, 0.028)
GlobalObjectId_V1-2-75255463483393841ad623c260500c31-8708119811609659796-801688379|True|(0.21, 0.51, -0.342)|(0, 0, 0.0436193869, 0.999048233)|(0.08, 0.02, 0.028)
GlobalObjectId_V1-2-75255463483393841ad623c260500c31-8708119811609659796-827096132|True|(0.21, 0.51, -0.342)|(0, 0, 0.0436193869, 0.999048233)|(0.08, 0.02, 0.028)
GlobalObjectId_V1-2-75255463483393841ad623c260500c31-8708119811609659796-841608481|True|(0.21, 0.51, -0.342)|(0, 0, 0.0436193869, 0.999048233)|(0.08, 0.02, 0.028)
GlobalObjectId_V1-2-75255463483393841ad623c260500c31-8708119811609659796-866930353|True|(0.21, 0.51, -0.342)|(0, 0, 0.0436193869, 0.999048233)|(0.08, 0.02, 0.028)
GlobalObjectId_V1-2-75255463483393841ad623c260500c31-871817931700206204-1054006661|True|(2.98023224E-08, 0.15, 0)|(0, 0, 0, 1)|(1, 1, 1)
GlobalObjectId_V1-2-75255463483393841ad623c260500c31-871817931700206204-1066520553|True|(2.98023224E-08, 0.15, 0)|(0, 0, 0, 1)|(1, 1, 1)
GlobalObjectId_V1-2-75255463483393841ad623c260500c31-871817931700206204-1075442592|True|(2.98023224E-08, 0.15, 0)|(0, 0, 0, 1)|(1, 1, 1)
GlobalObjectId_V1-2-75255463483393841ad623c260500c31-871817931700206204-1123419265|True|(2.98023224E-08, 0.15, 0)|(0, 0, 0, 1)|(1, 1, 1)
GlobalObjectId_V1-2-75255463483393841ad623c260500c31-871817931700206204-1189067973|True|(2.98023224E-08, 0.15, 0)|(0, 0, 0, 1)|(1, 1, 1)
GlobalObjectId_V1-2-75255463483393841ad623c260500c31-871817931700206204-1213532434|True|(2.98023224E-08, 0.15, 0)|(0, 0, 0, 1)|(1, 1, 1)
GlobalObjectId_V1-2-75255463483393841ad623c260500c31-871817931700206204-1231942770|True|(2.98023224E-08, 0.15, 0)|(0, 0, 0, 1)|(1, 1, 1)
GlobalObjectId_V1-2-75255463483393841ad623c260500c31-871817931700206204-1273255913|True|(2.98023224E-08, 0.15, 0)|(0, 0, 0, 1)|(1, 1, 1)
GlobalObjectId_V1-2-75255463483393841ad623c260500c31-871817931700206204-1278822786|True|(2.98023224E-08, 0.15, 0)|(0, 0, 0, 1)|(1, 1, 1)
GlobalObjectId_V1-2-75255463483393841ad623c260500c31-871817931700206204-1289928147|True|(2.98023224E-08, 0.15, 0)|(0, 0, 0, 1)|(1, 1, 1)
GlobalObjectId_V1-2-75255463483393841ad623c260500c31-871817931700206204-1306169864|True|(2.98023224E-08, 0.15, 0)|(0, 0, 0, 1)|(1, 1, 1)
GlobalObjectId_V1-2-75255463483393841ad623c260500c31-871817931700206204-134612628|True|(2.98023224E-08, 0.15, 0)|(0, 0, 0, 1)|(1, 1, 1)
GlobalObjectId_V1-2-75255463483393841ad623c260500c31-871817931700206204-1362226918|True|(2.98023224E-08, 0.15, 0)|(0, 0, 0, 1)|(1, 1, 1)
GlobalObjectId_V1-2-75255463483393841ad623c260500c31-871817931700206204-1446791577|True|(2.98023224E-08, 0.15, 0)|(0, 0, 0, 1)|(1, 1, 1)
GlobalObjectId_V1-2-75255463483393841ad623c260500c31-871817931700206204-1453559021|True|(2.98023224E-08, 0.15, 0)|(0, 0, 0, 1)|(1, 1, 1)
GlobalObjectId_V1-2-75255463483393841ad623c260500c31-871817931700206204-1474131409|True|(2.98023224E-08, 0.15, 0)|(0, 0, 0, 1)|(1, 1, 1)
GlobalObjectId_V1-2-75255463483393841ad623c260500c31-871817931700206204-1523898307|True|(2.98023224E-08, 0.15, 0)|(0, 0, 0, 1)|(1, 1, 1)
GlobalObjectId_V1-2-75255463483393841ad623c260500c31-871817931700206204-1589411330|True|(2.98023224E-08, 0.15, 0)|(0, 0, 0, 1)|(1, 1, 1)
GlobalObjectId_V1-2-75255463483393841ad623c260500c31-871817931700206204-1669245919|True|(2.98023224E-08, 0.15, 0)|(0, 0, 0, 1)|(1, 1, 1)
GlobalObjectId_V1-2-75255463483393841ad623c260500c31-871817931700206204-1737122726|True|(2.98023224E-08, 0.15, 0)|(0, 0, 0, 1)|(1, 1, 1)
GlobalObjectId_V1-2-75255463483393841ad623c260500c31-871817931700206204-1741248142|True|(2.98023224E-08, 0.15, 0)|(0, 0, 0, 1)|(1, 1, 1)
GlobalObjectId_V1-2-75255463483393841ad623c260500c31-871817931700206204-177614287|True|(2.98023224E-08, 0.15, 0)|(0, 0, 0, 1)|(1, 1, 1)
GlobalObjectId_V1-2-75255463483393841ad623c260500c31-871817931700206204-1802634647|True|(2.98023224E-08, 0.15, 0)|(0, 0, 0, 1)|(1, 1, 1)
GlobalObjectId_V1-2-75255463483393841ad623c260500c31-871817931700206204-1890397674|True|(2.98023224E-08, 0.15, 0)|(0, 0, 0, 1)|(1, 1, 1)
GlobalObjectId_V1-2-75255463483393841ad623c260500c31-871817931700206204-1899348449|True|(2.98023224E-08, 0.15, 0)|(0, 0, 0, 1)|(1, 1, 1)
GlobalObjectId_V1-2-75255463483393841ad623c260500c31-871817931700206204-1931660283|True|(2.98023224E-08, 0.15, 0)|(0, 0, 0, 1)|(1, 1, 1)
GlobalObjectId_V1-2-75255463483393841ad623c260500c31-871817931700206204-2008804692|True|(2.98023224E-08, 0.15, 0)|(0, 0, 0, 1)|(1, 1, 1)
GlobalObjectId_V1-2-75255463483393841ad623c260500c31-871817931700206204-2120236441|True|(2.98023224E-08, 0.15, 0)|(0, 0, 0, 1)|(1, 1, 1)
GlobalObjectId_V1-2-75255463483393841ad623c260500c31-871817931700206204-255090835|True|(2.98023224E-08, 0.15, 0)|(0, 0, 0, 1)|(1, 1, 1)
GlobalObjectId_V1-2-75255463483393841ad623c260500c31-871817931700206204-261895982|True|(2.98023224E-08, 0.15, 0)|(0, 0, 0, 1)|(1, 1, 1)
GlobalObjectId_V1-2-75255463483393841ad623c260500c31-871817931700206204-346250313|True|(2.98023224E-08, 0.15, 0)|(0, 0, 0, 1)|(1, 1, 1)
GlobalObjectId_V1-2-75255463483393841ad623c260500c31-871817931700206204-374324541|True|(2.98023224E-08, 0.15, 0)|(0, 0, 0, 1)|(1, 1, 1)
GlobalObjectId_V1-2-75255463483393841ad623c260500c31-871817931700206204-39910857|True|(2.98023224E-08, 0.15, 0)|(0, 0, 0, 1)|(1, 1, 1)
GlobalObjectId_V1-2-75255463483393841ad623c260500c31-871817931700206204-415706150|True|(2.98023224E-08, 0.15, 0)|(0, 0, 0, 1)|(1, 1, 1)
GlobalObjectId_V1-2-75255463483393841ad623c260500c31-871817931700206204-420684188|True|(2.98023224E-08, 0.15, 0)|(0, 0, 0, 1)|(1, 1, 1)
GlobalObjectId_V1-2-75255463483393841ad623c260500c31-871817931700206204-448738566|True|(2.98023224E-08, 0.15, 0)|(0, 0, 0, 1)|(1, 1, 1)
GlobalObjectId_V1-2-75255463483393841ad623c260500c31-871817931700206204-455620735|True|(2.98023224E-08, 0.15, 0)|(0, 0, 0, 1)|(1, 1, 1)
GlobalObjectId_V1-2-75255463483393841ad623c260500c31-871817931700206204-462089741|True|(2.98023224E-08, 0.15, 0)|(0, 0, 0, 1)|(1, 1, 1)
GlobalObjectId_V1-2-75255463483393841ad623c260500c31-871817931700206204-471337410|True|(2.98023224E-08, 0.15, 0)|(0, 0, 0, 1)|(1, 1, 1)
GlobalObjectId_V1-2-75255463483393841ad623c260500c31-871817931700206204-514498336|True|(2.98023224E-08, 0.15, 0)|(0, 0, 0, 1)|(1, 1, 1)
GlobalObjectId_V1-2-75255463483393841ad623c260500c31-871817931700206204-570203299|True|(2.98023224E-08, 0.15, 0)|(0, 0, 0, 1)|(1, 1, 1)
GlobalObjectId_V1-2-75255463483393841ad623c260500c31-871817931700206204-577746331|True|(2.98023224E-08, 0.15, 0)|(0, 0, 0, 1)|(1, 1, 1)
GlobalObjectId_V1-2-75255463483393841ad623c260500c31-871817931700206204-614239699|True|(2.98023224E-08, 0.15, 0)|(0, 0, 0, 1)|(1, 1, 1)
GlobalObjectId_V1-2-75255463483393841ad623c260500c31-871817931700206204-720893779|True|(2.98023224E-08, 0.15, 0)|(0, 0, 0, 1)|(1, 1, 1)
GlobalObjectId_V1-2-75255463483393841ad623c260500c31-871817931700206204-759653167|True|(2.98023224E-08, 0.15, 0)|(0, 0, 0, 1)|(1, 1, 1)
GlobalObjectId_V1-2-75255463483393841ad623c260500c31-871817931700206204-788279421|True|(2.98023224E-08, 0.15, 0)|(0, 0, 0, 1)|(1, 1, 1)
GlobalObjectId_V1-2-75255463483393841ad623c260500c31-871817931700206204-801688379|True|(2.98023224E-08, 0.15, 0)|(0, 0, 0, 1)|(1, 1, 1)
GlobalObjectId_V1-2-75255463483393841ad623c260500c31-871817931700206204-827096132|True|(2.98023224E-08, 0.15, 0)|(0, 0, 0, 1)|(1, 1, 1)
GlobalObjectId_V1-2-75255463483393841ad623c260500c31-871817931700206204-841608481|True|(2.98023224E-08, 0.15, 0)|(0, 0, 0, 1)|(1, 1, 1)
GlobalObjectId_V1-2-75255463483393841ad623c260500c31-871817931700206204-866930353|True|(2.98023224E-08, 0.15, 0)|(0, 0, 0, 1)|(1, 1, 1)
GlobalObjectId_V1-2-75255463483393841ad623c260500c31-8725614055733626007-1054006661|False|(0, 0.0033, 0)|(0.7071069, 1.152023E-07, 1.15202319E-07, 0.7071067)|(0.0357142761, 0.0357142836, 0.0208347216)
GlobalObjectId_V1-2-75255463483393841ad623c260500c31-8725614055733626007-1066520553|False|(0, 0.0033, 0)|(0.7071069, 1.152023E-07, 1.15202319E-07, 0.7071067)|(0.0357142761, 0.0357142836, 0.0208347216)
GlobalObjectId_V1-2-75255463483393841ad623c260500c31-8725614055733626007-1075442592|False|(0, 0.0033, 0)|(0.7071069, 1.152023E-07, 1.15202319E-07, 0.7071067)|(0.0357142761, 0.0357142836, 0.0208347216)
GlobalObjectId_V1-2-75255463483393841ad623c260500c31-8725614055733626007-1123419265|False|(0, 0.0033, 0)|(0.7071069, 1.152023E-07, 1.15202319E-07, 0.7071067)|(0.0357142761, 0.0357142836, 0.0208347216)
GlobalObjectId_V1-2-75255463483393841ad623c260500c31-8725614055733626007-1189067973|False|(0, 0.0033, 0)|(0.7071069, 1.152023E-07, 1.15202319E-07, 0.7071067)|(0.0357142761, 0.0357142836, 0.0208347216)
GlobalObjectId_V1-2-75255463483393841ad623c260500c31-8725614055733626007-1213532434|False|(0, 0.0033, 0)|(0.7071069, 1.152023E-07, 1.15202319E-07, 0.7071067)|(0.0357142761, 0.0357142836, 0.0208347216)
GlobalObjectId_V1-2-75255463483393841ad623c260500c31-8725614055733626007-1231942770|False|(0, 0.0033, 0)|(0.7071069, 1.152023E-07, 1.15202319E-07, 0.7071067)|(0.0357142761, 0.0357142836, 0.0208347216)
GlobalObjectId_V1-2-75255463483393841ad623c260500c31-8725614055733626007-1273255913|False|(0, 0.0033, 0)|(0.7071069, 1.152023E-07, 1.15202319E-07, 0.7071067)|(0.0357142761, 0.0357142836, 0.0208347216)
GlobalObjectId_V1-2-75255463483393841ad623c260500c31-8725614055733626007-1278822786|False|(0, 0.0033, 0)|(0.7071069, 1.152023E-07, 1.15202319E-07, 0.7071067)|(0.0357142761, 0.0357142836, 0.0208347216)
GlobalObjectId_V1-2-75255463483393841ad623c260500c31-8725614055733626007-1289928147|False|(0, 0.0033, 0)|(0.7071069, 1.152023E-07, 1.15202319E-07, 0.7071067)|(0.0357142761, 0.0357142836, 0.0208347216)
GlobalObjectId_V1-2-75255463483393841ad623c260500c31-8725614055733626007-1306169864|False|(0, 0.0033, 0)|(0.7071069, 1.152023E-07, 1.15202319E-07, 0.7071067)|(0.0357142761, 0.0357142836, 0.0208347216)
GlobalObjectId_V1-2-75255463483393841ad623c260500c31-8725614055733626007-134612628|False|(0, 0.0033, 0)|(0.7071069, 1.152023E-07, 1.15202319E-07, 0.7071067)|(0.0357142761, 0.0357142836, 0.0208347216)
GlobalObjectId_V1-2-75255463483393841ad623c260500c31-8725614055733626007-1362226918|False|(0, 0.0033, 0)|(0.7071069, 1.152023E-07, 1.15202319E-07, 0.7071067)|(0.0357142761, 0.0357142836, 0.0208347216)
GlobalObjectId_V1-2-75255463483393841ad623c260500c31-8725614055733626007-1446791577|False|(0, 0.0033, 0)|(0.7071069, 1.152023E-07, 1.15202319E-07, 0.7071067)|(0.0357142761, 0.0357142836, 0.0208347216)
GlobalObjectId_V1-2-75255463483393841ad623c260500c31-8725614055733626007-1453559021|False|(0, 0.0033, 0)|(0.7071069, 1.152023E-07, 1.15202319E-07, 0.7071067)|(0.0357142761, 0.0357142836, 0.0208347216)
GlobalObjectId_V1-2-75255463483393841ad623c260500c31-8725614055733626007-1474131409|False|(0, 0.0033, 0)|(0.7071069, 1.152023E-07, 1.15202319E-07, 0.7071067)|(0.0357142761, 0.0357142836, 0.0208347216)
GlobalObjectId_V1-2-75255463483393841ad623c260500c31-8725614055733626007-1523898307|False|(0, 0.0033, 0)|(0.7071069, 1.152023E-07, 1.15202319E-07, 0.7071067)|(0.0357142761, 0.0357142836, 0.0208347216)
GlobalObjectId_V1-2-75255463483393841ad623c260500c31-8725614055733626007-1589411330|False|(0, 0.0033, 0)|(0.7071069, 1.152023E-07, 1.15202319E-07, 0.7071067)|(0.0357142761, 0.0357142836, 0.0208347216)
GlobalObjectId_V1-2-75255463483393841ad623c260500c31-8725614055733626007-1669245919|False|(0, 0.0033, 0)|(0.7071069, 1.152023E-07, 1.15202319E-07, 0.7071067)|(0.0357142761, 0.0357142836, 0.0208347216)
GlobalObjectId_V1-2-75255463483393841ad623c260500c31-8725614055733626007-1737122726|False|(0, 0.0033, 0)|(0.7071069, 1.152023E-07, 1.15202319E-07, 0.7071067)|(0.0357142761, 0.0357142836, 0.0208347216)
GlobalObjectId_V1-2-75255463483393841ad623c260500c31-8725614055733626007-1741248142|False|(0, 0.0033, 0)|(0.7071069, 1.152023E-07, 1.15202319E-07, 0.7071067)|(0.0357142761, 0.0357142836, 0.0208347216)
GlobalObjectId_V1-2-75255463483393841ad623c260500c31-8725614055733626007-177614287|False|(0, 0.0033, 0)|(0.7071069, 1.152023E-07, 1.15202319E-07, 0.7071067)|(0.0357142761, 0.0357142836, 0.0208347216)
GlobalObjectId_V1-2-75255463483393841ad623c260500c31-8725614055733626007-1802634647|False|(0, 0.0033, 0)|(0.7071069, 1.152023E-07, 1.15202319E-07, 0.7071067)|(0.0357142761, 0.0357142836, 0.0208347216)
GlobalObjectId_V1-2-75255463483393841ad623c260500c31-8725614055733626007-1890397674|False|(0, 0.0033, 0)|(0.7071069, 1.152023E-07, 1.15202319E-07, 0.7071067)|(0.0357142761, 0.0357142836, 0.0208347216)
GlobalObjectId_V1-2-75255463483393841ad623c260500c31-8725614055733626007-1899348449|False|(0, 0.0033, 0)|(0.7071069, 1.152023E-07, 1.15202319E-07, 0.7071067)|(0.0357142761, 0.0357142836, 0.0208347216)
GlobalObjectId_V1-2-75255463483393841ad623c260500c31-8725614055733626007-1931660283|False|(0, 0.0033, 0)|(0.7071069, 1.152023E-07, 1.15202319E-07, 0.7071067)|(0.0357142761, 0.0357142836, 0.0208347216)
GlobalObjectId_V1-2-75255463483393841ad623c260500c31-8725614055733626007-2008804692|False|(0, 0.0033, 0)|(0.7071069, 1.152023E-07, 1.15202319E-07, 0.7071067)|(0.0357142761, 0.0357142836, 0.0208347216)
GlobalObjectId_V1-2-75255463483393841ad623c260500c31-8725614055733626007-2120236441|False|(0, 0.0033, 0)|(0.7071069, 1.152023E-07, 1.15202319E-07, 0.7071067)|(0.0357142761, 0.0357142836, 0.0208347216)
GlobalObjectId_V1-2-75255463483393841ad623c260500c31-8725614055733626007-255090835|False|(0, 0.0033, 0)|(0.7071069, 1.152023E-07, 1.15202319E-07, 0.7071067)|(0.0357142761, 0.0357142836, 0.0208347216)
GlobalObjectId_V1-2-75255463483393841ad623c260500c31-8725614055733626007-261895982|False|(0, 0.0033, 0)|(0.7071069, 1.152023E-07, 1.15202319E-07, 0.7071067)|(0.0357142761, 0.0357142836, 0.0208347216)
GlobalObjectId_V1-2-75255463483393841ad623c260500c31-8725614055733626007-346250313|False|(0, 0.0033, 0)|(0.7071069, 1.152023E-07, 1.15202319E-07, 0.7071067)|(0.0357142761, 0.0357142836, 0.0208347216)
GlobalObjectId_V1-2-75255463483393841ad623c260500c31-8725614055733626007-374324541|False|(0, 0.0033, 0)|(0.7071069, 1.152023E-07, 1.15202319E-07, 0.7071067)|(0.0357142761, 0.0357142836, 0.0208347216)
GlobalObjectId_V1-2-75255463483393841ad623c260500c31-8725614055733626007-39910857|False|(0, 0.0033, 0)|(0.7071069, 1.152023E-07, 1.15202319E-07, 0.7071067)|(0.0357142761, 0.0357142836, 0.0208347216)
GlobalObjectId_V1-2-75255463483393841ad623c260500c31-8725614055733626007-415706150|False|(0, 0.0033, 0)|(0.7071069, 1.152023E-07, 1.15202319E-07, 0.7071067)|(0.0357142761, 0.0357142836, 0.0208347216)
GlobalObjectId_V1-2-75255463483393841ad623c260500c31-8725614055733626007-420684188|False|(0, 0.0033, 0)|(0.7071069, 1.152023E-07, 1.15202319E-07, 0.7071067)|(0.0357142761, 0.0357142836, 0.0208347216)
GlobalObjectId_V1-2-75255463483393841ad623c260500c31-8725614055733626007-448738566|False|(0, 0.0033, 0)|(0.7071069, 1.152023E-07, 1.15202319E-07, 0.7071067)|(0.0357142761, 0.0357142836, 0.0208347216)
GlobalObjectId_V1-2-75255463483393841ad623c260500c31-8725614055733626007-455620735|False|(0, 0.0033, 0)|(0.7071069, 1.152023E-07, 1.15202319E-07, 0.7071067)|(0.0357142761, 0.0357142836, 0.0208347216)
GlobalObjectId_V1-2-75255463483393841ad623c260500c31-8725614055733626007-462089741|False|(0, 0.0033, 0)|(0.7071069, 1.152023E-07, 1.15202319E-07, 0.7071067)|(0.0357142761, 0.0357142836, 0.0208347216)
GlobalObjectId_V1-2-75255463483393841ad623c260500c31-8725614055733626007-471337410|False|(0, 0.0033, 0)|(0.7071069, 1.152023E-07, 1.15202319E-07, 0.7071067)|(0.0357142761, 0.0357142836, 0.0208347216)
GlobalObjectId_V1-2-75255463483393841ad623c260500c31-8725614055733626007-514498336|False|(0, 0.0033, 0)|(0.7071069, 1.152023E-07, 1.15202319E-07, 0.7071067)|(0.0357142761, 0.0357142836, 0.0208347216)
GlobalObjectId_V1-2-75255463483393841ad623c260500c31-8725614055733626007-570203299|False|(0, 0.0033, 0)|(0.7071069, 1.152023E-07, 1.15202319E-07, 0.7071067)|(0.0357142761, 0.0357142836, 0.0208347216)
GlobalObjectId_V1-2-75255463483393841ad623c260500c31-8725614055733626007-577746331|False|(0, 0.0033, 0)|(0.7071069, 1.152023E-07, 1.15202319E-07, 0.7071067)|(0.0357142761, 0.0357142836, 0.0208347216)
GlobalObjectId_V1-2-75255463483393841ad623c260500c31-8725614055733626007-614239699|False|(0, 0.0033, 0)|(0.7071069, 1.152023E-07, 1.15202319E-07, 0.7071067)|(0.0357142761, 0.0357142836, 0.0208347216)
GlobalObjectId_V1-2-75255463483393841ad623c260500c31-8725614055733626007-720893779|False|(0, 0.0033, 0)|(0.7071069, 1.152023E-07, 1.15202319E-07, 0.7071067)|(0.0357142761, 0.0357142836, 0.0208347216)
GlobalObjectId_V1-2-75255463483393841ad623c260500c31-8725614055733626007-759653167|False|(0, 0.0033, 0)|(0.7071069, 1.152023E-07, 1.15202319E-07, 0.7071067)|(0.0357142761, 0.0357142836, 0.0208347216)
GlobalObjectId_V1-2-75255463483393841ad623c260500c31-8725614055733626007-788279421|False|(0, 0.0033, 0)|(0.7071069, 1.152023E-07, 1.15202319E-07, 0.7071067)|(0.0357142761, 0.0357142836, 0.0208347216)
GlobalObjectId_V1-2-75255463483393841ad623c260500c31-8725614055733626007-801688379|False|(0, 0.0033, 0)|(0.7071069, 1.152023E-07, 1.15202319E-07, 0.7071067)|(0.0357142761, 0.0357142836, 0.0208347216)
GlobalObjectId_V1-2-75255463483393841ad623c260500c31-8725614055733626007-827096132|False|(0, 0.0033, 0)|(0.7071069, 1.152023E-07, 1.15202319E-07, 0.7071067)|(0.0357142761, 0.0357142836, 0.0208347216)
GlobalObjectId_V1-2-75255463483393841ad623c260500c31-8725614055733626007-841608481|False|(0, 0.0033, 0)|(0.7071069, 1.152023E-07, 1.15202319E-07, 0.7071067)|(0.0357142761, 0.0357142836, 0.0208347216)
GlobalObjectId_V1-2-75255463483393841ad623c260500c31-8725614055733626007-866930353|False|(0, 0.0033, 0)|(0.7071069, 1.152023E-07, 1.15202319E-07, 0.7071067)|(0.0357142761, 0.0357142836, 0.0208347216)
GlobalObjectId_V1-2-75255463483393841ad623c260500c31-872586191-0|True|(0, 0, 0)|(0.7071068, 0, 0, 0.7071068)|(1, 1, 1)
GlobalObjectId_V1-2-75255463483393841ad623c260500c31-876190714-0|True|(-1.5, 0.15, 0)|(0, 0, 0, 1)|(0.35, 0.3, 3.5)
GlobalObjectId_V1-2-75255463483393841ad623c260500c31-876642265-0|True|(0.85, 0, -0.092)|(0, 0, 0, 1)|(0.25, 0.18, 0.018)
GlobalObjectId_V1-2-75255463483393841ad623c260500c31-877709907-0|True|(0, 0, 0)|(0.7071068, 0, 0, 0.7071068)|(1, 1, 1)
GlobalObjectId_V1-2-75255463483393841ad623c260500c31-878932594-0|True|(0, 0, 0)|(0.7071068, 0, 0, 0.7071068)|(1, 1, 1)
GlobalObjectId_V1-2-75255463483393841ad623c260500c31-881228716-0|True|(0, 0, 0)|(0, 0, 0, 1)|(1, 1, 1)
GlobalObjectId_V1-2-75255463483393841ad623c260500c31-881496247-0|True|(0, 0, 0)|(0.7071068, 0, 0, 0.7071068)|(1, 1, 1)
GlobalObjectId_V1-2-75255463483393841ad623c260500c31-8834396900948822595-1342259368|True|(0, 0.85, 0)|(0, 1, 0, 0)|(1, 1, 1)
GlobalObjectId_V1-2-75255463483393841ad623c260500c31-8834396900948822595-1807193877|True|(0, 0.85, 0)|(0, 1, 0, 0)|(1, 1, 1)
GlobalObjectId_V1-2-75255463483393841ad623c260500c31-8834396900948822595-249137488|True|(0, 0.85, 0)|(0, 1, 0, 0)|(1, 1, 1)
GlobalObjectId_V1-2-75255463483393841ad623c260500c31-8834396900948822595-325631740|True|(0, 0.85, 0)|(0, 1, 0, 0)|(1, 1, 1)
GlobalObjectId_V1-2-75255463483393841ad623c260500c31-8834396900948822595-673208042|True|(0, 0.85, 0)|(0, 1, 0, 0)|(1, 1, 1)
GlobalObjectId_V1-2-75255463483393841ad623c260500c31-8834396900948822595-726046513|True|(0, 0.85, 0)|(0, 1, 0, 0)|(1, 1, 1)
GlobalObjectId_V1-2-75255463483393841ad623c260500c31-884020062-0|True|(0, 0, 0)|(0.7071068, 0, 0, 0.7071068)|(1, 1, 1)
GlobalObjectId_V1-2-75255463483393841ad623c260500c31-8864047829989767187-1270225228|True|(1.11758706E-10, 0.00213466655, 9.31322554E-12)|(-0.0128043983, 0.112429693, -0.112429693, 0.9871956)|(1, 0.99999994, 0.99999994)
GlobalObjectId_V1-2-75255463483393841ad623c260500c31-8864047829989767187-1720144850|True|(1.11758706E-10, 0.00213466655, 9.31322554E-12)|(-0.0128043983, 0.112429693, -0.112429693, 0.9871956)|(1, 0.99999994, 0.99999994)
GlobalObjectId_V1-2-75255463483393841ad623c260500c31-8864047829989767187-1742115882|True|(1.11758706E-10, 0.00213466655, 9.31322554E-12)|(-0.0128043983, 0.112429693, -0.112429693, 0.9871956)|(1, 0.99999994, 0.99999994)
GlobalObjectId_V1-2-75255463483393841ad623c260500c31-8864047829989767187-1906523992|True|(1.11758706E-10, 0.00213466655, 9.31322554E-12)|(-0.0128043983, 0.112429693, -0.112429693, 0.9871956)|(1, 0.99999994, 0.99999994)
GlobalObjectId_V1-2-75255463483393841ad623c260500c31-8864047829989767187-1921694405|True|(1.11758706E-10, 0.00213466655, 9.31322554E-12)|(-0.0128043983, 0.112429693, -0.112429693, 0.9871956)|(1, 0.99999994, 0.99999994)
GlobalObjectId_V1-2-75255463483393841ad623c260500c31-8864047829989767187-2052472853|True|(1.11758706E-10, 0.00213466655, 9.31322554E-12)|(-0.0128043983, 0.112429693, -0.112429693, 0.9871956)|(1, 0.99999994, 0.99999994)
GlobalObjectId_V1-2-75255463483393841ad623c260500c31-8864047829989767187-303056869|True|(1.11758706E-10, 0.00213466655, 9.31322554E-12)|(-0.0128043983, 0.112429693, -0.112429693, 0.9871956)|(1, 0.99999994, 0.99999994)
GlobalObjectId_V1-2-75255463483393841ad623c260500c31-8864047829989767187-308968016|True|(1.11758706E-10, 0.00213466655, 9.31322554E-12)|(-0.0128043983, 0.112429693, -0.112429693, 0.9871956)|(1, 0.99999994, 0.99999994)
GlobalObjectId_V1-2-75255463483393841ad623c260500c31-8864047829989767187-764708180|True|(1.11758706E-10, 0.00213466655, 9.31322554E-12)|(-0.0128043983, 0.112429693, -0.112429693, 0.9871956)|(1, 0.99999994, 0.99999994)
GlobalObjectId_V1-2-75255463483393841ad623c260500c31-8864047829989767187-924230383|True|(1.11758706E-10, 0.00213466655, 9.31322554E-12)|(-0.0128043983, 0.112429693, -0.112429693, 0.9871956)|(1, 0.99999994, 0.99999994)
GlobalObjectId_V1-2-75255463483393841ad623c260500c31-8876562909096167791-124650490|True|(0, 0, 8.381903E-11)|(0.7071068, 0, 0, 0.7071067)|(1, 1, 1)
GlobalObjectId_V1-2-75255463483393841ad623c260500c31-8876562909096167791-1376906811|True|(0, 0, 8.381903E-11)|(0.7071068, 0, 0, 0.7071067)|(1, 1, 1)
GlobalObjectId_V1-2-75255463483393841ad623c260500c31-8876562909096167791-1395087067|True|(0, 0, 8.381903E-11)|(0.7071068, 0, 0, 0.7071067)|(1, 1, 1)
GlobalObjectId_V1-2-75255463483393841ad623c260500c31-8876562909096167791-589898910|True|(0, 0, 8.381903E-11)|(0.7071068, 0, 0, 0.7071067)|(1, 1, 1)
GlobalObjectId_V1-2-75255463483393841ad623c260500c31-8876562909096167791-951118863|True|(0, 0, 8.381903E-11)|(0.7071068, 0, 0, 0.7071067)|(1, 1, 1)
GlobalObjectId_V1-2-75255463483393841ad623c260500c31-8876562909096167791-997839571|True|(0, 0, 8.381903E-11)|(0.7071068, 0, 0, 0.7071067)|(1, 1, 1)
GlobalObjectId_V1-2-75255463483393841ad623c260500c31-891214577-0|True|(0, 0, 0)|(0.7071068, 0, 0, 0.7071068)|(1, 1, 1)
GlobalObjectId_V1-2-75255463483393841ad623c260500c31-8918723399142096564-1092392191|True|(0.07, 0.36, -2.12)|(0.6508453, 0, 0, 0.7592104)|(1, 1, 1)
GlobalObjectId_V1-2-75255463483393841ad623c260500c31-8918723399142096564-1236654927|True|(0.07, 0.36, -2.12)|(0.6508453, 0, 0, 0.7592104)|(1, 1, 1)
GlobalObjectId_V1-2-75255463483393841ad623c260500c31-8918723399142096564-1830864491|True|(0.07, 0.36, -2.12)|(0.6508453, 0, 0, 0.7592104)|(1, 1, 1)
GlobalObjectId_V1-2-75255463483393841ad623c260500c31-8918723399142096564-184762202|True|(0.07, 0.36, -2.12)|(0.6508453, 0, 0, 0.7592104)|(1, 1, 1)
GlobalObjectId_V1-2-75255463483393841ad623c260500c31-8918723399142096564-430729400|True|(0.07, 0.36, -2.12)|(0.6508453, 0, 0, 0.7592104)|(1, 1, 1)
GlobalObjectId_V1-2-75255463483393841ad623c260500c31-8918723399142096564-507331391|True|(0.07, 0.36, -2.12)|(0.6508453, 0, 0, 0.7592104)|(1, 1, 1)
GlobalObjectId_V1-2-75255463483393841ad623c260500c31-8918723399142096564-559331042|True|(0.07, 0.36, -2.12)|(0.6508453, 0, 0, 0.7592104)|(1, 1, 1)
GlobalObjectId_V1-2-75255463483393841ad623c260500c31-8918723399142096564-995936011|True|(0.07, 0.36, -2.12)|(0.6508453, 0, 0, 0.7592104)|(1, 1, 1)
GlobalObjectId_V1-2-75255463483393841ad623c260500c31-8927753265682518769-1054006661|True|(0, 0, 0)|(0.7071068, 0, 0, 0.7071068)|(1.16640007, 1.16640007, 1)
GlobalObjectId_V1-2-75255463483393841ad623c260500c31-8927753265682518769-1066520553|True|(0, 0, 0)|(0.7071068, 0, 0, 0.7071068)|(1.16640007, 1.16640007, 1)
GlobalObjectId_V1-2-75255463483393841ad623c260500c31-8927753265682518769-1075442592|True|(0, 0, 0)|(0.7071068, 0, 0, 0.7071068)|(1.16640007, 1.16640007, 1)
GlobalObjectId_V1-2-75255463483393841ad623c260500c31-8927753265682518769-1123419265|True|(0, 0, 0)|(0.7071068, 0, 0, 0.7071068)|(1.16640007, 1.16640007, 1)
GlobalObjectId_V1-2-75255463483393841ad623c260500c31-8927753265682518769-1189067973|True|(0, 0, 0)|(0.7071068, 0, 0, 0.7071068)|(1.16640007, 1.16640007, 1)
GlobalObjectId_V1-2-75255463483393841ad623c260500c31-8927753265682518769-1213532434|True|(0, 0, 0)|(0.7071068, 0, 0, 0.7071068)|(1.16640007, 1.16640007, 1)
GlobalObjectId_V1-2-75255463483393841ad623c260500c31-8927753265682518769-1231942770|True|(0, 0, 0)|(0.7071068, 0, 0, 0.7071068)|(1.16640007, 1.16640007, 1)
GlobalObjectId_V1-2-75255463483393841ad623c260500c31-8927753265682518769-1273255913|True|(0, 0, 0)|(0.7071068, 0, 0, 0.7071068)|(1.16640007, 1.16640007, 1)
GlobalObjectId_V1-2-75255463483393841ad623c260500c31-8927753265682518769-1278822786|True|(0, 0, 0)|(0.7071068, 0, 0, 0.7071068)|(1.16640007, 1.16640007, 1)
GlobalObjectId_V1-2-75255463483393841ad623c260500c31-8927753265682518769-1289928147|True|(0, 0, 0)|(0.7071068, 0, 0, 0.7071068)|(1.16640007, 1.16640007, 1)
GlobalObjectId_V1-2-75255463483393841ad623c260500c31-8927753265682518769-1306169864|True|(0, 0, 0)|(0.7071068, 0, 0, 0.7071068)|(1.16640007, 1.16640007, 1)
GlobalObjectId_V1-2-75255463483393841ad623c260500c31-8927753265682518769-134612628|True|(0, 0, 0)|(0.7071068, 0, 0, 0.7071068)|(1.16640007, 1.16640007, 1)
GlobalObjectId_V1-2-75255463483393841ad623c260500c31-8927753265682518769-1362226918|True|(0, 0, 0)|(0.7071068, 0, 0, 0.7071068)|(1.16640007, 1.16640007, 1)
GlobalObjectId_V1-2-75255463483393841ad623c260500c31-8927753265682518769-1446791577|True|(0, 0, 0)|(0.7071068, 0, 0, 0.7071068)|(1.16640007, 1.16640007, 1)
GlobalObjectId_V1-2-75255463483393841ad623c260500c31-8927753265682518769-1453559021|True|(0, 0, 0)|(0.7071068, 0, 0, 0.7071068)|(1.16640007, 1.16640007, 1)
GlobalObjectId_V1-2-75255463483393841ad623c260500c31-8927753265682518769-1474131409|True|(0, 0, 0)|(0.7071068, 0, 0, 0.7071068)|(1.16640007, 1.16640007, 1)
GlobalObjectId_V1-2-75255463483393841ad623c260500c31-8927753265682518769-1523898307|True|(0, 0, 0)|(0.7071068, 0, 0, 0.7071068)|(1.16640007, 1.16640007, 1)
GlobalObjectId_V1-2-75255463483393841ad623c260500c31-8927753265682518769-1589411330|True|(0, 0, 0)|(0.7071068, 0, 0, 0.7071068)|(1.16640007, 1.16640007, 1)
GlobalObjectId_V1-2-75255463483393841ad623c260500c31-8927753265682518769-1669245919|True|(0, 0, 0)|(0.7071068, 0, 0, 0.7071068)|(1.16640007, 1.16640007, 1)
GlobalObjectId_V1-2-75255463483393841ad623c260500c31-8927753265682518769-1737122726|True|(0, 0, 0)|(0.7071068, 0, 0, 0.7071068)|(1.16640007, 1.16640007, 1)
GlobalObjectId_V1-2-75255463483393841ad623c260500c31-8927753265682518769-1741248142|True|(0, 0, 0)|(0.7071068, 0, 0, 0.7071068)|(1.16640007, 1.16640007, 1)
GlobalObjectId_V1-2-75255463483393841ad623c260500c31-8927753265682518769-177614287|True|(0, 0, 0)|(0.7071068, 0, 0, 0.7071068)|(1.16640007, 1.16640007, 1)
GlobalObjectId_V1-2-75255463483393841ad623c260500c31-8927753265682518769-1802634647|True|(0, 0, 0)|(0.7071068, 0, 0, 0.7071068)|(1.16640007, 1.16640007, 1)
GlobalObjectId_V1-2-75255463483393841ad623c260500c31-8927753265682518769-1890397674|True|(0, 0, 0)|(0.7071068, 0, 0, 0.7071068)|(1.16640007, 1.16640007, 1)
GlobalObjectId_V1-2-75255463483393841ad623c260500c31-8927753265682518769-1899348449|True|(0, 0, 0)|(0.7071068, 0, 0, 0.7071068)|(1.16640007, 1.16640007, 1)
GlobalObjectId_V1-2-75255463483393841ad623c260500c31-8927753265682518769-1931660283|True|(0, 0, 0)|(0.7071068, 0, 0, 0.7071068)|(1.16640007, 1.16640007, 1)
GlobalObjectId_V1-2-75255463483393841ad623c260500c31-8927753265682518769-2008804692|True|(0, 0, 0)|(0.7071068, 0, 0, 0.7071068)|(1.16640007, 1.16640007, 1)
GlobalObjectId_V1-2-75255463483393841ad623c260500c31-8927753265682518769-2120236441|True|(0, 0, 0)|(0.7071068, 0, 0, 0.7071068)|(1.16640007, 1.16640007, 1)
GlobalObjectId_V1-2-75255463483393841ad623c260500c31-8927753265682518769-255090835|True|(0, 0, 0)|(0.7071068, 0, 0, 0.7071068)|(1.16640007, 1.16640007, 1)
GlobalObjectId_V1-2-75255463483393841ad623c260500c31-8927753265682518769-261895982|True|(0, 0, 0)|(0.7071068, 0, 0, 0.7071068)|(1.16640007, 1.16640007, 1)
GlobalObjectId_V1-2-75255463483393841ad623c260500c31-8927753265682518769-346250313|True|(0, 0, 0)|(0.7071068, 0, 0, 0.7071068)|(1.16640007, 1.16640007, 1)
GlobalObjectId_V1-2-75255463483393841ad623c260500c31-8927753265682518769-374324541|True|(0, 0, 0)|(0.7071068, 0, 0, 0.7071068)|(1.16640007, 1.16640007, 1)
GlobalObjectId_V1-2-75255463483393841ad623c260500c31-8927753265682518769-39910857|True|(0, 0, 0)|(0.7071068, 0, 0, 0.7071068)|(1.16640007, 1.16640007, 1)
GlobalObjectId_V1-2-75255463483393841ad623c260500c31-8927753265682518769-415706150|True|(0, 0, 0)|(0.7071068, 0, 0, 0.7071068)|(1.16640007, 1.16640007, 1)
GlobalObjectId_V1-2-75255463483393841ad623c260500c31-8927753265682518769-420684188|True|(0, 0, 0)|(0.7071068, 0, 0, 0.7071068)|(1.16640007, 1.16640007, 1)
GlobalObjectId_V1-2-75255463483393841ad623c260500c31-8927753265682518769-448738566|True|(0, 0, 0)|(0.7071068, 0, 0, 0.7071068)|(1.16640007, 1.16640007, 1)
GlobalObjectId_V1-2-75255463483393841ad623c260500c31-8927753265682518769-455620735|True|(0, 0, 0)|(0.7071068, 0, 0, 0.7071068)|(1.16640007, 1.16640007, 1)
GlobalObjectId_V1-2-75255463483393841ad623c260500c31-8927753265682518769-462089741|True|(0, 0, 0)|(0.7071068, 0, 0, 0.7071068)|(1.16640007, 1.16640007, 1)
GlobalObjectId_V1-2-75255463483393841ad623c260500c31-8927753265682518769-471337410|True|(0, 0, 0)|(0.7071068, 0, 0, 0.7071068)|(1.16640007, 1.16640007, 1)
GlobalObjectId_V1-2-75255463483393841ad623c260500c31-8927753265682518769-514498336|True|(0, 0, 0)|(0.7071068, 0, 0, 0.7071068)|(1.16640007, 1.16640007, 1)
GlobalObjectId_V1-2-75255463483393841ad623c260500c31-8927753265682518769-570203299|True|(0, 0, 0)|(0.7071068, 0, 0, 0.7071068)|(1.16640007, 1.16640007, 1)
GlobalObjectId_V1-2-75255463483393841ad623c260500c31-8927753265682518769-577746331|True|(0, 0, 0)|(0.7071068, 0, 0, 0.7071068)|(1.16640007, 1.16640007, 1)
GlobalObjectId_V1-2-75255463483393841ad623c260500c31-8927753265682518769-614239699|True|(0, 0, 0)|(0.7071068, 0, 0, 0.7071068)|(1.16640007, 1.16640007, 1)
GlobalObjectId_V1-2-75255463483393841ad623c260500c31-8927753265682518769-720893779|True|(0, 0, 0)|(0.7071068, 0, 0, 0.7071068)|(1.16640007, 1.16640007, 1)
GlobalObjectId_V1-2-75255463483393841ad623c260500c31-8927753265682518769-759653167|True|(0, 0, 0)|(0.7071068, 0, 0, 0.7071068)|(1.16640007, 1.16640007, 1)
GlobalObjectId_V1-2-75255463483393841ad623c260500c31-8927753265682518769-788279421|True|(0, 0, 0)|(0.7071068, 0, 0, 0.7071068)|(1.16640007, 1.16640007, 1)
GlobalObjectId_V1-2-75255463483393841ad623c260500c31-8927753265682518769-801688379|True|(0, 0, 0)|(0.7071068, 0, 0, 0.7071068)|(1.16640007, 1.16640007, 1)
GlobalObjectId_V1-2-75255463483393841ad623c260500c31-8927753265682518769-827096132|True|(0, 0, 0)|(0.7071068, 0, 0, 0.7071068)|(1.16640007, 1.16640007, 1)
GlobalObjectId_V1-2-75255463483393841ad623c260500c31-8927753265682518769-841608481|True|(0, 0, 0)|(0.7071068, 0, 0, 0.7071068)|(1.16640007, 1.16640007, 1)
GlobalObjectId_V1-2-75255463483393841ad623c260500c31-8927753265682518769-866930353|True|(0, 0, 0)|(0.7071068, 0, 0, 0.7071068)|(1.16640007, 1.16640007, 1)
GlobalObjectId_V1-2-75255463483393841ad623c260500c31-893715933-0|True|(0, 0, 0)|(0.7071068, 0, 0, 0.7071068)|(1, 1, 1)
GlobalObjectId_V1-2-75255463483393841ad623c260500c31-894679750-0|True|(0, 0, 0)|(0, 0, 0, 1)|(1, 1, 1)
GlobalObjectId_V1-2-75255463483393841ad623c260500c31-894679751-0|{"MonoBehaviour":{"m_Enabled":true,"m_EditorHideFlags":0,"m_Name":"","m_EditorClassIdentifier":"Assembly-CSharp::HighwayHazard","visual":{"instanceID":0},"barrierArm":{"instanceID":0},"signal":{"instanceID":0},"warning":{"instanceID":0},"laneIndex":1,"breakHealth":0.0,"warningSeconds":1.7999999523162842,"cycleSeconds":6.0,"crossingDistance":0.0}}
GlobalObjectId_V1-2-75255463483393841ad623c260500c31-898637150-0|True|(0, 0, 0)|(0.7071068, 0, 0, 0.7071068)|(1, 1, 1)
GlobalObjectId_V1-2-75255463483393841ad623c260500c31-899104002-0|True|(4.5, 0.04, 3)|(0, 0, 0, 1)|(9, 0.025, 0.35)
GlobalObjectId_V1-2-75255463483393841ad623c260500c31-899827978-0|True|(0, 0, 0)|(0.7071068, 0, 0, 0.7071068)|(1, 1, 1)
GlobalObjectId_V1-2-75255463483393841ad623c260500c31-902245499-0|True|(0, 0, 0)|(0.7071068, 0, 0, 0.7071068)|(1, 1, 1)
GlobalObjectId_V1-2-75255463483393841ad623c260500c31-9023235738806861189-1156845426|True|(0, 0, 0)|(0, 0, 0, 1)|(1, 1, 1)
GlobalObjectId_V1-2-75255463483393841ad623c260500c31-9023235738806861189-1282342156|True|(0, 0, 0)|(0, 0, 0, 1)|(1, 1, 1)
GlobalObjectId_V1-2-75255463483393841ad623c260500c31-9023235738806861189-1328059363|True|(0, 0, 0)|(0, 0, 0, 1)|(1, 1, 1)
GlobalObjectId_V1-2-75255463483393841ad623c260500c31-9023235738806861189-1364577291|True|(0, 0, 0)|(0, 0, 0, 1)|(1, 1, 1)
GlobalObjectId_V1-2-75255463483393841ad623c260500c31-9023235738806861189-1398831272|True|(0, 0, 0)|(0, 0, 0, 1)|(1, 1, 1)
GlobalObjectId_V1-2-75255463483393841ad623c260500c31-9023235738806861189-1538826313|True|(0, 0, 0)|(0, 0, 0, 1)|(1, 1, 1)
GlobalObjectId_V1-2-75255463483393841ad623c260500c31-9023235738806861189-2022718491|True|(0, 0, 0)|(0, 0, 0, 1)|(1, 1, 1)
GlobalObjectId_V1-2-75255463483393841ad623c260500c31-9023235738806861189-2038314915|True|(0, 0, 0)|(0, 0, 0, 1)|(1, 1, 1)
GlobalObjectId_V1-2-75255463483393841ad623c260500c31-9023235738806861189-535235437|True|(0, 0, 0)|(0, 0, 0, 1)|(1, 1, 1)
GlobalObjectId_V1-2-75255463483393841ad623c260500c31-9023235738806861189-662617545|True|(0, 0, 0)|(0, 0, 0, 1)|(1, 1, 1)
GlobalObjectId_V1-2-75255463483393841ad623c260500c31-904060669-0|True|(0, 0, 0)|(0.7071068, 0, 0, 0.7071068)|(1, 1, 1)
GlobalObjectId_V1-2-75255463483393841ad623c260500c31-905942757-0|True|(0, 0, 0)|(0.7071068, 0, 0, 0.7071068)|(1, 1, 1)
GlobalObjectId_V1-2-75255463483393841ad623c260500c31-90618493-0|True|(0, 0, 0)|(0.7071068, 0, 0, 0.7071068)|(1, 1, 1)
GlobalObjectId_V1-2-75255463483393841ad623c260500c31-907428377-0|True|(1.45, 0, -0.092)|(0, 0, 0, 1)|(0.25, 0.18, 0.018)
GlobalObjectId_V1-2-75255463483393841ad623c260500c31-909111257-0|True|(0, 0, 0)|(0.7071068, 0, 0, 0.7071068)|(1, 1, 1)
GlobalObjectId_V1-2-75255463483393841ad623c260500c31-909728401-0|True|(0, 0, 0)|(0.7071068, 0, 0, 0.7071068)|(1, 1, 1)
GlobalObjectId_V1-2-75255463483393841ad623c260500c31-9099278411432029674-1092392191|True|(0, 0.00139999925, 0)|(0, 0, 0, 1)|(1, 1, 1)
GlobalObjectId_V1-2-75255463483393841ad623c260500c31-9099278411432029674-1236654927|True|(0, 0.00139999925, 0)|(0, 0, 0, 1)|(1, 1, 1)
GlobalObjectId_V1-2-75255463483393841ad623c260500c31-9099278411432029674-1830864491|True|(0, 0.00139999925, 0)|(0, 0, 0, 1)|(1, 1, 1)
GlobalObjectId_V1-2-75255463483393841ad623c260500c31-9099278411432029674-184762202|True|(0, 0.00139999925, 0)|(0, 0, 0, 1)|(1, 1, 1)
GlobalObjectId_V1-2-75255463483393841ad623c260500c31-9099278411432029674-430729400|True|(0, 0.00139999925, 0)|(0, 0, 0, 1)|(1, 1, 1)
GlobalObjectId_V1-2-75255463483393841ad623c260500c31-9099278411432029674-507331391|True|(0, 0.00139999925, 0)|(0, 0, 0, 1)|(1, 1, 1)
GlobalObjectId_V1-2-75255463483393841ad623c260500c31-9099278411432029674-559331042|True|(0, 0.00139999925, 0)|(0, 0, 0, 1)|(1, 1, 1)
GlobalObjectId_V1-2-75255463483393841ad623c260500c31-9099278411432029674-995936011|True|(0, 0.00139999925, 0)|(0, 0, 0, 1)|(1, 1, 1)
GlobalObjectId_V1-2-75255463483393841ad623c260500c31-910120492-0|True|(2.65, 0, -0.092)|(0, 0, 0, 1)|(0.25, 0.18, 0.018)
GlobalObjectId_V1-2-75255463483393841ad623c260500c31-912693526-0|True|(0, 0, 0)|(0.7071068, 0, 0, 0.7071068)|(1, 1, 1)
GlobalObjectId_V1-2-75255463483393841ad623c260500c31-912882964-0|True|(0, 0, 0)|(0.7071068, 0, 0, 0.7071068)|(1, 1, 1)
GlobalObjectId_V1-2-75255463483393841ad623c260500c31-913032215-0|True|(0, 0, 0)|(0.7071068, 0, 0, 0.7071068)|(1, 1, 1)
GlobalObjectId_V1-2-75255463483393841ad623c260500c31-915027273-0|True|(0, 0, 0)|(0.7071068, 0, 0, 0.7071068)|(1, 1, 1)
GlobalObjectId_V1-2-75255463483393841ad623c260500c31-9168219030342600943-448365212|False|(0, 0, -7.10542736E-15)|(0, 0, 0, 1)|(0.9555557, 0.9555557, 0.9555557)
GlobalObjectId_V1-2-75255463483393841ad623c260500c31-9168219030342600943-926627613|False|(0, 0, -7.10542736E-15)|(0, 0, 0, 1)|(0.9555557, 0.9555557, 0.9555557)
GlobalObjectId_V1-2-75255463483393841ad623c260500c31-916853028-0|True|(0, 0, 0)|(0.7071068, 0, 0, 0.7071068)|(1, 1, 1)
GlobalObjectId_V1-2-75255463483393841ad623c260500c31-916963157878790388-124650490|True|(0, 0, 0)|(-0.7071068, 0, 0, 0.7071067)|(100, 100, 100)
GlobalObjectId_V1-2-75255463483393841ad623c260500c31-916963157878790388-1376906811|True|(0, 0, 0)|(-0.7071068, 0, 0, 0.7071067)|(100, 100, 100)
GlobalObjectId_V1-2-75255463483393841ad623c260500c31-916963157878790388-1395087067|True|(0, 0, 0)|(-0.7071068, 0, 0, 0.7071067)|(100, 100, 100)
GlobalObjectId_V1-2-75255463483393841ad623c260500c31-916963157878790388-589898910|True|(0, 0, 0)|(-0.7071068, 0, 0, 0.7071067)|(100, 100, 100)
GlobalObjectId_V1-2-75255463483393841ad623c260500c31-916963157878790388-951118863|True|(0, 0, 0)|(-0.7071068, 0, 0, 0.7071067)|(100, 100, 100)
GlobalObjectId_V1-2-75255463483393841ad623c260500c31-916963157878790388-997839571|True|(0, 0, 0)|(-0.7071068, 0, 0, 0.7071067)|(100, 100, 100)
GlobalObjectId_V1-2-75255463483393841ad623c260500c31-9171913898273287243-1092392191|True|(0, 0.00139999983, 0)|(0, 0, 0, 1)|(1, 1, 1)
GlobalObjectId_V1-2-75255463483393841ad623c260500c31-9171913898273287243-1236654927|True|(0, 0.00139999983, 0)|(0, 0, 0, 1)|(1, 1, 1)
GlobalObjectId_V1-2-75255463483393841ad623c260500c31-9171913898273287243-1830864491|True|(0, 0.00139999983, 0)|(0, 0, 0, 1)|(1, 1, 1)
GlobalObjectId_V1-2-75255463483393841ad623c260500c31-9171913898273287243-184762202|True|(0, 0.00139999983, 0)|(0, 0, 0, 1)|(1, 1, 1)
GlobalObjectId_V1-2-75255463483393841ad623c260500c31-9171913898273287243-430729400|True|(0, 0.00139999983, 0)|(0, 0, 0, 1)|(1, 1, 1)
GlobalObjectId_V1-2-75255463483393841ad623c260500c31-9171913898273287243-507331391|True|(0, 0.00139999983, 0)|(0, 0, 0, 1)|(1, 1, 1)
GlobalObjectId_V1-2-75255463483393841ad623c260500c31-9171913898273287243-559331042|True|(0, 0.00139999983, 0)|(0, 0, 0, 1)|(1, 1, 1)
GlobalObjectId_V1-2-75255463483393841ad623c260500c31-9171913898273287243-995936011|True|(0, 0.00139999983, 0)|(0, 0, 0, 1)|(1, 1, 1)
GlobalObjectId_V1-2-75255463483393841ad623c260500c31-9180865577551680882-1270225228|True|(0.00256000017, 0.0006400007, 0)|(0.902088046, 0.2971957, 0.2971956, -0.09791189)|(1.00000083, 1.00000036, 1)
GlobalObjectId_V1-2-75255463483393841ad623c260500c31-9180865577551680882-1720144850|True|(0.00256000017, 0.0006400007, 0)|(0.902088046, 0.2971957, 0.2971956, -0.09791189)|(1.00000083, 1.00000036, 1)
GlobalObjectId_V1-2-75255463483393841ad623c260500c31-9180865577551680882-1742115882|True|(0.00256000017, 0.0006400007, 0)|(0.902088046, 0.2971957, 0.2971956, -0.09791189)|(1.00000083, 1.00000036, 1)
GlobalObjectId_V1-2-75255463483393841ad623c260500c31-9180865577551680882-1906523992|True|(0.00256000017, 0.0006400007, 0)|(0.902088046, 0.2971957, 0.2971956, -0.09791189)|(1.00000083, 1.00000036, 1)
GlobalObjectId_V1-2-75255463483393841ad623c260500c31-9180865577551680882-1921694405|True|(0.00256000017, 0.0006400007, 0)|(0.902088046, 0.2971957, 0.2971956, -0.09791189)|(1.00000083, 1.00000036, 1)
GlobalObjectId_V1-2-75255463483393841ad623c260500c31-9180865577551680882-2052472853|True|(0.00256000017, 0.0006400007, 0)|(0.902088046, 0.2971957, 0.2971956, -0.09791189)|(1.00000083, 1.00000036, 1)
GlobalObjectId_V1-2-75255463483393841ad623c260500c31-9180865577551680882-303056869|True|(0.00256000017, 0.0006400007, 0)|(0.902088046, 0.2971957, 0.2971956, -0.09791189)|(1.00000083, 1.00000036, 1)
GlobalObjectId_V1-2-75255463483393841ad623c260500c31-9180865577551680882-308968016|True|(0.00256000017, 0.0006400007, 0)|(0.902088046, 0.2971957, 0.2971956, -0.09791189)|(1.00000083, 1.00000036, 1)
GlobalObjectId_V1-2-75255463483393841ad623c260500c31-9180865577551680882-764708180|True|(0.00256000017, 0.0006400007, 0)|(0.902088046, 0.2971957, 0.2971956, -0.09791189)|(1.00000083, 1.00000036, 1)
GlobalObjectId_V1-2-75255463483393841ad623c260500c31-9180865577551680882-924230383|True|(0.00256000017, 0.0006400007, 0)|(0.902088046, 0.2971957, 0.2971956, -0.09791189)|(1.00000083, 1.00000036, 1)
GlobalObjectId_V1-2-75255463483393841ad623c260500c31-918397855-0|True|(0, 0, 0)|(0.7071068, 0, 0, 0.7071068)|(1, 1, 1)
GlobalObjectId_V1-2-75255463483393841ad623c260500c31-919025343-0|True|(0, 0, 0)|(0.7071068, 0, 0, 0.7071068)|(1, 1, 1)
GlobalObjectId_V1-2-75255463483393841ad623c260500c31-919216769-0|True|(0, 0, 0)|(0.7071068, 0, 0, 0.7071068)|(1, 1, 1)
GlobalObjectId_V1-2-75255463483393841ad623c260500c31-9203700745579852940-1270225228|True|(-7.45058043E-11, 0.002112955, -5.21540644E-10)|(-0.3285282, -0.129366264, 0.129366353, 0.9266056)|(1.00000012, 0.99999994, 1)
GlobalObjectId_V1-2-75255463483393841ad623c260500c31-9203700745579852940-1720144850|True|(-7.45058043E-11, 0.002112955, -5.21540644E-10)|(-0.3285282, -0.129366264, 0.129366353, 0.9266056)|(1.00000012, 0.99999994, 1)
GlobalObjectId_V1-2-75255463483393841ad623c260500c31-9203700745579852940-1742115882|True|(-7.45058043E-11, 0.002112955, -5.21540644E-10)|(-0.3285282, -0.129366264, 0.129366353, 0.9266056)|(1.00000012, 0.99999994, 1)
GlobalObjectId_V1-2-75255463483393841ad623c260500c31-9203700745579852940-1906523992|True|(-7.45058043E-11, 0.002112955, -5.21540644E-10)|(-0.3285282, -0.129366264, 0.129366353, 0.9266056)|(1.00000012, 0.99999994, 1)
GlobalObjectId_V1-2-75255463483393841ad623c260500c31-9203700745579852940-1921694405|True|(-7.45058043E-11, 0.002112955, -5.21540644E-10)|(-0.3285282, -0.129366264, 0.129366353, 0.9266056)|(1.00000012, 0.99999994, 1)
GlobalObjectId_V1-2-75255463483393841ad623c260500c31-9203700745579852940-2052472853|True|(-7.45058043E-11, 0.002112955, -5.21540644E-10)|(-0.3285282, -0.129366264, 0.129366353, 0.9266056)|(1.00000012, 0.99999994, 1)
GlobalObjectId_V1-2-75255463483393841ad623c260500c31-9203700745579852940-303056869|True|(-7.45058043E-11, 0.002112955, -5.21540644E-10)|(-0.3285282, -0.129366264, 0.129366353, 0.9266056)|(1.00000012, 0.99999994, 1)
GlobalObjectId_V1-2-75255463483393841ad623c260500c31-9203700745579852940-308968016|True|(-7.45058043E-11, 0.002112955, -5.21540644E-10)|(-0.3285282, -0.129366264, 0.129366353, 0.9266056)|(1.00000012, 0.99999994, 1)
GlobalObjectId_V1-2-75255463483393841ad623c260500c31-9203700745579852940-764708180|True|(-7.45058043E-11, 0.002112955, -5.21540644E-10)|(-0.3285282, -0.129366264, 0.129366353, 0.9266056)|(1.00000012, 0.99999994, 1)
GlobalObjectId_V1-2-75255463483393841ad623c260500c31-9203700745579852940-924230383|True|(-7.45058043E-11, 0.002112955, -5.21540644E-10)|(-0.3285282, -0.129366264, 0.129366353, 0.9266056)|(1.00000012, 0.99999994, 1)
GlobalObjectId_V1-2-75255463483393841ad623c260500c31-921817742-0|True|(0, 0, 0)|(0.7071068, 0, 0, 0.7071068)|(1, 1, 1)
GlobalObjectId_V1-2-75255463483393841ad623c260500c31-925643916-0|True|(0, 0, 0)|(0.7071068, 0, 0, 0.7071068)|(1, 1, 1)
GlobalObjectId_V1-2-75255463483393841ad623c260500c31-926471565-0|True|(0, 0, 0)|(0.7071068, 0, 0, 0.7071068)|(1, 1, 1)
GlobalObjectId_V1-2-75255463483393841ad623c260500c31-929775475-0|True|(0, 0, 0)|(0, 0, 0, 1)|(1, 1, 1)
GlobalObjectId_V1-2-75255463483393841ad623c260500c31-931083333-0|True|(-159.75531, 3.9965682, 103.00071)|(0, -0.0146733178, 0, 0.999892354)|(1, 1, 1)
GlobalObjectId_V1-2-75255463483393841ad623c260500c31-931593710347941928-448365212|True|(0, 2.38418579E-07, 1.03533772E-07)|(-0.7071068, 0, 0, 0.7071067)|(100, 100, 100)
GlobalObjectId_V1-2-75255463483393841ad623c260500c31-931593710347941928-926627613|True|(0, 2.38418579E-07, 1.03533772E-07)|(-0.7071068, 0, 0, 0.7071067)|(100, 100, 100)
GlobalObjectId_V1-2-75255463483393841ad623c260500c31-933787160-0|True|(0, 0, 0)|(0.7071068, 0, 0, 0.7071068)|(1, 1, 1)
GlobalObjectId_V1-2-75255463483393841ad623c260500c31-935617989-0|True|(0, 0, 0)|(0.7071068, 0, 0, 0.7071068)|(1, 1, 1)
GlobalObjectId_V1-2-75255463483393841ad623c260500c31-936086439-0|True|(0, 0, 0)|(0.7071068, 0, 0, 0.7071068)|(1, 1, 1)
GlobalObjectId_V1-2-75255463483393841ad623c260500c31-939271206-0|True|(0, 0, 0)|(0.7071068, 0, 0, 0.7071068)|(1, 1, 1)
GlobalObjectId_V1-2-75255463483393841ad623c260500c31-941485863-0|True|(0, 0, 0)|(0.7071068, 0, 0, 0.7071068)|(1, 1, 1)
GlobalObjectId_V1-2-75255463483393841ad623c260500c31-946473880-0|True|(-420, 0.08, -717)|(0, 0, 0, 1)|(1, 1, 1)
GlobalObjectId_V1-2-75255463483393841ad623c260500c31-948121541-0|True|(0, 0, 0)|(0.7071068, 0, 0, 0.7071068)|(1, 1, 1)
GlobalObjectId_V1-2-75255463483393841ad623c260500c31-950920120-0|True|(0, 0, 0)|(0.7071068, 0, 0, 0.7071068)|(1, 1, 1)
GlobalObjectId_V1-2-75255463483393841ad623c260500c31-95097160-0|True|(0, 0, 0)|(0, 0, 0, 1)|(1, 1, 1)
GlobalObjectId_V1-2-75255463483393841ad623c260500c31-955811276-0|True|(0, 0, 0)|(0.7071068, 0, 0, 0.7071068)|(1, 1, 1)
GlobalObjectId_V1-2-75255463483393841ad623c260500c31-9582015-0|True|(0, 0, 0)|(0.7071068, 0, 0, 0.7071068)|(1, 1, 1)
GlobalObjectId_V1-2-75255463483393841ad623c260500c31-958451545-0|True|(0, 0, 0)|(0.7071068, 0, 0, 0.7071068)|(1, 1, 1)
GlobalObjectId_V1-2-75255463483393841ad623c260500c31-95895144-0|True|(-278.192139, 0.08, -318.035919)|(0, 0.8280658, 0, 0.560631)|(1, 1, 1)
GlobalObjectId_V1-2-75255463483393841ad623c260500c31-966859699-0|True|(0, 0, 0)|(0.7071068, 0, 0, 0.7071068)|(1, 1, 1)
GlobalObjectId_V1-2-75255463483393841ad623c260500c31-968287487-0|True|(0, 0, 0)|(0, 0, 0, 1)|(1, 1, 1)
GlobalObjectId_V1-2-75255463483393841ad623c260500c31-970339369-0|True|(133.999924, 5.08, 216.299988)|(0, 0, 0, 1)|(1, 1, 1)
GlobalObjectId_V1-2-75255463483393841ad623c260500c31-970583145-0|True|(0, 0, 0)|(0.7071068, 0, 0, 0.7071068)|(1, 1, 1)
GlobalObjectId_V1-2-75255463483393841ad623c260500c31-970957638-0|True|(0, 0, 0)|(0.7071068, 0, 0, 0.7071068)|(1, 1, 1)
GlobalObjectId_V1-2-75255463483393841ad623c260500c31-972023584-0|True|(0, 0, 0)|(0.7071068, 0, 0, 0.7071068)|(1, 1, 1)
GlobalObjectId_V1-2-75255463483393841ad623c260500c31-972934648-0|True|(-153.820724, 1.47222245, -161.281479)|(0, 0.04024677, 0, 0.9991898)|(1, 1, 1)
GlobalObjectId_V1-2-75255463483393841ad623c260500c31-972934649-0|{"MonoBehaviour":{"m_Enabled":true,"m_EditorHideFlags":0,"m_Name":"","m_EditorClassIdentifier":"Assembly-CSharp::HighwayHazard","visual":{"instanceID":0},"barrierArm":{"instanceID":0},"signal":{"instanceID":0},"warning":{"instanceID":0},"laneIndex":0,"breakHealth":240.0,"warningSeconds":1.7999999523162842,"cycleSeconds":4.0,"crossingDistance":0.0}}
GlobalObjectId_V1-2-75255463483393841ad623c260500c31-973112803-0|True|(0, 0, 0)|(0.7071068, 0, 0, 0.7071068)|(1, 1, 1)
GlobalObjectId_V1-2-75255463483393841ad623c260500c31-976252558805528136-1270225228|True|(211.733261, 2.219999, 506.2289)|(0, -0.0369321741, 0, 0.999317765)|(1, 1, 1)
GlobalObjectId_V1-2-75255463483393841ad623c260500c31-976252558805528136-1720144850|True|(-412.296783, 0.08, -495.000031)|(0, -0.0595414378, 0, 0.998225868)|(1, 1, 1)
GlobalObjectId_V1-2-75255463483393841ad623c260500c31-976252558805528136-1742115882|True|(345, 0.08, 724)|(0, 0.8280673, 0, 0.5606288)|(1, 1, 1)
GlobalObjectId_V1-2-75255463483393841ad623c260500c31-976252558805528136-1906523992|True|(-55.0000038, 5.08, 220.076859)|(0, 0.6962613, 0, 0.7177885)|(1, 1, 1)
GlobalObjectId_V1-2-75255463483393841ad623c260500c31-976252558805528136-1921694405|True|(-409.21875, 0.08, -494.631531)|(0, -0.0595414378, 0, 0.998225868)|(1, 1, 1)
GlobalObjectId_V1-2-75255463483393841ad623c260500c31-976252558805528136-2052472853|True|(-159.978653, 1.05222225, -214.999985)|(0, 0.00426478125, 0, 0.99999094)|(1, 1, 1)
GlobalObjectId_V1-2-75255463483393841ad623c260500c31-976252558805528136-303056869|True|(-54.90564, 5.08, 216.978287)|(0, 0.6962613, 0, 0.7177885)|(1, 1, 1)
GlobalObjectId_V1-2-75255463483393841ad623c260500c31-976252558805528136-308968016|True|(-156.878769, 1.05222225, -215.026428)|(0, 0.00426478125, 0, 0.99999094)|(1, 1, 1)
GlobalObjectId_V1-2-75255463483393841ad623c260500c31-976252558805528136-764708180|True|(208.641708, 2.219999, 506.0001)|(0, -0.0369321741, 0, 0.999317765)|(1, 1, 1)
GlobalObjectId_V1-2-75255463483393841ad623c260500c31-976252558805528136-924230383|True|(343.8487, 0.08, 721.121765)|(0, 0.8280673, 0, 0.5606288)|(1, 1, 1)
GlobalObjectId_V1-2-75255463483393841ad623c260500c31-976816505-0|True|(0, 0, 0)|(0.7071068, 0, 0, 0.7071068)|(1, 1, 1)
GlobalObjectId_V1-2-75255463483393841ad623c260500c31-977659171-0|True|(0, 0, 0)|(0.7071068, 0, 0, 0.7071068)|(1, 1, 1)
GlobalObjectId_V1-2-75255463483393841ad623c260500c31-978665462-0|False|(0, 0, 0)|(0.7071068, 0, 0, 0.7071068)|(1, 1, 1)
GlobalObjectId_V1-2-75255463483393841ad623c260500c31-979437229-0|True|(303.34967, 0.08, 717.1488)|(0, 0.6683709, 0, 0.7438283)|(1, 1, 1)
GlobalObjectId_V1-2-75255463483393841ad623c260500c31-985506738115754626-1054006661|True|(0.16, 0.245, -0.304)|(0, 0, -0.1305262, 0.9914449)|(0.24, 0.15, 1)
GlobalObjectId_V1-2-75255463483393841ad623c260500c31-985506738115754626-1066520553|True|(0.16, 0.245, -0.304)|(0, 0, -0.1305262, 0.9914449)|(0.24, 0.15, 1)
GlobalObjectId_V1-2-75255463483393841ad623c260500c31-985506738115754626-1075442592|True|(0.16, 0.245, -0.304)|(0, 0, -0.1305262, 0.9914449)|(0.24, 0.15, 1)
GlobalObjectId_V1-2-75255463483393841ad623c260500c31-985506738115754626-1123419265|True|(0.16, 0.245, -0.304)|(0, 0, -0.1305262, 0.9914449)|(0.24, 0.15, 1)
GlobalObjectId_V1-2-75255463483393841ad623c260500c31-985506738115754626-1189067973|True|(0.16, 0.245, -0.304)|(0, 0, -0.1305262, 0.9914449)|(0.24, 0.15, 1)
GlobalObjectId_V1-2-75255463483393841ad623c260500c31-985506738115754626-1213532434|True|(0.16, 0.245, -0.304)|(0, 0, -0.1305262, 0.9914449)|(0.24, 0.15, 1)
GlobalObjectId_V1-2-75255463483393841ad623c260500c31-985506738115754626-1231942770|True|(0.16, 0.245, -0.304)|(0, 0, -0.1305262, 0.9914449)|(0.24, 0.15, 1)
GlobalObjectId_V1-2-75255463483393841ad623c260500c31-985506738115754626-1273255913|True|(0.16, 0.245, -0.304)|(0, 0, -0.1305262, 0.9914449)|(0.24, 0.15, 1)
GlobalObjectId_V1-2-75255463483393841ad623c260500c31-985506738115754626-1278822786|True|(0.16, 0.245, -0.304)|(0, 0, -0.1305262, 0.9914449)|(0.24, 0.15, 1)
GlobalObjectId_V1-2-75255463483393841ad623c260500c31-985506738115754626-1289928147|True|(0.16, 0.245, -0.304)|(0, 0, -0.1305262, 0.9914449)|(0.24, 0.15, 1)
GlobalObjectId_V1-2-75255463483393841ad623c260500c31-985506738115754626-1306169864|True|(0.16, 0.245, -0.304)|(0, 0, -0.1305262, 0.9914449)|(0.24, 0.15, 1)
GlobalObjectId_V1-2-75255463483393841ad623c260500c31-985506738115754626-134612628|True|(0.16, 0.245, -0.304)|(0, 0, -0.1305262, 0.9914449)|(0.24, 0.15, 1)
GlobalObjectId_V1-2-75255463483393841ad623c260500c31-985506738115754626-1362226918|True|(0.16, 0.245, -0.304)|(0, 0, -0.1305262, 0.9914449)|(0.24, 0.15, 1)
GlobalObjectId_V1-2-75255463483393841ad623c260500c31-985506738115754626-1446791577|True|(0.16, 0.245, -0.304)|(0, 0, -0.1305262, 0.9914449)|(0.24, 0.15, 1)
GlobalObjectId_V1-2-75255463483393841ad623c260500c31-985506738115754626-1453559021|True|(0.16, 0.245, -0.304)|(0, 0, -0.1305262, 0.9914449)|(0.24, 0.15, 1)
GlobalObjectId_V1-2-75255463483393841ad623c260500c31-985506738115754626-1474131409|True|(0.16, 0.245, -0.304)|(0, 0, -0.1305262, 0.9914449)|(0.24, 0.15, 1)
GlobalObjectId_V1-2-75255463483393841ad623c260500c31-985506738115754626-1523898307|True|(0.16, 0.245, -0.304)|(0, 0, -0.1305262, 0.9914449)|(0.24, 0.15, 1)
GlobalObjectId_V1-2-75255463483393841ad623c260500c31-985506738115754626-1589411330|True|(0.16, 0.245, -0.304)|(0, 0, -0.1305262, 0.9914449)|(0.24, 0.15, 1)
GlobalObjectId_V1-2-75255463483393841ad623c260500c31-985506738115754626-1669245919|True|(0.16, 0.245, -0.304)|(0, 0, -0.1305262, 0.9914449)|(0.24, 0.15, 1)
GlobalObjectId_V1-2-75255463483393841ad623c260500c31-985506738115754626-1737122726|True|(0.16, 0.245, -0.304)|(0, 0, -0.1305262, 0.9914449)|(0.24, 0.15, 1)
GlobalObjectId_V1-2-75255463483393841ad623c260500c31-985506738115754626-1741248142|True|(0.16, 0.245, -0.304)|(0, 0, -0.1305262, 0.9914449)|(0.24, 0.15, 1)
GlobalObjectId_V1-2-75255463483393841ad623c260500c31-985506738115754626-177614287|True|(0.16, 0.245, -0.304)|(0, 0, -0.1305262, 0.9914449)|(0.24, 0.15, 1)
GlobalObjectId_V1-2-75255463483393841ad623c260500c31-985506738115754626-1802634647|True|(0.16, 0.245, -0.304)|(0, 0, -0.1305262, 0.9914449)|(0.24, 0.15, 1)
GlobalObjectId_V1-2-75255463483393841ad623c260500c31-985506738115754626-1890397674|True|(0.16, 0.245, -0.304)|(0, 0, -0.1305262, 0.9914449)|(0.24, 0.15, 1)
GlobalObjectId_V1-2-75255463483393841ad623c260500c31-985506738115754626-1899348449|True|(0.16, 0.245, -0.304)|(0, 0, -0.1305262, 0.9914449)|(0.24, 0.15, 1)
GlobalObjectId_V1-2-75255463483393841ad623c260500c31-985506738115754626-1931660283|True|(0.16, 0.245, -0.304)|(0, 0, -0.1305262, 0.9914449)|(0.24, 0.15, 1)
GlobalObjectId_V1-2-75255463483393841ad623c260500c31-985506738115754626-2008804692|True|(0.16, 0.245, -0.304)|(0, 0, -0.1305262, 0.9914449)|(0.24, 0.15, 1)
GlobalObjectId_V1-2-75255463483393841ad623c260500c31-985506738115754626-2120236441|True|(0.16, 0.245, -0.304)|(0, 0, -0.1305262, 0.9914449)|(0.24, 0.15, 1)
GlobalObjectId_V1-2-75255463483393841ad623c260500c31-985506738115754626-255090835|True|(0.16, 0.245, -0.304)|(0, 0, -0.1305262, 0.9914449)|(0.24, 0.15, 1)
GlobalObjectId_V1-2-75255463483393841ad623c260500c31-985506738115754626-261895982|True|(0.16, 0.245, -0.304)|(0, 0, -0.1305262, 0.9914449)|(0.24, 0.15, 1)
GlobalObjectId_V1-2-75255463483393841ad623c260500c31-985506738115754626-346250313|True|(0.16, 0.245, -0.304)|(0, 0, -0.1305262, 0.9914449)|(0.24, 0.15, 1)
GlobalObjectId_V1-2-75255463483393841ad623c260500c31-985506738115754626-374324541|True|(0.16, 0.245, -0.304)|(0, 0, -0.1305262, 0.9914449)|(0.24, 0.15, 1)
GlobalObjectId_V1-2-75255463483393841ad623c260500c31-985506738115754626-39910857|True|(0.16, 0.245, -0.304)|(0, 0, -0.1305262, 0.9914449)|(0.24, 0.15, 1)
GlobalObjectId_V1-2-75255463483393841ad623c260500c31-985506738115754626-415706150|True|(0.16, 0.245, -0.304)|(0, 0, -0.1305262, 0.9914449)|(0.24, 0.15, 1)
GlobalObjectId_V1-2-75255463483393841ad623c260500c31-985506738115754626-420684188|True|(0.16, 0.245, -0.304)|(0, 0, -0.1305262, 0.9914449)|(0.24, 0.15, 1)
GlobalObjectId_V1-2-75255463483393841ad623c260500c31-985506738115754626-448738566|True|(0.16, 0.245, -0.304)|(0, 0, -0.1305262, 0.9914449)|(0.24, 0.15, 1)
GlobalObjectId_V1-2-75255463483393841ad623c260500c31-985506738115754626-455620735|True|(0.16, 0.245, -0.304)|(0, 0, -0.1305262, 0.9914449)|(0.24, 0.15, 1)
GlobalObjectId_V1-2-75255463483393841ad623c260500c31-985506738115754626-462089741|True|(0.16, 0.245, -0.304)|(0, 0, -0.1305262, 0.9914449)|(0.24, 0.15, 1)
GlobalObjectId_V1-2-75255463483393841ad623c260500c31-985506738115754626-471337410|True|(0.16, 0.245, -0.304)|(0, 0, -0.1305262, 0.9914449)|(0.24, 0.15, 1)
GlobalObjectId_V1-2-75255463483393841ad623c260500c31-985506738115754626-514498336|True|(0.16, 0.245, -0.304)|(0, 0, -0.1305262, 0.9914449)|(0.24, 0.15, 1)
GlobalObjectId_V1-2-75255463483393841ad623c260500c31-985506738115754626-570203299|True|(0.16, 0.245, -0.304)|(0, 0, -0.1305262, 0.9914449)|(0.24, 0.15, 1)
GlobalObjectId_V1-2-75255463483393841ad623c260500c31-985506738115754626-577746331|True|(0.16, 0.245, -0.304)|(0, 0, -0.1305262, 0.9914449)|(0.24, 0.15, 1)
GlobalObjectId_V1-2-75255463483393841ad623c260500c31-985506738115754626-614239699|True|(0.16, 0.245, -0.304)|(0, 0, -0.1305262, 0.9914449)|(0.24, 0.15, 1)
GlobalObjectId_V1-2-75255463483393841ad623c260500c31-985506738115754626-720893779|True|(0.16, 0.245, -0.304)|(0, 0, -0.1305262, 0.9914449)|(0.24, 0.15, 1)
GlobalObjectId_V1-2-75255463483393841ad623c260500c31-985506738115754626-759653167|True|(0.16, 0.245, -0.304)|(0, 0, -0.1305262, 0.9914449)|(0.24, 0.15, 1)
GlobalObjectId_V1-2-75255463483393841ad623c260500c31-985506738115754626-788279421|True|(0.16, 0.245, -0.304)|(0, 0, -0.1305262, 0.9914449)|(0.24, 0.15, 1)
GlobalObjectId_V1-2-75255463483393841ad623c260500c31-985506738115754626-801688379|True|(0.16, 0.245, -0.304)|(0, 0, -0.1305262, 0.9914449)|(0.24, 0.15, 1)
GlobalObjectId_V1-2-75255463483393841ad623c260500c31-985506738115754626-827096132|True|(0.16, 0.245, -0.304)|(0, 0, -0.1305262, 0.9914449)|(0.24, 0.15, 1)
GlobalObjectId_V1-2-75255463483393841ad623c260500c31-985506738115754626-841608481|True|(0.16, 0.245, -0.304)|(0, 0, -0.1305262, 0.9914449)|(0.24, 0.15, 1)
GlobalObjectId_V1-2-75255463483393841ad623c260500c31-985506738115754626-866930353|True|(0.16, 0.245, -0.304)|(0, 0, -0.1305262, 0.9914449)|(0.24, 0.15, 1)
GlobalObjectId_V1-2-75255463483393841ad623c260500c31-988574409-0|True|(0, 0, 0)|(0, 0, 0, 1)|(1, 1, 1)
GlobalObjectId_V1-2-75255463483393841ad623c260500c31-992510040-0|True|(-132.197281, 5.00788641, 212.185211)|(0, 0.5157999, 0, 0.8567091)|(1, 1, 1)
GlobalObjectId_V1-2-75255463483393841ad623c260500c31-992954646-0|True|(0, 0, 0)|(0.7071068, 0, 0, 0.7071068)|(1, 1, 1)
GlobalObjectId_V1-2-75255463483393841ad623c260500c31-997449665-0|True|(0, 0, 0)|(0.7071068, 0, 0, 0.7071068)|(1, 1, 1)
GlobalObjectId_V1-2-75255463483393841ad623c260500c31-99809198-0|True|(0, 0, 0)|(0.7071068, 0, 0, 0.7071068)|(1, 1, 1)
GlobalObjectId_V1-2-75255463483393841ad623c260500c31-999188131-0|True|(0, 0, 0)|(0.7071068, 0, 0, 0.7071068)|(1, 1, 1)
{"MonoBehaviour":{"m_Enabled":true,"m_EditorHideFlags":0,"m_Name":"","m_EditorClassIdentifier":"","useExcelCharacterDefaults":true,"originalHealth":100.0,"defaultAttackDamage":50.0,"defaultForwardMoveSpeed":10.0,"defaultFireRate":1.0,"defaultProjectileCount":1,"defaultMissileSpeed":16.0,"defaultMissileDuration":1.0,"moveSensitivity_Devision":125.0,"xRange":{"x":-4.400000095367432,"y":4.400000095367432},"movementSmoothness":25.0,"enemyDetectRadius":1.5,"movement":true,"animationActive":true,"healthBar":{"instanceID":0},"healthText":{"instanceID":0},"sharksGO":{"instanceID":0},"canvasScript":{"instanceID":0}}}
{"Transform":{"serializedVersion":"2","m_LocalRotation":{"x":0.15182724595069886,"y":-0.00029317347798496485,"z":-0.0012651324504986406,"w":0.988406240940094},"m_LocalPosition":{"x":0.07800167053937912,"y":8.36400032043457,"z":-12.846002578735352},"m_LocalScale":{"x":1.0,"y":1.0,"z":1.0},"m_ConstrainProportionsScale":false,"m_LocalEulerAnglesHint":{"x":17.465999603271486,"y":-0.057999998331069949,"z":-0.15600000321865083}}}