GlobalObjectId_V1-2-3b6551b0f2848c54f911d6f91ca83d54-1010223478844503254-1229718731|True|(0, 0, 0)|(-0.7071068, 0, 0, 0.7071067)|(100, 100, 100)
GlobalObjectId_V1-2-3b6551b0f2848c54f911d6f91ca83d54-1010223478844503254-1268510627|True|(0, 0, 0)|(-0.7071068, 0, 0, 0.7071067)|(100, 100, 100)
GlobalObjectId_V1-2-3b6551b0f2848c54f911d6f91ca83d54-1010223478844503254-1298481983|True|(0, 0, 0)|(-0.7071068, 0, 0, 0.7071067)|(100, 100, 100)
GlobalObjectId_V1-2-3b6551b0f2848c54f911d6f91ca83d54-1010223478844503254-1473460188|True|(0, 0, 0)|(-0.7071068, 0, 0, 0.7071067)|(100, 100, 100)
GlobalObjectId_V1-2-3b6551b0f2848c54f911d6f91ca83d54-1010223478844503254-1740273041|True|(0, 0, 0)|(-0.7071068, 0, 0, 0.7071067)|(100, 100, 100)
GlobalObjectId_V1-2-3b6551b0f2848c54f911d6f91ca83d54-1010223478844503254-352986360|True|(0, 0, 0)|(-0.7071068, 0, 0, 0.7071067)|(100, 100, 100)
GlobalObjectId_V1-2-3b6551b0f2848c54f911d6f91ca83d54-1010223478844503254-375106697|True|(0, 0, 0)|(-0.7071068, 0, 0, 0.7071067)|(100, 100, 100)
GlobalObjectId_V1-2-3b6551b0f2848c54f911d6f91ca83d54-1010223478844503254-466313733|True|(0, 0, 0)|(-0.7071068, 0, 0, 0.7071067)|(100, 100, 100)
GlobalObjectId_V1-2-3b6551b0f2848c54f911d6f91ca83d54-1010223478844503254-769108169|True|(0, 0, 0)|(-0.7071068, 0, 0, 0.7071067)|(100, 100, 100)
GlobalObjectId_V1-2-3b6551b0f2848c54f911d6f91ca83d54-1010223478844503254-814571549|True|(0, 0, 0)|(-0.7071068, 0, 0, 0.7071067)|(100, 100, 100)
GlobalObjectId_V1-2-3b6551b0f2848c54f911d6f91ca83d54-1011182179-0|True|(-7.1, 0.1, 0)|(0, 0, 0, 1)|(0.2, 0.2, 20)
GlobalObjectId_V1-2-3b6551b0f2848c54f911d6f91ca83d54-1011278299294594539-1049486283|{"MonoBehaviour":{"m_Enabled":true,"m_EditorHideFlags":0,"m_Name":"","m_EditorClassIdentifier":"Assembly-CSharp::IndianOceanAssets.ShooterSurvival.EnemyMovementController","eventMode":4,"moveSpeed":2.200000047683716,"patrolAcrossRoad":false,"moveAnimation":0,"targetPoint":{"instanceID":0},"hideWhileWaiting":false,"ambushEntrySide":0.0,"modelForwardYaw":0.0,"arrivalDistance":0.05000000074505806}}
GlobalObjectId_V1-2-3b6551b0f2848c54f911d6f91ca83d54-1011278299294594539-126319019|{"MonoBehaviour":{"m_Enabled":true,"m_EditorHideFlags":0,"m_Name":"","m_EditorClassIdentifier":"Assembly-CSharp::IndianOceanAssets.ShooterSurvival.EnemyMovementController","eventMode":4,"moveSpeed":2.200000047683716,"patrolAcrossRoad":false,"moveAnimation":0,"targetPoint":{"instanceID":0},"hideWhileWaiting":false,"ambushEntrySide":0.0,"modelForwardYaw":0.0,"arrivalDistance":0.05000000074505806}}
GlobalObjectId_V1-2-3b6551b0f2848c54f911d6f91ca83d54-1011278299294594539-1481706251|{"MonoBehaviour":{"m_Enabled":true,"m_EditorHideFlags":0,"m_Name":"","m_EditorClassIdentifier":"Assembly-CSharp::IndianOceanAssets.ShooterSurvival.EnemyMovementController","eventMode":4,"moveSpeed":2.200000047683716,"patrolAcrossRoad":false,"moveAnimation":0,"targetPoint":{"instanceID":0},"hideWhileWaiting":false,"ambushEntrySide":0.0,"modelForwardYaw":0.0,"arrivalDistance":0.05000000074505806}}
GlobalObjectId_V1-2-3b6551b0f2848c54f911d6f91ca83d54-1011278299294594539-1592385703|{"MonoBehaviour":{"m_Enabled":true,"m_EditorHideFlags":0,"m_Name":"","m_EditorClassIdentifier":"Assembly-CSharp::IndianOceanAssets.ShooterSurvival.EnemyMovementController","eventMode":4,"moveSpeed":2.200000047683716,"patrolAcrossRoad":false,"moveAnimation":0,"targetPoint":{"instanceID":0},"hideWhileWaiting":false,"ambushEntrySide":0.0,"modelForwardYaw":0.0,"arrivalDistance":0.05000000074505806}}
GlobalObjectId_V1-2-3b6551b0f2848c54f911d6f91ca83d54-1011278299294594539-1661574985|{"MonoBehaviour":{"m_Enabled":true,"m_EditorHideFlags":0,"m_Name":"","m_EditorClassIdentifier":"Assembly-CSharp::IndianOceanAssets.ShooterSurvival.EnemyMovementController","eventMode":4,"moveSpeed":2.200000047683716,"patrolAcrossRoad":false,"moveAnimation":0,"targetPoint":{"instanceID":0},"hideWhileWaiting":false,"ambushEntrySide":0.0,"modelForwardYaw":0.0,"arrivalDistance":0.05000000074505806}}
GlobalObjectId_V1-2-3b6551b0f2848c54f911d6f91ca83d54-1011278299294594539-1902647294|{"MonoBehaviour":{"m_Enabled":true,"m_EditorHideFlags":0,"m_Name":"","m_EditorClassIdentifier":"Assembly-CSharp::IndianOceanAssets.ShooterSurvival.EnemyMovementController","eventMode":4,"moveSpeed":2.200000047683716,"patrolAcrossRoad":false,"moveAnimation":0,"targetPoint":{"instanceID":0},"hideWhileWaiting":false,"ambushEntrySide":0.0,"modelForwardYaw":0.0,"arrivalDistance":0.05000000074505806}}
GlobalObjectId_V1-2-3b6551b0f2848c54f911d6f91ca83d54-1011278299294594539-239339974|{"MonoBehaviour":{"m_Enabled":true,"m_EditorHideFlags":0,"m_Name":"","m_EditorClassIdentifier":"Assembly-CSharp::IndianOceanAssets.ShooterSurvival.EnemyMovementController","eventMode":4,"moveSpeed":2.200000047683716,"patrolAcrossRoad":false,"moveAnimation":0,"targetPoint":{"instanceID":0},"hideWhileWaiting":false,"ambushEntrySide":0.0,"modelForwardYaw":0.0,"arrivalDistance":0.05000000074505806}}
GlobalObjectId_V1-2-3b6551b0f2848c54f911d6f91ca83d54-1011278299294594539-350417267|{"MonoBehaviour":{"m_Enabled":true,"m_EditorHideFlags":0,"m_Name":"","m_EditorClassIdentifier":"Assembly-CSharp::IndianOceanAssets.ShooterSurvival.EnemyMovementController","eventMode":4,"moveSpeed":2.200000047683716,"patrolAcrossRoad":false,"moveAnimation":0,"targetPoint":{"instanceID":0},"hideWhileWaiting":false,"ambushEntrySide":0.0,"modelForwardYaw":0.0,"arrivalDistance":0.05000000074505806}}
GlobalObjectId_V1-2-3b6551b0f2848c54f911d6f91ca83d54-1011278299294594539-575299033|{"MonoBehaviour":{"m_Enabled":true,"m_EditorHideFlags":0,"m_Name":"","m_EditorClassIdentifier":"Assembly-CSharp::IndianOceanAssets.ShooterSurvival.EnemyMovementController","eventMode":4,"moveSpeed":2.200000047683716,"patrolAcrossRoad":false,"moveAnimation":0,"targetPoint":{"instanceID":0},"hideWhileWaiting":false,"ambushEntrySide":0.0,"modelForwardYaw":0.0,"arrivalDistance":0.05000000074505806}}
GlobalObjectId_V1-2-3b6551b0f2848c54f911d6f91ca83d54-1011278299294594539-834271436|{"MonoBehaviour":{"m_Enabled":true,"m_EditorHideFlags":0,"m_Name":"","m_EditorClassIdentifier":"Assembly-CSharp::IndianOceanAssets.ShooterSurvival.EnemyMovementController","eventMode":4,"moveSpeed":2.200000047683716,"patrolAcrossRoad":false,"moveAnimation":0,"targetPoint":{"instanceID":0},"hideWhileWaiting":false,"ambushEntrySide":0.0,"modelForwardYaw":0.0,"arrivalDistance":0.05000000074505806}}
GlobalObjectId_V1-2-3b6551b0f2848c54f911d6f91ca83d54-1016987032-0|True|(3.1, 0.08, -102.299988)|(0, 0, 0, 1)|(1, 1, 1)
GlobalObjectId_V1-2-3b6551b0f2848c54f911d6f91ca83d54-1016993008-0|True|(-96.3, 0.08, 695.300049)|(0, 0, 0, 1)|(1, 1, 1)
GlobalObjectId_V1-2-3b6551b0f2848c54f911d6f91ca83d54-1028891517-0|True|(7.1, 0.1, 0)|(0, 0, 0, 1)|(0.2, 0.2, 20)
GlobalObjectId_V1-2-3b6551b0f2848c54f911d6f91ca83d54-1030289658-0|True|(212.900024, 0.08, 440)|(0, -0.7071068, 0, 0.7071068)|(1, 1, 1)
GlobalObjectId_V1-2-3b6551b0f2848c54f911d6f91ca83d54-1033886848930552875-1191602872|True|(0, 0, 0)|(-0.7071068, 0, 0, 0.7071067)|(100, 100, 100)
GlobalObjectId_V1-2-3b6551b0f2848c54f911d6f91ca83d54-1033886848930552875-1250511116|True|(0, 0, 0)|(-0.7071068, 0, 0, 0.7071067)|(100, 100, 100)
GlobalObjectId_V1-2-3b6551b0f2848c54f911d6f91ca83d54-1033886848930552875-127729888|True|(0, 0, 0)|(-0.7071068, 0, 0, 0.7071067)|(100, 100, 100)
GlobalObjectId_V1-2-3b6551b0f2848c54f911d6f91ca83d54-1033886848930552875-1897079065|True|(0, 0, 0)|(-0.7071068, 0, 0, 0.7071067)|(100, 100, 100)
GlobalObjectId_V1-2-3b6551b0f2848c54f911d6f91ca83d54-1033886848930552875-2070896708|True|(0, 0, 0)|(-0.7071068, 0, 0, 0.7071067)|(100, 100, 100)
GlobalObjectId_V1-2-3b6551b0f2848c54f911d6f91ca83d54-1033886848930552875-383792707|True|(0, 0, 0)|(-0.7071068, 0, 0, 0.7071067)|(100, 100, 100)
GlobalObjectId_V1-2-3b6551b0f2848c54f911d6f91ca83d54-1033886848930552875-393103402|True|(0, 0, 0)|(-0.7071068, 0, 0, 0.7071067)|(100, 100, 100)
GlobalObjectId_V1-2-3b6551b0f2848c54f911d6f91ca83d54-1033886848930552875-566916451|True|(0, 0, 0)|(-0.7071068, 0, 0, 0.7071067)|(100, 100, 100)
GlobalObjectId_V1-2-3b6551b0f2848c54f911d6f91ca83d54-1033886848930552875-965188316|True|(0, 0, 0)|(-0.7071068, 0, 0, 0.7071067)|(100, 100, 100)
GlobalObjectId_V1-2-3b6551b0f2848c54f911d6f91ca83d54-1033886848930552875-969570616|True|(0, 0, 0)|(-0.7071068, 0, 0, 0.7071067)|(100, 100, 100)
GlobalObjectId_V1-2-3b6551b0f2848c54f911d6f91ca83d54-1036752037-0|True|(0, 0, 0)|(0, 0, 0, 1)|(1, 1, 1)
GlobalObjectId_V1-2-3b6551b0f2848c54f911d6f91ca83d54-1050080989-0|True|(-7.1, 0.1, 0)|(0, 0, 0, 1)|(0.2, 0.2, 20)
GlobalObjectId_V1-2-3b6551b0f2848c54f911d6f91ca83d54-1053288908-0|True|(7.1, 0.1, 0)|(0, 0, 0, 1)|(0.2, 0.2, 20)
GlobalObjectId_V1-2-3b6551b0f2848c54f911d6f91ca83d54-1053559985-0|True|(-103.1, 0.08, 596.699951)|(0, 0, 0, 1)|(1, 1, 1)
GlobalObjectId_V1-2-3b6551b0f2848c54f911d6f91ca83d54-1054692583-0|True|(7.1, 0.1, 0)|(0, 0, 0, 1)|(0.2, 0.2, 20)
GlobalObjectId_V1-2-3b6551b0f2848c54f911d6f91ca83d54-1055058745-0|True|(-7.1, 0.1, 0)|(0, 0, 0, 1)|(0.2, 0.2, 20)
GlobalObjectId_V1-2-3b6551b0f2848c54f911d6f91ca83d54-1071909940-0|True|(-7.1, 0.1, 0)|(0, 0, 0, 1)|(0.2, 0.2, 20)
GlobalObjectId_V1-2-3b6551b0f2848c54f911d6f91ca83d54-1072354463-0|True|(7.1, 0.1, 0)|(0, 0, 0, 1)|(0.2, 0.2, 20)
GlobalObjectId_V1-2-3b6551b0f2848c54f911d6f91ca83d54-1092281311197260839-1049486283|True|(-1.11758706E-10, 0.00213466655, 9.31322554E-12)|(-0.0128043983, -0.112429693, 0.112429693, 0.9871956)|(1, 0.99999994, 0.99999994)
GlobalObjectId_V1-2-3b6551b0f2848c54f911d6f91ca83d54-1092281311197260839-126319019|True|(-1.11758706E-10, 0.00213466655, 9.31322554E-12)|(-0.0128043983, -0.112429693, 0.112429693, 0.9871956)|(1, 0.99999994, 0.99999994)
GlobalObjectId_V1-2-3b6551b0f2848c54f911d6f91ca83d54-1092281311197260839-1481706251|True|(-1.11758706E-10, 0.00213466655, 9.31322554E-12)|(-0.0128043983, -0.112429693, 0.112429693, 0.9871956)|(1, 0.99999994, 0.99999994)
GlobalObjectId_V1-2-3b6551b0f2848c54f911d6f91ca83d54-1092281311197260839-1592385703|True|(-1.11758706E-10, 0.00213466655, 9.31322554E-12)|(-0.0128043983, -0.112429693, 0.112429693, 0.9871956)|(1, 0.99999994, 0.99999994)
GlobalObjectId_V1-2-3b6551b0f2848c54f911d6f91ca83d54-1092281311197260839-1661574985|True|(-1.11758706E-10, 0.00213466655, 9.31322554E-12)|(-0.0128043983, -0.112429693, 0.112429693, 0.9871956)|(1, 0.99999994, 0.99999994)
GlobalObjectId_V1-2-3b6551b0f2848c54f911d6f91ca83d54-1092281311197260839-1902647294|True|(-1.11758706E-10, 0.00213466655, 9.31322554E-12)|(-0.0128043983, -0.112429693, 0.112429693, 0.9871956)|(1, 0.99999994, 0.99999994)
GlobalObjectId_V1-2-3b6551b0f2848c54f911d6f91ca83d54-1092281311197260839-239339974|True|(-1.11758706E-10, 0.00213466655, 9.31322554E-12)|(-0.0128043983, -0.112429693, 0.112429693, 0.9871956)|(1, 0.99999994, 0.99999994)
GlobalObjectId_V1-2-3b6551b0f2848c54f911d6f91ca83d54-1092281311197260839-350417267|True|(-1.11758706E-10, 0.00213466655, 9.31322554E-12)|(-0.0128043983, -0.112429693, 0.112429693, 0.9871956)|(1, 0.99999994, 0.99999994)
GlobalObjectId_V1-2-3b6551b0f2848c54f911d6f91ca83d54-1092281311197260839-575299033|True|(-1.11758706E-10, 0.00213466655, 9.31322554E-12)|(-0.0128043983, -0.112429693, 0.112429693, 0.9871956)|(1, 0.99999994, 0.99999994)
GlobalObjectId_V1-2-3b6551b0f2848c54f911d6f91ca83d54-1092281311197260839-834271436|True|(-1.11758706E-10, 0.00213466655, 9.31322554E-12)|(-0.0128043983, -0.112429693, 0.112429693, 0.9871956)|(1, 0.99999994, 0.99999994)
GlobalObjectId_V1-2-3b6551b0f2848c54f911d6f91ca83d54-110984534-0|True|(7.1, 0.1, 0)|(0, 0, 0, 1)|(0.2, 0.2, 20)
GlobalObjectId_V1-2-3b6551b0f2848c54f911d6f91ca83d54-1121132139-0|True|(240.6, 0.08, 229.299988)|(0, 0, 0, 1)|(1, 1, 1)
GlobalObjectId_V1-2-3b6551b0f2848c54f911d6f91ca83d54-112402189972396603-1167286018|True|(3.600006, 0, 0)|(0, 0, 0, 1)|(1, 1, 1)
GlobalObjectId_V1-2-3b6551b0f2848c54f911d6f91ca83d54-112402189972396603-1180928524|True|(3.59999847, 0, 0)|(0, 0, 0, 1)|(1, 1, 1)
GlobalObjectId_V1-2-3b6551b0f2848c54f911d6f91ca83d54-112402189972396603-122956854|True|(3.6, 0, 0)|(0, 0, 0, 1)|(1, 1, 1)
GlobalObjectId_V1-2-3b6551b0f2848c54f911d6f91ca83d54-112402189972396603-1245624228|True|(0, 0, 0)|(0, 0, 0, 1)|(1, 1, 1)
GlobalObjectId_V1-2-3b6551b0f2848c54f911d6f91ca83d54-112402189972396603-1404068710|True|(-3.600006, 0, 0)|(0, 0, 0, 1)|(1, 1, 1)
GlobalObjectId_V1-2-3b6551b0f2848c54f911d6f91ca83d54-112402189972396603-1418330522|True|(0, 0, 0)|(0, 0, 0, 1)|(1, 1, 1)
GlobalObjectId_V1-2-3b6551b0f2848c54f911d6f91ca83d54-112402189972396603-1452177011|True|(-3.60000658, 0, 4.76837158E-07)|(0, 0, 0, 1)|(1, 1, 1)
GlobalObjectId_V1-2-3b6551b0f2848c54f911d6f91ca83d54-112402189972396603-1620194150|True|(3.599976, 0, 4.76837158E-07)|(0, 0, 0, 1)|(1, 1, 1)
GlobalObjectId_V1-2-3b6551b0f2848c54f911d6f91ca83d54-112402189972396603-1693543895|True|(0, 0, 0)|(0, 0, 0, 1)|(1, 1, 1)
GlobalObjectId_V1-2-3b6551b0f2848c54f911d6f91ca83d54-112402189972396603-1793401989|True|(-3.599976, 0, -4.76837158E-07)|(0, 0, 0, 1)|(1, 1, 1)
GlobalObjectId_V1-2-3b6551b0f2848c54f911d6f91ca83d54-112402189972396603-2098923909|True|(0, 0, 0)|(0, 0, 0, 1)|(1, 1, 1)
GlobalObjectId_V1-2-3b6551b0f2848c54f911d6f91ca83d54-112402189972396603-299381512|True|(3.60000658, 0, -4.76837158E-07)|(0, 0, 0, 1)|(1, 1, 1)
GlobalObjectId_V1-2-3b6551b0f2848c54f911d6f91ca83d54-112402189972396603-730290851|True|(-3.59999847, 0, 0)|(0, 0, 0, 1)|(1, 1, 1)
GlobalObjectId_V1-2-3b6551b0f2848c54f911d6f91ca83d54-112402189972396603-828652953|True|(-3.6, 0, 0)|(0, 0, 0, 1)|(1, 1, 1)
GlobalObjectId_V1-2-3b6551b0f2848c54f911d6f91ca83d54-112402189972396603-884722836|True|(0, 0, 0)|(0, 0, 0, 1)|(1, 1, 1)
GlobalObjectId_V1-2-3b6551b0f2848c54f911d6f91ca83d54-1124712184-0|True|(7.1, 0.1, 0)|(0, 0, 0, 1)|(0.2, 0.2, 20)
GlobalObjectId_V1-2-3b6551b0f2848c54f911d6f91ca83d54-1126191081-0|True|(13.0999756, 0.08, 443.1)|(0, -0.7071068, 0, 0.7071068)|(1, 1, 1)
GlobalObjectId_V1-2-3b6551b0f2848c54f911d6f91ca83d54-113269118-0|True|(167.5, 0.08, 3.81469681E-06)|(0, 0.7071068, 0, 0.7071068)|(1, 1, 1)
GlobalObjectId_V1-2-3b6551b0f2848c54f911d6f91ca83d54-1145269262-0|True|(7.1, 0.1, 0)|(0, 0, 0, 1)|(0.2, 0.2, 20)
GlobalObjectId_V1-2-3b6551b0f2848c54f911d6f91ca83d54-1152645657-0|True|(7.1, 0.1, 0)|(0, 0, 0, 1)|(0.2, 0.2, 20)
GlobalObjectId_V1-2-3b6551b0f2848c54f911d6f91ca83d54-1152897891-0|True|(7.1, 0.1, 0)|(0, 0, 0, 1)|(0.2, 0.2, 20)
GlobalObjectId_V1-2-3b6551b0f2848c54f911d6f91ca83d54-1154360556-0|True|(7.1, 0.1, 0)|(0, 0, 0, 1)|(0.2, 0.2, 20)
GlobalObjectId_V1-2-3b6551b0f2848c54f911d6f91ca83d54-1156638323-0|True|(-99.4, 0.08, 695.300049)|(0, 0, 0, 1)|(1, 1, 1)
GlobalObjectId_V1-2-3b6551b0f2848c54f911d6f91ca83d54-1158453403-0|True|(212.900024, 0.08, 436.9)|(0, -0.7071068, 0, 0.7071068)|(1, 1, 1)
GlobalObjectId_V1-2-3b6551b0f2848c54f911d6f91ca83d54-1159980354-0|True|(0, 0.08, -168.9)|(0, 0, 0, 1)|(1, 1, 1)
GlobalObjectId_V1-2-3b6551b0f2848c54f911d6f91ca83d54-1162181192-0|True|(0, 0.08, -235.5)|(0, 0, 0, 1)|(1, 1, 1)
GlobalObjectId_V1-2-3b6551b0f2848c54f911d6f91ca83d54-1173060923283893196-1049486283|True|(0.00160000008, 0, 0)|(0.9871956, 0.112429716, 0.112429671, -0.0128043881)|(1.00000036, 1.00000012, 1)
GlobalObjectId_V1-2-3b6551b0f2848c54f911d6f91ca83d54-1173060923283893196-126319019|True|(0.00160000008, 0, 0)|(0.9871956, 0.112429716, 0.112429671, -0.0128043881)|(1.00000036, 1.00000012, 1)
GlobalObjectId_V1-2-3b6551b0f2848c54f911d6f91ca83d54-1173060923283893196-1481706251|True|(0.00160000008, 0, 0)|(0.9871956, 0.112429716, 0.112429671, -0.0128043881)|(1.00000036, 1.00000012, 1)
GlobalObjectId_V1-2-3b6551b0f2848c54f911d6f91ca83d54-1173060923283893196-1592385703|True|(0.00160000008, 0, 0)|(0.9871956, 0.112429716, 0.112429671, -0.0128043881)|(1.00000036, 1.00000012, 1)
GlobalObjectId_V1-2-3b6551b0f2848c54f911d6f91ca83d54-1173060923283893196-1661574985|True|(0.00160000008, 0, 0)|(0.9871956, 0.112429716, 0.112429671, -0.0128043881)|(1.00000036, 1.00000012, 1)
GlobalObjectId_V1-2-3b6551b0f2848c54f911d6f91ca83d54-1173060923283893196-1902647294|True|(0.00160000008, 0, 0)|(0.9871956, 0.112429716, 0.112429671, -0.0128043881)|(1.00000036, 1.00000012, 1)
GlobalObjectId_V1-2-3b6551b0f2848c54f911d6f91ca83d54-1173060923283893196-239339974|True|(0.00160000008, 0, 0)|(0.9871956, 0.112429716, 0.112429671, -0.0128043881)|(1.00000036, 1.00000012, 1)
GlobalObjectId_V1-2-3b6551b0f2848c54f911d6f91ca83d54-1173060923283893196-350417267|True|(0.00160000008, 0, 0)|(0.9871956, 0.112429716, 0.112429671, -0.0128043881)|(1.00000036, 1.00000012, 1)
GlobalObjectId_V1-2-3b6551b0f2848c54f911d6f91ca83d54-1173060923283893196-575299033|True|(0.00160000008, 0, 0)|(0.9871956, 0.112429716, 0.112429671, -0.0128043881)|(1.00000036, 1.00000012, 1)
GlobalObjectId_V1-2-3b6551b0f2848c54f911d6f91ca83d54-1173060923283893196-834271436|True|(0.00160000008, 0, 0)|(0.9871956, 0.112429716, 0.112429671, -0.0128043881)|(1.00000036, 1.00000012, 1)
GlobalObjectId_V1-2-3b6551b0f2848c54f911d6f91ca83d54-1176353409-0|True|(7.1, 0.1, 0)|(0, 0, 0, 1)|(0.2, 0.2, 20)
GlobalObjectId_V1-2-3b6551b0f2848c54f911d6f91ca83d54-1183777935474894838-1191602872|True|(0, 0, 0)|(0, 0, 0, 1)|(1, 1, 1)
GlobalObjectId_V1-2-3b6551b0f2848c54f911d6f91ca83d54-1183777935474894838-1250511116|True|(0, 0, 0)|(0, 0, 0, 1)|(1, 1, 1)
GlobalObjectId_V1-2-3b6551b0f2848c54f911d6f91ca83d54-1183777935474894838-127729888|True|(0, 0, 0)|(0, 0, 0, 1)|(1, 1, 1)
GlobalObjectId_V1-2-3b6551b0f2848c54f911d6f91ca83d54-1183777935474894838-1897079065|True|(0, 0, 0)|(0, 0, 0, 1)|(1, 1, 1)
GlobalObjectId_V1-2-3b6551b0f2848c54f911d6f91ca83d54-1183777935474894838-2070896708|True|(0, 0, 0)|(0, 0, 0, 1)|(1, 1, 1)
GlobalObjectId_V1-2-3b6551b0f2848c54f911d6f91ca83d54-1183777935474894838-383792707|True|(0, 0, 0)|(0, 0, 0, 1)|(1, 1, 1)
GlobalObjectId_V1-2-3b6551b0f2848c54f911d6f91ca83d54-1183777935474894838-393103402|True|(0, 0, 0)|(0, 0, 0, 1)|(1, 1, 1)
GlobalObjectId_V1-2-3b6551b0f2848c54f911d6f91ca83d54-1183777935474894838-566916451|True|(0, 0, 0)|(0, 0, 0, 1)|(1, 1, 1)
GlobalObjectId_V1-2-3b6551b0f2848c54f911d6f91ca83d54-1183777935474894838-965188316|True|(0, 0, 0)|(0, 0, 0, 1)|(1, 1, 1)
GlobalObjectId_V1-2-3b6551b0f2848c54f911d6f91ca83d54-1183777935474894838-969570616|True|(0, 0, 0)|(0, 0, 0, 1)|(1, 1, 1)
GlobalObjectId_V1-2-3b6551b0f2848c54f911d6f91ca83d54-1186258301-0|True|(7.1, 0.1, 0)|(0, 0, 0, 1)|(0.2, 0.2, 20)
GlobalObjectId_V1-2-3b6551b0f2848c54f911d6f91ca83d54-1191875818-0|True|(7.1, 0.1, 0)|(0, 0, 0, 1)|(0.2, 0.2, 20)
GlobalObjectId_V1-2-3b6551b0f2848c54f911d6f91ca83d54-119493929-0|True|(7.1, 0.1, 0)|(0, 0, 0, 1)|(0.2, 0.2, 20)
GlobalObjectId_V1-2-3b6551b0f2848c54f911d6f91ca83d54-120379143-0|True|(7.1, 0.1, 0)|(0, 0, 0, 1)|(0.2, 0.2, 20)
GlobalObjectId_V1-2-3b6551b0f2848c54f911d6f91ca83d54-1207804945691506990-1191602872|True|(-0.01, 0.36, -1.56)|(0.6508453, 0, 0, 0.7592104)|(1, 1, 1)
GlobalObjectId_V1-2-3b6551b0f2848c54f911d6f91ca83d54-1207804945691506990-1250511116|True|(-0.01, 0.36, -1.56)|(0.6508453, 0, 0, 0.7592104)|(1, 1, 1)
GlobalObjectId_V1-2-3b6551b0f2848c54f911d6f91ca83d54-1207804945691506990-127729888|True|(-0.01, 0.36, -1.56)|(0.6508453, 0, 0, 0.7592104)|(1, 1, 1)
GlobalObjectId_V1-2-3b6551b0f2848c54f911d6f91ca83d54-1207804945691506990-1897079065|True|(-0.01, 0.36, -1.56)|(0.6508453, 0, 0, 0.7592104)|(1, 1, 1)
GlobalObjectId_V1-2-3b6551b0f2848c54f911d6f91ca83d54-1207804945691506990-2070896708|True|(-0.01, 0.36, -1.56)|(0.6508453, 0, 0, 0.7592104)|(1, 1, 1)
GlobalObjectId_V1-2-3b6551b0f2848c54f911d6f91ca83d54-1207804945691506990-383792707|True|(-0.01, 0.36, -1.56)|(0.6508453, 0, 0, 0.7592104)|(1, 1, 1)
GlobalObjectId_V1-2-3b6551b0f2848c54f911d6f91ca83d54-1207804945691506990-393103402|True|(-0.01, 0.36, -1.56)|(0.6508453, 0, 0, 0.7592104)|(1, 1, 1)
GlobalObjectId_V1-2-3b6551b0f2848c54f911d6f91ca83d54-1207804945691506990-566916451|True|(-0.01, 0.36, -1.56)|(0.6508453, 0, 0, 0.7592104)|(1, 1, 1)
GlobalObjectId_V1-2-3b6551b0f2848c54f911d6f91ca83d54-1207804945691506990-965188316|True|(-0.01, 0.36, -1.56)|(0.6508453, 0, 0, 0.7592104)|(1, 1, 1)
GlobalObjectId_V1-2-3b6551b0f2848c54f911d6f91ca83d54-1207804945691506990-969570616|True|(-0.01, 0.36, -1.56)|(0.6508453, 0, 0, 0.7592104)|(1, 1, 1)
GlobalObjectId_V1-2-3b6551b0f2848c54f911d6f91ca83d54-1209195214-0|True|(-7.1, 0.1, 0)|(0, 0, 0, 1)|(0.2, 0.2, 20)
GlobalObjectId_V1-2-3b6551b0f2848c54f911d6f91ca83d54-1212653273-0|True|(7.1, 0.1, 0)|(0, 0, 0, 1)|(0.2, 0.2, 20)
GlobalObjectId_V1-2-3b6551b0f2848c54f911d6f91ca83d54-1216860557604390898-1191518710|True|(2.23517413E-10, 0.004040096, -5.21540644E-10)|(0.108067758, 0.5265708, -0.5265708, 0.658610463)|(1.00000012, 1, 0.9999999)
GlobalObjectId_V1-2-3b6551b0f2848c54f911d6f91ca83d54-1216860557604390898-1212367565|True|(2.23517413E-10, 0.004040096, -5.21540644E-10)|(0.108067758, 0.5265708, -0.5265708, 0.658610463)|(1.00000012, 1, 0.9999999)
GlobalObjectId_V1-2-3b6551b0f2848c54f911d6f91ca83d54-1216860557604390898-143777058|True|(2.23517413E-10, 0.004040096, -5.21540644E-10)|(0.108067758, 0.5265708, -0.5265708, 0.658610463)|(1.00000012, 1, 0.9999999)
GlobalObjectId_V1-2-3b6551b0f2848c54f911d6f91ca83d54-1216860557604390898-1542002196|True|(2.23517413E-10, 0.004040096, -5.21540644E-10)|(0.108067758, 0.5265708, -0.5265708, 0.658610463)|(1.00000012, 1, 0.9999999)
GlobalObjectId_V1-2-3b6551b0f2848c54f911d6f91ca83d54-1216860557604390898-2024003042|True|(2.23517413E-10, 0.004040096, -5.21540644E-10)|(0.108067758, 0.5265708, -0.5265708, 0.658610463)|(1.00000012, 1, 0.9999999)
GlobalObjectId_V1-2-3b6551b0f2848c54f911d6f91ca83d54-1216860557604390898-306864247|True|(2.23517413E-10, 0.004040096, -5.21540644E-10)|(0.108067758, 0.5265708, -0.5265708, 0.658610463)|(1.00000012, 1, 0.9999999)
GlobalObjectId_V1-2-3b6551b0f2848c54f911d6f91ca83d54-1216860557604390898-309737671|True|(2.23517413E-10, 0.004040096, -5.21540644E-10)|(0.108067758, 0.5265708, -0.5265708, 0.658610463)|(1.00000012, 1, 0.9999999)
GlobalObjectId_V1-2-3b6551b0f2848c54f911d6f91ca83d54-1216860557604390898-312149901|True|(2.23517413E-10, 0.004040096, -5.21540644E-10)|(0.108067758, 0.5265708, -0.5265708, 0.658610463)|(1.00000012, 1, 0.9999999)
GlobalObjectId_V1-2-3b6551b0f2848c54f911d6f91ca83d54-1216860557604390898-857919492|True|(2.23517413E-10, 0.004040096, -5.21540644E-10)|(0.108067758, 0.5265708, -0.5265708, 0.658610463)|(1.00000012, 1, 0.9999999)
GlobalObjectId_V1-2-3b6551b0f2848c54f911d6f91ca83d54-1216860557604390898-986728857|True|(2.23517413E-10, 0.004040096, -5.21540644E-10)|(0.108067758, 0.5265708, -0.5265708, 0.658610463)|(1.00000012, 1, 0.9999999)
GlobalObjectId_V1-2-3b6551b0f2848c54f911d6f91ca83d54-1222778236-0|True|(236.9, 0.08, 130.700012)|(0, 0, 0, 1)|(1, 1, 1)
GlobalObjectId_V1-2-3b6551b0f2848c54f911d6f91ca83d54-1223789544-0|True|(34.2999878, 0.08, 3.10000372)|(0, 0.7071068, 0, 0.7071068)|(1, 1, 1)
GlobalObjectId_V1-2-3b6551b0f2848c54f911d6f91ca83d54-1225013902-0|True|(7.1, 0.1, 0)|(0, 0, 0, 1)|(0.2, 0.2, 20)
GlobalObjectId_V1-2-3b6551b0f2848c54f911d6f91ca83d54-1231576950-0|True|(240.6, 0.08, 295.900024)|(0, 0, 0, 1)|(1, 1, 1)
GlobalObjectId_V1-2-3b6551b0f2848c54f911d6f91ca83d54-1231834147-0|True|(47.69995, 0.08, 440.6)|(0, 0, 0, 1)|(1, 1, 1)
GlobalObjectId_V1-2-3b6551b0f2848c54f911d6f91ca83d54-1233290529-0|True|(0, 0, -114.700012)|(0, 0, 0, 1)|(1, 1, 1)
GlobalObjectId_V1-2-3b6551b0f2848c54f911d6f91ca83d54-1233432706219710496-1120997898|True|(2.04890965E-10, 0.00200680527, 1.36205922E-10)|(-0.399557173, 0.00322333653, -0.00322333025, 0.916696966)|(0.99999994, 0.9999999, 0.9999998)
GlobalObjectId_V1-2-3b6551b0f2848c54f911d6f91ca83d54-1233432706219710496-1378066733|True|(2.04890965E-10, 0.00200680527, 1.36205922E-10)|(-0.399557173, 0.00322333653, -0.00322333025, 0.916696966)|(0.99999994, 0.9999999, 0.9999998)
GlobalObjectId_V1-2-3b6551b0f2848c54f911d6f91ca83d54-1233432706219710496-1387022782|True|(2.04890965E-10, 0.00200680527, 1.36205922E-10)|(-0.399557173, 0.00322333653, -0.00322333025, 0.916696966)|(0.99999994, 0.9999999, 0.9999998)
GlobalObjectId_V1-2-3b6551b0f2848c54f911d6f91ca83d54-1233432706219710496-1556813190|True|(2.04890965E-10, 0.00200680527, 1.36205922E-10)|(-0.399557173, 0.00322333653, -0.00322333025, 0.916696966)|(0.99999994, 0.9999999, 0.9999998)
GlobalObjectId_V1-2-3b6551b0f2848c54f911d6f91ca83d54-1233432706219710496-161863763|True|(2.04890965E-10, 0.00200680527, 1.36205922E-10)|(-0.399557173, 0.00322333653, -0.00322333025, 0.916696966)|(0.99999994, 0.9999999, 0.9999998)
GlobalObjectId_V1-2-3b6551b0f2848c54f911d6f91ca83d54-1233432706219710496-305648292|True|(2.04890965E-10, 0.00200680527, 1.36205922E-10)|(-0.399557173, 0.00322333653, -0.00322333025, 0.916696966)|(0.99999994, 0.9999999, 0.9999998)
GlobalObjectId_V1-2-3b6551b0f2848c54f911d6f91ca83d54-1233432706219710496-404936451|True|(2.04890965E-10, 0.00200680527, 1.36205922E-10)|(-0.399557173, 0.00322333653, -0.00322333025, 0.916696966)|(0.99999994, 0.9999999, 0.9999998)
GlobalObjectId_V1-2-3b6551b0f2848c54f911d6f91ca83d54-1233432706219710496-501866861|True|(2.04890965E-10, 0.00200680527, 1.36205922E-10)|(-0.399557173, 0.00322333653, -0.00322333025, 0.916696966)|(0.99999994, 0.9999999, 0.9999998)
GlobalObjectId_V1-2-3b6551b0f2848c54f911d6f91ca83d54-1233432706219710496-692789032|True|(2.04890965E-10, 0.00200680527, 1.36205922E-10)|(-0.399557173, 0.00322333653, -0.00322333025, 0.916696966)|(0.99999994, 0.9999999, 0.9999998)
GlobalObjectId_V1-2-3b6551b0f2848c54f911d6f91ca83d54-1233432706219710496-892891150|True|(2.04890965E-10, 0.00200680527, 1.36205922E-10)|(-0.399557173, 0.00322333653, -0.00322333025, 0.916696966)|(0.99999994, 0.9999999, 0.9999998)
GlobalObjectId_V1-2-3b6551b0f2848c54f911d6f91ca83d54-1235516040-0|True|(7.1, 0.1, 0)|(0, 0, 0, 1)|(0.2, 0.2, 20)
GlobalObjectId_V1-2-3b6551b0f2848c54f911d6f91ca83d54-1236801223-0|True|(7.1, 0.1, 0)|(0, 0, 0, 1)|(0.2, 0.2, 20)
GlobalObjectId_V1-2-3b6551b0f2848c54f911d6f91ca83d54-1238069939-0|True|(132.900024, 0.08, -3.69999981)|(0, 0, 0, 1)|(1, 1, 1)
GlobalObjectId_V1-2-3b6551b0f2848c54f911d6f91ca83d54-1238318224-0|True|(-7.1, 0.1, 0)|(0, 0, 0, 1)|(0.2, 0.2, 20)
GlobalObjectId_V1-2-3b6551b0f2848c54f911d6f91ca83d54-1238673832-0|True|(-7.1, 0.1, 0)|(0, 0, 0, 1)|(0.2, 0.2, 20)
GlobalObjectId_V1-2-3b6551b0f2848c54f911d6f91ca83d54-124803139578400015-1191518710|True|(0, 0, 0)|(0, 0, 0, 1)|(0.28, 0.28, 0.28)
GlobalObjectId_V1-2-3b6551b0f2848c54f911d6f91ca83d54-124803139578400015-1212367565|True|(0, 0, 0)|(0, 0, 0, 1)|(0.28, 0.28, 0.28)
GlobalObjectId_V1-2-3b6551b0f2848c54f911d6f91ca83d54-124803139578400015-143777058|True|(0, 0, 0)|(0, 0, 0, 1)|(0.28, 0.28, 0.28)
GlobalObjectId_V1-2-3b6551b0f2848c54f911d6f91ca83d54-124803139578400015-1542002196|True|(0, 0, 0)|(0, 0, 0, 1)|(0.28, 0.28, 0.28)
GlobalObjectId_V1-2-3b6551b0f2848c54f911d6f91ca83d54-124803139578400015-2024003042|True|(0, 0, 0)|(0, 0, 0, 1)|(0.28, 0.28, 0.28)
GlobalObjectId_V1-2-3b6551b0f2848c54f911d6f91ca83d54-124803139578400015-306864247|True|(0, 0, 0)|(0, 0, 0, 1)|(0.28, 0.28, 0.28)
GlobalObjectId_V1-2-3b6551b0f2848c54f911d6f91ca83d54-124803139578400015-309737671|True|(0, 0, 0)|(0, 0, 0, 1)|(0.28, 0.28, 0.28)
GlobalObjectId_V1-2-3b6551b0f2848c54f911d6f91ca83d54-124803139578400015-312149901|True|(0, 0, 0)|(0, 0, 0, 1)|(0.28, 0.28, 0.28)
GlobalObjectId_V1-2-3b6551b0f2848c54f911d6f91ca83d54-124803139578400015-857919492|True|(0, 0, 0)|(0, 0, 0, 1)|(0.28, 0.28, 0.28)
GlobalObjectId_V1-2-3b6551b0f2848c54f911d6f91ca83d54-124803139578400015-986728857|True|(0, 0, 0)|(0, 0, 0, 1)|(0.28, 0.28, 0.28)
GlobalObjectId_V1-2-3b6551b0f2848c54f911d6f91ca83d54-1248993649-0|True|(7.1, 0.1, 0)|(0, 0, 0, 1)|(0.2, 0.2, 20)
GlobalObjectId_V1-2-3b6551b0f2848c54f911d6f91ca83d54-1253575981-0|True|(7.1, 0.1, 0)|(0, 0, 0, 1)|(0.2, 0.2, 20)
GlobalObjectId_V1-2-3b6551b0f2848c54f911d6f91ca83d54-1256380250-0|True|(-7.1, 0.1, 0)|(0, 0, 0, 1)|(0.2, 0.2, 20)
GlobalObjectId_V1-2-3b6551b0f2848c54f911d6f91ca83d54-1256685812-0|True|(7.1, 0.1, 0)|(0, 0, 0, 1)|(0.2, 0.2, 20)
GlobalObjectId_V1-2-3b6551b0f2848c54f911d6f91ca83d54-1273763440042286128-1229718731|True|(0, 0, 0)|(-0.7071068, 0, 0, 0.7071067)|(100, 100, 100)
GlobalObjectId_V1-2-3b6551b0f2848c54f911d6f91ca83d54-1273763440042286128-1268510627|True|(0, 0, 0)|(-0.7071068, 0, 0, 0.7071067)|(100, 100, 100)
GlobalObjectId_V1-2-3b6551b0f2848c54f911d6f91ca83d54-1273763440042286128-1298481983|True|(0, 0, 0)|(-0.7071068, 0, 0, 0.7071067)|(100, 100, 100)
GlobalObjectId_V1-2-3b6551b0f2848c54f911d6f91ca83d54-1273763440042286128-1473460188|True|(0, 0, 0)|(-0.7071068, 0, 0, 0.7071067)|(100, 100, 100)
GlobalObjectId_V1-2-3b6551b0f2848c54f911d6f91ca83d54-1273763440042286128-1740273041|True|(0, 0, 0)|(-0.7071068, 0, 0, 0.7071067)|(100, 100, 100)
GlobalObjectId_V1-2-3b6551b0f2848c54f911d6f91ca83d54-1273763440042286128-352986360|True|(0, 0, 0)|(-0.7071068, 0, 0, 0.7071067)|(100, 100, 100)
GlobalObjectId_V1-2-3b6551b0f2848c54f911d6f91ca83d54-1273763440042286128-375106697|True|(0, 0, 0)|(-0.7071068, 0, 0, 0.7071067)|(100, 100, 100)
GlobalObjectId_V1-2-3b6551b0f2848c54f911d6f91ca83d54-1273763440042286128-466313733|True|(0, 0, 0)|(-0.7071068, 0, 0, 0.7071067)|(100, 100, 100)
GlobalObjectId_V1-2-3b6551b0f2848c54f911d6f91ca83d54-1273763440042286128-769108169|True|(0, 0, 0)|(-0.7071068, 0, 0, 0.7071067)|(100, 100, 100)
GlobalObjectId_V1-2-3b6551b0f2848c54f911d6f91ca83d54-1273763440042286128-814571549|True|(0, 0, 0)|(-0.7071068, 0, 0, 0.7071067)|(100, 100, 100)
GlobalObjectId_V1-2-3b6551b0f2848c54f911d6f91ca83d54-1278544845-0|True|(7.1, 0.1, 0)|(0, 0, 0, 1)|(0.2, 0.2, 20)
GlobalObjectId_V1-2-3b6551b0f2848c54f911d6f91ca83d54-1281133953811806160-1191518710|True|(-7.003109E-10, -0.000599995663, -0.000400000368)|(0, 0, 0, 1)|(0.009999999, 0.0100000007, 0.009999997)
GlobalObjectId_V1-2-3b6551b0f2848c54f911d6f91ca83d54-1281133953811806160-1212367565|True|(-7.003109E-10, -0.000599995663, -0.000400000368)|(0, 0, 0, 1)|(0.009999999, 0.0100000007, 0.009999997)
GlobalObjectId_V1-2-3b6551b0f2848c54f911d6f91ca83d54-1281133953811806160-143777058|True|(-7.003109E-10, -0.000599995663, -0.000400000368)|(0, 0, 0, 1)|(0.009999999, 0.0100000007, 0.009999997)
GlobalObjectId_V1-2-3b6551b0f2848c54f911d6f91ca83d54-1281133953811806160-1542002196|True|(-7.003109E-10, -0.000599995663, -0.000400000368)|(0, 0, 0, 1)|(0.009999999, 0.0100000007, 0.009999997)
GlobalObjectId_V1-2-3b6551b0f2848c54f911d6f91ca83d54-1281133953811806160-2024003042|True|(-7.003109E-10, -0.000599995663, -0.000400000368)|(0, 0, 0, 1)|(0.009999999, 0.0100000007, 0.009999997)
GlobalObjectId_V1-2-3b6551b0f2848c54f911d6f91ca83d54-1281133953811806160-306864247|True|(-7.003109E-10, -0.000599995663, -0.000400000368)|(0, 0, 0, 1)|(0.009999999, 0.0100000007, 0.009999997)
GlobalObjectId_V1-2-3b6551b0f2848c54f911d6f91ca83d54-1281133953811806160-309737671|True|(-7.003109E-10, -0.000599995663, -0.000400000368)|(0, 0, 0, 1)|(0.009999999, 0.0100000007, 0.009999997)
GlobalObjectId_V1-2-3b6551b0f2848c54f911d6f91ca83d54-1281133953811806160-312149901|True|(-7.003109E-10, -0.000599995663, -0.000400000368)|(0, 0, 0, 1)|(0.009999999, 0.0100000007, 0.009999997)
GlobalObjectId_V1-2-3b6551b0f2848c54f911d6f91ca83d54-1281133953811806160-857919492|True|(-7.003109E-10, -0.000599995663, -0.000400000368)|(0, 0, 0, 1)|(0.009999999, 0.0100000007, 0.009999997)
GlobalObjectId_V1-2-3b6551b0f2848c54f911d6f91ca83d54-1281133953811806160-986728857|True|(-7.003109E-10, -0.000599995663, -0.000400000368)|(0, 0, 0, 1)|(0.009999999, 0.0100000007, 0.009999997)
GlobalObjectId_V1-2-3b6551b0f2848c54f911d6f91ca83d54-1282656230758660574-1120997898|True|(0.00256000017, 0.0006400007, 0)|(0.902088046, 0.2971957, 0.2971956, -0.09791189)|(1.00000083, 1.00000036, 1)
GlobalObjectId_V1-2-3b6551b0f2848c54f911d6f91ca83d54-1282656230758660574-1378066733|True|(0.00256000017, 0.0006400007, 0)|(0.902088046, 0.2971957, 0.2971956, -0.09791189)|(1.00000083, 1.00000036, 1)
GlobalObjectId_V1-2-3b6551b0f2848c54f911d6f91ca83d54-1282656230758660574-1387022782|True|(0.00256000017, 0.0006400007, 0)|(0.902088046, 0.2971957, 0.2971956, -0.09791189)|(1.00000083, 1.00000036, 1)
GlobalObjectId_V1-2-3b6551b0f2848c54f911d6f91ca83d54-1282656230758660574-1556813190|True|(0.00256000017, 0.0006400007, 0)|(0.902088046, 0.2971957, 0.2971956, -0.09791189)|(1.00000083, 1.00000036, 1)
GlobalObjectId_V1-2-3b6551b0f2848c54f911d6f91ca83d54-1282656230758660574-161863763|True|(0.00256000017, 0.0006400007, 0)|(0.902088046, 0.2971957, 0.2971956, -0.09791189)|(1.00000083, 1.00000036, 1)
GlobalObjectId_V1-2-3b6551b0f2848c54f911d6f91ca83d54-1282656230758660574-305648292|True|(0.00256000017, 0.0006400007, 0)|(0.902088046, 0.2971957, 0.2971956, -0.09791189)|(1.00000083, 1.00000036, 1)
GlobalObjectId_V1-2-3b6551b0f2848c54f911d6f91ca83d54-1282656230758660574-404936451|True|(0.00256000017, 0.0006400007, 0)|(0.902088046, 0.2971957, 0.2971956, -0.09791189)|(1.00000083, 1.00000036, 1)
GlobalObjectId_V1-2-3b6551b0f2848c54f911d6f91ca83d54-1282656230758660574-501866861|True|(0.00256000017, 0.0006400007, 0)|(0.902088046, 0.2971957, 0.2971956, -0.09791189)|(1.00000083, 1.00000036, 1)
GlobalObjectId_V1-2-3b6551b0f2848c54f911d6f91ca83d54-1282656230758660574-692789032|True|(0.00256000017, 0.0006400007, 0)|(0.902088046, 0.2971957, 0.2971956, -0.09791189)|(1.00000083, 1.00000036, 1)
GlobalObjectId_V1-2-3b6551b0f2848c54f911d6f91ca83d54-1282656230758660574-892891150|True|(0.00256000017, 0.0006400007, 0)|(0.902088046, 0.2971957, 0.2971956, -0.09791189)|(1.00000083, 1.00000036, 1)
GlobalObjectId_V1-2-3b6551b0f2848c54f911d6f91ca83d54-1284693844-0|True|(-7.1, 0.1, 0)|(0, 0, 0, 1)|(0.2, 0.2, 20)
GlobalObjectId_V1-2-3b6551b0f2848c54f911d6f91ca83d54-1298626163010258838-1191518710|True|(0, 0.85, 0)|(0, 1, 0, 0)|(1, 1, 1)
GlobalObjectId_V1-2-3b6551b0f2848c54f911d6f91ca83d54-1298626163010258838-1212367565|True|(0, 0.85, 0)|(0, 1, 0, 0)|(1, 1, 1)
GlobalObjectId_V1-2-3b6551b0f2848c54f911d6f91ca83d54-1298626163010258838-143777058|True|(0, 0.85, 0)|(0, 1, 0, 0)|(1, 1, 1)
GlobalObjectId_V1-2-3b6551b0f2848c54f911d6f91ca83d54-1298626163010258838-1542002196|True|(0, 0.85, 0)|(0, 1, 0, 0)|(1, 1, 1)
GlobalObjectId_V1-2-3b6551b0f2848c54f911d6f91ca83d54-1298626163010258838-2024003042|True|(0, 0.85, 0)|(0, 1, 0, 0)|(1, 1, 1)
GlobalObjectId_V1-2-3b6551b0f2848c54f911d6f91ca83d54-1298626163010258838-306864247|True|(0, 0.85, 0)|(0, 1, 0, 0)|(1, 1, 1)
GlobalObjectId_V1-2-3b6551b0f2848c54f911d6f91ca83d54-1298626163010258838-309737671|True|(0, 0.85, 0)|(0, 1, 0, 0)|(1, 1, 1)
GlobalObjectId_V1-2-3b6551b0f2848c54f911d6f91ca83d54-1298626163010258838-312149901|True|(0, 0.85, 0)|(0, 1, 0, 0)|(1, 1, 1)
GlobalObjectId_V1-2-3b6551b0f2848c54f911d6f91ca83d54-1298626163010258838-857919492|True|(0, 0.85, 0)|(0, 1, 0, 0)|(1, 1, 1)
GlobalObjectId_V1-2-3b6551b0f2848c54f911d6f91ca83d54-1298626163010258838-986728857|True|(0, 0.85, 0)|(0, 1, 0, 0)|(1, 1, 1)
GlobalObjectId_V1-2-3b6551b0f2848c54f911d6f91ca83d54-1305295503-0|True|(7.1, 0.1, 0)|(0, 0, 0, 1)|(0.2, 0.2, 20)
GlobalObjectId_V1-2-3b6551b0f2848c54f911d6f91ca83d54-1323147474-0|True|(7.1, 0.1, 0)|(0, 0, 0, 1)|(0.2, 0.2, 20)
GlobalObjectId_V1-2-3b6551b0f2848c54f911d6f91ca83d54-1349115410-0|True|(0, 0, 0)|(0, 0, 0, 1)|(1, 1, 1)
GlobalObjectId_V1-2-3b6551b0f2848c54f911d6f91ca83d54-1349915012-0|True|(7.1, 0.1, 0)|(0, 0, 0, 1)|(0.2, 0.2, 20)
GlobalObjectId_V1-2-3b6551b0f2848c54f911d6f91ca83d54-1351490179-0|True|(7.1, 0.1, 0)|(0, 0, 0, 1)|(0.2, 0.2, 20)
GlobalObjectId_V1-2-3b6551b0f2848c54f911d6f91ca83d54-1357749470-0|True|(-7.1, 0.1, 0)|(0, 0, 0, 1)|(0.2, 0.2, 20)
GlobalObjectId_V1-2-3b6551b0f2848c54f911d6f91ca83d54-1358634632-0|True|(66.29999, 0.08, -0.6)|(0, 0, 0, 1)|(1, 1, 1)
GlobalObjectId_V1-2-3b6551b0f2848c54f911d6f91ca83d54-1363653849-0|True|(-7.1, 0.1, 0)|(0, 0, 0, 1)|(0.2, 0.2, 20)
GlobalObjectId_V1-2-3b6551b0f2848c54f911d6f91ca83d54-136677558-0|True|(-7.1, 0.1, 0)|(0, 0, 0, 1)|(0.2, 0.2, 20)
GlobalObjectId_V1-2-3b6551b0f2848c54f911d6f91ca83d54-1368695145-0|True|(-3.1, 0.08, -302.1)|(0, 0, 0, 1)|(1, 1, 1)
GlobalObjectId_V1-2-3b6551b0f2848c54f911d6f91ca83d54-138078714-0|True|(7.1, 0.1, 0)|(0, 0, 0, 1)|(0.2, 0.2, 20)
GlobalObjectId_V1-2-3b6551b0f2848c54f911d6f91ca83d54-1388829825-0|True|(7.1, 0.1, 0)|(0, 0, 0, 1)|(0.2, 0.2, 20)
GlobalObjectId_V1-2-3b6551b0f2848c54f911d6f91ca83d54-1391187019-0|True|(3.1, 0.08, -235.5)|(0, 0, 0, 1)|(1, 1, 1)
GlobalObjectId_V1-2-3b6551b0f2848c54f911d6f91ca83d54-1393257980542351292-1191518710|True|(2.98023217E-10, 0.00250256155, 0)|(-0.234658659, 0.144743443, -0.353433073, 0.893907)|(1, 1, 0.99999994)
GlobalObjectId_V1-2-3b6551b0f2848c54f911d6f91ca83d54-1393257980542351292-1212367565|True|(2.98023217E-10, 0.00250256155, 0)|(-0.234658659, 0.144743443, -0.353433073, 0.893907)|(1, 1, 0.99999994)
GlobalObjectId_V1-2-3b6551b0f2848c54f911d6f91ca83d54-1393257980542351292-143777058|True|(2.98023217E-10, 0.00250256155, 0)|(-0.234658659, 0.144743443, -0.353433073, 0.893907)|(1, 1, 0.99999994)
GlobalObjectId_V1-2-3b6551b0f2848c54f911d6f91ca83d54-1393257980542351292-1542002196|True|(2.98023217E-10, 0.00250256155, 0)|(-0.234658659, 0.144743443, -0.353433073, 0.893907)|(1, 1, 0.99999994)
GlobalObjectId_V1-2-3b6551b0f2848c54f911d6f91ca83d54-1393257980542351292-2024003042|True|(2.98023217E-10, 0.00250256155, 0)|(-0.234658659, 0.144743443, -0.353433073, 0.893907)|(1, 1, 0.99999994)
GlobalObjectId_V1-2-3b6551b0f2848c54f911d6f91ca83d54-1393257980542351292-306864247|True|(2.98023217E-10, 0.00250256155, 0)|(-0.234658659, 0.144743443, -0.353433073, 0.893907)|(1, 1, 0.99999994)
GlobalObjectId_V1-2-3b6551b0f2848c54f911d6f91ca83d54-1393257980542351292-309737671|True|(2.98023217E-10, 0.00250256155, 0)|(-0.234658659, 0.144743443, -0.353433073, 0.893907)|(1, 1, 0.99999994)
GlobalObjectId_V1-2-3b6551b0f2848c54f911d6f91ca83d54-1393257980542351292-312149901|True|(2.98023217E-10, 0.00250256155, 0)|(-0.234658659, 0.144743443, -0.353433073, 0.893907)|(1, 1, 0.99999994)
GlobalObjectId_V1-2-3b6551b0f2848c54f911d6f91ca83d54-1393257980542351292-857919492|True|(2.98023217E-10, 0.00250256155, 0)|(-0.234658659, 0.144743443, -0.353433073, 0.893907)|(1, 1, 0.99999994)
GlobalObjectId_V1-2-3b6551b0f2848c54f911d6f91ca83d54-1393257980542351292-986728857|True|(2.98023217E-10, 0.00250256155, 0)|(-0.234658659, 0.144743443, -0.353433073, 0.893907)|(1, 1, 0.99999994)
GlobalObjectId_V1-2-3b6551b0f2848c54f911d6f91ca83d54-1396904310-0|True|(7.1, 0.1, 0)|(0, 0, 0, 1)|(0.2, 0.2, 20)
GlobalObjectId_V1-2-3b6551b0f2848c54f911d6f91ca83d54-1399827651490703355-100269653|True|(0, 0, 0)|(0, 0.7071068, 0, 0.7071068)|(1, 1, 1)
GlobalObjectId_V1-2-3b6551b0f2848c54f911d6f91ca83d54-1399827651490703355-1079601489|True|(0, 0, 0)|(0, 0.7071068, 0, 0.7071068)|(1, 1, 1)
GlobalObjectId_V1-2-3b6551b0f2848c54f911d6f91ca83d54-1399827651490703355-1103207620|True|(0, 0, 0)|(0, 0.7071068, 0, 0.7071068)|(1, 1, 1)
GlobalObjectId_V1-2-3b6551b0f2848c54f911d6f91ca83d54-1399827651490703355-1669086103|True|(0, 0, 0)|(0, 0.7071068, 0, 0.7071068)|(1, 1, 1)
GlobalObjectId_V1-2-3b6551b0f2848c54f911d6f91ca83d54-1399827651490703355-226928331|True|(0, 0, 0)|(0, 0.7071068, 0, 0.7071068)|(1, 1, 1)
GlobalObjectId_V1-2-3b6551b0f2848c54f911d6f91ca83d54-1399827651490703355-258455658|True|(0, 0, 0)|(0, 0.7071068, 0, 0.7071068)|(1, 1, 1)
GlobalObjectId_V1-2-3b6551b0f2848c54f911d6f91ca83d54-1399827651490703355-697005088|True|(0, 0, 0)|(0, 0.7071068, 0, 0.7071068)|(1, 1, 1)
GlobalObjectId_V1-2-3b6551b0f2848c54f911d6f91ca83d54-1399827651490703355-748434077|True|(0, 0, 0)|(0, 0.7071068, 0, 0.7071068)|(1, 1, 1)
GlobalObjectId_V1-2-3b6551b0f2848c54f911d6f91ca83d54-1399827651490703355-885528315|True|(0, 0, 0)|(0, 0.7071068, 0, 0.7071068)|(1, 1, 1)
GlobalObjectId_V1-2-3b6551b0f2848c54f911d6f91ca83d54-1399827651490703355-992990990|True|(0, 0, 0)|(0, 0.7071068, 0, 0.7071068)|(1, 1, 1)
GlobalObjectId_V1-2-3b6551b0f2848c54f911d6f91ca83d54-1415868834-0|True|(7.1, 0.1, 0)|(0, 0, 0, 1)|(0.2, 0.2, 20)
GlobalObjectId_V1-2-3b6551b0f2848c54f911d6f91ca83d54-1420231200-0|True|(-7.1, 0.1, 0)|(0, 0, 0, 1)|(0.2, 0.2, 20)
GlobalObjectId_V1-2-3b6551b0f2848c54f911d6f91ca83d54-1422009922-0|True|(7.1, 0.1, 0)|(0, 0, 0, 1)|(0.2, 0.2, 20)
GlobalObjectId_V1-2-3b6551b0f2848c54f911d6f91ca83d54-1428029777-0|True|(-7.1, 0.1, 0)|(0, 0, 0, 1)|(0.2, 0.2, 20)
GlobalObjectId_V1-2-3b6551b0f2848c54f911d6f91ca83d54-143910238-0|True|(0, 0.08, -102.299988)|(0, 0, 0, 1)|(1, 1, 1)
GlobalObjectId_V1-2-3b6551b0f2848c54f911d6f91ca83d54-1448218753-0|True|(119.699951, 0.08, 780)|(0, 0.7071068, 0, 0.7071068)|(1, 1, 1)
GlobalObjectId_V1-2-3b6551b0f2848c54f911d6f91ca83d54-1465374870-0|True|(7.1, 0.1, 0)|(0, 0, 0, 1)|(0.2, 0.2, 20)
GlobalObjectId_V1-2-3b6551b0f2848c54f911d6f91ca83d54-1474152391-0|True|(7.1, 0.1, 0)|(0, 0, 0, 1)|(0.2, 0.2, 20)
GlobalObjectId_V1-2-3b6551b0f2848c54f911d6f91ca83d54-1483225100-0|True|(7.1, 0.1, 0)|(0, 0, 0, 1)|(0.2, 0.2, 20)
GlobalObjectId_V1-2-3b6551b0f2848c54f911d6f91ca83d54-1497526707-0|True|(-7.1, 0.1, 0)|(0, 0, 0, 1)|(0.2, 0.2, 20)
GlobalObjectId_V1-2-3b6551b0f2848c54f911d6f91ca83d54-1499471252-0|True|(7.1, 0.1, 0)|(0, 0, 0, 1)|(0.2, 0.2, 20)
GlobalObjectId_V1-2-3b6551b0f2848c54f911d6f91ca83d54-1504718050-0|True|(7.1, 0.1, 0)|(0, 0, 0, 1)|(0.2, 0.2, 20)
GlobalObjectId_V1-2-3b6551b0f2848c54f911d6f91ca83d54-151529516-0|True|(7.1, 0.1, 0)|(0, 0, 0, 1)|(0.2, 0.2, 20)
GlobalObjectId_V1-2-3b6551b0f2848c54f911d6f91ca83d54-1515706306-0|True|(7.1, 0.1, 0)|(0, 0, 0, 1)|(0.2, 0.2, 20)
GlobalObjectId_V1-2-3b6551b0f2848c54f911d6f91ca83d54-1515924794-0|True|(-13.5, 0.08, 776.9)|(0, 0.7071068, 0, 0.7071068)|(1, 1, 1)
GlobalObjectId_V1-2-3b6551b0f2848c54f911d6f91ca83d54-1520998079-0|True|(-7.1, 0.1, 0)|(0, 0, 0, 1)|(0.2, 0.2, 20)
GlobalObjectId_V1-2-3b6551b0f2848c54f911d6f91ca83d54-1524967375-0|True|(7.1, 0.1, 0)|(0, 0, 0, 1)|(0.2, 0.2, 20)
GlobalObjectId_V1-2-3b6551b0f2848c54f911d6f91ca83d54-1527011115021453235-1049486283|True|(0.07, 0.36, -2.12)|(0.6508453, 0, 0, 0.7592104)|(1, 1, 1)
GlobalObjectId_V1-2-3b6551b0f2848c54f911d6f91ca83d54-1527011115021453235-126319019|True|(0.07, 0.36, -2.12)|(0.6508453, 0, 0, 0.7592104)|(1, 1, 1)
GlobalObjectId_V1-2-3b6551b0f2848c54f911d6f91ca83d54-1527011115021453235-1481706251|True|(0.07, 0.36, -2.12)|(0.6508453, 0, 0, 0.7592104)|(1, 1, 1)
GlobalObjectId_V1-2-3b6551b0f2848c54f911d6f91ca83d54-1527011115021453235-1592385703|True|(0.07, 0.36, -2.12)|(0.6508453, 0, 0, 0.7592104)|(1, 1, 1)
GlobalObjectId_V1-2-3b6551b0f2848c54f911d6f91ca83d54-1527011115021453235-1661574985|True|(0.07, 0.36, -2.12)|(0.6508453, 0, 0, 0.7592104)|(1, 1, 1)
GlobalObjectId_V1-2-3b6551b0f2848c54f911d6f91ca83d54-1527011115021453235-1902647294|True|(0.07, 0.36, -2.12)|(0.6508453, 0, 0, 0.7592104)|(1, 1, 1)
GlobalObjectId_V1-2-3b6551b0f2848c54f911d6f91ca83d54-1527011115021453235-239339974|True|(0.07, 0.36, -2.12)|(0.6508453, 0, 0, 0.7592104)|(1, 1, 1)
GlobalObjectId_V1-2-3b6551b0f2848c54f911d6f91ca83d54-1527011115021453235-350417267|True|(0.07, 0.36, -2.12)|(0.6508453, 0, 0, 0.7592104)|(1, 1, 1)
GlobalObjectId_V1-2-3b6551b0f2848c54f911d6f91ca83d54-1527011115021453235-575299033|True|(0.07, 0.36, -2.12)|(0.6508453, 0, 0, 0.7592104)|(1, 1, 1)
GlobalObjectId_V1-2-3b6551b0f2848c54f911d6f91ca83d54-1527011115021453235-834271436|True|(0.07, 0.36, -2.12)|(0.6508453, 0, 0, 0.7592104)|(1, 1, 1)
GlobalObjectId_V1-2-3b6551b0f2848c54f911d6f91ca83d54-1546061711-0|True|(-7.1, 0.1, 0)|(0, 0, 0, 1)|(0.2, 0.2, 20)
GlobalObjectId_V1-2-3b6551b0f2848c54f911d6f91ca83d54-1552164928-0|True|(-7.1, 0.1, 0)|(0, 0, 0, 1)|(0.2, 0.2, 20)
GlobalObjectId_V1-2-3b6551b0f2848c54f911d6f91ca83d54-1560348956289356991-1120997898|True|(1.11758706E-10, 0.00213466655, 9.31322554E-12)|(-0.0128043983, 0.112429693, -0.112429693, 0.9871956)|(1, 0.99999994, 0.99999994)
GlobalObjectId_V1-2-3b6551b0f2848c54f911d6f91ca83d54-1560348956289356991-1378066733|True|(1.11758706E-10, 0.00213466655, 9.31322554E-12)|(-0.0128043983, 0.112429693, -0.112429693, 0.9871956)|(1, 0.99999994, 0.99999994)
GlobalObjectId_V1-2-3b6551b0f2848c54f911d6f91ca83d54-1560348956289356991-1387022782|True|(1.11758706E-10, 0.00213466655, 9.31322554E-12)|(-0.0128043983, 0.112429693, -0.112429693, 0.9871956)|(1, 0.99999994, 0.99999994)
GlobalObjectId_V1-2-3b6551b0f2848c54f911d6f91ca83d54-1560348956289356991-1556813190|True|(1.11758706E-10, 0.00213466655, 9.31322554E-12)|(-0.0128043983, 0.112429693, -0.112429693, 0.9871956)|(1, 0.99999994, 0.99999994)
GlobalObjectId_V1-2-3b6551b0f2848c54f911d6f91ca83d54-1560348956289356991-161863763|True|(1.11758706E-10, 0.00213466655, 9.31322554E-12)|(-0.0128043983, 0.112429693, -0.112429693, 0.9871956)|(1, 0.99999994, 0.99999994)
GlobalObjectId_V1-2-3b6551b0f2848c54f911d6f91ca83d54-1560348956289356991-305648292|True|(1.11758706E-10, 0.00213466655, 9.31322554E-12)|(-0.0128043983, 0.112429693, -0.112429693, 0.9871956)|(1, 0.99999994, 0.99999994)
GlobalObjectId_V1-2-3b6551b0f2848c54f911d6f91ca83d54-1560348956289356991-404936451|True|(1.11758706E-10, 0.00213466655, 9.31322554E-12)|(-0.0128043983, 0.112429693, -0.112429693, 0.9871956)|(1, 0.99999994, 0.99999994)
GlobalObjectId_V1-2-3b6551b0f2848c54f911d6f91ca83d54-1560348956289356991-501866861|True|(1.11758706E-10, 0.00213466655, 9.31322554E-12)|(-0.0128043983, 0.112429693, -0.112429693, 0.9871956)|(1, 0.99999994, 0.99999994)
GlobalObjectId_V1-2-3b6551b0f2848c54f911d6f91ca83d54-1560348956289356991-692789032|True|(1.11758706E-10, 0.00213466655, 9.31322554E-12)|(-0.0128043983, 0.112429693, -0.112429693, 0.9871956)|(1, 0.99999994, 0.99999994)
GlobalObjectId_V1-2-3b6551b0f2848c54f911d6f91ca83d54-1560348956289356991-892891150|True|(1.11758706E-10, 0.00213466655, 9.31322554E-12)|(-0.0128043983, 0.112429693, -0.112429693, 0.9871956)|(1, 0.99999994, 0.99999994)
GlobalObjectId_V1-2-3b6551b0f2848c54f911d6f91ca83d54-1565615765-0|True|(3.1, 0.08, -368.7)|(0, 0, 0, 1)|(1, 1, 1)
GlobalObjectId_V1-2-3b6551b0f2848c54f911d6f91ca83d54-1578206492-0|True|(167.5, 0.08, 3.10000372)|(0, 0.7071068, 0, 0.7071068)|(1, 1, 1)
GlobalObjectId_V1-2-3b6551b0f2848c54f911d6f91ca83d54-1579762996927684055-1191518710|True|(0, 0.001225, 0)|(0, 0, 0, 1)|(1, 1, 1)
GlobalObjectId_V1-2-3b6551b0f2848c54f911d6f91ca83d54-1579762996927684055-1212367565|True|(0, 0.001225, 0)|(0, 0, 0, 1)|(1, 1, 1)
GlobalObjectId_V1-2-3b6551b0f2848c54f911d6f91ca83d54-1579762996927684055-143777058|True|(0, 0.001225, 0)|(0, 0, 0, 1)|(1, 1, 1)
GlobalObjectId_V1-2-3b6551b0f2848c54f911d6f91ca83d54-1579762996927684055-1542002196|True|(0, 0.001225, 0)|(0, 0, 0, 1)|(1, 1, 1)
GlobalObjectId_V1-2-3b6551b0f2848c54f911d6f91ca83d54-1579762996927684055-2024003042|True|(0, 0.001225, 0)|(0, 0, 0, 1)|(1, 1, 1)
GlobalObjectId_V1-2-3b6551b0f2848c54f911d6f91ca83d54-1579762996927684055-306864247|True|(0, 0.001225, 0)|(0, 0, 0, 1)|(1, 1, 1)
GlobalObjectId_V1-2-3b6551b0f2848c54f911d6f91ca83d54-1579762996927684055-309737671|True|(0, 0.001225, 0)|(0, 0, 0, 1)|(1, 1, 1)
GlobalObjectId_V1-2-3b6551b0f2848c54f911d6f91ca83d54-1579762996927684055-312149901|True|(0, 0.001225, 0)|(0, 0, 0, 1)|(1, 1, 1)
GlobalObjectId_V1-2-3b6551b0f2848c54f911d6f91ca83d54-1579762996927684055-857919492|True|(0, 0.001225, 0)|(0, 0, 0, 1)|(1, 1, 1)
GlobalObjectId_V1-2-3b6551b0f2848c54f911d6f91ca83d54-1579762996927684055-986728857|True|(0, 0.001225, 0)|(0, 0, 0, 1)|(1, 1, 1)
GlobalObjectId_V1-2-3b6551b0f2848c54f911d6f91ca83d54-1583799890-0|True|(-100, 0.08, 463.5)|(0, 0, 0, 1)|(1, 1, 1)
GlobalObjectId_V1-2-3b6551b0f2848c54f911d6f91ca83d54-1584464621945552532-1229718731|True|(5.96046434E-10, 0.00228805584, 1.49011609E-10)|(0.1331578, -0.00648397533, -0.0903580338, 0.986946)|(0.99999994, 1, 1.00000012)
GlobalObjectId_V1-2-3b6551b0f2848c54f911d6f91ca83d54-1584464621945552532-1268510627|True|(5.96046434E-10, 0.00228805584, 1.49011609E-10)|(0.1331578, -0.00648397533, -0.0903580338, 0.986946)|(0.99999994, 1, 1.00000012)
GlobalObjectId_V1-2-3b6551b0f2848c54f911d6f91ca83d54-1584464621945552532-1298481983|True|(5.96046434E-10, 0.00228805584, 1.49011609E-10)|(0.1331578, -0.00648397533, -0.0903580338, 0.986946)|(0.99999994, 1, 1.00000012)
GlobalObjectId_V1-2-3b6551b0f2848c54f911d6f91ca83d54-1584464621945552532-1473460188|True|(5.96046434E-10, 0.00228805584, 1.49011609E-10)|(0.1331578, -0.00648397533, -0.0903580338, 0.986946)|(0.99999994, 1, 1.00000012)
GlobalObjectId_V1-2-3b6551b0f2848c54f911d6f91ca83d54-1584464621945552532-1740273041|True|(5.96046434E-10, 0.00228805584, 1.49011609E-10)|(0.1331578, -0.00648397533, -0.0903580338, 0.986946)|(0.99999994, 1, 1.00000012)
GlobalObjectId_V1-2-3b6551b0f2848c54f911d6f91ca83d54-1584464621945552532-352986360|True|(5.96046434E-10, 0.00228805584, 1.49011609E-10)|(0.1331578, -0.00648397533, -0.0903580338, 0.986946)|(0.99999994, 1, 1.00000012)
GlobalObjectId_V1-2-3b6551b0f2848c54f911d6f91ca83d54-1584464621945552532-375106697|True|(5.96046434E-10, 0.00228805584, 1.49011609E-10)|(0.1331578, -0.00648397533, -0.0903580338, 0.986946)|(0.99999994, 1, 1.00000012)
GlobalObjectId_V1-2-3b6551b0f2848c54f911d6f91ca83d54-1584464621945552532-466313733|True|(5.96046434E-10, 0.00228805584, 1.49011609E-10)|(0.1331578, -0.00648397533, -0.0903580338, 0.986946)|(0.99999994, 1, 1.00000012)
GlobalObjectId_V1-2-3b6551b0f2848c54f911d6f91ca83d54-1584464621945552532-769108169|True|(5.96046434E-10, 0.00228805584, 1.49011609E-10)|(0.1331578, -0.00648397533, -0.0903580338, 0.986946)|(0.99999994, 1, 1.00000012)
GlobalObjectId_V1-2-3b6551b0f2848c54f911d6f91ca83d54-1584464621945552532-814571549|True|(5.96046434E-10, 0.00228805584, 1.49011609E-10)|(0.1331578, -0.00648397533, -0.0903580338, 0.986946)|(0.99999994, 1, 1.00000012)
GlobalObjectId_V1-2-3b6551b0f2848c54f911d6f91ca83d54-1589964556-0|True|(119.699951, 0.08, 776.9)|(0, 0.7071068, 0, 0.7071068)|(1, 1, 1)
GlobalObjectId_V1-2-3b6551b0f2848c54f911d6f91ca83d54-160710761624249385-1191602872|True|(0, 0.0012800002, 0)|(0, 0, 0, 1)|(1, 1, 1)
GlobalObjectId_V1-2-3b6551b0f2848c54f911d6f91ca83d54-160710761624249385-1250511116|True|(0, 0.0012800002, 0)|(0, 0, 0, 1)|(1, 1, 1)
GlobalObjectId_V1-2-3b6551b0f2848c54f911d6f91ca83d54-160710761624249385-127729888|True|(0, 0.0012800002, 0)|(0, 0, 0, 1)|(1, 1, 1)
GlobalObjectId_V1-2-3b6551b0f2848c54f911d6f91ca83d54-160710761624249385-1897079065|True|(0, 0.0012800002, 0)|(0, 0, 0, 1)|(1, 1, 1)
GlobalObjectId_V1-2-3b6551b0f2848c54f911d6f91ca83d54-160710761624249385-2070896708|True|(0, 0.0012800002, 0)|(0, 0, 0, 1)|(1, 1, 1)
GlobalObjectId_V1-2-3b6551b0f2848c54f911d6f91ca83d54-160710761624249385-383792707|True|(0, 0.0012800002, 0)|(0, 0, 0, 1)|(1, 1, 1)
GlobalObjectId_V1-2-3b6551b0f2848c54f911d6f91ca83d54-160710761624249385-393103402|True|(0, 0.0012800002, 0)|(0, 0, 0, 1)|(1, 1, 1)
GlobalObjectId_V1-2-3b6551b0f2848c54f911d6f91ca83d54-160710761624249385-566916451|True|(0, 0.0012800002, 0)|(0, 0, 0, 1)|(1, 1, 1)
GlobalObjectId_V1-2-3b6551b0f2848c54f911d6f91ca83d54-160710761624249385-965188316|True|(0, 0.0012800002, 0)|(0, 0, 0, 1)|(1, 1, 1)
GlobalObjectId_V1-2-3b6551b0f2848c54f911d6f91ca83d54-160710761624249385-969570616|True|(0, 0.0012800002, 0)|(0, 0, 0, 1)|(1, 1, 1)
GlobalObjectId_V1-2-3b6551b0f2848c54f911d6f91ca83d54-1628203786-0|True|(0, 0, 0)|(0, 0, 0, 1)|(1, 1, 1)
GlobalObjectId_V1-2-3b6551b0f2848c54f911d6f91ca83d54-1630936198-0|True|(-7.1, 0.1, 0)|(0, 0, 0, 1)|(0.2, 0.2, 20)
GlobalObjectId_V1-2-3b6551b0f2848c54f911d6f91ca83d54-1637180627-0|True|(-48.0999756, 0.08, 779.4)|(0, 0, 0, 1)|(1, 1, 1)
GlobalObjectId_V1-2-3b6551b0f2848c54f911d6f91ca83d54-1637789670-0|True|(-7.1, 0.1, 0)|(0, 0, 0, 1)|(0.2, 0.2, 20)
GlobalObjectId_V1-2-3b6551b0f2848c54f911d6f91ca83d54-1647225674-0|True|(-7.1, 0.1, 0)|(0, 0, 0, 1)|(0.2, 0.2, 20)
GlobalObjectId_V1-2-3b6551b0f2848c54f911d6f91ca83d54-1652473754-0|True|(7.1, 0.1, 0)|(0, 0, 0, 1)|(0.2, 0.2, 20)
GlobalObjectId_V1-2-3b6551b0f2848c54f911d6f91ca83d54-1668538898-0|True|(-7.1, 0.1, 0)|(0, 0, 0, 1)|(0.2, 0.2, 20)
GlobalObjectId_V1-2-3b6551b0f2848c54f911d6f91ca83d54-167865021-0|True|(66.29999, 0.08, 2.5)|(0, 0, 0, 1)|(1, 1, 1)
GlobalObjectId_V1-2-3b6551b0f2848c54f911d6f91ca83d54-1682679192-0|True|(7.1, 0.1, 0)|(0, 0, 0, 1)|(0.2, 0.2, 20)
GlobalObjectId_V1-2-3b6551b0f2848c54f911d6f91ca83d54-1682888561-0|True|(-7.1, 0.1, 0)|(0, 0, 0, 1)|(0.2, 0.2, 20)
GlobalObjectId_V1-2-3b6551b0f2848c54f911d6f91ca83d54-1684490278752909040-1191518710|True|(3.1, 0.08, -70.29999)|(0, 0, 0, 1)|(1, 1, 1)
GlobalObjectId_V1-2-3b6551b0f2848c54f911d6f91ca83d54-1684490278752909040-1212367565|True|(-103.1, 0.08, 628.699951)|(0, 0, 0, 1)|(1, 1, 1)
GlobalObjectId_V1-2-3b6551b0f2848c54f911d6f91ca83d54-1684490278752909040-143777058|True|(151.699951, 0.08, 780)|(0, 0.7071068, 0, 0.7071068)|(1, 1, 1)
GlobalObjectId_V1-2-3b6551b0f2848c54f911d6f91ca83d54-1684490278752909040-1542002196|True|(151.699951, 0.08, 776.9)|(0, 0.7071068, 0, 0.7071068)|(1, 1, 1)
GlobalObjectId_V1-2-3b6551b0f2848c54f911d6f91ca83d54-1684490278752909040-2024003042|True|(240, 0.08, 162.700012)|(0, 0, 0, 1)|(1, 1, 1)
GlobalObjectId_V1-2-3b6551b0f2848c54f911d6f91ca83d54-1684490278752909040-306864247|True|(236.9, 0.08, 162.700012)|(0, 0, 0, 1)|(1, 1, 1)
GlobalObjectId_V1-2-3b6551b0f2848c54f911d6f91ca83d54-1684490278752909040-309737671|True|(114.300049, 0.08, 443.1)|(0, -0.7071068, 0, 0.7071068)|(1, 1, 1)
GlobalObjectId_V1-2-3b6551b0f2848c54f911d6f91ca83d54-1684490278752909040-312149901|True|(114.300049, 0.08, 440)|(0, -0.7071068, 0, 0.7071068)|(1, 1, 1)
GlobalObjectId_V1-2-3b6551b0f2848c54f911d6f91ca83d54-1684490278752909040-857919492|True|(0, 0.08, -70.29999)|(0, 0, 0, 1)|(1, 1, 1)
GlobalObjectId_V1-2-3b6551b0f2848c54f911d6f91ca83d54-1684490278752909040-986728857|True|(-100, 0.08, 628.699951)|(0, 0, 0, 1)|(1, 1, 1)
GlobalObjectId_V1-2-3b6551b0f2848c54f911d6f91ca83d54-168831969-0|True|(7.1, 0.1, 0)|(0, 0, 0, 1)|(0.2, 0.2, 20)
GlobalObjectId_V1-2-3b6551b0f2848c54f911d6f91ca83d54-1688325486326600171-1229718731|True|(-0.100672022, 0.947558641, -0.954)|(0, 0, 0, 1)|(1.00312221, 1.24048829, 1.00738955)
GlobalObjectId_V1-2-3b6551b0f2848c54f911d6f91ca83d54-1688325486326600171-1268510627|True|(-0.100672022, 0.947558641, -0.954)|(0, 0, 0, 1)|(1.00312221, 1.24048829, 1.00738955)
GlobalObjectId_V1-2-3b6551b0f2848c54f911d6f91ca83d54-1688325486326600171-1298481983|True|(-0.100672022, 0.947558641, -0.954)|(0, 0, 0, 1)|(1.00312221, 1.24048829, 1.00738955)
GlobalObjectId_V1-2-3b6551b0f2848c54f911d6f91ca83d54-1688325486326600171-1473460188|True|(-0.100672022, 0.947558641, -0.954)|(0, 0, 0, 1)|(1.00312221, 1.24048829, 1.00738955)
GlobalObjectId_V1-2-3b6551b0f2848c54f911d6f91ca83d54-1688325486326600171-1740273041|True|(-0.100672022, 0.947558641, -0.954)|(0, 0, 0, 1)|(1.00312221, 1.24048829, 1.00738955)
GlobalObjectId_V1-2-3b6551b0f2848c54f911d6f91ca83d54-1688325486326600171-352986360|True|(-0.100672022, 0.947558641, -0.954)|(0, 0, 0, 1)|(1.00312221, 1.24048829, 1.00738955)
GlobalObjectId_V1-2-3b6551b0f2848c54f911d6f91ca83d54-1688325486326600171-375106697|True|(-0.100672022, 0.947558641, -0.954)|(0, 0, 0, 1)|(1.00312221, 1.24048829, 1.00738955)
GlobalObjectId_V1-2-3b6551b0f2848c54f911d6f91ca83d54-1688325486326600171-466313733|True|(-0.100672022, 0.947558641, -0.954)|(0, 0, 0, 1)|(1.00312221, 1.24048829, 1.00738955)
GlobalObjectId_V1-2-3b6551b0f2848c54f911d6f91ca83d54-1688325486326600171-769108169|True|(-0.100672022, 0.947558641, -0.954)|(0, 0, 0, 1)|(1.00312221, 1.24048829, 1.00738955)
GlobalObjectId_V1-2-3b6551b0f2848c54f911d6f91ca83d54-1688325486326600171-814571549|True|(-0.100672022, 0.947558641, -0.954)|(0, 0, 0, 1)|(1.00312221, 1.24048829, 1.00738955)
GlobalObjectId_V1-2-3b6551b0f2848c54f911d6f91ca83d54-169220386-0|True|(-7.1, 0.1, 0)|(0, 0, 0, 1)|(0.2, 0.2, 20)
GlobalObjectId_V1-2-3b6551b0f2848c54f911d6f91ca83d54-1697747052-0|True|(-7.1, 0.1, 0)|(0, 0, 0, 1)|(0.2, 0.2, 20)
GlobalObjectId_V1-2-3b6551b0f2848c54f911d6f91ca83d54-1706763483-0|True|(-7.1, 0.1, 0)|(0, 0, 0, 1)|(0.2, 0.2, 20)
GlobalObjectId_V1-2-3b6551b0f2848c54f911d6f91ca83d54-1712838350-0|True|(240, 0, 240)|(0, 0, 0, 1)|(0.6, 1, 0.6)
GlobalObjectId_V1-2-3b6551b0f2848c54f911d6f91ca83d54-1714974517-0|True|(7.1, 0.1, 0)|(0, 0, 0, 1)|(0.2, 0.2, 20)
GlobalObjectId_V1-2-3b6551b0f2848c54f911d6f91ca83d54-1717007099-0|True|(-7.1, 0.1, 0)|(0, 0, 0, 1)|(0.2, 0.2, 20)
GlobalObjectId_V1-2-3b6551b0f2848c54f911d6f91ca83d54-1724953033-0|True|(7.1, 0.1, 0)|(0, 0, 0, 1)|(0.2, 0.2, 20)
GlobalObjectId_V1-2-3b6551b0f2848c54f911d6f91ca83d54-172887456-0|True|(7.1, 0.1, 0)|(0, 0, 0, 1)|(0.2, 0.2, 20)
GlobalObjectId_V1-2-3b6551b0f2848c54f911d6f91ca83d54-173048669-0|True|(7.1, 0.1, 0)|(0, 0, 0, 1)|(0.2, 0.2, 20)
GlobalObjectId_V1-2-3b6551b0f2848c54f911d6f91ca83d54-173164066-0|True|(-7.1, 0.1, 0)|(0, 0, 0, 1)|(0.2, 0.2, 20)
GlobalObjectId_V1-2-3b6551b0f2848c54f911d6f91ca83d54-1733162500-0|True|(-7.1, 0.1, 0)|(0, 0, 0, 1)|(0.2, 0.2, 20)
GlobalObjectId_V1-2-3b6551b0f2848c54f911d6f91ca83d54-174911500-0|True|(47.69995, 0.08, 437.5)|(0, 0, 0, 1)|(1, 1, 1)
GlobalObjectId_V1-2-3b6551b0f2848c54f911d6f91ca83d54-1750204688-0|True|(-7.1, 0.1, 0)|(0, 0, 0, 1)|(0.2, 0.2, 20)
GlobalObjectId_V1-2-3b6551b0f2848c54f911d6f91ca83d54-1758793036-0|True|(7.1, 0.1, 0)|(0, 0, 0, 1)|(0.2, 0.2, 20)
GlobalObjectId_V1-2-3b6551b0f2848c54f911d6f91ca83d54-1760775374-0|True|(-7.1, 0.1, 0)|(0, 0, 0, 1)|(0.2, 0.2, 20)
GlobalObjectId_V1-2-3b6551b0f2848c54f911d6f91ca83d54-1763667498-0|True|(-7.1, 0.1, 0)|(0, 0, 0, 1)|(0.2, 0.2, 20)
GlobalObjectId_V1-2-3b6551b0f2848c54f911d6f91ca83d54-1767154743-0|True|(-7.1, 0.1, 0)|(0, 0, 0, 1)|(0.2, 0.2, 20)
GlobalObjectId_V1-2-3b6551b0f2848c54f911d6f91ca83d54-177154063-0|True|(7.1, 0.1, 0)|(0, 0, 0, 1)|(0.2, 0.2, 20)
GlobalObjectId_V1-2-3b6551b0f2848c54f911d6f91ca83d54-1777414166-0|True|(-7.1, 0.1, 0)|(0, 0, 0, 1)|(0.2, 0.2, 20)
GlobalObjectId_V1-2-3b6551b0f2848c54f911d6f91ca83d54-1783586511-0|True|(7.1, 0.1, 0)|(0, 0, 0, 1)|(0.2, 0.2, 20)
GlobalObjectId_V1-2-3b6551b0f2848c54f911d6f91ca83d54-1797280027-0|True|(7.1, 0.1, 0)|(0, 0, 0, 1)|(0.2, 0.2, 20)
GlobalObjectId_V1-2-3b6551b0f2848c54f911d6f91ca83d54-1800705268-0|True|(-7.1, 0.1, 0)|(0, 0, 0, 1)|(0.2, 0.2, 20)
GlobalObjectId_V1-2-3b6551b0f2848c54f911d6f91ca83d54-1801073007190208141-1120997898|True|(0, 0, 0)|(0, 0, 0, 1)|(1, 1, 1)
GlobalObjectId_V1-2-3b6551b0f2848c54f911d6f91ca83d54-1801073007190208141-1378066733|True|(0, 0, 0)|(0, 0, 0, 1)|(1, 1, 1)
GlobalObjectId_V1-2-3b6551b0f2848c54f911d6f91ca83d54-1801073007190208141-1387022782|True|(0, 0, 0)|(0, 0, 0, 1)|(1, 1, 1)
GlobalObjectId_V1-2-3b6551b0f2848c54f911d6f91ca83d54-1801073007190208141-1556813190|True|(0, 0, 0)|(0, 0, 0, 1)|(1, 1, 1)
GlobalObjectId_V1-2-3b6551b0f2848c54f911d6f91ca83d54-1801073007190208141-161863763|True|(0, 0, 0)|(0, 0, 0, 1)|(1, 1, 1)
GlobalObjectId_V1-2-3b6551b0f2848c54f911d6f91ca83d54-1801073007190208141-305648292|True|(0, 0, 0)|(0, 0, 0, 1)|(1, 1, 1)
GlobalObjectId_V1-2-3b6551b0f2848c54f911d6f91ca83d54-1801073007190208141-404936451|True|(0, 0, 0)|(0, 0, 0, 1)|(1, 1, 1)
GlobalObjectId_V1-2-3b6551b0f2848c54f911d6f91ca83d54-1801073007190208141-501866861|True|(0, 0, 0)|(0, 0, 0, 1)|(1, 1, 1)
GlobalObjectId_V1-2-3b6551b0f2848c54f911d6f91ca83d54-1801073007190208141-692789032|True|(0, 0, 0)|(0, 0, 0, 1)|(1, 1, 1)
GlobalObjectId_V1-2-3b6551b0f2848c54f911d6f91ca83d54-1801073007190208141-892891150|True|(0, 0, 0)|(0, 0, 0, 1)|(1, 1, 1)
GlobalObjectId_V1-2-3b6551b0f2848c54f911d6f91ca83d54-180851155764460110-1191602872|True|(0, 0.85, 0)|(0, 1, 0, 0)|(1, 1, 1)
GlobalObjectId_V1-2-3b6551b0f2848c54f911d6f91ca83d54-180851155764460110-1250511116|True|(0, 0.85, 0)|(0, 1, 0, 0)|(1, 1, 1)
GlobalObjectId_V1-2-3b6551b0f2848c54f911d6f91ca83d54-180851155764460110-127729888|True|(0, 0.85, 0)|(0, 1, 0, 0)|(1, 1, 1)
GlobalObjectId_V1-2-3b6551b0f2848c54f911d6f91ca83d54-180851155764460110-1897079065|True|(0, 0.85, 0)|(0, 1, 0, 0)|(1, 1, 1)
GlobalObjectId_V1-2-3b6551b0f2848c54f911d6f91ca83d54-180851155764460110-2070896708|True|(0, 0.85, 0)|(0, 1, 0, 0)|(1, 1, 1)
GlobalObjectId_V1-2-3b6551b0f2848c54f911d6f91ca83d54-180851155764460110-383792707|True|(0, 0.85, 0)|(0, 1, 0, 0)|(1, 1, 1)
GlobalObjectId_V1-2-3b6551b0f2848c54f911d6f91ca83d54-180851155764460110-393103402|True|(0, 0.85, 0)|(0, 1, 0, 0)|(1, 1, 1)
GlobalObjectId_V1-2-3b6551b0f2848c54f911d6f91ca83d54-180851155764460110-566916451|True|(0, 0.85, 0)|(0, 1, 0, 0)|(1, 1, 1)
GlobalObjectId_V1-2-3b6551b0f2848c54f911d6f91ca83d54-180851155764460110-965188316|True|(0, 0.85, 0)|(0, 1, 0, 0)|(1, 1, 1)
GlobalObjectId_V1-2-3b6551b0f2848c54f911d6f91ca83d54-180851155764460110-969570616|True|(0, 0.85, 0)|(0, 1, 0, 0)|(1, 1, 1)
GlobalObjectId_V1-2-3b6551b0f2848c54f911d6f91ca83d54-1815875726-0|True|(7.1, 0.1, 0)|(0, 0, 0, 1)|(0.2, 0.2, 20)
GlobalObjectId_V1-2-3b6551b0f2848c54f911d6f91ca83d54-1818934839-0|True|(7.1, 0.1, 0)|(0, 0, 0, 1)|(0.2, 0.2, 20)
GlobalObjectId_V1-2-3b6551b0f2848c54f911d6f91ca83d54-1825985875-0|True|(-7.1, 0.1, 0)|(0, 0, 0, 1)|(0.2, 0.2, 20)
GlobalObjectId_V1-2-3b6551b0f2848c54f911d6f91ca83d54-1828200926572794351-1191518710|True|(-0.00174999994, 0, 0)|(0.9871956, -0.112429567, -0.112429664, -0.0128045026)|(0.999996662, 0.9999998, 1)
GlobalObjectId_V1-2-3b6551b0f2848c54f911d6f91ca83d54-1828200926572794351-1212367565|True|(-0.00174999994, 0, 0)|(0.9871956, -0.112429567, -0.112429664, -0.0128045026)|(0.999996662, 0.9999998, 1)
GlobalObjectId_V1-2-3b6551b0f2848c54f911d6f91ca83d54-1828200926572794351-143777058|True|(-0.00174999994, 0, 0)|(0.9871956, -0.112429567, -0.112429664, -0.0128045026)|(0.999996662, 0.9999998, 1)
GlobalObjectId_V1-2-3b6551b0f2848c54f911d6f91ca83d54-1828200926572794351-1542002196|True|(-0.00174999994, 0, 0)|(0.9871956, -0.112429567, -0.112429664, -0.0128045026)|(0.999996662, 0.9999998, 1)
GlobalObjectId_V1-2-3b6551b0f2848c54f911d6f91ca83d54-1828200926572794351-2024003042|True|(-0.00174999994, 0, 0)|(0.9871956, -0.112429567, -0.112429664, -0.0128045026)|(0.999996662, 0.9999998, 1)
GlobalObjectId_V1-2-3b6551b0f2848c54f911d6f91ca83d54-1828200926572794351-306864247|True|(-0.00174999994, 0, 0)|(0.9871956, -0.112429567, -0.112429664, -0.0128045026)|(0.999996662, 0.9999998, 1)
GlobalObjectId_V1-2-3b6551b0f2848c54f911d6f91ca83d54-1828200926572794351-309737671|True|(-0.00174999994, 0, 0)|(0.9871956, -0.112429567, -0.112429664, -0.0128045026)|(0.999996662, 0.9999998, 1)
GlobalObjectId_V1-2-3b6551b0f2848c54f911d6f91ca83d54-1828200926572794351-312149901|True|(-0.00174999994, 0, 0)|(0.9871956, -0.112429567, -0.112429664, -0.0128045026)|(0.999996662, 0.9999998, 1)
GlobalObjectId_V1-2-3b6551b0f2848c54f911d6f91ca83d54-1828200926572794351-857919492|True|(-0.00174999994, 0, 0)|(0.9871956, -0.112429567, -0.112429664, -0.0128045026)|(0.999996662, 0.9999998, 1)
GlobalObjectId_V1-2-3b6551b0f2848c54f911d6f91ca83d54-1828200926572794351-986728857|True|(-0.00174999994, 0, 0)|(0.9871956, -0.112429567, -0.112429664, -0.0128045026)|(0.999996662, 0.9999998, 1)
GlobalObjectId_V1-2-3b6551b0f2848c54f911d6f91ca83d54-1828396109035172005-1191602872|True|(0.00256000017, 0.0006400007, 0)|(0.902088046, 0.2971957, 0.2971956, -0.09791189)|(1.00000083, 1.00000036, 1)
GlobalObjectId_V1-2-3b6551b0f2848c54f911d6f91ca83d54-1828396109035172005-1250511116|True|(0.00256000017, 0.0006400007, 0)|(0.902088046, 0.2971957, 0.2971956, -0.09791189)|(1.00000083, 1.00000036, 1)
GlobalObjectId_V1-2-3b6551b0f2848c54f911d6f91ca83d54-1828396109035172005-127729888|True|(0.00256000017, 0.0006400007, 0)|(0.902088046, 0.2971957, 0.2971956, -0.09791189)|(1.00000083, 1.00000036, 1)
GlobalObjectId_V1-2-3b6551b0f2848c54f911d6f91ca83d54-1828396109035172005-1897079065|True|(0.00256000017, 0.0006400007, 0)|(0.902088046, 0.2971957, 0.2971956, -0.09791189)|(1.00000083, 1.00000036, 1)
GlobalObjectId_V1-2-3b6551b0f2848c54f911d6f91ca83d54-1828396109035172005-2070896708|True|(0.00256000017, 0.0006400007, 0)|(0.902088046, 0.2971957, 0.2971956, -0.09791189)|(1.00000083, 1.00000036, 1)
GlobalObjectId_V1-2-3b6551b0f2848c54f911d6f91ca83d54-1828396109035172005-383792707|True|(0.00256000017, 0.0006400007, 0)|(0.902088046, 0.2971957, 0.2971956, -0.09791189)|(1.00000083, 1.00000036, 1)
GlobalObjectId_V1-2-3b6551b0f2848c54f911d6f91ca83d54-1828396109035172005-393103402|True|(0.00256000017, 0.0006400007, 0)|(0.902088046, 0.2971957, 0.2971956, -0.09791189)|(1.00000083, 1.00000036, 1)
GlobalObjectId_V1-2-3b6551b0f2848c54f911d6f91ca83d54-1828396109035172005-566916451|True|(0.00256000017, 0.0006400007, 0)|(0.902088046, 0.2971957, 0.2971956, -0.09791189)|(1.00000083, 1.00000036, 1)
GlobalObjectId_V1-2-3b6551b0f2848c54f911d6f91ca83d54-1828396109035172005-965188316|True|(0.00256000017, 0.0006400007, 0)|(0.902088046, 0.2971957, 0.2971956, -0.09791189)|(1.00000083, 1.00000036, 1)
GlobalObjectId_V1-2-3b6551b0f2848c54f911d6f91ca83d54-1828396109035172005-969570616|True|(0.00256000017, 0.0006400007, 0)|(0.902088046, 0.2971957, 0.2971956, -0.09791189)|(1.00000083, 1.00000036, 1)
GlobalObjectId_V1-2-3b6551b0f2848c54f911d6f91ca83d54-1835892687-0|True|(132.900024, 0.08, -0.6)|(0, 0, 0, 1)|(1, 1, 1)
GlobalObjectId_V1-2-3b6551b0f2848c54f911d6f91ca83d54-1841168623853621595-1191602872|True|(-9.313225E-11, 0.0025858474, -1.11758706E-10)|(-0.3715551, -0.0571003743, 0.05710045, 0.924892366)|(1, 0.99999994, 1)
GlobalObjectId_V1-2-3b6551b0f2848c54f911d6f91ca83d54-1841168623853621595-1250511116|True|(-9.313225E-11, 0.0025858474, -1.11758706E-10)|(-0.3715551, -0.0571003743, 0.05710045, 0.924892366)|(1, 0.99999994, 1)
GlobalObjectId_V1-2-3b6551b0f2848c54f911d6f91ca83d54-1841168623853621595-127729888|True|(-9.313225E-11, 0.0025858474, -1.11758706E-10)|(-0.3715551, -0.0571003743, 0.05710045, 0.924892366)|(1, 0.99999994, 1)
GlobalObjectId_V1-2-3b6551b0f2848c54f911d6f91ca83d54-1841168623853621595-1897079065|True|(-9.313225E-11, 0.0025858474, -1.11758706E-10)|(-0.3715551, -0.0571003743, 0.05710045, 0.924892366)|(1, 0.99999994, 1)
GlobalObjectId_V1-2-3b6551b0f2848c54f911d6f91ca83d54-1841168623853621595-2070896708|True|(-9.313225E-11, 0.0025858474, -1.11758706E-10)|(-0.3715551, -0.0571003743, 0.05710045, 0.924892366)|(1, 0.99999994, 1)
GlobalObjectId_V1-2-3b6551b0f2848c54f911d6f91ca83d54-1841168623853621595-383792707|True|(-9.313225E-11, 0.0025858474, -1.11758706E-10)|(-0.3715551, -0.0571003743, 0.05710045, 0.924892366)|(1, 0.99999994, 1)
GlobalObjectId_V1-2-3b6551b0f2848c54f911d6f91ca83d54-1841168623853621595-393103402|True|(-9.313225E-11, 0.0025858474, -1.11758706E-10)|(-0.3715551, -0.0571003743, 0.05710045, 0.924892366)|(1, 0.99999994, 1)
GlobalObjectId_V1-2-3b6551b0f2848c54f911d6f91ca83d54-1841168623853621595-566916451|True|(-9.313225E-11, 0.0025858474, -1.11758706E-10)|(-0.3715551, -0.0571003743, 0.05710045, 0.924892366)|(1, 0.99999994, 1)
GlobalObjectId_V1-2-3b6551b0f2848c54f911d6f91ca83d54-1841168623853621595-965188316|True|(-9.313225E-11, 0.0025858474, -1.11758706E-10)|(-0.3715551, -0.0571003743, 0.05710045, 0.924892366)|(1, 0.99999994, 1)
GlobalObjectId_V1-2-3b6551b0f2848c54f911d6f91ca83d54-1841168623853621595-969570616|True|(-9.313225E-11, 0.0025858474, -1.11758706E-10)|(-0.3715551, -0.0571003743, 0.05710045, 0.924892366)|(1, 0.99999994, 1)
GlobalObjectId_V1-2-3b6551b0f2848c54f911d6f91ca83d54-185725170101673097-1120997898|True|(0, 0.0048, 0)|(0, 0, 0, 1)|(1, 1, 1)
GlobalObjectId_V1-2-3b6551b0f2848c54f911d6f91ca83d54-185725170101673097-1378066733|True|(0, 0.0048, 0)|(0, 0, 0, 1)|(1, 1, 1)
GlobalObjectId_V1-2-3b6551b0f2848c54f911d6f91ca83d54-185725170101673097-1387022782|True|(0, 0.0048, 0)|(0, 0, 0, 1)|(1, 1, 1)
GlobalObjectId_V1-2-3b6551b0f2848c54f911d6f91ca83d54-185725170101673097-1556813190|True|(0, 0.0048, 0)|(0, 0, 0, 1)|(1, 1, 1)
GlobalObjectId_V1-2-3b6551b0f2848c54f911d6f91ca83d54-185725170101673097-161863763|True|(0, 0.0048, 0)|(0, 0, 0, 1)|(1, 1, 1)
GlobalObjectId_V1-2-3b6551b0f2848c54f911d6f91ca83d54-185725170101673097-305648292|True|(0, 0.0048, 0)|(0, 0, 0, 1)|(1, 1, 1)
GlobalObjectId_V1-2-3b6551b0f2848c54f911d6f91ca83d54-185725170101673097-404936451|True|(0, 0.0048, 0)|(0, 0, 0, 1)|(1, 1, 1)
GlobalObjectId_V1-2-3b6551b0f2848c54f911d6f91ca83d54-185725170101673097-501866861|True|(0, 0.0048, 0)|(0, 0, 0, 1)|(1, 1, 1)
GlobalObjectId_V1-2-3b6551b0f2848c54f911d6f91ca83d54-185725170101673097-692789032|True|(0, 0.0048, 0)|(0, 0, 0, 1)|(1, 1, 1)
GlobalObjectId_V1-2-3b6551b0f2848c54f911d6f91ca83d54-185725170101673097-892891150|True|(0, 0.0048, 0)|(0, 0, 0, 1)|(1, 1, 1)
GlobalObjectId_V1-2-3b6551b0f2848c54f911d6f91ca83d54-1858146529-0|True|(-7.1, 0.1, 0)|(0, 0, 0, 1)|(0.2, 0.2, 20)
GlobalObjectId_V1-2-3b6551b0f2848c54f911d6f91ca83d54-1860148674-0|True|(7.1, 0.1, 0)|(0, 0, 0, 1)|(0.2, 0.2, 20)
GlobalObjectId_V1-2-3b6551b0f2848c54f911d6f91ca83d54-1862857552-0|True|(240, 0, 118.299988)|(0, 0, 0, 1)|(1, 1, 1)
GlobalObjectId_V1-2-3b6551b0f2848c54f911d6f91ca83d54-1866581248-0|True|(-7.1, 0.1, 0)|(0, 0, 0, 1)|(0.2, 0.2, 20)
GlobalObjectId_V1-2-3b6551b0f2848c54f911d6f91ca83d54-1877618829-0|True|(7.1, 0.1, 0)|(0, 0, 0, 1)|(0.2, 0.2, 20)
GlobalObjectId_V1-2-3b6551b0f2848c54f911d6f91ca83d54-1880353323-0|True|(-7.1, 0.1, 0)|(0, 0, 0, 1)|(0.2, 0.2, 20)
GlobalObjectId_V1-2-3b6551b0f2848c54f911d6f91ca83d54-1893399347-0|True|(-80.0999756, 0.08, 783.1)|(0, 0.7071068, 0, 0.7071068)|(1, 1, 1)
GlobalObjectId_V1-2-3b6551b0f2848c54f911d6f91ca83d54-1896821290-0|True|(158.699951, 0, 440)|(0, -0.7071068, 0, 0.7071068)|(1, 1, 1)
GlobalObjectId_V1-2-3b6551b0f2848c54f911d6f91ca83d54-1902926362-0|True|(-7.1, 0.1, 0)|(0, 0, 0, 1)|(0.2, 0.2, 20)
GlobalObjectId_V1-2-3b6551b0f2848c54f911d6f91ca83d54-1912685478-0|True|(79.69995, 0.08, 436.9)|(0, -0.7071068, 0, 0.7071068)|(1, 1, 1)
GlobalObjectId_V1-2-3b6551b0f2848c54f911d6f91ca83d54-1916987422-0|True|(7.1, 0.1, 0)|(0, 0, 0, 1)|(0.2, 0.2, 20)
GlobalObjectId_V1-2-3b6551b0f2848c54f911d6f91ca83d54-1919682582-0|True|(-7.1, 0.1, 0)|(0, 0, 0, 1)|(0.2, 0.2, 20)
GlobalObjectId_V1-2-3b6551b0f2848c54f911d6f91ca83d54-1927631300-0|True|(7.1, 0.1, 0)|(0, 0, 0, 1)|(0.2, 0.2, 20)
GlobalObjectId_V1-2-3b6551b0f2848c54f911d6f91ca83d54-1936401142-0|True|(-96.9, 0.08, 663.300049)|(0, 0, 0, 1)|(1, 1, 1)
GlobalObjectId_V1-2-3b6551b0f2848c54f911d6f91ca83d54-1936770736283592905-1025319220|True|(0, 0, 0)|(0.7071068, 0, 0, -0.7071068)|(25, 25, 25)
GlobalObjectId_V1-2-3b6551b0f2848c54f911d6f91ca83d54-1936770736283592905-1076637211|True|(0, 0, 0)|(0.7071068, 0, 0, -0.7071068)|(25, 25, 25)
GlobalObjectId_V1-2-3b6551b0f2848c54f911d6f91ca83d54-1936770736283592905-1123370063|True|(0, 0, 0)|(0.7071068, 0, 0, -0.7071068)|(25, 25, 25)
GlobalObjectId_V1-2-3b6551b0f2848c54f911d6f91ca83d54-1936770736283592905-1138517293|True|(0, 0, 0)|(0.7071068, 0, 0, -0.7071068)|(25, 25, 25)
GlobalObjectId_V1-2-3b6551b0f2848c54f911d6f91ca83d54-1936770736283592905-1145818399|True|(0, 0, 0)|(0.7071068, 0, 0, -0.7071068)|(25, 25, 25)
GlobalObjectId_V1-2-3b6551b0f2848c54f911d6f91ca83d54-1936770736283592905-1148386096|True|(0, 0, 0)|(0.7071068, 0, 0, -0.7071068)|(25, 25, 25)
GlobalObjectId_V1-2-3b6551b0f2848c54f911d6f91ca83d54-1936770736283592905-1157908847|True|(0, 0, 0)|(0.7071068, 0, 0, -0.7071068)|(25, 25, 25)
GlobalObjectId_V1-2-3b6551b0f2848c54f911d6f91ca83d54-1936770736283592905-117525737|True|(0, 0, 0)|(0.7071068, 0, 0, -0.7071068)|(25, 25, 25)
GlobalObjectId_V1-2-3b6551b0f2848c54f911d6f91ca83d54-1936770736283592905-1211572864|True|(0, 0, 0)|(0.7071068, 0, 0, -0.7071068)|(25, 25, 25)
GlobalObjectId_V1-2-3b6551b0f2848c54f911d6f91ca83d54-1936770736283592905-1261995047|True|(0, 0, 0)|(0.7071068, 0, 0, -0.7071068)|(25, 25, 25)
GlobalObjectId_V1-2-3b6551b0f2848c54f911d6f91ca83d54-1936770736283592905-1273560124|True|(0, 0, 0)|(0.7071068, 0, 0, -0.7071068)|(25, 25, 25)
GlobalObjectId_V1-2-3b6551b0f2848c54f911d6f91ca83d54-1936770736283592905-1341893445|True|(0, 0, 0)|(0.7071068, 0, 0, -0.7071068)|(25, 25, 25)
GlobalObjectId_V1-2-3b6551b0f2848c54f911d6f91ca83d54-1936770736283592905-1577023816|True|(0, 0, 0)|(0.7071068, 0, 0, -0.7071068)|(25, 25, 25)
GlobalObjectId_V1-2-3b6551b0f2848c54f911d6f91ca83d54-1936770736283592905-1609908011|True|(0, 0, 0)|(0.7071068, 0, 0, -0.7071068)|(25, 25, 25)
GlobalObjectId_V1-2-3b6551b0f2848c54f911d6f91ca83d54-1936770736283592905-1654698043|True|(0, 0, 0)|(0.7071068, 0, 0, -0.7071068)|(25, 25, 25)
GlobalObjectId_V1-2-3b6551b0f2848c54f911d6f91ca83d54-1936770736283592905-1725634851|True|(0, 0, 0)|(0.7071068, 0, 0, -0.7071068)|(25, 25, 25)
GlobalObjectId_V1-2-3b6551b0f2848c54f911d6f91ca83d54-1936770736283592905-178552251|True|(0, 0, 0)|(0.7071068, 0, 0, -0.7071068)|(25, 25, 25)
GlobalObjectId_V1-2-3b6551b0f2848c54f911d6f91ca83d54-1936770736283592905-1804972047|True|(0, 0, 0)|(0.7071068, 0, 0, -0.7071068)|(25, 25, 25)
GlobalObjectId_V1-2-3b6551b0f2848c54f911d6f91ca83d54-1936770736283592905-1819624870|True|(0, 0, 0)|(0.7071068, 0, 0, -0.7071068)|(25, 25, 25)
GlobalObjectId_V1-2-3b6551b0f2848c54f911d6f91ca83d54-1936770736283592905-1866442031|True|(0, 0, 0)|(0.7071068, 0, 0, -0.7071068)|(25, 25, 25)
GlobalObjectId_V1-2-3b6551b0f2848c54f911d6f91ca83d54-1936770736283592905-1970165663|True|(0, 0, 0)|(0.7071068, 0, 0, -0.7071068)|(25, 25, 25)
GlobalObjectId_V1-2-3b6551b0f2848c54f911d6f91ca83d54-1936770736283592905-2024084545|True|(0, 0, 0)|(0.7071068, 0, 0, -0.7071068)|(25, 25, 25)
GlobalObjectId_V1-2-3b6551b0f2848c54f911d6f91ca83d54-1936770736283592905-2026501014|True|(0, 0, 0)|(0.7071068, 0, 0, -0.7071068)|(25, 25, 25)
GlobalObjectId_V1-2-3b6551b0f2848c54f911d6f91ca83d54-1936770736283592905-2039403610|True|(0, 0, 0)|(0.7071068, 0, 0, -0.7071068)|(25, 25, 25)
GlobalObjectId_V1-2-3b6551b0f2848c54f911d6f91ca83d54-1936770736283592905-2040492614|True|(0, 0, 0)|(0.7071068, 0, 0, -0.7071068)|(25, 25, 25)
GlobalObjectId_V1-2-3b6551b0f2848c54f911d6f91ca83d54-1936770736283592905-2056561579|True|(0, 0, 0)|(0.7071068, 0, 0, -0.7071068)|(25, 25, 25)
GlobalObjectId_V1-2-3b6551b0f2848c54f911d6f91ca83d54-1936770736283592905-2059838410|True|(0, 0, 0)|(0.7071068, 0, 0, -0.7071068)|(25, 25, 25)
GlobalObjectId_V1-2-3b6551b0f2848c54f911d6f91ca83d54-1936770736283592905-220756394|True|(0, 0, 0)|(0.7071068, 0, 0, -0.7071068)|(25, 25, 25)
GlobalObjectId_V1-2-3b6551b0f2848c54f911d6f91ca83d54-1936770736283592905-241495691|True|(0, 0, 0)|(0.7071068, 0, 0, -0.7071068)|(25, 25, 25)
GlobalObjectId_V1-2-3b6551b0f2848c54f911d6f91ca83d54-1936770736283592905-243786568|True|(0, 0, 0)|(0.7071068, 0, 0, -0.7071068)|(25, 25, 25)
GlobalObjectId_V1-2-3b6551b0f2848c54f911d6f91ca83d54-1936770736283592905-27082819|True|(0, 0, 0)|(0.7071068, 0, 0, -0.7071068)|(25, 25, 25)
GlobalObjectId_V1-2-3b6551b0f2848c54f911d6f91ca83d54-1936770736283592905-287385670|True|(0, 0, 0)|(0.7071068, 0, 0, -0.7071068)|(25, 25, 25)
GlobalObjectId_V1-2-3b6551b0f2848c54f911d6f91ca83d54-1936770736283592905-308217777|True|(0, 0, 0)|(0.7071068, 0, 0, -0.7071068)|(25, 25, 25)
GlobalObjectId_V1-2-3b6551b0f2848c54f911d6f91ca83d54-1936770736283592905-31273311|True|(0, 0, 0)|(0.7071068, 0, 0, -0.7071068)|(25, 25, 25)
GlobalObjectId_V1-2-3b6551b0f2848c54f911d6f91ca83d54-1936770736283592905-343957928|True|(0, 0, 0)|(0.7071068, 0, 0, -0.7071068)|(25, 25, 25)
GlobalObjectId_V1-2-3b6551b0f2848c54f911d6f91ca83d54-1936770736283592905-396161643|True|(0, 0, 0)|(0.7071068, 0, 0, -0.7071068)|(25, 25, 25)
GlobalObjectId_V1-2-3b6551b0f2848c54f911d6f91ca83d54-1936770736283592905-426443221|True|(0, 0, 0)|(0.7071068, 0, 0, -0.7071068)|(25, 25, 25)
GlobalObjectId_V1-2-3b6551b0f2848c54f911d6f91ca83d54-1936770736283592905-458006385|True|(0, 0, 0)|(0.7071068, 0, 0, -0.7071068)|(25, 25, 25)
GlobalObjectId_V1-2-3b6551b0f2848c54f911d6f91ca83d54-1936770736283592905-502189609|True|(0, 0, 0)|(0.7071068, 0, 0, -0.7071068)|(25, 25, 25)
GlobalObjectId_V1-2-3b6551b0f2848c54f911d6f91ca83d54-1936770736283592905-502266823|True|(0, 0, 0)|(0.7071068, 0, 0, -0.7071068)|(25, 25, 25)
GlobalObjectId_V1-2-3b6551b0f2848c54f911d6f91ca83d54-1936770736283592905-593650449|True|(0, 0, 0)|(0.7071068, 0, 0, -0.7071068)|(25, 25, 25)
GlobalObjectId_V1-2-3b6551b0f2848c54f911d6f91ca83d54-1936770736283592905-600046749|True|(0, 0, 0)|(0.7071068, 0, 0, -0.7071068)|(25, 25, 25)
GlobalObjectId_V1-2-3b6551b0f2848c54f911d6f91ca83d54-1936770736283592905-656679930|True|(0, 0, 0)|(0.7071068, 0, 0, -0.7071068)|(25, 25, 25)
GlobalObjectId_V1-2-3b6551b0f2848c54f911d6f91ca83d54-1936770736283592905-680847915|True|(0, 0, 0)|(0.7071068, 0, 0, -0.7071068)|(25, 25, 25)
GlobalObjectId_V1-2-3b6551b0f2848c54f911d6f91ca83d54-1936770736283592905-731984814|True|(0, 0, 0)|(0.7071068, 0, 0, -0.7071068)|(25, 25, 25)
GlobalObjectId_V1-2-3b6551b0f2848c54f911d6f91ca83d54-1936770736283592905-754211584|True|(0, 0, 0)|(0.7071068, 0, 0, -0.7071068)|(25, 25, 25)
GlobalObjectId_V1-2-3b6551b0f2848c54f911d6f91ca83d54-1936770736283592905-859783628|True|(0, 0, 0)|(0.7071068, 0, 0, -0.7071068)|(25, 25, 25)
GlobalObjectId_V1-2-3b6551b0f2848c54f911d6f91ca83d54-1936770736283592905-878071367|True|(0, 0, 0)|(0.7071068, 0, 0, -0.7071068)|(25, 25, 25)
GlobalObjectId_V1-2-3b6551b0f2848c54f911d6f91ca83d54-1936770736283592905-956417833|True|(0, 0, 0)|(0.7071068, 0, 0, -0.7071068)|(25, 25, 25)
GlobalObjectId_V1-2-3b6551b0f2848c54f911d6f91ca83d54-1936770736283592905-975687593|True|(0, 0, 0)|(0.7071068, 0, 0, -0.7071068)|(25, 25, 25)
GlobalObjectId_V1-2-3b6551b0f2848c54f911d6f91ca83d54-1937800175-0|True|(7.1, 0.1, 0)|(0, 0, 0, 1)|(0.2, 0.2, 20)
GlobalObjectId_V1-2-3b6551b0f2848c54f911d6f91ca83d54-1965496112-0|True|(7.1, 0.1, 0)|(0, 0, 0, 1)|(0.2, 0.2, 20)
GlobalObjectId_V1-2-3b6551b0f2848c54f911d6f91ca83d54-1969237770-0|True|(100.900024, 0.08, -3.099996)|(0, 0.7071068, 0, 0.7071068)|(1, 1, 1)
GlobalObjectId_V1-2-3b6551b0f2848c54f911d6f91ca83d54-197322824-0|True|(7.1, 0.1, 0)|(0, 0, 0, 1)|(0.2, 0.2, 20)
GlobalObjectId_V1-2-3b6551b0f2848c54f911d6f91ca83d54-1979952643980039595-1025319220|True|(-0.13, 0.33, -0.304)|(0, 0, 0.06975647, 0.9975641)|(0.27, 0.18, 1)
GlobalObjectId_V1-2-3b6551b0f2848c54f911d6f91ca83d54-1979952643980039595-1076637211|True|(-0.13, 0.33, -0.304)|(0, 0, 0.06975647, 0.9975641)|(0.27, 0.18, 1)
GlobalObjectId_V1-2-3b6551b0f2848c54f911d6f91ca83d54-1979952643980039595-1123370063|True|(-0.13, 0.33, -0.304)|(0, 0, 0.06975647, 0.9975641)|(0.27, 0.18, 1)
GlobalObjectId_V1-2-3b6551b0f2848c54f911d6f91ca83d54-1979952643980039595-1138517293|True|(-0.13, 0.33, -0.304)|(0, 0, 0.06975647, 0.9975641)|(0.27, 0.18, 1)
GlobalObjectId_V1-2-3b6551b0f2848c54f911d6f91ca83d54-1979952643980039595-1145818399|True|(-0.13, 0.33, -0.304)|(0, 0, 0.06975647, 0.9975641)|(0.27, 0.18, 1)
GlobalObjectId_V1-2-3b6551b0f2848c54f911d6f91ca83d54-1979952643980039595-1148386096|True|(-0.13, 0.33, -0.304)|(0, 0, 0.06975647, 0.9975641)|(0.27, 0.18, 1)
GlobalObjectId_V1-2-3b6551b0f2848c54f911d6f91ca83d54-1979952643980039595-1157908847|True|(-0.13, 0.33, -0.304)|(0, 0, 0.06975647, 0.9975641)|(0.27, 0.18, 1)
GlobalObjectId_V1-2-3b6551b0f2848c54f911d6f91ca83d54-1979952643980039595-117525737|True|(-0.13, 0.33, -0.304)|(0, 0, 0.06975647, 0.9975641)|(0.27, 0.18, 1)
GlobalObjectId_V1-2-3b6551b0f2848c54f911d6f91ca83d54-1979952643980039595-1211572864|True|(-0.13, 0.33, -0.304)|(0, 0, 0.06975647, 0.9975641)|(0.27, 0.18, 1)
GlobalObjectId_V1-2-3b6551b0f2848c54f911d6f91ca83d54-1979952643980039595-1261995047|True|(-0.13, 0.33, -0.304)|(0, 0, 0.06975647, 0.9975641)|(0.27, 0.18, 1)
GlobalObjectId_V1-2-3b6551b0f2848c54f911d6f91ca83d54-1979952643980039595-1273560124|True|(-0.13, 0.33, -0.304)|(0, 0, 0.06975647, 0.9975641)|(0.27, 0.18, 1)
GlobalObjectId_V1-2-3b6551b0f2848c54f911d6f91ca83d54-1979952643980039595-1341893445|True|(-0.13, 0.33, -0.304)|(0, 0, 0.06975647, 0.9975641)|(0.27, 0.18, 1)
GlobalObjectId_V1-2-3b6551b0f2848c54f911d6f91ca83d54-1979952643980039595-1577023816|True|(-0.13, 0.33, -0.304)|(0, 0, 0.06975647, 0.9975641)|(0.27, 0.18, 1)
GlobalObjectId_V1-2-3b6551b0f2848c54f911d6f91ca83d54-1979952643980039595-1609908011|True|(-0.13, 0.33, -0.304)|(0, 0, 0.06975647, 0.9975641)|(0.27, 0.18, 1)
GlobalObjectId_V1-2-3b6551b0f2848c54f911d6f91ca83d54-1979952643980039595-1654698043|True|(-0.13, 0.33, -0.304)|(0, 0, 0.06975647, 0.9975641)|(0.27, 0.18, 1)
GlobalObjectId_V1-2-3b6551b0f2848c54f911d6f91ca83d54-1979952643980039595-1725634851|True|(-0.13, 0.33, -0.304)|(0, 0, 0.06975647, 0.9975641)|(0.27, 0.18, 1)
GlobalObjectId_V1-2-3b6551b0f2848c54f911d6f91ca83d54-1979952643980039595-178552251|True|(-0.13, 0.33, -0.304)|(0, 0, 0.06975647, 0.9975641)|(0.27, 0.18, 1)
GlobalObjectId_V1-2-3b6551b0f2848c54f911d6f91ca83d54-1979952643980039595-1804972047|True|(-0.13, 0.33, -0.304)|(0, 0, 0.06975647, 0.9975641)|(0.27, 0.18, 1)
GlobalObjectId_V1-2-3b6551b0f2848c54f911d6f91ca83d54-1979952643980039595-1819624870|True|(-0.13, 0.33, -0.304)|(0, 0, 0.06975647, 0.9975641)|(0.27, 0.18, 1)
GlobalObjectId_V1-2-3b6551b0f2848c54f911d6f91ca83d54-1979952643980039595-1866442031|True|(-0.13, 0.33, -0.304)|(0, 0, 0.06975647, 0.9975641)|(0.27, 0.18, 1)
GlobalObjectId_V1-2-3b6551b0f2848c54f911d6f91ca83d54-1979952643980039595-1970165663|True|(-0.13, 0.33, -0.304)|(0, 0, 0.06975647, 0.9975641)|(0.27, 0.18, 1)
GlobalObjectId_V1-2-3b6551b0f2848c54f911d6f91ca83d54-1979952643980039595-2024084545|True|(-0.13, 0.33, -0.304)|(0, 0, 0.06975647, 0.9975641)|(0.27, 0.18, 1)
GlobalObjectId_V1-2-3b6551b0f2848c54f911d6f91ca83d54-1979952643980039595-2026501014|True|(-0.13, 0.33, -0.304)|(0, 0, 0.06975647, 0.9975641)|(0.27, 0.18, 1)
GlobalObjectId_V1-2-3b6551b0f2848c54f911d6f91ca83d54-1979952643980039595-2039403610|True|(-0.13, 0.33, -0.304)|(0, 0, 0.06975647, 0.9975641)|(0.27, 0.18, 1)
GlobalObjectId_V1-2-3b6551b0f2848c54f911d6f91ca83d54-1979952643980039595-2040492614|True|(-0.13, 0.33, -0.304)|(0, 0, 0.06975647, 0.9975641)|(0.27, 0.18, 1)
GlobalObjectId_V1-2-3b6551b0f2848c54f911d6f91ca83d54-1979952643980039595-2056561579|True|(-0.13, 0.33, -0.304)|(0, 0, 0.06975647, 0.9975641)|(0.27, 0.18, 1)
GlobalObjectId_V1-2-3b6551b0f2848c54f911d6f91ca83d54-1979952643980039595-2059838410|True|(-0.13, 0.33, -0.304)|(0, 0, 0.06975647, 0.9975641)|(0.27, 0.18, 1)
GlobalObjectId_V1-2-3b6551b0f2848c54f911d6f91ca83d54-1979952643980039595-220756394|True|(-0.13, 0.33, -0.304)|(0, 0, 0.06975647, 0.9975641)|(0.27, 0.18, 1)
GlobalObjectId_V1-2-3b6551b0f2848c54f911d6f91ca83d54-1979952643980039595-241495691|True|(-0.13, 0.33, -0.304)|(0, 0, 0.06975647, 0.9975641)|(0.27, 0.18, 1)
GlobalObjectId_V1-2-3b6551b0f2848c54f911d6f91ca83d54-1979952643980039595-243786568|True|(-0.13, 0.33, -0.304)|(0, 0, 0.06975647, 0.9975641)|(0.27, 0.18, 1)
GlobalObjectId_V1-2-3b6551b0f2848c54f911d6f91ca83d54-1979952643980039595-27082819|True|(-0.13, 0.33, -0.304)|(0, 0, 0.06975647, 0.9975641)|(0.27, 0.18, 1)
GlobalObjectId_V1-2-3b6551b0f2848c54f911d6f91ca83d54-1979952643980039595-287385670|True|(-0.13, 0.33, -0.304)|(0, 0, 0.06975647, 0.9975641)|(0.27, 0.18, 1)
GlobalObjectId_V1-2-3b6551b0f2848c54f911d6f91ca83d54-1979952643980039595-308217777|True|(-0.13, 0.33, -0.304)|(0, 0, 0.06975647, 0.9975641)|(0.27, 0.18, 1)
GlobalObjectId_V1-2-3b6551b0f2848c54f911d6f91ca83d54-1979952643980039595-31273311|True|(-0.13, 0.33, -0.304)|(0, 0, 0.06975647, 0.9975641)|(0.27, 0.18, 1)
GlobalObjectId_V1-2-3b6551b0f2848c54f911d6f91ca83d54-1979952643980039595-343957928|True|(-0.13, 0.33, -0.304)|(0, 0, 0.06975647, 0.9975641)|(0.27, 0.18, 1)
GlobalObjectId_V1-2-3b6551b0f2848c54f911d6f91ca83d54-1979952643980039595-396161643|True|(-0.13, 0.33, -0.304)|(0, 0, 0.06975647, 0.9975641)|(0.27, 0.18, 1)
GlobalObjectId_V1-2-3b6551b0f2848c54f911d6f91ca83d54-1979952643980039595-426443221|True|(-0.13, 0.33, -0.304)|(0, 0, 0.06975647, 0.9975641)|(0.27, 0.18, 1)
GlobalObjectId_V1-2-3b6551b0f2848c54f911d6f91ca83d54-1979952643980039595-458006385|True|(-0.13, 0.33, -0.304)|(0, 0, 0.06975647, 0.9975641)|(0.27, 0.18, 1)
GlobalObjectId_V1-2-3b6551b0f2848c54f911d6f91ca83d54-1979952643980039595-502189609|True|(-0.13, 0.33, -0.304)|(0, 0, 0.06975647, 0.9975641)|(0.27, 0.18, 1)
GlobalObjectId_V1-2-3b6551b0f2848c54f911d6f91ca83d54-1979952643980039595-502266823|True|(-0.13, 0.33, -0.304)|(0, 0, 0.06975647, 0.9975641)|(0.27, 0.18, 1)
GlobalObjectId_V1-2-3b6551b0f2848c54f911d6f91ca83d54-1979952643980039595-593650449|True|(-0.13, 0.33, -0.304)|(0, 0, 0.06975647, 0.9975641)|(0.27, 0.18, 1)
GlobalObjectId_V1-2-3b6551b0f2848c54f911d6f91ca83d54-1979952643980039595-600046749|True|(-0.13, 0.33, -0.304)|(0, 0, 0.06975647, 0.9975641)|(0.27, 0.18, 1)
GlobalObjectId_V1-2-3b6551b0f2848c54f911d6f91ca83d54-1979952643980039595-656679930|True|(-0.13, 0.33, -0.304)|(0, 0, 0.06975647, 0.9975641)|(0.27, 0.18, 1)
GlobalObjectId_V1-2-3b6551b0f2848c54f911d6f91ca83d54-1979952643980039595-680847915|True|(-0.13, 0.33, -0.304)|(0, 0, 0.06975647, 0.9975641)|(0.27, 0.18, 1)
GlobalObjectId_V1-2-3b6551b0f2848c54f911d6f91ca83d54-1979952643980039595-731984814|True|(-0.13, 0.33, -0.304)|(0, 0, 0.06975647, 0.9975641)|(0.27, 0.18, 1)
GlobalObjectId_V1-2-3b6551b0f2848c54f911d6f91ca83d54-1979952643980039595-754211584|True|(-0.13, 0.33, -0.304)|(0, 0, 0.06975647, 0.9975641)|(0.27, 0.18, 1)
GlobalObjectId_V1-2-3b6551b0f2848c54f911d6f91ca83d54-1979952643980039595-859783628|True|(-0.13, 0.33, -0.304)|(0, 0, 0.06975647, 0.9975641)|(0.27, 0.18, 1)
GlobalObjectId_V1-2-3b6551b0f2848c54f911d6f91ca83d54-1979952643980039595-878071367|True|(-0.13, 0.33, -0.304)|(0, 0, 0.06975647, 0.9975641)|(0.27, 0.18, 1)
GlobalObjectId_V1-2-3b6551b0f2848c54f911d6f91ca83d54-1979952643980039595-956417833|True|(-0.13, 0.33, -0.304)|(0, 0, 0.06975647, 0.9975641)|(0.27, 0.18, 1)
GlobalObjectId_V1-2-3b6551b0f2848c54f911d6f91ca83d54-1979952643980039595-975687593|True|(-0.13, 0.33, -0.304)|(0, 0, 0.06975647, 0.9975641)|(0.27, 0.18, 1)
GlobalObjectId_V1-2-3b6551b0f2848c54f911d6f91ca83d54-1985006715-0|True|(-7.1, 0.1, 0)|(0, 0, 0, 1)|(0.2, 0.2, 20)
GlobalObjectId_V1-2-3b6551b0f2848c54f911d6f91ca83d54-1986258812063120028-1191602872|True|(0, 0, 0.0530005135)|(0, 0, 0, 1)|(1, 1, 1)
GlobalObjectId_V1-2-3b6551b0f2848c54f911d6f91ca83d54-1986258812063120028-1250511116|True|(0, 0, 0.0530005135)|(0, 0, 0, 1)|(1, 1, 1)
GlobalObjectId_V1-2-3b6551b0f2848c54f911d6f91ca83d54-1986258812063120028-127729888|True|(0, 0, 0.0530005135)|(0, 0, 0, 1)|(1, 1, 1)
GlobalObjectId_V1-2-3b6551b0f2848c54f911d6f91ca83d54-1986258812063120028-1897079065|True|(0, 0, 0.0530005135)|(0, 0, 0, 1)|(1, 1, 1)
GlobalObjectId_V1-2-3b6551b0f2848c54f911d6f91ca83d54-1986258812063120028-2070896708|True|(0, 0, 0.0530005135)|(0, 0, 0, 1)|(1, 1, 1)
GlobalObjectId_V1-2-3b6551b0f2848c54f911d6f91ca83d54-1986258812063120028-383792707|True|(0, 0, 0.0530005135)|(0, 0, 0, 1)|(1, 1, 1)
GlobalObjectId_V1-2-3b6551b0f2848c54f911d6f91ca83d54-1986258812063120028-393103402|True|(0, 0, 0.0530005135)|(0, 0, 0, 1)|(1, 1, 1)
GlobalObjectId_V1-2-3b6551b0f2848c54f911d6f91ca83d54-1986258812063120028-566916451|True|(0, 0, 0.0530005135)|(0, 0, 0, 1)|(1, 1, 1)
GlobalObjectId_V1-2-3b6551b0f2848c54f911d6f91ca83d54-1986258812063120028-965188316|True|(0, 0, 0.0530005135)|(0, 0, 0, 1)|(1, 1, 1)
GlobalObjectId_V1-2-3b6551b0f2848c54f911d6f91ca83d54-1986258812063120028-969570616|True|(0, 0, 0.0530005135)|(0, 0, 0, 1)|(1, 1, 1)
GlobalObjectId_V1-2-3b6551b0f2848c54f911d6f91ca83d54-1990789836-0|True|(-7.1, 0.1, 0)|(0, 0, 0, 1)|(0.2, 0.2, 20)
GlobalObjectId_V1-2-3b6551b0f2848c54f911d6f91ca83d54-2001051189-0|True|(-7.1, 0.1, 0)|(0, 0, 0, 1)|(0.2, 0.2, 20)
GlobalObjectId_V1-2-3b6551b0f2848c54f911d6f91ca83d54-2007289055174242082-1025319220|True|(0, 0.56, 0)|(0, 0, 0, 1)|(0.92, 0.1, 0.66)
GlobalObjectId_V1-2-3b6551b0f2848c54f911d6f91ca83d54-2007289055174242082-1076637211|True|(0, 0.56, 0)|(0, 0, 0, 1)|(0.92, 0.1, 0.66)
GlobalObjectId_V1-2-3b6551b0f2848c54f911d6f91ca83d54-2007289055174242082-1123370063|True|(0, 0.56, 0)|(0, 0, 0, 1)|(0.92, 0.1, 0.66)
GlobalObjectId_V1-2-3b6551b0f2848c54f911d6f91ca83d54-2007289055174242082-1138517293|True|(0, 0.56, 0)|(0, 0, 0, 1)|(0.92, 0.1, 0.66)
GlobalObjectId_V1-2-3b6551b0f2848c54f911d6f91ca83d54-2007289055174242082-1145818399|True|(0, 0.56, 0)|(0, 0, 0, 1)|(0.92, 0.1, 0.66)
GlobalObjectId_V1-2-3b6551b0f2848c54f911d6f91ca83d54-2007289055174242082-1148386096|True|(0, 0.56, 0)|(0, 0, 0, 1)|(0.92, 0.1, 0.66)
GlobalObjectId_V1-2-3b6551b0f2848c54f911d6f91ca83d54-2007289055174242082-1157908847|True|(0, 0.56, 0)|(0, 0, 0, 1)|(0.92, 0.1, 0.66)
GlobalObjectId_V1-2-3b6551b0f2848c54f911d6f91ca83d54-2007289055174242082-117525737|True|(0, 0.56, 0)|(0, 0, 0, 1)|(0.92, 0.1, 0.66)
GlobalObjectId_V1-2-3b6551b0f2848c54f911d6f91ca83d54-2007289055174242082-1211572864|True|(0, 0.56, 0)|(0, 0, 0, 1)|(0.92, 0.1, 0.66)
GlobalObjectId_V1-2-3b6551b0f2848c54f911d6f91ca83d54-2007289055174242082-1261995047|True|(0, 0.56, 0)|(0, 0, 0, 1)|(0.92, 0.1, 0.66)
GlobalObjectId_V1-2-3b6551b0f2848c54f911d6f91ca83d54-2007289055174242082-1273560124|True|(0, 0.56, 0)|(0, 0, 0, 1)|(0.92, 0.1, 0.66)
GlobalObjectId_V1-2-3b6551b0f2848c54f911d6f91ca83d54-2007289055174242082-1341893445|True|(0, 0.56, 0)|(0, 0, 0, 1)|(0.92, 0.1, 0.66)
GlobalObjectId_V1-2-3b6551b0f2848c54f911d6f91ca83d54-2007289055174242082-1577023816|True|(0, 0.56, 0)|(0, 0, 0, 1)|(0.92, 0.1, 0.66)
GlobalObjectId_V1-2-3b6551b0f2848c54f911d6f91ca83d54-2007289055174242082-1609908011|True|(0, 0.56, 0)|(0, 0, 0, 1)|(0.92, 0.1, 0.66)
GlobalObjectId_V1-2-3b6551b0f2848c54f911d6f91ca83d54-2007289055174242082-1654698043|True|(0, 0.56, 0)|(0, 0, 0, 1)|(0.92, 0.1, 0.66)
GlobalObjectId_V1-2-3b6551b0f2848c54f911d6f91ca83d54-2007289055174242082-1725634851|True|(0, 0.56, 0)|(0, 0, 0, 1)|(0.92, 0.1, 0.66)
GlobalObjectId_V1-2-3b6551b0f2848c54f911d6f91ca83d54-2007289055174242082-178552251|True|(0, 0.56, 0)|(0, 0, 0, 1)|(0.92, 0.1, 0.66)
GlobalObjectId_V1-2-3b6551b0f2848c54f911d6f91ca83d54-2007289055174242082-1804972047|True|(0, 0.56, 0)|(0, 0, 0, 1)|(0.92, 0.1, 0.66)
GlobalObjectId_V1-2-3b6551b0f2848c54f911d6f91ca83d54-2007289055174242082-1819624870|True|(0, 0.56, 0)|(0, 0, 0, 1)|(0.92, 0.1, 0.66)
GlobalObjectId_V1-2-3b6551b0f2848c54f911d6f91ca83d54-2007289055174242082-1866442031|True|(0, 0.56, 0)|(0, 0, 0, 1)|(0.92, 0.1, 0.66)
GlobalObjectId_V1-2-3b6551b0f2848c54f911d6f91ca83d54-2007289055174242082-1970165663|True|(0, 0.56, 0)|(0, 0, 0, 1)|(0.92, 0.1, 0.66)
GlobalObjectId_V1-2-3b6551b0f2848c54f911d6f91ca83d54-2007289055174242082-2024084545|True|(0, 0.56, 0)|(0, 0, 0, 1)|(0.92, 0.1, 0.66)
GlobalObjectId_V1-2-3b6551b0f2848c54f911d6f91ca83d54-2007289055174242082-2026501014|True|(0, 0.56, 0)|(0, 0, 0, 1)|(0.92, 0.1, 0.66)
GlobalObjectId_V1-2-3b6551b0f2848c54f911d6f91ca83d54-2007289055174242082-2039403610|True|(0, 0.56, 0)|(0, 0, 0, 1)|(0.92, 0.1, 0.66)
GlobalObjectId_V1-2-3b6551b0f2848c54f911d6f91ca83d54-2007289055174242082-2040492614|True|(0, 0.56, 0)|(0, 0, 0, 1)|(0.92, 0.1, 0.66)
GlobalObjectId_V1-2-3b6551b0f2848c54f911d6f91ca83d54-2007289055174242082-2056561579|True|(0, 0.56, 0)|(0, 0, 0, 1)|(0.92, 0.1, 0.66)
GlobalObjectId_V1-2-3b6551b0f2848c54f911d6f91ca83d54-2007289055174242082-2059838410|True|(0, 0.56, 0)|(0, 0, 0, 1)|(0.92, 0.1, 0.66)
GlobalObjectId_V1-2-3b6551b0f2848c54f911d6f91ca83d54-2007289055174242082-220756394|True|(0, 0.56, 0)|(0, 0, 0, 1)|(0.92, 0.1, 0.66)
GlobalObjectId_V1-2-3b6551b0f2848c54f911d6f91ca83d54-2007289055174242082-241495691|True|(0, 0.56, 0)|(0, 0, 0, 1)|(0.92, 0.1, 0.66)
GlobalObjectId_V1-2-3b6551b0f2848c54f911d6f91ca83d54-2007289055174242082-243786568|True|(0, 0.56, 0)|(0, 0, 0, 1)|(0.92, 0.1, 0.66)
GlobalObjectId_V1-2-3b6551b0f2848c54f911d6f91ca83d54-2007289055174242082-27082819|True|(0, 0.56, 0)|(0, 0, 0, 1)|(0.92, 0.1, 0.66)
GlobalObjectId_V1-2-3b6551b0f2848c54f911d6f91ca83d54-2007289055174242082-287385670|True|(0, 0.56, 0)|(0, 0, 0, 1)|(0.92, 0.1, 0.66)
GlobalObjectId_V1-2-3b6551b0f2848c54f911d6f91ca83d54-2007289055174242082-308217777|True|(0, 0.56, 0)|(0, 0, 0, 1)|(0.92, 0.1, 0.66)
GlobalObjectId_V1-2-3b6551b0f2848c54f911d6f91ca83d54-2007289055174242082-31273311|True|(0, 0.56, 0)|(0, 0, 0, 1)|(0.92, 0.1, 0.66)
GlobalObjectId_V1-2-3b6551b0f2848c54f911d6f91ca83d54-2007289055174242082-343957928|True|(0, 0.56, 0)|(0, 0, 0, 1)|(0.92, 0.1, 0.66)
GlobalObjectId_V1-2-3b6551b0f2848c54f911d6f91ca83d54-2007289055174242082-396161643|True|(0, 0.56, 0)|(0, 0, 0, 1)|(0.92, 0.1, 0.66)
GlobalObjectId_V1-2-3b6551b0f2848c54f911d6f91ca83d54-2007289055174242082-426443221|True|(0, 0.56, 0)|(0, 0, 0, 1)|(0.92, 0.1, 0.66)
GlobalObjectId_V1-2-3b6551b0f2848c54f911d6f91ca83d54-2007289055174242082-458006385|True|(0, 0.56, 0)|(0, 0, 0, 1)|(0.92, 0.1, 0.66)
GlobalObjectId_V1-2-3b6551b0f2848c54f911d6f91ca83d54-2007289055174242082-502189609|True|(0, 0.56, 0)|(0, 0, 0, 1)|(0.92, 0.1, 0.66)
GlobalObjectId_V1-2-3b6551b0f2848c54f911d6f91ca83d54-2007289055174242082-502266823|True|(0, 0.56, 0)|(0, 0, 0, 1)|(0.92, 0.1, 0.66)
GlobalObjectId_V1-2-3b6551b0f2848c54f911d6f91ca83d54-2007289055174242082-593650449|True|(0, 0.56, 0)|(0, 0, 0, 1)|(0.92, 0.1, 0.66)
GlobalObjectId_V1-2-3b6551b0f2848c54f911d6f91ca83d54-2007289055174242082-600046749|True|(0, 0.56, 0)|(0, 0, 0, 1)|(0.92, 0.1, 0.66)
GlobalObjectId_V1-2-3b6551b0f2848c54f911d6f91ca83d54-2007289055174242082-656679930|True|(0, 0.56, 0)|(0, 0, 0, 1)|(0.92, 0.1, 0.66)
GlobalObjectId_V1-2-3b6551b0f2848c54f911d6f91ca83d54-2007289055174242082-680847915|True|(0, 0.56, 0)|(0, 0, 0, 1)|(0.92, 0.1, 0.66)
GlobalObjectId_V1-2-3b6551b0f2848c54f911d6f91ca83d54-2007289055174242082-731984814|True|(0, 0.56, 0)|(0, 0, 0, 1)|(0.92, 0.1, 0.66)
GlobalObjectId_V1-2-3b6551b0f2848c54f911d6f91ca83d54-2007289055174242082-754211584|True|(0, 0.56, 0)|(0, 0, 0, 1)|(0.92, 0.1, 0.66)
GlobalObjectId_V1-2-3b6551b0f2848c54f911d6f91ca83d54-2007289055174242082-859783628|True|(0, 0.56, 0)|(0, 0, 0, 1)|(0.92, 0.1, 0.66)
GlobalObjectId_V1-2-3b6551b0f2848c54f911d6f91ca83d54-2007289055174242082-878071367|True|(0, 0.56, 0)|(0, 0, 0, 1)|(0.92, 0.1, 0.66)
GlobalObjectId_V1-2-3b6551b0f2848c54f911d6f91ca83d54-2007289055174242082-956417833|True|(0, 0.56, 0)|(0, 0, 0, 1)|(0.92, 0.1, 0.66)
GlobalObjectId_V1-2-3b6551b0f2848c54f911d6f91ca83d54-2007289055174242082-975687593|True|(0, 0.56, 0)|(0, 0, 0, 1)|(0.92, 0.1, 0.66)
GlobalObjectId_V1-2-3b6551b0f2848c54f911d6f91ca83d54-2017006403137710456-1025319220|True|(0.38, 0.155, -0.307)|(0, 0, -0.104528464, 0.9945219)|(0.055, 0.025, 0.028)
GlobalObjectId_V1-2-3b6551b0f2848c54f911d6f91ca83d54-2017006403137710456-1076637211|True|(0.38, 0.155, -0.307)|(0, 0, -0.104528464, 0.9945219)|(0.055, 0.025, 0.028)
GlobalObjectId_V1-2-3b6551b0f2848c54f911d6f91ca83d54-2017006403137710456-1123370063|True|(0.38, 0.155, -0.307)|(0, 0, -0.104528464, 0.9945219)|(0.055, 0.025, 0.028)
GlobalObjectId_V1-2-3b6551b0f2848c54f911d6f91ca83d54-2017006403137710456-1138517293|True|(0.38, 0.155, -0.307)|(0, 0, -0.104528464, 0.9945219)|(0.055, 0.025, 0.028)
GlobalObjectId_V1-2-3b6551b0f2848c54f911d6f91ca83d54-2017006403137710456-1145818399|True|(0.38, 0.155, -0.307)|(0, 0, -0.104528464, 0.9945219)|(0.055, 0.025, 0.028)
GlobalObjectId_V1-2-3b6551b0f2848c54f911d6f91ca83d54-2017006403137710456-1148386096|True|(0.38, 0.155, -0.307)|(0, 0, -0.104528464, 0.9945219)|(0.055, 0.025, 0.028)
GlobalObjectId_V1-2-3b6551b0f2848c54f911d6f91ca83d54-2017006403137710456-1157908847|True|(0.38, 0.155, -0.307)|(0, 0, -0.104528464, 0.9945219)|(0.055, 0.025, 0.028)
GlobalObjectId_V1-2-3b6551b0f2848c54f911d6f91ca83d54-2017006403137710456-117525737|True|(0.38, 0.155, -0.307)|(0, 0, -0.104528464, 0.9945219)|(0.055, 0.025, 0.028)
GlobalObjectId_V1-2-3b6551b0f2848c54f911d6f91ca83d54-2017006403137710456-1211572864|True|(0.38, 0.155, -0.307)|(0, 0, -0.104528464, 0.9945219)|(0.055, 0.025, 0.028)
GlobalObjectId_V1-2-3b6551b0f2848c54f911d6f91ca83d54-2017006403137710456-1261995047|True|(0.38, 0.155, -0.307)|(0, 0, -0.104528464, 0.9945219)|(0.055, 0.025, 0.028)
GlobalObjectId_V1-2-3b6551b0f2848c54f911d6f91ca83d54-2017006403137710456-1273560124|True|(0.38, 0.155, -0.307)|(0, 0, -0.104528464, 0.9945219)|(0.055, 0.025, 0.028)
GlobalObjectId_V1-2-3b6551b0f2848c54f911d6f91ca83d54-2017006403137710456-1341893445|True|(0.38, 0.155, -0.307)|(0, 0, -0.104528464, 0.9945219)|(0.055, 0.025, 0.028)
GlobalObjectId_V1-2-3b6551b0f2848c54f911d6f91ca83d54-2017006403137710456-1577023816|True|(0.38, 0.155, -0.307)|(0, 0, -0.104528464, 0.9945219)|(0.055, 0.025, 0.028)
GlobalObjectId_V1-2-3b6551b0f2848c54f911d6f91ca83d54-2017006403137710456-1609908011|True|(0.38, 0.155, -0.307)|(0, 0, -0.104528464, 0.9945219)|(0.055, 0.025, 0.028)
GlobalObjectId_V1-2-3b6551b0f2848c54f911d6f91ca83d54-2017006403137710456-1654698043|True|(0.38, 0.155, -0.307)|(0, 0, -0.104528464, 0.9945219)|(0.055, 0.025, 0.028)
GlobalObjectId_V1-2-3b6551b0f2848c54f911d6f91ca83d54-2017006403137710456-1725634851|True|(0.38, 0.155, -0.307)|(0, 0, -0.104528464, 0.9945219)|(0.055, 0.025, 0.028)
GlobalObjectId_V1-2-3b6551b0f2848c54f911d6f91ca83d54-2017006403137710456-178552251|True|(0.38, 0.155, -0.307)|(0, 0, -0.104528464, 0.9945219)|(0.055, 0.025, 0.028)
GlobalObjectId_V1-2-3b6551b0f2848c54f911d6f91ca83d54-2017006403137710456-1804972047|True|(0.38, 0.155, -0.307)|(0, 0, -0.104528464, 0.9945219)|(0.055, 0.025, 0.028)
GlobalObjectId_V1-2-3b6551b0f2848c54f911d6f91ca83d54-2017006403137710456-1819624870|True|(0.38, 0.155, -0.307)|(0, 0, -0.104528464, 0.9945219)|(0.055, 0.025, 0.028)
GlobalObjectId_V1-2-3b6551b0f2848c54f911d6f91ca83d54-2017006403137710456-1866442031|True|(0.38, 0.155, -0.307)|(0, 0, -0.104528464, 0.9945219)|(0.055, 0.025, 0.028)
GlobalObjectId_V1-2-3b6551b0f2848c54f911d6f91ca83d54-2017006403137710456-1970165663|True|(0.38, 0.155, -0.307)|(0, 0, -0.104528464, 0.9945219)|(0.055, 0.025, 0.028)
GlobalObjectId_V1-2-3b6551b0f2848c54f911d6f91ca83d54-2017006403137710456-2024084545|True|(0.38, 0.155, -0.307)|(0, 0, -0.104528464, 0.9945219)|(0.055, 0.025, 0.028)
GlobalObjectId_V1-2-3b6551b0f2848c54f911d6f91ca83d54-2017006403137710456-2026501014|True|(0.38, 0.155, -0.307)|(0, 0, -0.104528464, 0.9945219)|(0.055, 0.025, 0.028)
GlobalObjectId_V1-2-3b6551b0f2848c54f911d6f91ca83d54-2017006403137710456-2039403610|True|(0.38, 0.155, -0.307)|(0, 0, -0.104528464, 0.9945219)|(0.055, 0.025, 0.028)
GlobalObjectId_V1-2-3b6551b0f2848c54f911d6f91ca83d54-2017006403137710456-2040492614|True|(0.38, 0.155, -0.307)|(0, 0, -0.104528464, 0.9945219)|(0.055, 0.025, 0.028)
GlobalObjectId_V1-2-3b6551b0f2848c54f911d6f91ca83d54-2017006403137710456-2056561579|True|(0.38, 0.155, -0.307)|(0, 0, -0.104528464, 0.9945219)|(0.055, 0.025, 0.028)
GlobalObjectId_V1-2-3b6551b0f2848c54f911d6f91ca83d54-2017006403137710456-2059838410|True|(0.38, 0.155, -0.307)|(0, 0, -0.104528464, 0.9945219)|(0.055, 0.025, 0.028)
GlobalObjectId_V1-2-3b6551b0f2848c54f911d6f91ca83d54-2017006403137710456-220756394|True|(0.38, 0.155, -0.307)|(0, 0, -0.104528464, 0.9945219)|(0.055, 0.025, 0.028)
GlobalObjectId_V1-2-3b6551b0f2848c54f911d6f91ca83d54-2017006403137710456-241495691|True|(0.38, 0.155, -0.307)|(0, 0, -0.104528464, 0.9945219)|(0.055, 0.025, 0.028)
GlobalObjectId_V1-2-3b6551b0f2848c54f911d6f91ca83d54-2017006403137710456-243786568|True|(0.38, 0.155, -0.307)|(0, 0, -0.104528464, 0.9945219)|(0.055, 0.025, 0.028)
GlobalObjectId_V1-2-3b6551b0f2848c54f911d6f91ca83d54-2017006403137710456-27082819|True|(0.38, 0.155, -0.307)|(0, 0, -0.104528464, 0.9945219)|(0.055, 0.025, 0.028)
GlobalObjectId_V1-2-3b6551b0f2848c54f911d6f91ca83d54-2017006403137710456-287385670|True|(0.38, 0.155, -0.307)|(0, 0, -0.104528464, 0.9945219)|(0.055, 0.025, 0.028)
GlobalObjectId_V1-2-3b6551b0f2848c54f911d6f91ca83d54-2017006403137710456-308217777|True|(0.38, 0.155, -0.307)|(0, 0, -0.104528464, 0.9945219)|(0.055, 0.025, 0.028)
GlobalObjectId_V1-2-3b6551b0f2848c54f911d6f91ca83d54-2017006403137710456-31273311|True|(0.38, 0.155, -0.307)|(0, 0, -0.104528464, 0.9945219)|(0.055, 0.025, 0.028)
GlobalObjectId_V1-2-3b6551b0f2848c54f911d6f91ca83d54-2017006403137710456-343957928|True|(0.38, 0.155, -0.307)|(0, 0, -0.104528464, 0.9945219)|(0.055, 0.025, 0.028)
GlobalObjectId_V1-2-3b6551b0f2848c54f911d6f91ca83d54-2017006403137710456-396161643|True|(0.38, 0.155, -0.307)|(0, 0, -0.104528464, 0.9945219)|(0.055, 0.025, 0.028)
GlobalObjectId_V1-2-3b6551b0f2848c54f911d6f91ca83d54-2017006403137710456-426443221|True|(0.38, 0.155, -0.307)|(0, 0, -0.104528464, 0.9945219)|(0.055, 0.025, 0.028)
GlobalObjectId_V1-2-3b6551b0f2848c54f911d6f91ca83d54-2017006403137710456-458006385|True|(0.38, 0.155, -0.307)|(0, 0, -0.104528464, 0.9945219)|(0.055, 0.025, 0.028)
GlobalObjectId_V1-2-3b6551b0f2848c54f911d6f91ca83d54-2017006403137710456-502189609|True|(0.38, 0.155, -0.307)|(0, 0, -0.104528464, 0.9945219)|(0.055, 0.025, 0.028)
GlobalObjectId_V1-2-3b6551b0f2848c54f911d6f91ca83d54-2017006403137710456-502266823|True|(0.38, 0.155, -0.307)|(0, 0, -0.104528464, 0.9945219)|(0.055, 0.025, 0.028)
GlobalObjectId_V1-2-3b6551b0f2848c54f911d6f91ca83d54-2017006403137710456-593650449|True|(0.38, 0.155, -0.307)|(0, 0, -0.104528464, 0.9945219)|(0.055, 0.025, 0.028)
GlobalObjectId_V1-2-3b6551b0f2848c54f911d6f91ca83d54-2017006403137710456-600046749|True|(0.38, 0.155, -0.307)|(0, 0, -0.104528464, 0.9945219)|(0.055, 0.025, 0.028)
GlobalObjectId_V1-2-3b6551b0f2848c54f911d6f91ca83d54-2017006403137710456-656679930|True|(0.38, 0.155, -0.307)|(0, 0, -0.104528464, 0.9945219)|(0.055, 0.025, 0.028)
GlobalObjectId_V1-2-3b6551b0f2848c54f911d6f91ca83d54-2017006403137710456-680847915|True|(0.38, 0.155, -0.307)|(0, 0, -0.104528464, 0.9945219)|(0.055, 0.025, 0.028)
GlobalObjectId_V1-2-3b6551b0f2848c54f911d6f91ca83d54-2017006403137710456-731984814|True|(0.38, 0.155, -0.307)|(0, 0, -0.104528464, 0.9945219)|(0.055, 0.025, 0.028)
GlobalObjectId_V1-2-3b6551b0f2848c54f911d6f91ca83d54-2017006403137710456-754211584|True|(0.38, 0.155, -0.307)|(0, 0, -0.104528464, 0.9945219)|(0.055, 0.025, 0.028)
GlobalObjectId_V1-2-3b6551b0f2848c54f911d6f91ca83d54-2017006403137710456-859783628|True|(0.38, 0.155, -0.307)|(0, 0, -0.104528464, 0.9945219)|(0.055, 0.025, 0.028)
GlobalObjectId_V1-2-3b6551b0f2848c54f911d6f91ca83d54-2017006403137710456-878071367|True|(0.38, 0.155, -0.307)|(0, 0, -0.104528464, 0.9945219)|(0.055, 0.025, 0.028)
GlobalObjectId_V1-2-3b6551b0f2848c54f911d6f91ca83d54-2017006403137710456-956417833|True|(0.38, 0.155, -0.307)|(0, 0, -0.104528464, 0.9945219)|(0.055, 0.025, 0.028)
GlobalObjectId_V1-2-3b6551b0f2848c54f911d6f91ca83d54-2017006403137710456-975687593|True|(0.38, 0.155, -0.307)|(0, 0, -0.104528464, 0.9945219)|(0.055, 0.025, 0.028)
GlobalObjectId_V1-2-3b6551b0f2848c54f911d6f91ca83d54-2021798184-0|True|(-7.1, 0.1, 0)|(0, 0, 0, 1)|(0.2, 0.2, 20)
GlobalObjectId_V1-2-3b6551b0f2848c54f911d6f91ca83d54-2025873628-0|True|(7.1, 0.1, 0)|(0, 0, 0, 1)|(0.2, 0.2, 20)
GlobalObjectId_V1-2-3b6551b0f2848c54f911d6f91ca83d54-2028813602-0|True|(7.1, 0.1, 0)|(0, 0, 0, 1)|(0.2, 0.2, 20)
GlobalObjectId_V1-2-3b6551b0f2848c54f911d6f91ca83d54-2037185710-0|True|(-7.1, 0.1, 0)|(0, 0, 0, 1)|(0.2, 0.2, 20)
GlobalObjectId_V1-2-3b6551b0f2848c54f911d6f91ca83d54-2047681457-0|True|(-7.1, 0.1, 0)|(0, 0, 0, 1)|(0.2, 0.2, 20)
GlobalObjectId_V1-2-3b6551b0f2848c54f911d6f91ca83d54-2048465932-0|True|(240, 0.08, 130.700012)|(0, 0, 0, 1)|(1, 1, 1)
GlobalObjectId_V1-2-3b6551b0f2848c54f911d6f91ca83d54-2054148427163451506-1025319220|True|(0, 0.011, 0)|(0, 0.1650476, 0, 0.9862856)|(1, 1, 1)
GlobalObjectId_V1-2-3b6551b0f2848c54f911d6f91ca83d54-2054148427163451506-1076637211|True|(0, 0.011, 0)|(0, 0.1650476, 0, 0.9862856)|(1, 1, 1)
GlobalObjectId_V1-2-3b6551b0f2848c54f911d6f91ca83d54-2054148427163451506-1123370063|True|(0, 0.011, 0)|(0, 0.1650476, 0, 0.9862856)|(1, 1, 1)
GlobalObjectId_V1-2-3b6551b0f2848c54f911d6f91ca83d54-2054148427163451506-1138517293|True|(0, 0.011, 0)|(0, 0.1650476, 0, 0.9862856)|(1, 1, 1)
GlobalObjectId_V1-2-3b6551b0f2848c54f911d6f91ca83d54-2054148427163451506-1145818399|True|(0, 0.011, 0)|(0, 0.1650476, 0, 0.9862856)|(1, 1, 1)
GlobalObjectId_V1-2-3b6551b0f2848c54f911d6f91ca83d54-2054148427163451506-1148386096|True|(0, 0.011, 0)|(0, 0.1650476, 0, 0.9862856)|(1, 1, 1)
GlobalObjectId_V1-2-3b6551b0f2848c54f911d6f91ca83d54-2054148427163451506-1157908847|True|(0, 0.011, 0)|(0, 0.1650476, 0, 0.9862856)|(1, 1, 1)
GlobalObjectId_V1-2-3b6551b0f2848c54f911d6f91ca83d54-2054148427163451506-117525737|True|(0, 0.011, 0)|(0, 0.1650476, 0, 0.9862856)|(1, 1, 1)
GlobalObjectId_V1-2-3b6551b0f2848c54f911d6f91ca83d54-2054148427163451506-1211572864|True|(0, 0.011, 0)|(0, 0.1650476, 0, 0.9862856)|(1, 1, 1)
GlobalObjectId_V1-2-3b6551b0f2848c54f911d6f91ca83d54-2054148427163451506-1261995047|True|(0, 0.011, 0)|(0, 0.1650476, 0, 0.9862856)|(1, 1, 1)
GlobalObjectId_V1-2-3b6551b0f2848c54f911d6f91ca83d54-2054148427163451506-1273560124|True|(0, 0.011, 0)|(0, 0.1650476, 0, 0.9862856)|(1, 1, 1)
GlobalObjectId_V1-2-3b6551b0f2848c54f911d6f91ca83d54-2054148427163451506-1341893445|True|(0, 0.011, 0)|(0, 0.1650476, 0, 0.9862856)|(1, 1, 1)
GlobalObjectId_V1-2-3b6551b0f2848c54f911d6f91ca83d54-2054148427163451506-1577023816|True|(0, 0.011, 0)|(0, 0.1650476, 0, 0.9862856)|(1, 1, 1)
GlobalObjectId_V1-2-3b6551b0f2848c54f911d6f91ca83d54-2054148427163451506-1609908011|True|(0, 0.011, 0)|(0, 0.1650476, 0, 0.9862856)|(1, 1, 1)
GlobalObjectId_V1-2-3b6551b0f2848c54f911d6f91ca83d54-2054148427163451506-1654698043|True|(0, 0.011, 0)|(0, 0.1650476, 0, 0.9862856)|(1, 1, 1)
GlobalObjectId_V1-2-3b6551b0f2848c54f911d6f91ca83d54-2054148427163451506-1725634851|True|(0, 0.011, 0)|(0, 0.1650476, 0, 0.9862856)|(1, 1, 1)
GlobalObjectId_V1-2-3b6551b0f2848c54f911d6f91ca83d54-2054148427163451506-178552251|True|(0, 0.011, 0)|(0, 0.1650476, 0, 0.9862856)|(1, 1, 1)
GlobalObjectId_V1-2-3b6551b0f2848c54f911d6f91ca83d54-2054148427163451506-1804972047|True|(0, 0.011, 0)|(0, 0.1650476, 0, 0.9862856)|(1, 1, 1)
GlobalObjectId_V1-2-3b6551b0f2848c54f911d6f91ca83d54-2054148427163451506-1819624870|True|(0, 0.011, 0)|(0, 0.1650476, 0, 0.9862856)|(1, 1, 1)
GlobalObjectId_V1-2-3b6551b0f2848c54f911d6f91ca83d54-2054148427163451506-1866442031|True|(0, 0.011, 0)|(0, 0.1650476, 0, 0.9862856)|(1, 1, 1)
GlobalObjectId_V1-2-3b6551b0f2848c54f911d6f91ca83d54-2054148427163451506-1970165663|True|(0, 0.011, 0)|(0, 0.1650476, 0, 0.9862856)|(1, 1, 1)
GlobalObjectId_V1-2-3b6551b0f2848c54f911d6f91ca83d54-2054148427163451506-2024084545|True|(0, 0.011, 0)|(0, 0.1650476, 0, 0.9862856)|(1, 1, 1)
GlobalObjectId_V1-2-3b6551b0f2848c54f911d6f91ca83d54-2054148427163451506-2026501014|True|(0, 0.011, 0)|(0, 0.1650476, 0, 0.9862856)|(1, 1, 1)
GlobalObjectId_V1-2-3b6551b0f2848c54f911d6f91ca83d54-2054148427163451506-2039403610|True|(0, 0.011, 0)|(0, 0.1650476, 0, 0.9862856)|(1, 1, 1)
GlobalObjectId_V1-2-3b6551b0f2848c54f911d6f91ca83d54-2054148427163451506-2040492614|True|(0, 0.011, 0)|(0, 0.1650476, 0, 0.9862856)|(1, 1, 1)
GlobalObjectId_V1-2-3b6551b0f2848c54f911d6f91ca83d54-2054148427163451506-2056561579|True|(0, 0.011, 0)|(0, 0.1650476, 0, 0.9862856)|(1, 1, 1)
GlobalObjectId_V1-2-3b6551b0f2848c54f911d6f91ca83d54-2054148427163451506-2059838410|True|(0, 0.011, 0)|(0, 0.1650476, 0, 0.9862856)|(1, 1, 1)
GlobalObjectId_V1-2-3b6551b0f2848c54f911d6f91ca83d54-2054148427163451506-220756394|True|(0, 0.011, 0)|(0, 0.1650476, 0, 0.9862856)|(1, 1, 1)
GlobalObjectId_V1-2-3b6551b0f2848c54f911d6f91ca83d54-2054148427163451506-241495691|True|(0, 0.011, 0)|(0, 0.1650476, 0, 0.9862856)|(1, 1, 1)
GlobalObjectId_V1-2-3b6551b0f2848c54f911d6f91ca83d54-2054148427163451506-243786568|True|(0, 0.011, 0)|(0, 0.1650476, 0, 0.9862856)|(1, 1, 1)
GlobalObjectId_V1-2-3b6551b0f2848c54f911d6f91ca83d54-2054148427163451506-27082819|True|(0, 0.011, 0)|(0, 0.1650476, 0, 0.9862856)|(1, 1, 1)
GlobalObjectId_V1-2-3b6551b0f2848c54f911d6f91ca83d54-2054148427163451506-287385670|True|(0, 0.011, 0)|(0, 0.1650476, 0, 0.9862856)|(1, 1, 1)
GlobalObjectId_V1-2-3b6551b0f2848c54f911d6f91ca83d54-2054148427163451506-308217777|True|(0, 0.011, 0)|(0, 0.1650476, 0, 0.9862856)|(1, 1, 1)
GlobalObjectId_V1-2-3b6551b0f2848c54f911d6f91ca83d54-2054148427163451506-31273311|True|(0, 0.011, 0)|(0, 0.1650476, 0, 0.9862856)|(1, 1, 1)
GlobalObjectId_V1-2-3b6551b0f2848c54f911d6f91ca83d54-2054148427163451506-343957928|True|(0, 0.011, 0)|(0, 0.1650476, 0, 0.9862856)|(1, 1, 1)
GlobalObjectId_V1-2-3b6551b0f2848c54f911d6f91ca83d54-2054148427163451506-396161643|True|(0, 0.011, 0)|(0, 0.1650476, 0, 0.9862856)|(1, 1, 1)
GlobalObjectId_V1-2-3b6551b0f2848c54f911d6f91ca83d54-2054148427163451506-426443221|True|(0, 0.011, 0)|(0, 0.1650476, 0, 0.9862856)|(1, 1, 1)
GlobalObjectId_V1-2-3b6551b0f2848c54f911d6f91ca83d54-2054148427163451506-458006385|True|(0, 0.011, 0)|(0, 0.1650476, 0, 0.9862856)|(1, 1, 1)
GlobalObjectId_V1-2-3b6551b0f2848c54f911d6f91ca83d54-2054148427163451506-502189609|True|(0, 0.011, 0)|(0, 0.1650476, 0, 0.9862856)|(1, 1, 1)
GlobalObjectId_V1-2-3b6551b0f2848c54f911d6f91ca83d54-2054148427163451506-502266823|True|(0, 0.011, 0)|(0, 0.1650476, 0, 0.9862856)|(1, 1, 1)
GlobalObjectId_V1-2-3b6551b0f2848c54f911d6f91ca83d54-2054148427163451506-593650449|True|(0, 0.011, 0)|(0, 0.1650476, 0, 0.9862856)|(1, 1, 1)
GlobalObjectId_V1-2-3b6551b0f2848c54f911d6f91ca83d54-2054148427163451506-600046749|True|(0, 0.011, 0)|(0, 0.1650476, 0, 0.9862856)|(1, 1, 1)
GlobalObjectId_V1-2-3b6551b0f2848c54f911d6f91ca83d54-2054148427163451506-656679930|True|(0, 0.011, 0)|(0, 0.1650476, 0, 0.9862856)|(1, 1, 1)
GlobalObjectId_V1-2-3b6551b0f2848c54f911d6f91ca83d54-2054148427163451506-680847915|True|(0, 0.011, 0)|(0, 0.1650476, 0, 0.9862856)|(1, 1, 1)
GlobalObjectId_V1-2-3b6551b0f2848c54f911d6f91ca83d54-2054148427163451506-731984814|True|(0, 0.011, 0)|(0, 0.1650476, 0, 0.9862856)|(1, 1, 1)
GlobalObjectId_V1-2-3b6551b0f2848c54f911d6f91ca83d54-2054148427163451506-754211584|True|(0, 0.011, 0)|(0, 0.1650476, 0, 0.9862856)|(1, 1, 1)
GlobalObjectId_V1-2-3b6551b0f2848c54f911d6f91ca83d54-2054148427163451506-859783628|True|(0, 0.011, 0)|(0, 0.1650476, 0, 0.9862856)|(1, 1, 1)
GlobalObjectId_V1-2-3b6551b0f2848c54f911d6f91ca83d54-2054148427163451506-878071367|True|(0, 0.011, 0)|(0, 0.1650476, 0, 0.9862856)|(1, 1, 1)
GlobalObjectId_V1-2-3b6551b0f2848c54f911d6f91ca83d54-2054148427163451506-956417833|True|(0, 0.011, 0)|(0, 0.1650476, 0, 0.9862856)|(1, 1, 1)
GlobalObjectId_V1-2-3b6551b0f2848c54f911d6f91ca83d54-2054148427163451506-975687593|True|(0, 0.011, 0)|(0, 0.1650476, 0, 0.9862856)|(1, 1, 1)
GlobalObjectId_V1-2-3b6551b0f2848c54f911d6f91ca83d54-2064225176-0|True|(7.1, 0.1, 0)|(0, 0, 0, 1)|(0.2, 0.2, 20)
GlobalObjectId_V1-2-3b6551b0f2848c54f911d6f91ca83d54-2067653538-0|True|(-7.1, 0.1, 0)|(0, 0, 0, 1)|(0.2, 0.2, 20)
GlobalObjectId_V1-2-3b6551b0f2848c54f911d6f91ca83d54-2069172871-0|True|(-7.1, 0.1, 0)|(0, 0, 0, 1)|(0.2, 0.2, 20)
GlobalObjectId_V1-2-3b6551b0f2848c54f911d6f91ca83d54-2076757638-0|True|(7.1, 0.1, 0)|(0, 0, 0, 1)|(0.2, 0.2, 20)
GlobalObjectId_V1-2-3b6551b0f2848c54f911d6f91ca83d54-2089898580-0|True|(7.1, 0.1, 0)|(0, 0, 0, 1)|(0.2, 0.2, 20)
GlobalObjectId_V1-2-3b6551b0f2848c54f911d6f91ca83d54-2102901256-0|True|(-7.1, 0.1, 0)|(0, 0, 0, 1)|(0.2, 0.2, 20)
GlobalObjectId_V1-2-3b6551b0f2848c54f911d6f91ca83d54-2102957250-0|True|(7.1, 0.1, 0)|(0, 0, 0, 1)|(0.2, 0.2, 20)
GlobalObjectId_V1-2-3b6551b0f2848c54f911d6f91ca83d54-2104399847266688452-1191602872|True|(1.11758706E-10, 0.00213466655, 9.31322554E-12)|(-0.0128043983, 0.112429693, -0.112429693, 0.9871956)|(1, 0.99999994, 0.99999994)
GlobalObjectId_V1-2-3b6551b0f2848c54f911d6f91ca83d54-2104399847266688452-1250511116|True|(1.11758706E-10, 0.00213466655, 9.31322554E-12)|(-0.0128043983, 0.112429693, -0.112429693, 0.9871956)|(1, 0.99999994, 0.99999994)
GlobalObjectId_V1-2-3b6551b0f2848c54f911d6f91ca83d54-2104399847266688452-127729888|True|(1.11758706E-10, 0.00213466655, 9.31322554E-12)|(-0.0128043983, 0.112429693, -0.112429693, 0.9871956)|(1, 0.99999994, 0.99999994)
GlobalObjectId_V1-2-3b6551b0f2848c54f911d6f91ca83d54-2104399847266688452-1897079065|True|(1.11758706E-10, 0.00213466655, 9.31322554E-12)|(-0.0128043983, 0.112429693, -0.112429693, 0.9871956)|(1, 0.99999994, 0.99999994)
GlobalObjectId_V1-2-3b6551b0f2848c54f911d6f91ca83d54-2104399847266688452-2070896708|True|(1.11758706E-10, 0.00213466655, 9.31322554E-12)|(-0.0128043983, 0.112429693, -0.112429693, 0.9871956)|(1, 0.99999994, 0.99999994)
GlobalObjectId_V1-2-3b6551b0f2848c54f911d6f91ca83d54-2104399847266688452-383792707|True|(1.11758706E-10, 0.00213466655, 9.31322554E-12)|(-0.0128043983, 0.112429693, -0.112429693, 0.9871956)|(1, 0.99999994, 0.99999994)
GlobalObjectId_V1-2-3b6551b0f2848c54f911d6f91ca83d54-2104399847266688452-393103402|True|(1.11758706E-10, 0.00213466655, 9.31322554E-12)|(-0.0128043983, 0.112429693, -0.112429693, 0.9871956)|(1, 0.99999994, 0.99999994)
GlobalObjectId_V1-2-3b6551b0f2848c54f911d6f91ca83d54-2104399847266688452-566916451|True|(1.11758706E-10, 0.00213466655, 9.31322554E-12)|(-0.0128043983, 0.112429693, -0.112429693, 0.9871956)|(1, 0.99999994, 0.99999994)
GlobalObjectId_V1-2-3b6551b0f2848c54f911d6f91ca83d54-2104399847266688452-965188316|True|(1.11758706E-10, 0.00213466655, 9.31322554E-12)|(-0.0128043983, 0.112429693, -0.112429693, 0.9871956)|(1, 0.99999994, 0.99999994)
GlobalObjectId_V1-2-3b6551b0f2848c54f911d6f91ca83d54-2104399847266688452-969570616|True|(1.11758706E-10, 0.00213466655, 9.31322554E-12)|(-0.0128043983, 0.112429693, -0.112429693, 0.9871956)|(1, 0.99999994, 0.99999994)
GlobalObjectId_V1-2-3b6551b0f2848c54f911d6f91ca83d54-2104536722-0|True|(-7.1, 0.1, 0)|(0, 0, 0, 1)|(0.2, 0.2, 20)
GlobalObjectId_V1-2-3b6551b0f2848c54f911d6f91ca83d54-2107256928-0|True|(79.69995, 0.08, 440)|(0, -0.7071068, 0, 0.7071068)|(1, 1, 1)
GlobalObjectId_V1-2-3b6551b0f2848c54f911d6f91ca83d54-2110642197-0|True|(-7.1, 0.1, 0)|(0, 0, 0, 1)|(0.2, 0.2, 20)
GlobalObjectId_V1-2-3b6551b0f2848c54f911d6f91ca83d54-2114888356-0|True|(-48.0999756, 0.08, 782.5)|(0, 0, 0, 1)|(1, 1, 1)
GlobalObjectId_V1-2-3b6551b0f2848c54f911d6f91ca83d54-2119100198-0|True|(240, 0.08, 330.5)|(0, 0, 0, 1)|(1, 1, 1)
GlobalObjectId_V1-2-3b6551b0f2848c54f911d6f91ca83d54-2120749967-0|True|(53.0999756, 0.08, 780)|(0, 0.7071068, 0, 0.7071068)|(1, 1, 1)
GlobalObjectId_V1-2-3b6551b0f2848c54f911d6f91ca83d54-2125990915-0|True|(-7.1, 0.1, 0)|(0, 0, 0, 1)|(0.2, 0.2, 20)
GlobalObjectId_V1-2-3b6551b0f2848c54f911d6f91ca83d54-2127884730-0|True|(-7.1, 0.1, 0)|(0, 0, 0, 1)|(0.2, 0.2, 20)
GlobalObjectId_V1-2-3b6551b0f2848c54f911d6f91ca83d54-2129177470-0|True|(7.1, 0.1, 0)|(0, 0, 0, 1)|(0.2, 0.2, 20)
GlobalObjectId_V1-2-3b6551b0f2848c54f911d6f91ca83d54-21618866-0|True|(-3.1, 0.08, -168.9)|(0, 0, 0, 1)|(1, 1, 1)
GlobalObjectId_V1-2-3b6551b0f2848c54f911d6f91ca83d54-216572497-0|True|(-7.1, 0.1, 0)|(0, 0, 0, 1)|(0.2, 0.2, 20)
GlobalObjectId_V1-2-3b6551b0f2848c54f911d6f91ca83d54-226029897-0|True|(7.1, 0.1, 0)|(0, 0, 0, 1)|(0.2, 0.2, 20)
GlobalObjectId_V1-2-3b6551b0f2848c54f911d6f91ca83d54-231085523735111048-1191602872|True|(0, 0.00127999962, 0)|(0, 0, 0, 1)|(1, 1, 1)
GlobalObjectId_V1-2-3b6551b0f2848c54f911d6f91ca83d54-231085523735111048-1250511116|True|(0, 0.00127999962, 0)|(0, 0, 0, 1)|(1, 1, 1)
GlobalObjectId_V1-2-3b6551b0f2848c54f911d6f91ca83d54-231085523735111048-127729888|True|(0, 0.00127999962, 0)|(0, 0, 0, 1)|(1, 1, 1)
GlobalObjectId_V1-2-3b6551b0f2848c54f911d6f91ca83d54-231085523735111048-1897079065|True|(0, 0.00127999962, 0)|(0, 0, 0, 1)|(1, 1, 1)
GlobalObjectId_V1-2-3b6551b0f2848c54f911d6f91ca83d54-231085523735111048-2070896708|True|(0, 0.00127999962, 0)|(0, 0, 0, 1)|(1, 1, 1)
GlobalObjectId_V1-2-3b6551b0f2848c54f911d6f91ca83d54-231085523735111048-383792707|True|(0, 0.00127999962, 0)|(0, 0, 0, 1)|(1, 1, 1)
GlobalObjectId_V1-2-3b6551b0f2848c54f911d6f91ca83d54-231085523735111048-393103402|True|(0, 0.00127999962, 0)|(0, 0, 0, 1)|(1, 1, 1)
GlobalObjectId_V1-2-3b6551b0f2848c54f911d6f91ca83d54-231085523735111048-566916451|True|(0, 0.00127999962, 0)|(0, 0, 0, 1)|(1, 1, 1)
GlobalObjectId_V1-2-3b6551b0f2848c54f911d6f91ca83d54-231085523735111048-965188316|True|(0, 0.00127999962, 0)|(0, 0, 0, 1)|(1, 1, 1)
GlobalObjectId_V1-2-3b6551b0f2848c54f911d6f91ca83d54-231085523735111048-969570616|True|(0, 0.00127999962, 0)|(0, 0, 0, 1)|(1, 1, 1)
GlobalObjectId_V1-2-3b6551b0f2848c54f911d6f91ca83d54-233726194-0|True|(-7.1, 0.1, 0)|(0, 0, 0, 1)|(0.2, 0.2, 20)
GlobalObjectId_V1-2-3b6551b0f2848c54f911d6f91ca83d54-2337685423371533605-1049486283|True|(0, 0.00111999991, 0)|(0, 0, 0, 1)|(1, 1, 1)
GlobalObjectId_V1-2-3b6551b0f2848c54f911d6f91ca83d54-2337685423371533605-126319019|True|(0, 0.00111999991, 0)|(0, 0, 0, 1)|(1, 1, 1)
GlobalObjectId_V1-2-3b6551b0f2848c54f911d6f91ca83d54-2337685423371533605-1481706251|True|(0, 0.00111999991, 0)|(0, 0, 0, 1)|(1, 1, 1)
GlobalObjectId_V1-2-3b6551b0f2848c54f911d6f91ca83d54-2337685423371533605-1592385703|True|(0, 0.00111999991, 0)|(0, 0, 0, 1)|(1, 1, 1)
GlobalObjectId_V1-2-3b6551b0f2848c54f911d6f91ca83d54-2337685423371533605-1661574985|True|(0, 0.00111999991, 0)|(0, 0, 0, 1)|(1, 1, 1)
GlobalObjectId_V1-2-3b6551b0f2848c54f911d6f91ca83d54-2337685423371533605-1902647294|True|(0, 0.00111999991, 0)|(0, 0, 0, 1)|(1, 1, 1)
GlobalObjectId_V1-2-3b6551b0f2848c54f911d6f91ca83d54-2337685423371533605-239339974|True|(0, 0.00111999991, 0)|(0, 0, 0, 1)|(1, 1, 1)
GlobalObjectId_V1-2-3b6551b0f2848c54f911d6f91ca83d54-2337685423371533605-350417267|True|(0, 0.00111999991, 0)|(0, 0, 0, 1)|(1, 1, 1)
GlobalObjectId_V1-2-3b6551b0f2848c54f911d6f91ca83d54-2337685423371533605-575299033|True|(0, 0.00111999991, 0)|(0, 0, 0, 1)|(1, 1, 1)
GlobalObjectId_V1-2-3b6551b0f2848c54f911d6f91ca83d54-2337685423371533605-834271436|True|(0, 0.00111999991, 0)|(0, 0, 0, 1)|(1, 1, 1)
GlobalObjectId_V1-2-3b6551b0f2848c54f911d6f91ca83d54-2337931741948552386-1191602872|True|(0, 0, 8.381903E-11)|(0.7071068, 0, 0, 0.7071067)|(1, 1, 1)
GlobalObjectId_V1-2-3b6551b0f2848c54f911d6f91ca83d54-2337931741948552386-1250511116|True|(0, 0, 8.381903E-11)|(0.7071068, 0, 0, 0.7071067)|(1, 1, 1)
GlobalObjectId_V1-2-3b6551b0f2848c54f911d6f91ca83d54-2337931741948552386-127729888|True|(0, 0, 8.381903E-11)|(0.7071068, 0, 0, 0.7071067)|(1, 1, 1)
GlobalObjectId_V1-2-3b6551b0f2848c54f911d6f91ca83d54-2337931741948552386-1897079065|True|(0, 0, 8.381903E-11)|(0.7071068, 0, 0, 0.7071067)|(1, 1, 1)
GlobalObjectId_V1-2-3b6551b0f2848c54f911d6f91ca83d54-2337931741948552386-2070896708|True|(0, 0, 8.381903E-11)|(0.7071068, 0, 0, 0.7071067)|(1, 1, 1)
GlobalObjectId_V1-2-3b6551b0f2848c54f911d6f91ca83d54-2337931741948552386-383792707|True|(0, 0, 8.381903E-11)|(0.7071068, 0, 0, 0.7071067)|(1, 1, 1)
GlobalObjectId_V1-2-3b6551b0f2848c54f911d6f91ca83d54-2337931741948552386-393103402|True|(0, 0, 8.381903E-11)|(0.7071068, 0, 0, 0.7071067)|(1, 1, 1)
GlobalObjectId_V1-2-3b6551b0f2848c54f911d6f91ca83d54-2337931741948552386-566916451|True|(0, 0, 8.381903E-11)|(0.7071068, 0, 0, 0.7071067)|(1, 1, 1)
GlobalObjectId_V1-2-3b6551b0f2848c54f911d6f91ca83d54-2337931741948552386-965188316|True|(0, 0, 8.381903E-11)|(0.7071068, 0, 0, 0.7071067)|(1, 1, 1)
GlobalObjectId_V1-2-3b6551b0f2848c54f911d6f91ca83d54-2337931741948552386-969570616|True|(0, 0, 8.381903E-11)|(0.7071068, 0, 0, 0.7071067)|(1, 1, 1)
GlobalObjectId_V1-2-3b6551b0f2848c54f911d6f91ca83d54-2355097890145753905-102364267|{"MonoBehaviour":{"m_Enabled":true,"m_EditorHideFlags":0,"m_Name":"","m_EditorClassIdentifier":"Assembly-CSharp::IndianOceanAssets.ShooterSurvival.EnemyMovementController","eventMode":2,"moveSpeed":2.0,"patrolAcrossRoad":false,"moveAnimation":1,"targetPoint":{"instanceID":0},"hideWhileWaiting":true,"ambushEntrySide":0.0,"modelForwardYaw":0.0,"arrivalDistance":0.05000000074505806}}
GlobalObjectId_V1-2-3b6551b0f2848c54f911d6f91ca83d54-2355097890145753905-1292344884|{"MonoBehaviour":{"m_Enabled":true,"m_EditorHideFlags":0,"m_Name":"","m_EditorClassIdentifier":"Assembly-CSharp::IndianOceanAssets.ShooterSurvival.EnemyMovementController","eventMode":2,"moveSpeed":2.0,"patrolAcrossRoad":false,"moveAnimation":1,"targetPoint":{"instanceID":0},"hideWhileWaiting":true,"ambushEntrySide":0.0,"modelForwardYaw":0.0,"arrivalDistance":0.05000000074505806}}
GlobalObjectId_V1-2-3b6551b0f2848c54f911d6f91ca83d54-2355097890145753905-1373333524|{"MonoBehaviour":{"m_Enabled":true,"m_EditorHideFlags":0,"m_Name":"","m_EditorClassIdentifier":"Assembly-CSharp::IndianOceanAssets.ShooterSurvival.EnemyMovementController","eventMode":2,"moveSpeed":2.0,"patrolAcrossRoad":false,"moveAnimation":1,"targetPoint":{"instanceID":0},"hideWhileWaiting":true,"ambushEntrySide":0.0,"modelForwardYaw":0.0,"arrivalDistance":0.05000000074505806}}
GlobalObjectId_V1-2-3b6551b0f2848c54f911d6f91ca83d54-2355097890145753905-1438561251|{"MonoBehaviour":{"m_Enabled":true,"m_EditorHideFlags":0,"m_Name":"","m_EditorClassIdentifier":"Assembly-CSharp::IndianOceanAssets.ShooterSurvival.EnemyMovementController","eventMode":2,"moveSpeed":2.0,"patrolAcrossRoad":false,"moveAnimation":1,"targetPoint":{"instanceID":0},"hideWhileWaiting":true,"ambushEntrySide":0.0,"modelForwardYaw":0.0,"arrivalDistance":0.05000000074505806}}
GlobalObjectId_V1-2-3b6551b0f2848c54f911d6f91ca83d54-2355097890145753905-1440140284|{"MonoBehaviour":{"m_Enabled":true,"m_EditorHideFlags":0,"m_Name":"","m_EditorClassIdentifier":"Assembly-CSharp::IndianOceanAssets.ShooterSurvival.EnemyMovementController","eventMode":2,"moveSpeed":2.0,"patrolAcrossRoad":false,"moveAnimation":1,"targetPoint":{"instanceID":0},"hideWhileWaiting":true,"ambushEntrySide":0.0,"modelForwardYaw":0.0,"arrivalDistance":0.05000000074505806}}
GlobalObjectId_V1-2-3b6551b0f2848c54f911d6f91ca83d54-2355097890145753905-1720287995|{"MonoBehaviour":{"m_Enabled":true,"m_EditorHideFlags":0,"m_Name":"","m_EditorClassIdentifier":"Assembly-CSharp::IndianOceanAssets.ShooterSurvival.EnemyMovementController","eventMode":2,"moveSpeed":2.0,"patrolAcrossRoad":false,"moveAnimation":1,"targetPoint":{"instanceID":0},"hideWhileWaiting":true,"ambushEntrySide":0.0,"modelForwardYaw":0.0,"arrivalDistance":0.05000000074505806}}
GlobalObjectId_V1-2-3b6551b0f2848c54f911d6f91ca83d54-2355097890145753905-1731416885|{"MonoBehaviour":{"m_Enabled":true,"m_EditorHideFlags":0,"m_Name":"","m_EditorClassIdentifier":"Assembly-CSharp::IndianOceanAssets.ShooterSurvival.EnemyMovementController","eventMode":2,"moveSpeed":2.0,"patrolAcrossRoad":false,"moveAnimation":1,"targetPoint":{"instanceID":0},"hideWhileWaiting":true,"ambushEntrySide":0.0,"modelForwardYaw":0.0,"arrivalDistance":0.05000000074505806}}
GlobalObjectId_V1-2-3b6551b0f2848c54f911d6f91ca83d54-2355097890145753905-1743088012|{"MonoBehaviour":{"m_Enabled":true,"m_EditorHideFlags":0,"m_Name":"","m_EditorClassIdentifier":"Assembly-CSharp::IndianOceanAssets.ShooterSurvival.EnemyMovementController","eventMode":2,"moveSpeed":2.0,"patrolAcrossRoad":false,"moveAnimation":1,"targetPoint":{"instanceID":0},"hideWhileWaiting":true,"ambushEntrySide":0.0,"modelForwardYaw":0.0,"arrivalDistance":0.05000000074505806}}
GlobalObjectId_V1-2-3b6551b0f2848c54f911d6f91ca83d54-2355097890145753905-1839340559|{"MonoBehaviour":{"m_Enabled":true,"m_EditorHideFlags":0,"m_Name":"","m_EditorClassIdentifier":"Assembly-CSharp::IndianOceanAssets.ShooterSurvival.EnemyMovementController","eventMode":2,"moveSpeed":2.0,"patrolAcrossRoad":false,"moveAnimation":1,"targetPoint":{"instanceID":0},"hideWhileWaiting":true,"ambushEntrySide":0.0,"modelForwardYaw":0.0,"arrivalDistance":0.05000000074505806}}
GlobalObjectId_V1-2-3b6551b0f2848c54f911d6f91ca83d54-2355097890145753905-1891171245|{"MonoBehaviour":{"m_Enabled":true,"m_EditorHideFlags":0,"m_Name":"","m_EditorClassIdentifier":"Assembly-CSharp::IndianOceanAssets.ShooterSurvival.EnemyMovementController","eventMode":2,"moveSpeed":2.0,"patrolAcrossRoad":false,"moveAnimation":1,"targetPoint":{"instanceID":0},"hideWhileWaiting":true,"ambushEntrySide":0.0,"modelForwardYaw":0.0,"arrivalDistance":0.05000000074505806}}
GlobalObjectId_V1-2-3b6551b0f2848c54f911d6f91ca83d54-2355097890145753905-2037949663|{"MonoBehaviour":{"m_Enabled":true,"m_EditorHideFlags":0,"m_Name":"","m_EditorClassIdentifier":"Assembly-CSharp::IndianOceanAssets.ShooterSurvival.EnemyMovementController","eventMode":2,"moveSpeed":2.0,"patrolAcrossRoad":false,"moveAnimation":1,"targetPoint":{"instanceID":0},"hideWhileWaiting":true,"ambushEntrySide":0.0,"modelForwardYaw":0.0,"arrivalDistance":0.05000000074505806}}
GlobalObjectId_V1-2-3b6551b0f2848c54f911d6f91ca83d54-2355097890145753905-445778215|{"MonoBehaviour":{"m_Enabled":true,"m_EditorHideFlags":0,"m_Name":"","m_EditorClassIdentifier":"Assembly-CSharp::IndianOceanAssets.ShooterSurvival.EnemyMovementController","eventMode":2,"moveSpeed":2.0,"patrolAcrossRoad":false,"moveAnimation":1,"targetPoint":{"instanceID":0},"hideWhileWaiting":true,"ambushEntrySide":0.0,"modelForwardYaw":0.0,"arrivalDistance":0.05000000074505806}}
GlobalObjectId_V1-2-3b6551b0f2848c54f911d6f91ca83d54-2355097890145753905-609294204|{"MonoBehaviour":{"m_Enabled":true,"m_EditorHideFlags":0,"m_Name":"","m_EditorClassIdentifier":"Assembly-CSharp::IndianOceanAssets.ShooterSurvival.EnemyMovementController","eventMode":2,"moveSpeed":2.0,"patrolAcrossRoad":false,"moveAnimation":1,"targetPoint":{"instanceID":0},"hideWhileWaiting":true,"ambushEntrySide":0.0,"modelForwardYaw":0.0,"arrivalDistance":0.05000000074505806}}
GlobalObjectId_V1-2-3b6551b0f2848c54f911d6f91ca83d54-2355097890145753905-671187080|{"MonoBehaviour":{"m_Enabled":true,"m_EditorHideFlags":0,"m_Name":"","m_EditorClassIdentifier":"Assembly-CSharp::IndianOceanAssets.ShooterSurvival.EnemyMovementController","eventMode":2,"moveSpeed":2.0,"patrolAcrossRoad":false,"moveAnimation":1,"targetPoint":{"instanceID":0},"hideWhileWaiting":true,"ambushEntrySide":0.0,"modelForwardYaw":0.0,"arrivalDistance":0.05000000074505806}}
GlobalObjectId_V1-2-3b6551b0f2848c54f911d6f91ca83d54-2355097890145753905-711735091|{"MonoBehaviour":{"m_Enabled":true,"m_EditorHideFlags":0,"m_Name":"","m_EditorClassIdentifier":"Assembly-CSharp::IndianOceanAssets.ShooterSurvival.EnemyMovementController","eventMode":2,"moveSpeed":2.0,"patrolAcrossRoad":false,"moveAnimation":1,"targetPoint":{"instanceID":0},"hideWhileWaiting":true,"ambushEntrySide":0.0,"modelForwardYaw":0.0,"arrivalDistance":0.05000000074505806}}
GlobalObjectId_V1-2-3b6551b0f2848c54f911d6f91ca83d54-2355097890145753905-718252887|{"MonoBehaviour":{"m_Enabled":true,"m_EditorHideFlags":0,"m_Name":"","m_EditorClassIdentifier":"Assembly-CSharp::IndianOceanAssets.ShooterSurvival.EnemyMovementController","eventMode":2,"moveSpeed":2.0,"patrolAcrossRoad":false,"moveAnimation":1,"targetPoint":{"instanceID":0},"hideWhileWaiting":true,"ambushEntrySide":0.0,"modelForwardYaw":0.0,"arrivalDistance":0.05000000074505806}}
GlobalObjectId_V1-2-3b6551b0f2848c54f911d6f91ca83d54-235514315-0|True|(-18.9000244, 0.08, 443.7)|(0, 0, 0, 1)|(1, 1, 1)
GlobalObjectId_V1-2-3b6551b0f2848c54f911d6f91ca83d54-237465696-0|True|(-7.1, 0.1, 0)|(0, 0, 0, 1)|(0.2, 0.2, 20)
GlobalObjectId_V1-2-3b6551b0f2848c54f911d6f91ca83d54-238090805-0|True|(243.1, 0.08, 330.5)|(0, 0, 0, 1)|(1, 1, 1)
GlobalObjectId_V1-2-3b6551b0f2848c54f911d6f91ca83d54-2409674806676813113-1049486283|True|(1.0131771E-09, -0.0005999955, -0.000400000165)|(0, 0, 0, 1)|(0.009999995, 0.009999996, 0.009999999)
GlobalObjectId_V1-2-3b6551b0f2848c54f911d6f91ca83d54-2409674806676813113-126319019|True|(1.0131771E-09, -0.0005999955, -0.000400000165)|(0, 0, 0, 1)|(0.009999995, 0.009999996, 0.009999999)
GlobalObjectId_V1-2-3b6551b0f2848c54f911d6f91ca83d54-2409674806676813113-1481706251|True|(1.0131771E-09, -0.0005999955, -0.000400000165)|(0, 0, 0, 1)|(0.009999995, 0.009999996, 0.009999999)
GlobalObjectId_V1-2-3b6551b0f2848c54f911d6f91ca83d54-2409674806676813113-1592385703|True|(1.0131771E-09, -0.0005999955, -0.000400000165)|(0, 0, 0, 1)|(0.009999995, 0.009999996, 0.009999999)
GlobalObjectId_V1-2-3b6551b0f2848c54f911d6f91ca83d54-2409674806676813113-1661574985|True|(1.0131771E-09, -0.0005999955, -0.000400000165)|(0, 0, 0, 1)|(0.009999995, 0.009999996, 0.009999999)
GlobalObjectId_V1-2-3b6551b0f2848c54f911d6f91ca83d54-2409674806676813113-1902647294|True|(1.0131771E-09, -0.0005999955, -0.000400000165)|(0, 0, 0, 1)|(0.009999995, 0.009999996, 0.009999999)
GlobalObjectId_V1-2-3b6551b0f2848c54f911d6f91ca83d54-2409674806676813113-239339974|True|(1.0131771E-09, -0.0005999955, -0.000400000165)|(0, 0, 0, 1)|(0.009999995, 0.009999996, 0.009999999)
GlobalObjectId_V1-2-3b6551b0f2848c54f911d6f91ca83d54-2409674806676813113-350417267|True|(1.0131771E-09, -0.0005999955, -0.000400000165)|(0, 0, 0, 1)|(0.009999995, 0.009999996, 0.009999999)
GlobalObjectId_V1-2-3b6551b0f2848c54f911d6f91ca83d54-2409674806676813113-575299033|True|(1.0131771E-09, -0.0005999955, -0.000400000165)|(0, 0, 0, 1)|(0.009999995, 0.009999996, 0.009999999)
GlobalObjectId_V1-2-3b6551b0f2848c54f911d6f91ca83d54-2409674806676813113-834271436|True|(1.0131771E-09, -0.0005999955, -0.000400000165)|(0, 0, 0, 1)|(0.009999995, 0.009999996, 0.009999999)
GlobalObjectId_V1-2-3b6551b0f2848c54f911d6f91ca83d54-2422346357074314217-1191518710|True|(0, 0, 0)|(-0.7071068, 0, 0, 0.7071067)|(100, 100, 100)
GlobalObjectId_V1-2-3b6551b0f2848c54f911d6f91ca83d54-2422346357074314217-1212367565|True|(0, 0, 0)|(-0.7071068, 0, 0, 0.7071067)|(100, 100, 100)
GlobalObjectId_V1-2-3b6551b0f2848c54f911d6f91ca83d54-2422346357074314217-143777058|True|(0, 0, 0)|(-0.7071068, 0, 0, 0.7071067)|(100, 100, 100)
GlobalObjectId_V1-2-3b6551b0f2848c54f911d6f91ca83d54-2422346357074314217-1542002196|True|(0, 0, 0)|(-0.7071068, 0, 0, 0.7071067)|(100, 100, 100)
GlobalObjectId_V1-2-3b6551b0f2848c54f911d6f91ca83d54-2422346357074314217-2024003042|True|(0, 0, 0)|(-0.7071068, 0, 0, 0.7071067)|(100, 100, 100)
GlobalObjectId_V1-2-3b6551b0f2848c54f911d6f91ca83d54-2422346357074314217-306864247|True|(0, 0, 0)|(-0.7071068, 0, 0, 0.7071067)|(100, 100, 100)
GlobalObjectId_V1-2-3b6551b0f2848c54f911d6f91ca83d54-2422346357074314217-309737671|True|(0, 0, 0)|(-0.7071068, 0, 0, 0.7071067)|(100, 100, 100)
GlobalObjectId_V1-2-3b6551b0f2848c54f911d6f91ca83d54-2422346357074314217-312149901|True|(0, 0, 0)|(-0.7071068, 0, 0, 0.7071067)|(100, 100, 100)
GlobalObjectId_V1-2-3b6551b0f2848c54f911d6f91ca83d54-2422346357074314217-857919492|True|(0, 0, 0)|(-0.7071068, 0, 0, 0.7071067)|(100, 100, 100)
GlobalObjectId_V1-2-3b6551b0f2848c54f911d6f91ca83d54-2422346357074314217-986728857|True|(0, 0, 0)|(-0.7071068, 0, 0, 0.7071067)|(100, 100, 100)
GlobalObjectId_V1-2-3b6551b0f2848c54f911d6f91ca83d54-2439564918411938331-1120997898|True|(-1.60932531E-10, 0.00143999979, -1.86517449E-17)|(-0.608287156, 4.422812E-08, 2.802861E-08, 0.793717)|(1, 1, 1)
GlobalObjectId_V1-2-3b6551b0f2848c54f911d6f91ca83d54-2439564918411938331-1378066733|True|(-1.60932531E-10, 0.00143999979, -1.86517449E-17)|(-0.608287156, 4.422812E-08, 2.802861E-08, 0.793717)|(1, 1, 1)
GlobalObjectId_V1-2-3b6551b0f2848c54f911d6f91ca83d54-2439564918411938331-1387022782|True|(-1.60932531E-10, 0.00143999979, -1.86517449E-17)|(-0.608287156, 4.422812E-08, 2.802861E-08, 0.793717)|(1, 1, 1)
GlobalObjectId_V1-2-3b6551b0f2848c54f911d6f91ca83d54-2439564918411938331-1556813190|True|(-1.60932531E-10, 0.00143999979, -1.86517449E-17)|(-0.608287156, 4.422812E-08, 2.802861E-08, 0.793717)|(1, 1, 1)
GlobalObjectId_V1-2-3b6551b0f2848c54f911d6f91ca83d54-2439564918411938331-161863763|True|(-1.60932531E-10, 0.00143999979, -1.86517449E-17)|(-0.608287156, 4.422812E-08, 2.802861E-08, 0.793717)|(1, 1, 1)
GlobalObjectId_V1-2-3b6551b0f2848c54f911d6f91ca83d54-2439564918411938331-305648292|True|(-1.60932531E-10, 0.00143999979, -1.86517449E-17)|(-0.608287156, 4.422812E-08, 2.802861E-08, 0.793717)|(1, 1, 1)
GlobalObjectId_V1-2-3b6551b0f2848c54f911d6f91ca83d54-2439564918411938331-404936451|True|(-1.60932531E-10, 0.00143999979, -1.86517449E-17)|(-0.608287156, 4.422812E-08, 2.802861E-08, 0.793717)|(1, 1, 1)
GlobalObjectId_V1-2-3b6551b0f2848c54f911d6f91ca83d54-2439564918411938331-501866861|True|(-1.60932531E-10, 0.00143999979, -1.86517449E-17)|(-0.608287156, 4.422812E-08, 2.802861E-08, 0.793717)|(1, 1, 1)
GlobalObjectId_V1-2-3b6551b0f2848c54f911d6f91ca83d54-2439564918411938331-692789032|True|(-1.60932531E-10, 0.00143999979, -1.86517449E-17)|(-0.608287156, 4.422812E-08, 2.802861E-08, 0.793717)|(1, 1, 1)
GlobalObjectId_V1-2-3b6551b0f2848c54f911d6f91ca83d54-2439564918411938331-892891150|True|(-1.60932531E-10, 0.00143999979, -1.86517449E-17)|(-0.608287156, 4.422812E-08, 2.802861E-08, 0.793717)|(1, 1, 1)
GlobalObjectId_V1-2-3b6551b0f2848c54f911d6f91ca83d54-246462228-0|True|(-7.1, 0.1, 0)|(0, 0, 0, 1)|(0.2, 0.2, 20)
GlobalObjectId_V1-2-3b6551b0f2848c54f911d6f91ca83d54-2496771717450359156-1173330560|True|(0, 0, 0)|(0, 0, 0, 1)|(1, 1, 1)
GlobalObjectId_V1-2-3b6551b0f2848c54f911d6f91ca83d54-2496771717450359156-1182477075|True|(0, 0, 0)|(0, 0, 0, 1)|(1, 1, 1)
GlobalObjectId_V1-2-3b6551b0f2848c54f911d6f91ca83d54-2496771717450359156-1360688019|True|(0, 0, 0)|(0, 0, 0, 1)|(1, 1, 1)
GlobalObjectId_V1-2-3b6551b0f2848c54f911d6f91ca83d54-2496771717450359156-1492346203|True|(0, 0, 0)|(0, 0, 0, 1)|(1, 1, 1)
GlobalObjectId_V1-2-3b6551b0f2848c54f911d6f91ca83d54-2496771717450359156-1547711435|True|(0, 0, 0)|(0, 0, 0, 1)|(1, 1, 1)
GlobalObjectId_V1-2-3b6551b0f2848c54f911d6f91ca83d54-2496771717450359156-1561759250|True|(0, 0, 0)|(0, 0, 0, 1)|(1, 1, 1)
GlobalObjectId_V1-2-3b6551b0f2848c54f911d6f91ca83d54-2496771717450359156-159707184|True|(0, 0, 0)|(0, 0, 0, 1)|(1, 1, 1)
GlobalObjectId_V1-2-3b6551b0f2848c54f911d6f91ca83d54-2496771717450359156-1640366800|True|(0, 0, 0)|(0, 0, 0, 1)|(1, 1, 1)
GlobalObjectId_V1-2-3b6551b0f2848c54f911d6f91ca83d54-2496771717450359156-1689510488|True|(0, 0, 0)|(0, 0, 0, 1)|(1, 1, 1)
GlobalObjectId_V1-2-3b6551b0f2848c54f911d6f91ca83d54-2496771717450359156-519420759|True|(0, 0, 0)|(0, 0, 0, 1)|(1, 1, 1)
GlobalObjectId_V1-2-3b6551b0f2848c54f911d6f91ca83d54-2535498079640085191-1025319220|True|(-0.183540016, 3.7252903E-09, 0)|(0, 0, 0, 1)|(1, 1, 1)
GlobalObjectId_V1-2-3b6551b0f2848c54f911d6f91ca83d54-2535498079640085191-1076637211|True|(-0.183540016, 3.7252903E-09, 0)|(0, 0, 0, 1)|(1, 1, 1)
GlobalObjectId_V1-2-3b6551b0f2848c54f911d6f91ca83d54-2535498079640085191-1123370063|True|(-0.183540016, 3.7252903E-09, 0)|(0, 0, 0, 1)|(1, 1, 1)
GlobalObjectId_V1-2-3b6551b0f2848c54f911d6f91ca83d54-2535498079640085191-1138517293|True|(-0.183540016, 3.7252903E-09, 0)|(0, 0, 0, 1)|(1, 1, 1)
GlobalObjectId_V1-2-3b6551b0f2848c54f911d6f91ca83d54-2535498079640085191-1145818399|True|(-0.183540016, 3.7252903E-09, 0)|(0, 0, 0, 1)|(1, 1, 1)
GlobalObjectId_V1-2-3b6551b0f2848c54f911d6f91ca83d54-2535498079640085191-1148386096|True|(-0.183540016, 3.7252903E-09, 0)|(0, 0, 0, 1)|(1, 1, 1)
GlobalObjectId_V1-2-3b6551b0f2848c54f911d6f91ca83d54-2535498079640085191-1157908847|True|(-0.183540016, 3.7252903E-09, 0)|(0, 0, 0, 1)|(1, 1, 1)
GlobalObjectId_V1-2-3b6551b0f2848c54f911d6f91ca83d54-2535498079640085191-117525737|True|(-0.183540016, 3.7252903E-09, 0)|(0, 0, 0, 1)|(1, 1, 1)
GlobalObjectId_V1-2-3b6551b0f2848c54f911d6f91ca83d54-2535498079640085191-1211572864|True|(-0.183540016, 3.7252903E-09, 0)|(0, 0, 0, 1)|(1, 1, 1)
GlobalObjectId_V1-2-3b6551b0f2848c54f911d6f91ca83d54-2535498079640085191-1261995047|True|(-0.183540016, 3.7252903E-09, 0)|(0, 0, 0, 1)|(1, 1, 1)
GlobalObjectId_V1-2-3b6551b0f2848c54f911d6f91ca83d54-2535498079640085191-1273560124|True|(-0.183540016, 3.7252903E-09, 0)|(0, 0, 0, 1)|(1, 1, 1)
GlobalObjectId_V1-2-3b6551b0f2848c54f911d6f91ca83d54-2535498079640085191-1341893445|True|(-0.183540016, 3.7252903E-09, 0)|(0, 0, 0, 1)|(1, 1, 1)
GlobalObjectId_V1-2-3b6551b0f2848c54f911d6f91ca83d54-2535498079640085191-1577023816|True|(-0.183540016, 3.7252903E-09, 0)|(0, 0, 0, 1)|(1, 1, 1)
GlobalObjectId_V1-2-3b6551b0f2848c54f911d6f91ca83d54-2535498079640085191-1609908011|True|(-0.183540016, 3.7252903E-09, 0)|(0, 0, 0, 1)|(1, 1, 1)
GlobalObjectId_V1-2-3b6551b0f2848c54f911d6f91ca83d54-2535498079640085191-1654698043|True|(-0.183540016, 3.7252903E-09, 0)|(0, 0, 0, 1)|(1, 1, 1)
GlobalObjectId_V1-2-3b6551b0f2848c54f911d6f91ca83d54-2535498079640085191-1725634851|True|(-0.183540016, 3.7252903E-09, 0)|(0, 0, 0, 1)|(1, 1, 1)
GlobalObjectId_V1-2-3b6551b0f2848c54f911d6f91ca83d54-2535498079640085191-178552251|True|(-0.183540016, 3.7252903E-09, 0)|(0, 0, 0, 1)|(1, 1, 1)
GlobalObjectId_V1-2-3b6551b0f2848c54f911d6f91ca83d54-2535498079640085191-1804972047|True|(-0.183540016, 3.7252903E-09, 0)|(0, 0, 0, 1)|(1, 1, 1)
GlobalObjectId_V1-2-3b6551b0f2848c54f911d6f91ca83d54-2535498079640085191-1819624870|True|(-0.183540016, 3.7252903E-09, 0)|(0, 0, 0, 1)|(1, 1, 1)
GlobalObjectId_V1-2-3b6551b0f2848c54f911d6f91ca83d54-2535498079640085191-1866442031|True|(-0.183540016, 3.7252903E-09, 0)|(0, 0, 0, 1)|(1, 1, 1)
GlobalObjectId_V1-2-3b6551b0f2848c54f911d6f91ca83d54-2535498079640085191-1970165663|True|(-0.183540016, 3.7252903E-09, 0)|(0, 0, 0, 1)|(1, 1, 1)
GlobalObjectId_V1-2-3b6551b0f2848c54f911d6f91ca83d54-2535498079640085191-2024084545|True|(-0.183540016, 3.7252903E-09, 0)|(0, 0, 0, 1)|(1, 1, 1)
GlobalObjectId_V1-2-3b6551b0f2848c54f911d6f91ca83d54-2535498079640085191-2026501014|True|(-0.183540016, 3.7252903E-09, 0)|(0, 0, 0, 1)|(1, 1, 1)
GlobalObjectId_V1-2-3b6551b0f2848c54f911d6f91ca83d54-2535498079640085191-2039403610|True|(-0.183540016, 3.7252903E-09, 0)|(0, 0, 0, 1)|(1, 1, 1)
GlobalObjectId_V1-2-3b6551b0f2848c54f911d6f91ca83d54-2535498079640085191-2040492614|True|(-0.183540016, 3.7252903E-09, 0)|(0, 0, 0, 1)|(1, 1, 1)
GlobalObjectId_V1-2-3b6551b0f2848c54f911d6f91ca83d54-2535498079640085191-2056561579|True|(-0.183540016, 3.7252903E-09, 0)|(0, 0, 0, 1)|(1, 1, 1)
GlobalObjectId_V1-2-3b6551b0f2848c54f911d6f91ca83d54-2535498079640085191-2059838410|True|(-0.183540016, 3.7252903E-09, 0)|(0, 0, 0, 1)|(1, 1, 1)
GlobalObjectId_V1-2-3b6551b0f2848c54f911d6f91ca83d54-2535498079640085191-220756394|True|(-0.183540016, 3.7252903E-09, 0)|(0, 0, 0, 1)|(1, 1, 1)
GlobalObjectId_V1-2-3b6551b0f2848c54f911d6f91ca83d54-2535498079640085191-241495691|True|(-0.183540016, 3.7252903E-09, 0)|(0, 0, 0, 1)|(1, 1, 1)
GlobalObjectId_V1-2-3b6551b0f2848c54f911d6f91ca83d54-2535498079640085191-243786568|True|(-0.183540016, 3.7252903E-09, 0)|(0, 0, 0, 1)|(1, 1, 1)
GlobalObjectId_V1-2-3b6551b0f2848c54f911d6f91ca83d54-2535498079640085191-27082819|True|(-0.183540016, 3.7252903E-09, 0)|(0, 0, 0, 1)|(1, 1, 1)
GlobalObjectId_V1-2-3b6551b0f2848c54f911d6f91ca83d54-2535498079640085191-287385670|True|(-0.183540016, 3.7252903E-09, 0)|(0, 0, 0, 1)|(1, 1, 1)
GlobalObjectId_V1-2-3b6551b0f2848c54f911d6f91ca83d54-2535498079640085191-308217777|True|(-0.183540016, 3.7252903E-09, 0)|(0, 0, 0, 1)|(1, 1, 1)
GlobalObjectId_V1-2-3b6551b0f2848c54f911d6f91ca83d54-2535498079640085191-31273311|True|(-0.183540016, 3.7252903E-09, 0)|(0, 0, 0, 1)|(1, 1, 1)
GlobalObjectId_V1-2-3b6551b0f2848c54f911d6f91ca83d54-2535498079640085191-343957928|True|(-0.183540016, 3.7252903E-09, 0)|(0, 0, 0, 1)|(1, 1, 1)
GlobalObjectId_V1-2-3b6551b0f2848c54f911d6f91ca83d54-2535498079640085191-396161643|True|(-0.183540016, 3.7252903E-09, 0)|(0, 0, 0, 1)|(1, 1, 1)
GlobalObjectId_V1-2-3b6551b0f2848c54f911d6f91ca83d54-2535498079640085191-426443221|True|(-0.183540016, 3.7252903E-09, 0)|(0, 0, 0, 1)|(1, 1, 1)
GlobalObjectId_V1-2-3b6551b0f2848c54f911d6f91ca83d54-2535498079640085191-458006385|True|(-0.183540016, 3.7252903E-09, 0)|(0, 0, 0, 1)|(1, 1, 1)
GlobalObjectId_V1-2-3b6551b0f2848c54f911d6f91ca83d54-2535498079640085191-502189609|True|(-0.183540016, 3.7252903E-09, 0)|(0, 0, 0, 1)|(1, 1, 1)
GlobalObjectId_V1-2-3b6551b0f2848c54f911d6f91ca83d54-2535498079640085191-502266823|True|(-0.183540016, 3.7252903E-09, 0)|(0, 0, 0, 1)|(1, 1, 1)
GlobalObjectId_V1-2-3b6551b0f2848c54f911d6f91ca83d54-2535498079640085191-593650449|True|(-0.183540016, 3.7252903E-09, 0)|(0, 0, 0, 1)|(1, 1, 1)
GlobalObjectId_V1-2-3b6551b0f2848c54f911d6f91ca83d54-2535498079640085191-600046749|True|(-0.183540016, 3.7252903E-09, 0)|(0, 0, 0, 1)|(1, 1, 1)
GlobalObjectId_V1-2-3b6551b0f2848c54f911d6f91ca83d54-2535498079640085191-656679930|True|(-0.183540016, 3.7252903E-09, 0)|(0, 0, 0, 1)|(1, 1, 1)
GlobalObjectId_V1-2-3b6551b0f2848c54f911d6f91ca83d54-2535498079640085191-680847915|True|(-0.183540016, 3.7252903E-09, 0)|(0, 0, 0, 1)|(1, 1, 1)
GlobalObjectId_V1-2-3b6551b0f2848c54f911d6f91ca83d54-2535498079640085191-731984814|True|(-0.183540016, 3.7252903E-09, 0)|(0, 0, 0, 1)|(1, 1, 1)
GlobalObjectId_V1-2-3b6551b0f2848c54f911d6f91ca83d54-2535498079640085191-754211584|True|(-0.183540016, 3.7252903E-09, 0)|(0, 0, 0, 1)|(1, 1, 1)
GlobalObjectId_V1-2-3b6551b0f2848c54f911d6f91ca83d54-2535498079640085191-859783628|True|(-0.183540016, 3.7252903E-09, 0)|(0, 0, 0, 1)|(1, 1, 1)
GlobalObjectId_V1-2-3b6551b0f2848c54f911d6f91ca83d54-2535498079640085191-878071367|True|(-0.183540016, 3.7252903E-09, 0)|(0, 0, 0, 1)|(1, 1, 1)
GlobalObjectId_V1-2-3b6551b0f2848c54f911d6f91ca83d54-2535498079640085191-956417833|True|(-0.183540016, 3.7252903E-09, 0)|(0, 0, 0, 1)|(1, 1, 1)
GlobalObjectId_V1-2-3b6551b0f2848c54f911d6f91ca83d54-2535498079640085191-975687593|True|(-0.183540016, 3.7252903E-09, 0)|(0, 0, 0, 1)|(1, 1, 1)
GlobalObjectId_V1-2-3b6551b0f2848c54f911d6f91ca83d54-2538644394704177332-1025319220|True|(0, 0.613, 0)|(0.7071068, 0, 0, 0.7071068)|(1.5660001, 1.5660001, 1)
GlobalObjectId_V1-2-3b6551b0f2848c54f911d6f91ca83d54-2538644394704177332-1076637211|True|(0, 0.613, 0)|(0.7071068, 0, 0, 0.7071068)|(1.5660001, 1.5660001, 1)
GlobalObjectId_V1-2-3b6551b0f2848c54f911d6f91ca83d54-2538644394704177332-1123370063|True|(0, 0.613, 0)|(0.7071068, 0, 0, 0.7071068)|(1.5660001, 1.5660001, 1)
GlobalObjectId_V1-2-3b6551b0f2848c54f911d6f91ca83d54-2538644394704177332-1138517293|True|(0, 0.613, 0)|(0.7071068, 0, 0, 0.7071068)|(1.5660001, 1.5660001, 1)
GlobalObjectId_V1-2-3b6551b0f2848c54f911d6f91ca83d54-2538644394704177332-1145818399|True|(0, 0.613, 0)|(0.7071068, 0, 0, 0.7071068)|(1.5660001, 1.5660001, 1)
GlobalObjectId_V1-2-3b6551b0f2848c54f911d6f91ca83d54-2538644394704177332-1148386096|True|(0, 0.613, 0)|(0.7071068, 0, 0, 0.7071068)|(1.5660001, 1.5660001, 1)
GlobalObjectId_V1-2-3b6551b0f2848c54f911d6f91ca83d54-2538644394704177332-1157908847|True|(0, 0.613, 0)|(0.7071068, 0, 0, 0.7071068)|(1.5660001, 1.5660001, 1)
GlobalObjectId_V1-2-3b6551b0f2848c54f911d6f91ca83d54-2538644394704177332-117525737|True|(0, 0.613, 0)|(0.7071068, 0, 0, 0.7071068)|(1.5660001, 1.5660001, 1)
GlobalObjectId_V1-2-3b6551b0f2848c54f911d6f91ca83d54-2538644394704177332-1211572864|True|(0, 0.613, 0)|(0.7071068, 0, 0, 0.7071068)|(1.5660001, 1.5660001, 1)
GlobalObjectId_V1-2-3b6551b0f2848c54f911d6f91ca83d54-2538644394704177332-1261995047|True|(0, 0.613, 0)|(0.7071068, 0, 0, 0.7071068)|(1.5660001, 1.5660001, 1)
GlobalObjectId_V1-2-3b6551b0f2848c54f911d6f91ca83d54-2538644394704177332-1273560124|True|(0, 0.613, 0)|(0.7071068, 0, 0, 0.7071068)|(1.5660001, 1.5660001, 1)
GlobalObjectId_V1-2-3b6551b0f2848c54f911d6f91ca83d54-2538644394704177332-1341893445|True|(0, 0.613, 0)|(0.7071068, 0, 0, 0.7071068)|(1.5660001, 1.5660001, 1)
GlobalObjectId_V1-2-3b6551b0f2848c54f911d6f91ca83d54-2538644394704177332-1577023816|True|(0, 0.613, 0)|(0.7071068, 0, 0, 0.7071068)|(1.5660001, 1.5660001, 1)
GlobalObjectId_V1-2-3b6551b0f2848c54f911d6f91ca83d54-2538644394704177332-1609908011|True|(0, 0.613, 0)|(0.7071068, 0, 0, 0.7071068)|(1.5660001, 1.5660001, 1)
GlobalObjectId_V1-2-3b6551b0f2848c54f911d6f91ca83d54-2538644394704177332-1654698043|True|(0, 0.613, 0)|(0.7071068, 0, 0, 0.7071068)|(1.5660001, 1.5660001, 1)
GlobalObjectId_V1-2-3b6551b0f2848c54f911d6f91ca83d54-2538644394704177332-1725634851|True|(0, 0.613, 0)|(0.7071068, 0, 0, 0.7071068)|(1.5660001, 1.5660001, 1)
GlobalObjectId_V1-2-3b6551b0f2848c54f911d6f91ca83d54-2538644394704177332-178552251|True|(0, 0.613, 0)|(0.7071068, 0, 0, 0.7071068)|(1.5660001, 1.5660001, 1)
GlobalObjectId_V1-2-3b6551b0f2848c54f911d6f91ca83d54-2538644394704177332-1804972047|True|(0, 0.613, 0)|(0.7071068, 0, 0, 0.7071068)|(1.5660001, 1.5660001, 1)
GlobalObjectId_V1-2-3b6551b0f2848c54f911d6f91ca83d54-2538644394704177332-1819624870|True|(0, 0.613, 0)|(0.7071068, 0, 0, 0.7071068)|(1.5660001, 1.5660001, 1)
GlobalObjectId_V1-2-3b6551b0f2848c54f911d6f91ca83d54-2538644394704177332-1866442031|True|(0, 0.613, 0)|(0.7071068, 0, 0, 0.7071068)|(1.5660001, 1.5660001, 1)
GlobalObjectId_V1-2-3b6551b0f2848c54f911d6f91ca83d54-2538644394704177332-1970165663|True|(0, 0.613, 0)|(0.7071068, 0, 0, 0.7071068)|(1.5660001, 1.5660001, 1)
GlobalObjectId_V1-2-3b6551b0f2848c54f911d6f91ca83d54-2538644394704177332-2024084545|True|(0, 0.613, 0)|(0.7071068, 0, 0, 0.7071068)|(1.5660001, 1.5660001, 1)
GlobalObjectId_V1-2-3b6551b0f2848c54f911d6f91ca83d54-2538644394704177332-2026501014|True|(0, 0.613, 0)|(0.7071068, 0, 0, 0.7071068)|(1.5660001, 1.5660001, 1)
GlobalObjectId_V1-2-3b6551b0f2848c54f911d6f91ca83d54-2538644394704177332-2039403610|True|(0, 0.613, 0)|(0.7071068, 0, 0, 0.7071068)|(1.5660001, 1.5660001, 1)
GlobalObjectId_V1-2-3b6551b0f2848c54f911d6f91ca83d54-2538644394704177332-2040492614|True|(0, 0.613, 0)|(0.7071068, 0, 0, 0.7071068)|(1.5660001, 1.5660001, 1)
GlobalObjectId_V1-2-3b6551b0f2848c54f911d6f91ca83d54-2538644394704177332-2056561579|True|(0, 0.613, 0)|(0.7071068, 0, 0, 0.7071068)|(1.5660001, 1.5660001, 1)
GlobalObjectId_V1-2-3b6551b0f2848c54f911d6f91ca83d54-2538644394704177332-2059838410|True|(0, 0.613, 0)|(0.7071068, 0, 0, 0.7071068)|(1.5660001, 1.5660001, 1)
GlobalObjectId_V1-2-3b6551b0f2848c54f911d6f91ca83d54-2538644394704177332-220756394|True|(0, 0.613, 0)|(0.7071068, 0, 0, 0.7071068)|(1.5660001, 1.5660001, 1)
GlobalObjectId_V1-2-3b6551b0f2848c54f911d6f91ca83d54-2538644394704177332-241495691|True|(0, 0.613, 0)|(0.7071068, 0, 0, 0.7071068)|(1.5660001, 1.5660001, 1)
GlobalObjectId_V1-2-3b6551b0f2848c54f911d6f91ca83d54-2538644394704177332-243786568|True|(0, 0.613, 0)|(0.7071068, 0, 0, 0.7071068)|(1.5660001, 1.5660001, 1)
GlobalObjectId_V1-2-3b6551b0f2848c54f911d6f91ca83d54-2538644394704177332-27082819|True|(0, 0.613, 0)|(0.7071068, 0, 0, 0.7071068)|(1.5660001, 1.5660001, 1)
GlobalObjectId_V1-2-3b6551b0f2848c54f911d6f91ca83d54-2538644394704177332-287385670|True|(0, 0.613, 0)|(0.7071068, 0, 0, 0.7071068)|(1.5660001, 1.5660001, 1)
GlobalObjectId_V1-2-3b6551b0f2848c54f911d6f91ca83d54-2538644394704177332-308217777|True|(0, 0.613, 0)|(0.7071068, 0, 0, 0.7071068)|(1.5660001, 1.5660001, 1)
GlobalObjectId_V1-2-3b6551b0f2848c54f911d6f91ca83d54-2538644394704177332-31273311|True|(0, 0.613, 0)|(0.7071068, 0, 0, 0.7071068)|(1.5660001, 1.5660001, 1)
GlobalObjectId_V1-2-3b6551b0f2848c54f911d6f91ca83d54-2538644394704177332-343957928|True|(0, 0.613, 0)|(0.7071068, 0, 0, 0.7071068)|(1.5660001, 1.5660001, 1)
GlobalObjectId_V1-2-3b6551b0f2848c54f911d6f91ca83d54-2538644394704177332-396161643|True|(0, 0.613, 0)|(0.7071068, 0, 0, 0.7071068)|(1.5660001, 1.5660001, 1)
GlobalObjectId_V1-2-3b6551b0f2848c54f911d6f91ca83d54-2538644394704177332-426443221|True|(0, 0.613, 0)|(0.7071068, 0, 0, 0.7071068)|(1.5660001, 1.5660001, 1)
GlobalObjectId_V1-2-3b6551b0f2848c54f911d6f91ca83d54-2538644394704177332-458006385|True|(0, 0.613, 0)|(0.7071068, 0, 0, 0.7071068)|(1.5660001, 1.5660001, 1)
GlobalObjectId_V1-2-3b6551b0f2848c54f911d6f91ca83d54-2538644394704177332-502189609|True|(0, 0.613, 0)|(0.7071068, 0, 0, 0.7071068)|(1.5660001, 1.5660001, 1)
GlobalObjectId_V1-2-3b6551b0f2848c54f911d6f91ca83d54-2538644394704177332-502266823|True|(0, 0.613, 0)|(0.7071068, 0, 0, 0.7071068)|(1.5660001, 1.5660001, 1)
GlobalObjectId_V1-2-3b6551b0f2848c54f911d6f91ca83d54-2538644394704177332-593650449|True|(0, 0.613, 0)|(0.7071068, 0, 0, 0.7071068)|(1.5660001, 1.5660001, 1)
GlobalObjectId_V1-2-3b6551b0f2848c54f911d6f91ca83d54-2538644394704177332-600046749|True|(0, 0.613, 0)|(0.7071068, 0, 0, 0.7071068)|(1.5660001, 1.5660001, 1)
GlobalObjectId_V1-2-3b6551b0f2848c54f911d6f91ca83d54-2538644394704177332-656679930|True|(0, 0.613, 0)|(0.7071068, 0, 0, 0.7071068)|(1.5660001, 1.5660001, 1)
GlobalObjectId_V1-2-3b6551b0f2848c54f911d6f91ca83d54-2538644394704177332-680847915|True|(0, 0.613, 0)|(0.7071068, 0, 0, 0.7071068)|(1.5660001, 1.5660001, 1)
GlobalObjectId_V1-2-3b6551b0f2848c54f911d6f91ca83d54-2538644394704177332-731984814|True|(0, 0.613, 0)|(0.7071068, 0, 0, 0.7071068)|(1.5660001, 1.5660001, 1)
GlobalObjectId_V1-2-3b6551b0f2848c54f911d6f91ca83d54-2538644394704177332-754211584|True|(0, 0.613, 0)|(0.7071068, 0, 0, 0.7071068)|(1.5660001, 1.5660001, 1)
GlobalObjectId_V1-2-3b6551b0f2848c54f911d6f91ca83d54-2538644394704177332-859783628|True|(0, 0.613, 0)|(0.7071068, 0, 0, 0.7071068)|(1.5660001, 1.5660001, 1)
GlobalObjectId_V1-2-3b6551b0f2848c54f911d6f91ca83d54-2538644394704177332-878071367|True|(0, 0.613, 0)|(0.7071068, 0, 0, 0.7071068)|(1.5660001, 1.5660001, 1)
GlobalObjectId_V1-2-3b6551b0f2848c54f911d6f91ca83d54-2538644394704177332-956417833|True|(0, 0.613, 0)|(0.7071068, 0, 0, 0.7071068)|(1.5660001, 1.5660001, 1)
GlobalObjectId_V1-2-3b6551b0f2848c54f911d6f91ca83d54-2538644394704177332-975687593|True|(0, 0.613, 0)|(0.7071068, 0, 0, 0.7071068)|(1.5660001, 1.5660001, 1)
GlobalObjectId_V1-2-3b6551b0f2848c54f911d6f91ca83d54-2632618950881742391-1025319220|True|(0, 0, 0)|(0.7071068, 0, 0, 0.7071068)|(1.22040009, 1.22040009, 1)
GlobalObjectId_V1-2-3b6551b0f2848c54f911d6f91ca83d54-2632618950881742391-1076637211|True|(0, 0, 0)|(0.7071068, 0, 0, 0.7071068)|(1.22040009, 1.22040009, 1)
GlobalObjectId_V1-2-3b6551b0f2848c54f911d6f91ca83d54-2632618950881742391-1123370063|True|(0, 0, 0)|(0.7071068, 0, 0, 0.7071068)|(1.22040009, 1.22040009, 1)
GlobalObjectId_V1-2-3b6551b0f2848c54f911d6f91ca83d54-2632618950881742391-1138517293|True|(0, 0, 0)|(0.7071068, 0, 0, 0.7071068)|(1.22040009, 1.22040009, 1)
GlobalObjectId_V1-2-3b6551b0f2848c54f911d6f91ca83d54-2632618950881742391-1145818399|True|(0, 0, 0)|(0.7071068, 0, 0, 0.7071068)|(1.22040009, 1.22040009, 1)
GlobalObjectId_V1-2-3b6551b0f2848c54f911d6f91ca83d54-2632618950881742391-1148386096|True|(0, 0, 0)|(0.7071068, 0, 0, 0.7071068)|(1.22040009, 1.22040009, 1)
GlobalObjectId_V1-2-3b6551b0f2848c54f911d6f91ca83d54-2632618950881742391-1157908847|True|(0, 0, 0)|(0.7071068, 0, 0, 0.7071068)|(1.22040009, 1.22040009, 1)
GlobalObjectId_V1-2-3b6551b0f2848c54f911d6f91ca83d54-2632618950881742391-117525737|True|(0, 0, 0)|(0.7071068, 0, 0, 0.7071068)|(1.22040009, 1.22040009, 1)
GlobalObjectId_V1-2-3b6551b0f2848c54f911d6f91ca83d54-2632618950881742391-1211572864|True|(0, 0, 0)|(0.7071068, 0, 0, 0.7071068)|(1.22040009, 1.22040009, 1)
GlobalObjectId_V1-2-3b6551b0f2848c54f911d6f91ca83d54-2632618950881742391-1261995047|True|(0, 0, 0)|(0.7071068, 0, 0, 0.7071068)|(1.22040009, 1.22040009, 1)
GlobalObjectId_V1-2-3b6551b0f2848c54f911d6f91ca83d54-2632618950881742391-1273560124|True|(0, 0, 0)|(0.7071068, 0, 0, 0.7071068)|(1.22040009, 1.22040009, 1)
GlobalObjectId_V1-2-3b6551b0f2848c54f911d6f91ca83d54-2632618950881742391-1341893445|True|(0, 0, 0)|(0.7071068, 0, 0, 0.7071068)|(1.22040009, 1.22040009, 1)
GlobalObjectId_V1-2-3b6551b0f2848c54f911d6f91ca83d54-2632618950881742391-1577023816|True|(0, 0, 0)|(0.7071068, 0, 0, 0.7071068)|(1.22040009, 1.22040009, 1)
GlobalObjectId_V1-2-3b6551b0f2848c54f911d6f91ca83d54-2632618950881742391-1609908011|True|(0, 0, 0)|(0.7071068, 0, 0, 0.7071068)|(1.22040009, 1.22040009, 1)
GlobalObjectId_V1-2-3b6551b0f2848c54f911d6f91ca83d54-2632618950881742391-1654698043|True|(0, 0, 0)|(0.7071068, 0, 0, 0.7071068)|(1.22040009, 1.22040009, 1)
GlobalObjectId_V1-2-3b6551b0f2848c54f911d6f91ca83d54-2632618950881742391-1725634851|True|(0, 0, 0)|(0.7071068, 0, 0, 0.7071068)|(1.22040009, 1.22040009, 1)
GlobalObjectId_V1-2-3b6551b0f2848c54f911d6f91ca83d54-2632618950881742391-178552251|True|(0, 0, 0)|(0.7071068, 0, 0, 0.7071068)|(1.22040009, 1.22040009, 1)
GlobalObjectId_V1-2-3b6551b0f2848c54f911d6f91ca83d54-2632618950881742391-1804972047|True|(0, 0, 0)|(0.7071068, 0, 0, 0.7071068)|(1.22040009, 1.22040009, 1)
GlobalObjectId_V1-2-3b6551b0f2848c54f911d6f91ca83d54-2632618950881742391-1819624870|True|(0, 0, 0)|(0.7071068, 0, 0, 0.7071068)|(1.22040009, 1.22040009, 1)
GlobalObjectId_V1-2-3b6551b0f2848c54f911d6f91ca83d54-2632618950881742391-1866442031|True|(0, 0, 0)|(0.7071068, 0, 0, 0.7071068)|(1.22040009, 1.22040009, 1)
GlobalObjectId_V1-2-3b6551b0f2848c54f911d6f91ca83d54-2632618950881742391-1970165663|True|(0, 0, 0)|(0.7071068, 0, 0, 0.7071068)|(1.22040009, 1.22040009, 1)
GlobalObjectId_V1-2-3b6551b0f2848c54f911d6f91ca83d54-2632618950881742391-2024084545|True|(0, 0, 0)|(0.7071068, 0, 0, 0.7071068)|(1.22040009, 1.22040009, 1)
GlobalObjectId_V1-2-3b6551b0f2848c54f911d6f91ca83d54-2632618950881742391-2026501014|True|(0, 0, 0)|(0.7071068, 0, 0, 0.7071068)|(1.22040009, 1.22040009, 1)
GlobalObjectId_V1-2-3b6551b0f2848c54f911d6f91ca83d54-2632618950881742391-2039403610|True|(0, 0, 0)|(0.7071068, 0, 0, 0.7071068)|(1.22040009, 1.22040009, 1)
GlobalObjectId_V1-2-3b6551b0f2848c54f911d6f91ca83d54-2632618950881742391-2040492614|True|(0, 0, 0)|(0.7071068, 0, 0, 0.7071068)|(1.22040009, 1.22040009, 1)
GlobalObjectId_V1-2-3b6551b0f2848c54f911d6f91ca83d54-2632618950881742391-2056561579|True|(0, 0, 0)|(0.7071068, 0, 0, 0.7071068)|(1.22040009, 1.22040009, 1)
GlobalObjectId_V1-2-3b6551b0f2848c54f911d6f91ca83d54-2632618950881742391-2059838410|True|(0, 0, 0)|(0.7071068, 0, 0, 0.7071068)|(1.22040009, 1.22040009, 1)
GlobalObjectId_V1-2-3b6551b0f2848c54f911d6f91ca83d54-2632618950881742391-220756394|True|(0, 0, 0)|(0.7071068, 0, 0, 0.7071068)|(1.22040009, 1.22040009, 1)
GlobalObjectId_V1-2-3b6551b0f2848c54f911d6f91ca83d54-2632618950881742391-241495691|True|(0, 0, 0)|(0.7071068, 0, 0, 0.7071068)|(1.22040009, 1.22040009, 1)
GlobalObjectId_V1-2-3b6551b0f2848c54f911d6f91ca83d54-2632618950881742391-243786568|True|(0, 0, 0)|(0.7071068, 0, 0, 0.7071068)|(1.22040009, 1.22040009, 1)
GlobalObjectId_V1-2-3b6551b0f2848c54f911d6f91ca83d54-2632618950881742391-27082819|True|(0, 0, 0)|(0.7071068, 0, 0, 0.7071068)|(1.22040009, 1.22040009, 1)
GlobalObjectId_V1-2-3b6551b0f2848c54f911d6f91ca83d54-2632618950881742391-287385670|True|(0, 0, 0)|(0.7071068, 0, 0, 0.7071068)|(1.22040009, 1.22040009, 1)
GlobalObjectId_V1-2-3b6551b0f2848c54f911d6f91ca83d54-2632618950881742391-308217777|True|(0, 0, 0)|(0.7071068, 0, 0, 0.7071068)|(1.22040009, 1.22040009, 1)
GlobalObjectId_V1-2-3b6551b0f2848c54f911d6f91ca83d54-2632618950881742391-31273311|True|(0, 0, 0)|(0.7071068, 0, 0, 0.7071068)|(1.22040009, 1.22040009, 1)
GlobalObjectId_V1-2-3b6551b0f2848c54f911d6f91ca83d54-2632618950881742391-343957928|True|(0, 0, 0)|(0.7071068, 0, 0, 0.7071068)|(1.22040009, 1.22040009, 1)
GlobalObjectId_V1-2-3b6551b0f2848c54f911d6f91ca83d54-2632618950881742391-396161643|True|(0, 0, 0)|(0.7071068, 0, 0, 0.7071068)|(1.22040009, 1.22040009, 1)
GlobalObjectId_V1-2-3b6551b0f2848c54f911d6f91ca83d54-2632618950881742391-426443221|True|(0, 0, 0)|(0.7071068, 0, 0, 0.7071068)|(1.22040009, 1.22040009, 1)
GlobalObjectId_V1-2-3b6551b0f2848c54f911d6f91ca83d54-2632618950881742391-458006385|True|(0, 0, 0)|(0.7071068, 0, 0, 0.7071068)|(1.22040009, 1.22040009, 1)
GlobalObjectId_V1-2-3b6551b0f2848c54f911d6f91ca83d54-2632618950881742391-502189609|True|(0, 0, 0)|(0.7071068, 0, 0, 0.7071068)|(1.22040009, 1.22040009, 1)
GlobalObjectId_V1-2-3b6551b0f2848c54f911d6f91ca83d54-2632618950881742391-502266823|True|(0, 0, 0)|(0.7071068, 0, 0, 0.7071068)|(1.22040009, 1.22040009, 1)
GlobalObjectId_V1-2-3b6551b0f2848c54f911d6f91ca83d54-2632618950881742391-593650449|True|(0, 0, 0)|(0.7071068, 0, 0, 0.7071068)|(1.22040009, 1.22040009, 1)
GlobalObjectId_V1-2-3b6551b0f2848c54f911d6f91ca83d54-2632618950881742391-600046749|True|(0, 0, 0)|(0.7071068, 0, 0, 0.7071068)|(1.22040009, 1.22040009, 1)
GlobalObjectId_V1-2-3b6551b0f2848c54f911d6f91ca83d54-2632618950881742391-656679930|True|(0, 0, 0)|(0.7071068, 0, 0, 0.7071068)|(1.22040009, 1.22040009, 1)
GlobalObjectId_V1-2-3b6551b0f2848c54f911d6f91ca83d54-2632618950881742391-680847915|True|(0, 0, 0)|(0.7071068, 0, 0, 0.7071068)|(1.22040009, 1.22040009, 1)
GlobalObjectId_V1-2-3b6551b0f2848c54f911d6f91ca83d54-2632618950881742391-731984814|True|(0, 0, 0)|(0.7071068, 0, 0, 0.7071068)|(1.22040009, 1.22040009, 1)
GlobalObjectId_V1-2-3b6551b0f2848c54f911d6f91ca83d54-2632618950881742391-754211584|True|(0, 0, 0)|(0.7071068, 0, 0, 0.7071068)|(1.22040009, 1.22040009, 1)
GlobalObjectId_V1-2-3b6551b0f2848c54f911d6f91ca83d54-2632618950881742391-859783628|True|(0, 0, 0)|(0.7071068, 0, 0, 0.7071068)|(1.22040009, 1.22040009, 1)
GlobalObjectId_V1-2-3b6551b0f2848c54f911d6f91ca83d54-2632618950881742391-878071367|True|(0, 0, 0)|(0.7071068, 0, 0, 0.7071068)|(1.22040009, 1.22040009, 1)
GlobalObjectId_V1-2-3b6551b0f2848c54f911d6f91ca83d54-2632618950881742391-956417833|True|(0, 0, 0)|(0.7071068, 0, 0, 0.7071068)|(1.22040009, 1.22040009, 1)
GlobalObjectId_V1-2-3b6551b0f2848c54f911d6f91ca83d54-2632618950881742391-975687593|True|(0, 0, 0)|(0.7071068, 0, 0, 0.7071068)|(1.22040009, 1.22040009, 1)
GlobalObjectId_V1-2-3b6551b0f2848c54f911d6f91ca83d54-268495418-0|True|(-100, 0, 584.300049)|(0, 0, 0, 1)|(1, 1, 1)
GlobalObjectId_V1-2-3b6551b0f2848c54f911d6f91ca83d54-2701731690332874496-1049486283|True|(-6.519258E-11, 0.00149267656, 2.42143861E-10)|(-0.09993867, 0.181984544, -0.1819846, 0.9611324)|(0.99999994, 1, 1)
GlobalObjectId_V1-2-3b6551b0f2848c54f911d6f91ca83d54-2701731690332874496-126319019|True|(-6.519258E-11, 0.00149267656, 2.42143861E-10)|(-0.09993867, 0.181984544, -0.1819846, 0.9611324)|(0.99999994, 1, 1)
GlobalObjectId_V1-2-3b6551b0f2848c54f911d6f91ca83d54-2701731690332874496-1481706251|True|(-6.519258E-11, 0.00149267656, 2.42143861E-10)|(-0.09993867, 0.181984544, -0.1819846, 0.9611324)|(0.99999994, 1, 1)
GlobalObjectId_V1-2-3b6551b0f2848c54f911d6f91ca83d54-2701731690332874496-1592385703|True|(-6.519258E-11, 0.00149267656, 2.42143861E-10)|(-0.09993867, 0.181984544, -0.1819846, 0.9611324)|(0.99999994, 1, 1)
GlobalObjectId_V1-2-3b6551b0f2848c54f911d6f91ca83d54-2701731690332874496-1661574985|True|(-6.519258E-11, 0.00149267656, 2.42143861E-10)|(-0.09993867, 0.181984544, -0.1819846, 0.9611324)|(0.99999994, 1, 1)
GlobalObjectId_V1-2-3b6551b0f2848c54f911d6f91ca83d54-2701731690332874496-1902647294|True|(-6.519258E-11, 0.00149267656, 2.42143861E-10)|(-0.09993867, 0.181984544, -0.1819846, 0.9611324)|(0.99999994, 1, 1)
GlobalObjectId_V1-2-3b6551b0f2848c54f911d6f91ca83d54-2701731690332874496-239339974|True|(-6.519258E-11, 0.00149267656, 2.42143861E-10)|(-0.09993867, 0.181984544, -0.1819846, 0.9611324)|(0.99999994, 1, 1)
GlobalObjectId_V1-2-3b6551b0f2848c54f911d6f91ca83d54-2701731690332874496-350417267|True|(-6.519258E-11, 0.00149267656, 2.42143861E-10)|(-0.09993867, 0.181984544, -0.1819846, 0.9611324)|(0.99999994, 1, 1)
GlobalObjectId_V1-2-3b6551b0f2848c54f911d6f91ca83d54-2701731690332874496-575299033|True|(-6.519258E-11, 0.00149267656, 2.42143861E-10)|(-0.09993867, 0.181984544, -0.1819846, 0.9611324)|(0.99999994, 1, 1)
GlobalObjectId_V1-2-3b6551b0f2848c54f911d6f91ca83d54-2701731690332874496-834271436|True|(-6.519258E-11, 0.00149267656, 2.42143861E-10)|(-0.09993867, 0.181984544, -0.1819846, 0.9611324)|(0.99999994, 1, 1)
GlobalObjectId_V1-2-3b6551b0f2848c54f911d6f91ca83d54-272267074671908259-1025319220|True|(0, 0.001, 0)|(0, 0, 0, 1)|(1, 1, 1)
GlobalObjectId_V1-2-3b6551b0f2848c54f911d6f91ca83d54-272267074671908259-1076637211|True|(0, 0.001, 0)|(0, 0, 0, 1)|(1, 1, 1)
GlobalObjectId_V1-2-3b6551b0f2848c54f911d6f91ca83d54-272267074671908259-1123370063|True|(0, 0.001, 0)|(0, 0, 0, 1)|(1, 1, 1)
GlobalObjectId_V1-2-3b6551b0f2848c54f911d6f91ca83d54-272267074671908259-1138517293|True|(0, 0.001, 0)|(0, 0, 0, 1)|(1, 1, 1)
GlobalObjectId_V1-2-3b6551b0f2848c54f911d6f91ca83d54-272267074671908259-1145818399|True|(0, 0.001, 0)|(0, 0, 0, 1)|(1, 1, 1)
GlobalObjectId_V1-2-3b6551b0f2848c54f911d6f91ca83d54-272267074671908259-1148386096|True|(0, 0.001, 0)|(0, 0, 0, 1)|(1, 1, 1)
GlobalObjectId_V1-2-3b6551b0f2848c54f911d6f91ca83d54-272267074671908259-1157908847|True|(0, 0.001, 0)|(0, 0, 0, 1)|(1, 1, 1)
GlobalObjectId_V1-2-3b6551b0f2848c54f911d6f91ca83d54-272267074671908259-117525737|True|(0, 0.001, 0)|(0, 0, 0, 1)|(1, 1, 1)
GlobalObjectId_V1-2-3b6551b0f2848c54f911d6f91ca83d54-272267074671908259-1211572864|True|(0, 0.001, 0)|(0, 0, 0, 1)|(1, 1, 1)
GlobalObjectId_V1-2-3b6551b0f2848c54f911d6f91ca83d54-272267074671908259-1261995047|True|(0, 0.001, 0)|(0, 0, 0, 1)|(1, 1, 1)
GlobalObjectId_V1-2-3b6551b0f2848c54f911d6f91ca83d54-272267074671908259-1273560124|True|(0, 0.001, 0)|(0, 0, 0, 1)|(1, 1, 1)
GlobalObjectId_V1-2-3b6551b0f2848c54f911d6f91ca83d54-272267074671908259-1341893445|True|(0, 0.001, 0)|(0, 0, 0, 1)|(1, 1, 1)
GlobalObjectId_V1-2-3b6551b0f2848c54f911d6f91ca83d54-272267074671908259-1577023816|True|(0, 0.001, 0)|(0, 0, 0, 1)|(1, 1, 1)
GlobalObjectId_V1-2-3b6551b0f2848c54f911d6f91ca83d54-272267074671908259-1609908011|True|(0, 0.001, 0)|(0, 0, 0, 1)|(1, 1, 1)
GlobalObjectId_V1-2-3b6551b0f2848c54f911d6f91ca83d54-272267074671908259-1654698043|True|(0, 0.001, 0)|(0, 0, 0, 1)|(1, 1, 1)
GlobalObjectId_V1-2-3b6551b0f2848c54f911d6f91ca83d54-272267074671908259-1725634851|True|(0, 0.001, 0)|(0, 0, 0, 1)|(1, 1, 1)
GlobalObjectId_V1-2-3b6551b0f2848c54f911d6f91ca83d54-272267074671908259-178552251|True|(0, 0.001, 0)|(0, 0, 0, 1)|(1, 1, 1)
GlobalObjectId_V1-2-3b6551b0f2848c54f911d6f91ca83d54-272267074671908259-1804972047|True|(0, 0.001, 0)|(0, 0, 0, 1)|(1, 1, 1)
GlobalObjectId_V1-2-3b6551b0f2848c54f911d6f91ca83d54-272267074671908259-1819624870|True|(0, 0.001, 0)|(0, 0, 0, 1)|(1, 1, 1)
GlobalObjectId_V1-2-3b6551b0f2848c54f911d6f91ca83d54-272267074671908259-1866442031|True|(0, 0.001, 0)|(0, 0, 0, 1)|(1, 1, 1)
GlobalObjectId_V1-2-3b6551b0f2848c54f911d6f91ca83d54-272267074671908259-1970165663|True|(0, 0.001, 0)|(0, 0, 0, 1)|(1, 1, 1)
GlobalObjectId_V1-2-3b6551b0f2848c54f911d6f91ca83d54-272267074671908259-2024084545|True|(0, 0.001, 0)|(0, 0, 0, 1)|(1, 1, 1)
GlobalObjectId_V1-2-3b6551b0f2848c54f911d6f91ca83d54-272267074671908259-2026501014|True|(0, 0.001, 0)|(0, 0, 0, 1)|(1, 1, 1)
GlobalObjectId_V1-2-3b6551b0f2848c54f911d6f91ca83d54-272267074671908259-2039403610|True|(0, 0.001, 0)|(0, 0, 0, 1)|(1, 1, 1)
GlobalObjectId_V1-2-3b6551b0f2848c54f911d6f91ca83d54-272267074671908259-2040492614|True|(0, 0.001, 0)|(0, 0, 0, 1)|(1, 1, 1)
GlobalObjectId_V1-2-3b6551b0f2848c54f911d6f91ca83d54-272267074671908259-2056561579|True|(0, 0.001, 0)|(0, 0, 0, 1)|(1, 1, 1)
GlobalObjectId_V1-2-3b6551b0f2848c54f911d6f91ca83d54-272267074671908259-2059838410|True|(0, 0.001, 0)|(0, 0, 0, 1)|(1, 1, 1)
GlobalObjectId_V1-2-3b6551b0f2848c54f911d6f91ca83d54-272267074671908259-220756394|True|(0, 0.001, 0)|(0, 0, 0, 1)|(1, 1, 1)
GlobalObjectId_V1-2-3b6551b0f2848c54f911d6f91ca83d54-272267074671908259-241495691|True|(0, 0.001, 0)|(0, 0, 0, 1)|(1, 1, 1)
GlobalObjectId_V1-2-3b6551b0f2848c54f911d6f91ca83d54-272267074671908259-243786568|True|(0, 0.001, 0)|(0, 0, 0, 1)|(1, 1, 1)
GlobalObjectId_V1-2-3b6551b0f2848c54f911d6f91ca83d54-272267074671908259-27082819|True|(0, 0.001, 0)|(0, 0, 0, 1)|(1, 1, 1)
GlobalObjectId_V1-2-3b6551b0f2848c54f911d6f91ca83d54-272267074671908259-287385670|True|(0, 0.001, 0)|(0, 0, 0, 1)|(1, 1, 1)
GlobalObjectId_V1-2-3b6551b0f2848c54f911d6f91ca83d54-272267074671908259-308217777|True|(0, 0.001, 0)|(0, 0, 0, 1)|(1, 1, 1)
GlobalObjectId_V1-2-3b6551b0f2848c54f911d6f91ca83d54-272267074671908259-31273311|True|(0, 0.001, 0)|(0, 0, 0, 1)|(1, 1, 1)
GlobalObjectId_V1-2-3b6551b0f2848c54f911d6f91ca83d54-272267074671908259-343957928|True|(0, 0.001, 0)|(0, 0, 0, 1)|(1, 1, 1)
GlobalObjectId_V1-2-3b6551b0f2848c54f911d6f91ca83d54-272267074671908259-396161643|True|(0, 0.001, 0)|(0, 0, 0, 1)|(1, 1, 1)
GlobalObjectId_V1-2-3b6551b0f2848c54f911d6f91ca83d54-272267074671908259-426443221|True|(0, 0.001, 0)|(0, 0, 0, 1)|(1, 1, 1)
GlobalObjectId_V1-2-3b6551b0f2848c54f911d6f91ca83d54-272267074671908259-458006385|True|(0, 0.001, 0)|(0, 0, 0, 1)|(1, 1, 1)
GlobalObjectId_V1-2-3b6551b0f2848c54f911d6f91ca83d54-272267074671908259-502189609|True|(0, 0.001, 0)|(0, 0, 0, 1)|(1, 1, 1)
GlobalObjectId_V1-2-3b6551b0f2848c54f911d6f91ca83d54-272267074671908259-502266823|True|(0, 0.001, 0)|(0, 0, 0, 1)|(1, 1, 1)
GlobalObjectId_V1-2-3b6551b0f2848c54f911d6f91ca83d54-272267074671908259-593650449|True|(0, 0.001, 0)|(0, 0, 0, 1)|(1, 1, 1)
GlobalObjectId_V1-2-3b6551b0f2848c54f911d6f91ca83d54-272267074671908259-600046749|True|(0, 0.001, 0)|(0, 0, 0, 1)|(1, 1, 1)
GlobalObjectId_V1-2-3b6551b0f2848c54f911d6f91ca83d54-272267074671908259-656679930|True|(0, 0.001, 0)|(0, 0, 0, 1)|(1, 1, 1)
GlobalObjectId_V1-2-3b6551b0f2848c54f911d6f91ca83d54-272267074671908259-680847915|True|(0, 0.001, 0)|(0, 0, 0, 1)|(1, 1, 1)
GlobalObjectId_V1-2-3b6551b0f2848c54f911d6f91ca83d54-272267074671908259-731984814|True|(0, 0.001, 0)|(0, 0, 0, 1)|(1, 1, 1)
GlobalObjectId_V1-2-3b6551b0f2848c54f911d6f91ca83d54-272267074671908259-754211584|True|(0, 0.001, 0)|(0, 0, 0, 1)|(1, 1, 1)
GlobalObjectId_V1-2-3b6551b0f2848c54f911d6f91ca83d54-272267074671908259-859783628|True|(0, 0.001, 0)|(0, 0, 0, 1)|(1, 1, 1)
GlobalObjectId_V1-2-3b6551b0f2848c54f911d6f91ca83d54-272267074671908259-878071367|True|(0, 0.001, 0)|(0, 0, 0, 1)|(1, 1, 1)
GlobalObjectId_V1-2-3b6551b0f2848c54f911d6f91ca83d54-272267074671908259-956417833|True|(0, 0.001, 0)|(0, 0, 0, 1)|(1, 1, 1)
GlobalObjectId_V1-2-3b6551b0f2848c54f911d6f91ca83d54-272267074671908259-975687593|True|(0, 0.001, 0)|(0, 0, 0, 1)|(1, 1, 1)
GlobalObjectId_V1-2-3b6551b0f2848c54f911d6f91ca83d54-2727736768341150526-1191518710|True|(0.00174999994, 0, 0)|(0.9871956, 0.112429567, 0.112429664, -0.0128045026)|(0.999996662, 0.9999998, 1)
GlobalObjectId_V1-2-3b6551b0f2848c54f911d6f91ca83d54-2727736768341150526-1212367565|True|(0.00174999994, 0, 0)|(0.9871956, 0.112429567, 0.112429664, -0.0128045026)|(0.999996662, 0.9999998, 1)
GlobalObjectId_V1-2-3b6551b0f2848c54f911d6f91ca83d54-2727736768341150526-143777058|True|(0.00174999994, 0, 0)|(0.9871956, 0.112429567, 0.112429664, -0.0128045026)|(0.999996662, 0.9999998, 1)
GlobalObjectId_V1-2-3b6551b0f2848c54f911d6f91ca83d54-2727736768341150526-1542002196|True|(0.00174999994, 0, 0)|(0.9871956, 0.112429567, 0.112429664, -0.0128045026)|(0.999996662, 0.9999998, 1)
GlobalObjectId_V1-2-3b6551b0f2848c54f911d6f91ca83d54-2727736768341150526-2024003042|True|(0.00174999994, 0, 0)|(0.9871956, 0.112429567, 0.112429664, -0.0128045026)|(0.999996662, 0.9999998, 1)
GlobalObjectId_V1-2-3b6551b0f2848c54f911d6f91ca83d54-2727736768341150526-306864247|True|(0.00174999994, 0, 0)|(0.9871956, 0.112429567, 0.112429664, -0.0128045026)|(0.999996662, 0.9999998, 1)
GlobalObjectId_V1-2-3b6551b0f2848c54f911d6f91ca83d54-2727736768341150526-309737671|True|(0.00174999994, 0, 0)|(0.9871956, 0.112429567, 0.112429664, -0.0128045026)|(0.999996662, 0.9999998, 1)
GlobalObjectId_V1-2-3b6551b0f2848c54f911d6f91ca83d54-2727736768341150526-312149901|True|(0.00174999994, 0, 0)|(0.9871956, 0.112429567, 0.112429664, -0.0128045026)|(0.999996662, 0.9999998, 1)
GlobalObjectId_V1-2-3b6551b0f2848c54f911d6f91ca83d54-2727736768341150526-857919492|True|(0.00174999994, 0, 0)|(0.9871956, 0.112429567, 0.112429664, -0.0128045026)|(0.999996662, 0.9999998, 1)
GlobalObjectId_V1-2-3b6551b0f2848c54f911d6f91ca83d54-2727736768341150526-986728857|True|(0.00174999994, 0, 0)|(0.9871956, 0.112429567, 0.112429664, -0.0128045026)|(0.999996662, 0.9999998, 1)
GlobalObjectId_V1-2-3b6551b0f2848c54f911d6f91ca83d54-275092613962425801-1025319220|True|(-0.004, 0.155, 0.002)|(7.53924951E-06, -0.004799631, -0.00157077773, 0.999987245)|(0.85, 0.045, 0.6)
GlobalObjectId_V1-2-3b6551b0f2848c54f911d6f91ca83d54-275092613962425801-1076637211|True|(-0.004, 0.155, 0.002)|(7.53924951E-06, -0.004799631, -0.00157077773, 0.999987245)|(0.85, 0.045, 0.6)
GlobalObjectId_V1-2-3b6551b0f2848c54f911d6f91ca83d54-275092613962425801-1123370063|True|(-0.004, 0.155, 0.002)|(7.53924951E-06, -0.004799631, -0.00157077773, 0.999987245)|(0.85, 0.045, 0.6)
GlobalObjectId_V1-2-3b6551b0f2848c54f911d6f91ca83d54-275092613962425801-1138517293|True|(-0.004, 0.155, 0.002)|(7.53924951E-06, -0.004799631, -0.00157077773, 0.999987245)|(0.85, 0.045, 0.6)
GlobalObjectId_V1-2-3b6551b0f2848c54f911d6f91ca83d54-275092613962425801-1145818399|True|(-0.004, 0.155, 0.002)|(7.53924951E-06, -0.004799631, -0.00157077773, 0.999987245)|(0.85, 0.045, 0.6)
GlobalObjectId_V1-2-3b6551b0f2848c54f911d6f91ca83d54-275092613962425801-1148386096|True|(-0.004, 0.155, 0.002)|(7.53924951E-06, -0.004799631, -0.00157077773, 0.999987245)|(0.85, 0.045, 0.6)
GlobalObjectId_V1-2-3b6551b0f2848c54f911d6f91ca83d54-275092613962425801-1157908847|True|(-0.004, 0.155, 0.002)|(7.53924951E-06, -0.004799631, -0.00157077773, 0.999987245)|(0.85, 0.045, 0.6)
GlobalObjectId_V1-2-3b6551b0f2848c54f911d6f91ca83d54-275092613962425801-117525737|True|(-0.004, 0.155, 0.002)|(7.53924951E-06, -0.004799631, -0.00157077773, 0.999987245)|(0.85, 0.045, 0.6)
GlobalObjectId_V1-2-3b6551b0f2848c54f911d6f91ca83d54-275092613962425801-1211572864|True|(-0.004, 0.155, 0.002)|(7.53924951E-06, -0.004799631, -0.00157077773, 0.999987245)|(0.85, 0.045, 0.6)
GlobalObjectId_V1-2-3b6551b0f2848c54f911d6f91ca83d54-275092613962425801-1261995047|True|(-0.004, 0.155, 0.002)|(7.53924951E-06, -0.004799631, -0.00157077773, 0.999987245)|(0.85, 0.045, 0.6)
GlobalObjectId_V1-2-3b6551b0f2848c54f911d6f91ca83d54-275092613962425801-1273560124|True|(-0.004, 0.155, 0.002)|(7.53924951E-06, -0.004799631, -0.00157077773, 0.999987245)|(0.85, 0.045, 0.6)
GlobalObjectId_V1-2-3b6551b0f2848c54f911d6f91ca83d54-275092613962425801-1341893445|True|(-0.004, 0.155, 0.002)|(7.53924951E-06, -0.004799631, -0.00157077773, 0.999987245)|(0.85, 0.045, 0.6)
GlobalObjectId_V1-2-3b6551b0f2848c54f911d6f91ca83d54-275092613962425801-1577023816|True|(-0.004, 0.155, 0.002)|(7.53924951E-06, -0.004799631, -0.00157077773, 0.999987245)|(0.85, 0.045, 0.6)
GlobalObjectId_V1-2-3b6551b0f2848c54f911d6f91ca83d54-275092613962425801-1609908011|True|(-0.004, 0.155, 0.002)|(7.53924951E-06, -0.004799631, -0.00157077773, 0.999987245)|(0.85, 0.045, 0.6)
GlobalObjectId_V1-2-3b6551b0f2848c54f911d6f91ca83d54-275092613962425801-1654698043|True|(-0.004, 0.155, 0.002)|(7.53924951E-06, -0.004799631, -0.00157077773, 0.999987245)|(0.85, 0.045, 0.6)
GlobalObjectId_V1-2-3b6551b0f2848c54f911d6f91ca83d54-275092613962425801-1725634851|True|(-0.004, 0.155, 0.002)|(7.53924951E-06, -0.004799631, -0.00157077773, 0.999987245)|(0.85, 0.045, 0.6)
GlobalObjectId_V1-2-3b6551b0f2848c54f911d6f91ca83d54-275092613962425801-178552251|True|(-0.004, 0.155, 0.002)|(7.53924951E-06, -0.004799631, -0.00157077773, 0.999987245)|(0.85, 0.045, 0.6)
GlobalObjectId_V1-2-3b6551b0f2848c54f911d6f91ca83d54-275092613962425801-1804972047|True|(-0.004, 0.155, 0.002)|(7.53924951E-06, -0.004799631, -0.00157077773, 0.999987245)|(0.85, 0.045, 0.6)
GlobalObjectId_V1-2-3b6551b0f2848c54f911d6f91ca83d54-275092613962425801-1819624870|True|(-0.004, 0.155, 0.002)|(7.53924951E-06, -0.004799631, -0.00157077773, 0.999987245)|(0.85, 0.045, 0.6)
GlobalObjectId_V1-2-3b6551b0f2848c54f911d6f91ca83d54-275092613962425801-1866442031|True|(-0.004, 0.155, 0.002)|(7.53924951E-06, -0.004799631, -0.00157077773, 0.999987245)|(0.85, 0.045, 0.6)
GlobalObjectId_V1-2-3b6551b0f2848c54f911d6f91ca83d54-275092613962425801-1970165663|True|(-0.004, 0.155, 0.002)|(7.53924951E-06, -0.004799631, -0.00157077773, 0.999987245)|(0.85, 0.045, 0.6)
GlobalObjectId_V1-2-3b6551b0f2848c54f911d6f91ca83d54-275092613962425801-2024084545|True|(-0.004, 0.155, 0.002)|(7.53924951E-06, -0.004799631, -0.00157077773, 0.999987245)|(0.85, 0.045, 0.6)
GlobalObjectId_V1-2-3b6551b0f2848c54f911d6f91ca83d54-275092613962425801-2026501014|True|(-0.004, 0.155, 0.002)|(7.53924951E-06, -0.004799631, -0.00157077773, 0.999987245)|(0.85, 0.045, 0.6)
GlobalObjectId_V1-2-3b6551b0f2848c54f911d6f91ca83d54-275092613962425801-2039403610|True|(-0.004, 0.155, 0.002)|(7.53924951E-06, -0.004799631, -0.00157077773, 0.999987245)|(0.85, 0.045, 0.6)
GlobalObjectId_V1-2-3b6551b0f2848c54f911d6f91ca83d54-275092613962425801-2040492614|True|(-0.004, 0.155, 0.002)|(7.53924951E-06, -0.004799631, -0.00157077773, 0.999987245)|(0.85, 0.045, 0.6)
GlobalObjectId_V1-2-3b6551b0f2848c54f911d6f91ca83d54-275092613962425801-2056561579|True|(-0.004, 0.155, 0.002)|(7.53924951E-06, -0.004799631, -0.00157077773, 0.999987245)|(0.85, 0.045, 0.6)
GlobalObjectId_V1-2-3b6551b0f2848c54f911d6f91ca83d54-275092613962425801-2059838410|True|(-0.004, 0.155, 0.002)|(7.53924951E-06, -0.004799631, -0.00157077773, 0.999987245)|(0.85, 0.045, 0.6)
GlobalObjectId_V1-2-3b6551b0f2848c54f911d6f91ca83d54-275092613962425801-220756394|True|(-0.004, 0.155, 0.002)|(7.53924951E-06, -0.004799631, -0.00157077773, 0.999987245)|(0.85, 0.045, 0.6)
GlobalObjectId_V1-2-3b6551b0f2848c54f911d6f91ca83d54-275092613962425801-241495691|True|(-0.004, 0.155, 0.002)|(7.53924951E-06, -0.004799631, -0.00157077773, 0.999987245)|(0.85, 0.045, 0.6)
GlobalObjectId_V1-2-3b6551b0f2848c54f911d6f91ca83d54-275092613962425801-243786568|True|(-0.004, 0.155, 0.002)|(7.53924951E-06, -0.004799631, -0.00157077773, 0.999987245)|(0.85, 0.045, 0.6)
GlobalObjectId_V1-2-3b6551b0f2848c54f911d6f91ca83d54-275092613962425801-27082819|True|(-0.004, 0.155, 0.002)|(7.53924951E-06, -0.004799631, -0.00157077773, 0.999987245)|(0.85, 0.045, 0.6)
GlobalObjectId_V1-2-3b6551b0f2848c54f911d6f91ca83d54-275092613962425801-287385670|True|(-0.004, 0.155, 0.002)|(7.53924951E-06, -0.004799631, -0.00157077773, 0.999987245)|(0.85, 0.045, 0.6)
GlobalObjectId_V1-2-3b6551b0f2848c54f911d6f91ca83d54-275092613962425801-308217777|True|(-0.004, 0.155, 0.002)|(7.53924951E-06, -0.004799631, -0.00157077773, 0.999987245)|(0.85, 0.045, 0.6)
GlobalObjectId_V1-2-3b6551b0f2848c54f911d6f91ca83d54-275092613962425801-31273311|True|(-0.004, 0.155, 0.002)|(7.53924951E-06, -0.004799631, -0.00157077773, 0.999987245)|(0.85, 0.045, 0.6)
GlobalObjectId_V1-2-3b6551b0f2848c54f911d6f91ca83d54-275092613962425801-343957928|True|(-0.004, 0.155, 0.002)|(7.53924951E-06, -0.004799631, -0.00157077773, 0.999987245)|(0.85, 0.045, 0.6)
GlobalObjectId_V1-2-3b6551b0f2848c54f911d6f91ca83d54-275092613962425801-396161643|True|(-0.004, 0.155, 0.002)|(7.53924951E-06, -0.004799631, -0.00157077773, 0.999987245)|(0.85, 0.045, 0.6)
GlobalObjectId_V1-2-3b6551b0f2848c54f911d6f91ca83d54-275092613962425801-426443221|True|(-0.004, 0.155, 0.002)|(7.53924951E-06, -0.004799631, -0.00157077773, 0.999987245)|(0.85, 0.045, 0.6)
GlobalObjectId_V1-2-3b6551b0f2848c54f911d6f91ca83d54-275092613962425801-458006385|True|(-0.004, 0.155, 0.002)|(7.53924951E-06, -0.004799631, -0.00157077773, 0.999987245)|(0.85, 0.045, 0.6)
GlobalObjectId_V1-2-3b6551b0f2848c54f911d6f91ca83d54-275092613962425801-502189609|True|(-0.004, 0.155, 0.002)|(7.53924951E-06, -0.004799631, -0.00157077773, 0.999987245)|(0.85, 0.045, 0.6)
GlobalObjectId_V1-2-3b6551b0f2848c54f911d6f91ca83d54-275092613962425801-502266823|True|(-0.004, 0.155, 0.002)|(7.53924951E-06, -0.004799631, -0.00157077773, 0.999987245)|(0.85, 0.045, 0.6)
GlobalObjectId_V1-2-3b6551b0f2848c54f911d6f91ca83d54-275092613962425801-593650449|True|(-0.004, 0.155, 0.002)|(7.53924951E-06, -0.004799631, -0.00157077773, 0.999987245)|(0.85, 0.045, 0.6)
GlobalObjectId_V1-2-3b6551b0f2848c54f911d6f91ca83d54-275092613962425801-600046749|True|(-0.004, 0.155, 0.002)|(7.53924951E-06, -0.004799631, -0.00157077773, 0.999987245)|(0.85, 0.045, 0.6)
GlobalObjectId_V1-2-3b6551b0f2848c54f911d6f91ca83d54-275092613962425801-656679930|True|(-0.004, 0.155, 0.002)|(7.53924951E-06, -0.004799631, -0.00157077773, 0.999987245)|(0.85, 0.045, 0.6)
GlobalObjectId_V1-2-3b6551b0f2848c54f911d6f91ca83d54-275092613962425801-680847915|True|(-0.004, 0.155, 0.002)|(7.53924951E-06, -0.004799631, -0.00157077773, 0.999987245)|(0.85, 0.045, 0.6)
GlobalObjectId_V1-2-3b6551b0f2848c54f911d6f91ca83d54-275092613962425801-731984814|True|(-0.004, 0.155, 0.002)|(7.53924951E-06, -0.004799631, -0.00157077773, 0.999987245)|(0.85, 0.045, 0.6)
GlobalObjectId_V1-2-3b6551b0f2848c54f911d6f91ca83d54-275092613962425801-754211584|True|(-0.004, 0.155, 0.002)|(7.53924951E-06, -0.004799631, -0.00157077773, 0.999987245)|(0.85, 0.045, 0.6)
GlobalObjectId_V1-2-3b6551b0f2848c54f911d6f91ca83d54-275092613962425801-859783628|True|(-0.004, 0.155, 0.002)|(7.53924951E-06, -0.004799631, -0.00157077773, 0.999987245)|(0.85, 0.045, 0.6)
GlobalObjectId_V1-2-3b6551b0f2848c54f911d6f91ca83d54-275092613962425801-878071367|True|(-0.004, 0.155, 0.002)|(7.53924951E-06, -0.004799631, -0.00157077773, 0.999987245)|(0.85, 0.045, 0.6)
GlobalObjectId_V1-2-3b6551b0f2848c54f911d6f91ca83d54-275092613962425801-956417833|True|(-0.004, 0.155, 0.002)|(7.53924951E-06, -0.004799631, -0.00157077773, 0.999987245)|(0.85, 0.045, 0.6)
GlobalObjectId_V1-2-3b6551b0f2848c54f911d6f91ca83d54-275092613962425801-975687593|True|(-0.004, 0.155, 0.002)|(7.53924951E-06, -0.004799631, -0.00157077773, 0.999987245)|(0.85, 0.045, 0.6)
GlobalObjectId_V1-2-3b6551b0f2848c54f911d6f91ca83d54-278732811-0|True|(7.1, 0.1, 0)|(0, 0, 0, 1)|(0.2, 0.2, 20)
GlobalObjectId_V1-2-3b6551b0f2848c54f911d6f91ca83d54-2794635657051445070-1049486283|True|(-5.96046434E-10, 0.00228805584, 1.49011609E-10)|(0.354422331, -0.1037755, 0.391010076, 0.843046)|(1, 1, 1)
GlobalObjectId_V1-2-3b6551b0f2848c54f911d6f91ca83d54-2794635657051445070-126319019|True|(-5.96046434E-10, 0.00228805584, 1.49011609E-10)|(0.354422331, -0.1037755, 0.391010076, 0.843046)|(1, 1, 1)
GlobalObjectId_V1-2-3b6551b0f2848c54f911d6f91ca83d54-2794635657051445070-1481706251|True|(-5.96046434E-10, 0.00228805584, 1.49011609E-10)|(0.354422331, -0.1037755, 0.391010076, 0.843046)|(1, 1, 1)
GlobalObjectId_V1-2-3b6551b0f2848c54f911d6f91ca83d54-2794635657051445070-1592385703|True|(-5.96046434E-10, 0.00228805584, 1.49011609E-10)|(0.354422331, -0.1037755, 0.391010076, 0.843046)|(1, 1, 1)
GlobalObjectId_V1-2-3b6551b0f2848c54f911d6f91ca83d54-2794635657051445070-1661574985|True|(-5.96046434E-10, 0.00228805584, 1.49011609E-10)|(0.354422331, -0.1037755, 0.391010076, 0.843046)|(1, 1, 1)
GlobalObjectId_V1-2-3b6551b0f2848c54f911d6f91ca83d54-2794635657051445070-1902647294|True|(-5.96046434E-10, 0.00228805584, 1.49011609E-10)|(0.354422331, -0.1037755, 0.391010076, 0.843046)|(1, 1, 1)
GlobalObjectId_V1-2-3b6551b0f2848c54f911d6f91ca83d54-2794635657051445070-239339974|True|(-5.96046434E-10, 0.00228805584, 1.49011609E-10)|(0.354422331, -0.1037755, 0.391010076, 0.843046)|(1, 1, 1)
GlobalObjectId_V1-2-3b6551b0f2848c54f911d6f91ca83d54-2794635657051445070-350417267|True|(-5.96046434E-10, 0.00228805584, 1.49011609E-10)|(0.354422331, -0.1037755, 0.391010076, 0.843046)|(1, 1, 1)
GlobalObjectId_V1-2-3b6551b0f2848c54f911d6f91ca83d54-2794635657051445070-575299033|True|(-5.96046434E-10, 0.00228805584, 1.49011609E-10)|(0.354422331, -0.1037755, 0.391010076, 0.843046)|(1, 1, 1)
GlobalObjectId_V1-2-3b6551b0f2848c54f911d6f91ca83d54-2794635657051445070-834271436|True|(-5.96046434E-10, 0.00228805584, 1.49011609E-10)|(0.354422331, -0.1037755, 0.391010076, 0.843046)|(1, 1, 1)
GlobalObjectId_V1-2-3b6551b0f2848c54f911d6f91ca83d54-281024299-0|True|(-7.1, 0.1, 0)|(0, 0, 0, 1)|(0.2, 0.2, 20)
GlobalObjectId_V1-2-3b6551b0f2848c54f911d6f91ca83d54-283706190-0|True|(-7.1, 0.1, 0)|(0, 0, 0, 1)|(0.2, 0.2, 20)
GlobalObjectId_V1-2-3b6551b0f2848c54f911d6f91ca83d54-2841599498556186790-1120997898|True|(0, 0, 0)|(-0.7071068, 0, 0, 0.7071067)|(100, 100, 100)
GlobalObjectId_V1-2-3b6551b0f2848c54f911d6f91ca83d54-2841599498556186790-1378066733|True|(0, 0, 0)|(-0.7071068, 0, 0, 0.7071067)|(100, 100, 100)
GlobalObjectId_V1-2-3b6551b0f2848c54f911d6f91ca83d54-2841599498556186790-1387022782|True|(0, 0, 0)|(-0.7071068, 0, 0, 0.7071067)|(100, 100, 100)
GlobalObjectId_V1-2-3b6551b0f2848c54f911d6f91ca83d54-2841599498556186790-1556813190|True|(0, 0, 0)|(-0.7071068, 0, 0, 0.7071067)|(100, 100, 100)
GlobalObjectId_V1-2-3b6551b0f2848c54f911d6f91ca83d54-2841599498556186790-161863763|True|(0, 0, 0)|(-0.7071068, 0, 0, 0.7071067)|(100, 100, 100)
GlobalObjectId_V1-2-3b6551b0f2848c54f911d6f91ca83d54-2841599498556186790-305648292|True|(0, 0, 0)|(-0.7071068, 0, 0, 0.7071067)|(100, 100, 100)
GlobalObjectId_V1-2-3b6551b0f2848c54f911d6f91ca83d54-2841599498556186790-404936451|True|(0, 0, 0)|(-0.7071068, 0, 0, 0.7071067)|(100, 100, 100)
GlobalObjectId_V1-2-3b6551b0f2848c54f911d6f91ca83d54-2841599498556186790-501866861|True|(0, 0, 0)|(-0.7071068, 0, 0, 0.7071067)|(100, 100, 100)
GlobalObjectId_V1-2-3b6551b0f2848c54f911d6f91ca83d54-2841599498556186790-692789032|True|(0, 0, 0)|(-0.7071068, 0, 0, 0.7071067)|(100, 100, 100)
GlobalObjectId_V1-2-3b6551b0f2848c54f911d6f91ca83d54-2841599498556186790-892891150|True|(0, 0, 0)|(-0.7071068, 0, 0, 0.7071067)|(100, 100, 100)
GlobalObjectId_V1-2-3b6551b0f2848c54f911d6f91ca83d54-286540251-0|True|(7.1, 0.1, 0)|(0, 0, 0, 1)|(0.2, 0.2, 20)
GlobalObjectId_V1-2-3b6551b0f2848c54f911d6f91ca83d54-2908297034436539524-1173330560|True|(-3.5, 0, -181.3)|(0, 0, 0, 1)|(1, 1, 1)
GlobalObjectId_V1-2-3b6551b0f2848c54f911d6f91ca83d54-2908297034436539524-1182477075|True|(-103.5, 0, 717.5)|(0, 0, 0, 1)|(1, 1, 1)
GlobalObjectId_V1-2-3b6551b0f2848c54f911d6f91ca83d54-2908297034436539524-1360688019|True|(25.5, 0, 443.5)|(0, -0.7071068, 0, 0.7071068)|(1, 1, 1)
GlobalObjectId_V1-2-3b6551b0f2848c54f911d6f91ca83d54-2908297034436539524-1492346203|True|(40.69995, 0, 783.5)|(0, 0.7071068, 0, 0.7071068)|(1, 1, 1)
GlobalObjectId_V1-2-3b6551b0f2848c54f911d6f91ca83d54-2908297034436539524-1547711435|True|(-3.5, 0, -314.5)|(0, 0, 0, 1)|(1, 1, 1)
GlobalObjectId_V1-2-3b6551b0f2848c54f911d6f91ca83d54-2908297034436539524-1561759250|True|(236.5, 0, 384.699951)|(0, 0, 0, 1)|(1, 1, 1)
GlobalObjectId_V1-2-3b6551b0f2848c54f911d6f91ca83d54-2908297034436539524-159707184|False|(236.5, 0, 251.5)|(0, 0, 0, 1)|(1, 1, 1)
GlobalObjectId_V1-2-3b6551b0f2848c54f911d6f91ca83d54-2908297034436539524-1640366800|True|(-96.5, 0, 517.699951)|(0, 0, 0, 1)|(1, 1, 1)
GlobalObjectId_V1-2-3b6551b0f2848c54f911d6f91ca83d54-2908297034436539524-1689510488|True|(88.5, 0, -3.5)|(0, 0.7071068, 0, 0.7071068)|(1, 1, 1)
GlobalObjectId_V1-2-3b6551b0f2848c54f911d6f91ca83d54-2908297034436539524-519420759|True|(243.5, 0, 51.7000122)|(0, 0, 0, 1)|(1, 1, 1)
GlobalObjectId_V1-2-3b6551b0f2848c54f911d6f91ca83d54-2915544699547061178-1025319220|True|(0, 0, 0)|(0.7071068, 0, 0, 0.7071068)|(0.8208, 0.8208, 1)
GlobalObjectId_V1-2-3b6551b0f2848c54f911d6f91ca83d54-2915544699547061178-1076637211|True|(0, 0, 0)|(0.7071068, 0, 0, 0.7071068)|(0.8208, 0.8208, 1)
GlobalObjectId_V1-2-3b6551b0f2848c54f911d6f91ca83d54-2915544699547061178-1123370063|True|(0, 0, 0)|(0.7071068, 0, 0, 0.7071068)|(0.8208, 0.8208, 1)
GlobalObjectId_V1-2-3b6551b0f2848c54f911d6f91ca83d54-2915544699547061178-1138517293|True|(0, 0, 0)|(0.7071068, 0, 0, 0.7071068)|(0.8208, 0.8208, 1)
GlobalObjectId_V1-2-3b6551b0f2848c54f911d6f91ca83d54-2915544699547061178-1145818399|True|(0, 0, 0)|(0.7071068, 0, 0, 0.7071068)|(0.8208, 0.8208, 1)
GlobalObjectId_V1-2-3b6551b0f2848c54f911d6f91ca83d54-2915544699547061178-1148386096|True|(0, 0, 0)|(0.7071068, 0, 0, 0.7071068)|(0.8208, 0.8208, 1)
GlobalObjectId_V1-2-3b6551b0f2848c54f911d6f91ca83d54-2915544699547061178-1157908847|True|(0, 0, 0)|(0.7071068, 0, 0, 0.7071068)|(0.8208, 0.8208, 1)
GlobalObjectId_V1-2-3b6551b0f2848c54f911d6f91ca83d54-2915544699547061178-117525737|True|(0, 0, 0)|(0.7071068, 0, 0, 0.7071068)|(0.8208, 0.8208, 1)
GlobalObjectId_V1-2-3b6551b0f2848c54f911d6f91ca83d54-2915544699547061178-1211572864|True|(0, 0, 0)|(0.7071068, 0, 0, 0.7071068)|(0.8208, 0.8208, 1)
GlobalObjectId_V1-2-3b6551b0f2848c54f911d6f91ca83d54-2915544699547061178-1261995047|True|(0, 0, 0)|(0.7071068, 0, 0, 0.7071068)|(0.8208, 0.8208, 1)
GlobalObjectId_V1-2-3b6551b0f2848c54f911d6f91ca83d54-2915544699547061178-1273560124|True|(0, 0, 0)|(0.7071068, 0, 0, 0.7071068)|(0.8208, 0.8208, 1)
GlobalObjectId_V1-2-3b6551b0f2848c54f911d6f91ca83d54-2915544699547061178-1341893445|True|(0, 0, 0)|(0.7071068, 0, 0, 0.7071068)|(0.8208, 0.8208, 1)
GlobalObjectId_V1-2-3b6551b0f2848c54f911d6f91ca83d54-2915544699547061178-1577023816|True|(0, 0, 0)|(0.7071068, 0, 0, 0.7071068)|(0.8208, 0.8208, 1)
GlobalObjectId_V1-2-3b6551b0f2848c54f911d6f91ca83d54-2915544699547061178-1609908011|True|(0, 0, 0)|(0.7071068, 0, 0, 0.7071068)|(0.8208, 0.8208, 1)
GlobalObjectId_V1-2-3b6551b0f2848c54f911d6f91ca83d54-2915544699547061178-1654698043|True|(0, 0, 0)|(0.7071068, 0, 0, 0.7071068)|(0.8208, 0.8208, 1)
GlobalObjectId_V1-2-3b6551b0f2848c54f911d6f91ca83d54-2915544699547061178-1725634851|True|(0, 0, 0)|(0.7071068, 0, 0, 0.7071068)|(0.8208, 0.8208, 1)
GlobalObjectId_V1-2-3b6551b0f2848c54f911d6f91ca83d54-2915544699547061178-178552251|True|(0, 0, 0)|(0.7071068, 0, 0, 0.7071068)|(0.8208, 0.8208, 1)
GlobalObjectId_V1-2-3b6551b0f2848c54f911d6f91ca83d54-2915544699547061178-1804972047|True|(0, 0, 0)|(0.7071068, 0, 0, 0.7071068)|(0.8208, 0.8208, 1)
GlobalObjectId_V1-2-3b6551b0f2848c54f911d6f91ca83d54-2915544699547061178-1819624870|True|(0, 0, 0)|(0.7071068, 0, 0, 0.7071068)|(0.8208, 0.8208, 1)
GlobalObjectId_V1-2-3b6551b0f2848c54f911d6f91ca83d54-2915544699547061178-1866442031|True|(0, 0, 0)|(0.7071068, 0, 0, 0.7071068)|(0.8208, 0.8208, 1)
GlobalObjectId_V1-2-3b6551b0f2848c54f911d6f91ca83d54-2915544699547061178-1970165663|True|(0, 0, 0)|(0.7071068, 0, 0, 0.7071068)|(0.8208, 0.8208, 1)
GlobalObjectId_V1-2-3b6551b0f2848c54f911d6f91ca83d54-2915544699547061178-2024084545|True|(0, 0, 0)|(0.7071068, 0, 0, 0.7071068)|(0.8208, 0.8208, 1)
GlobalObjectId_V1-2-3b6551b0f2848c54f911d6f91ca83d54-2915544699547061178-2026501014|True|(0, 0, 0)|(0.7071068, 0, 0, 0.7071068)|(0.8208, 0.8208, 1)
GlobalObjectId_V1-2-3b6551b0f2848c54f911d6f91ca83d54-2915544699547061178-2039403610|True|(0, 0, 0)|(0.7071068, 0, 0, 0.7071068)|(0.8208, 0.8208, 1)
GlobalObjectId_V1-2-3b6551b0f2848c54f911d6f91ca83d54-2915544699547061178-2040492614|True|(0, 0, 0)|(0.7071068, 0, 0, 0.7071068)|(0.8208, 0.8208, 1)
GlobalObjectId_V1-2-3b6551b0f2848c54f911d6f91ca83d54-2915544699547061178-2056561579|True|(0, 0, 0)|(0.7071068, 0, 0, 0.7071068)|(0.8208, 0.8208, 1)
GlobalObjectId_V1-2-3b6551b0f2848c54f911d6f91ca83d54-2915544699547061178-2059838410|True|(0, 0, 0)|(0.7071068, 0, 0, 0.7071068)|(0.8208, 0.8208, 1)
GlobalObjectId_V1-2-3b6551b0f2848c54f911d6f91ca83d54-2915544699547061178-220756394|True|(0, 0, 0)|(0.7071068, 0, 0, 0.7071068)|(0.8208, 0.8208, 1)
GlobalObjectId_V1-2-3b6551b0f2848c54f911d6f91ca83d54-2915544699547061178-241495691|True|(0, 0, 0)|(0.7071068, 0, 0, 0.7071068)|(0.8208, 0.8208, 1)
GlobalObjectId_V1-2-3b6551b0f2848c54f911d6f91ca83d54-2915544699547061178-243786568|True|(0, 0, 0)|(0.7071068, 0, 0, 0.7071068)|(0.8208, 0.8208, 1)
GlobalObjectId_V1-2-3b6551b0f2848c54f911d6f91ca83d54-2915544699547061178-27082819|True|(0, 0, 0)|(0.7071068, 0, 0, 0.7071068)|(0.8208, 0.8208, 1)
GlobalObjectId_V1-2-3b6551b0f2848c54f911d6f91ca83d54-2915544699547061178-287385670|True|(0, 0, 0)|(0.7071068, 0, 0, 0.7071068)|(0.8208, 0.8208, 1)
GlobalObjectId_V1-2-3b6551b0f2848c54f911d6f91ca83d54-2915544699547061178-308217777|True|(0, 0, 0)|(0.7071068, 0, 0, 0.7071068)|(0.8208, 0.8208, 1)
GlobalObjectId_V1-2-3b6551b0f2848c54f911d6f91ca83d54-2915544699547061178-31273311|True|(0, 0, 0)|(0.7071068, 0, 0, 0.7071068)|(0.8208, 0.8208, 1)
GlobalObjectId_V1-2-3b6551b0f2848c54f911d6f91ca83d54-2915544699547061178-343957928|True|(0, 0, 0)|(0.7071068, 0, 0, 0.7071068)|(0.8208, 0.8208, 1)
GlobalObjectId_V1-2-3b6551b0f2848c54f911d6f91ca83d54-2915544699547061178-396161643|True|(0, 0, 0)|(0.7071068, 0, 0, 0.7071068)|(0.8208, 0.8208, 1)
GlobalObjectId_V1-2-3b6551b0f2848c54f911d6f91ca83d54-2915544699547061178-426443221|True|(0, 0, 0)|(0.7071068, 0, 0, 0.7071068)|(0.8208, 0.8208, 1)
GlobalObjectId_V1-2-3b6551b0f2848c54f911d6f91ca83d54-2915544699547061178-458006385|True|(0, 0, 0)|(0.7071068, 0, 0, 0.7071068)|(0.8208, 0.8208, 1)
GlobalObjectId_V1-2-3b6551b0f2848c54f911d6f91ca83d54-2915544699547061178-502189609|True|(0, 0, 0)|(0.7071068, 0, 0, 0.7071068)|(0.8208, 0.8208, 1)
GlobalObjectId_V1-2-3b6551b0f2848c54f911d6f91ca83d54-2915544699547061178-502266823|True|(0, 0, 0)|(0.7071068, 0, 0, 0.7071068)|(0.8208, 0.8208, 1)
GlobalObjectId_V1-2-3b6551b0f2848c54f911d6f91ca83d54-2915544699547061178-593650449|True|(0, 0, 0)|(0.7071068, 0, 0, 0.7071068)|(0.8208, 0.8208, 1)
GlobalObjectId_V1-2-3b6551b0f2848c54f911d6f91ca83d54-2915544699547061178-600046749|True|(0, 0, 0)|(0.7071068, 0, 0, 0.7071068)|(0.8208, 0.8208, 1)
GlobalObjectId_V1-2-3b6551b0f2848c54f911d6f91ca83d54-2915544699547061178-656679930|True|(0, 0, 0)|(0.7071068, 0, 0, 0.7071068)|(0.8208, 0.8208, 1)
GlobalObjectId_V1-2-3b6551b0f2848c54f911d6f91ca83d54-2915544699547061178-680847915|True|(0, 0, 0)|(0.7071068, 0, 0, 0.7071068)|(0.8208, 0.8208, 1)
GlobalObjectId_V1-2-3b6551b0f2848c54f911d6f91ca83d54-2915544699547061178-731984814|True|(0, 0, 0)|(0.7071068, 0, 0, 0.7071068)|(0.8208, 0.8208, 1)
GlobalObjectId_V1-2-3b6551b0f2848c54f911d6f91ca83d54-2915544699547061178-754211584|True|(0, 0, 0)|(0.7071068, 0, 0, 0.7071068)|(0.8208, 0.8208, 1)
GlobalObjectId_V1-2-3b6551b0f2848c54f911d6f91ca83d54-2915544699547061178-859783628|True|(0, 0, 0)|(0.7071068, 0, 0, 0.7071068)|(0.8208, 0.8208, 1)
GlobalObjectId_V1-2-3b6551b0f2848c54f911d6f91ca83d54-2915544699547061178-878071367|True|(0, 0, 0)|(0.7071068, 0, 0, 0.7071068)|(0.8208, 0.8208, 1)
GlobalObjectId_V1-2-3b6551b0f2848c54f911d6f91ca83d54-2915544699547061178-956417833|True|(0, 0, 0)|(0.7071068, 0, 0, 0.7071068)|(0.8208, 0.8208, 1)
GlobalObjectId_V1-2-3b6551b0f2848c54f911d6f91ca83d54-2915544699547061178-975687593|True|(0, 0, 0)|(0.7071068, 0, 0, 0.7071068)|(0.8208, 0.8208, 1)
GlobalObjectId_V1-2-3b6551b0f2848c54f911d6f91ca83d54-2930595459402590830-1025319220|True|(0, 0.295, -0.306)|(0, 0, 0, 1)|(0.247, 0.247, 1)
GlobalObjectId_V1-2-3b6551b0f2848c54f911d6f91ca83d54-2930595459402590830-1076637211|True|(0, 0.295, -0.306)|(0, 0, 0, 1)|(0.247, 0.247, 1)
GlobalObjectId_V1-2-3b6551b0f2848c54f911d6f91ca83d54-2930595459402590830-1123370063|True|(0, 0.295, -0.306)|(0, 0, 0, 1)|(0.247, 0.247, 1)
GlobalObjectId_V1-2-3b6551b0f2848c54f911d6f91ca83d54-2930595459402590830-1138517293|True|(0, 0.295, -0.306)|(0, 0, 0, 1)|(0.247, 0.247, 1)
GlobalObjectId_V1-2-3b6551b0f2848c54f911d6f91ca83d54-2930595459402590830-1145818399|True|(0, 0.295, -0.306)|(0, 0, 0, 1)|(0.247, 0.247, 1)
GlobalObjectId_V1-2-3b6551b0f2848c54f911d6f91ca83d54-2930595459402590830-1148386096|True|(0, 0.295, -0.306)|(0, 0, 0, 1)|(0.247, 0.247, 1)
GlobalObjectId_V1-2-3b6551b0f2848c54f911d6f91ca83d54-2930595459402590830-1157908847|True|(0, 0.295, -0.306)|(0, 0, 0, 1)|(0.247, 0.247, 1)
GlobalObjectId_V1-2-3b6551b0f2848c54f911d6f91ca83d54-2930595459402590830-117525737|True|(0, 0.295, -0.306)|(0, 0, 0, 1)|(0.247, 0.247, 1)
GlobalObjectId_V1-2-3b6551b0f2848c54f911d6f91ca83d54-2930595459402590830-1211572864|True|(0, 0.295, -0.306)|(0, 0, 0, 1)|(0.247, 0.247, 1)
GlobalObjectId_V1-2-3b6551b0f2848c54f911d6f91ca83d54-2930595459402590830-1261995047|True|(0, 0.295, -0.306)|(0, 0, 0, 1)|(0.247, 0.247, 1)
GlobalObjectId_V1-2-3b6551b0f2848c54f911d6f91ca83d54-2930595459402590830-1273560124|True|(0, 0.295, -0.306)|(0, 0, 0, 1)|(0.247, 0.247, 1)
GlobalObjectId_V1-2-3b6551b0f2848c54f911d6f91ca83d54-2930595459402590830-1341893445|True|(0, 0.295, -0.306)|(0, 0, 0, 1)|(0.247, 0.247, 1)
GlobalObjectId_V1-2-3b6551b0f2848c54f911d6f91ca83d54-2930595459402590830-1577023816|True|(0, 0.295, -0.306)|(0, 0, 0, 1)|(0.247, 0.247, 1)
GlobalObjectId_V1-2-3b6551b0f2848c54f911d6f91ca83d54-2930595459402590830-1609908011|True|(0, 0.295, -0.306)|(0, 0, 0, 1)|(0.247, 0.247, 1)
GlobalObjectId_V1-2-3b6551b0f2848c54f911d6f91ca83d54-2930595459402590830-1654698043|True|(0, 0.295, -0.306)|(0, 0, 0, 1)|(0.247, 0.247, 1)
GlobalObjectId_V1-2-3b6551b0f2848c54f911d6f91ca83d54-2930595459402590830-1725634851|True|(0, 0.295, -0.306)|(0, 0, 0, 1)|(0.247, 0.247, 1)
GlobalObjectId_V1-2-3b6551b0f2848c54f911d6f91ca83d54-2930595459402590830-178552251|True|(0, 0.295, -0.306)|(0, 0, 0, 1)|(0.247, 0.247, 1)
GlobalObjectId_V1-2-3b6551b0f2848c54f911d6f91ca83d54-2930595459402590830-1804972047|True|(0, 0.295, -0.306)|(0, 0, 0, 1)|(0.247, 0.247, 1)
GlobalObjectId_V1-2-3b6551b0f2848c54f911d6f91ca83d54-2930595459402590830-1819624870|True|(0, 0.295, -0.306)|(0, 0, 0, 1)|(0.247, 0.247, 1)
GlobalObjectId_V1-2-3b6551b0f2848c54f911d6f91ca83d54-2930595459402590830-1866442031|True|(0, 0.295, -0.306)|(0, 0, 0, 1)|(0.247, 0.247, 1)
GlobalObjectId_V1-2-3b6551b0f2848c54f911d6f91ca83d54-2930595459402590830-1970165663|True|(0, 0.295, -0.306)|(0, 0, 0, 1)|(0.247, 0.247, 1)
GlobalObjectId_V1-2-3b6551b0f2848c54f911d6f91ca83d54-2930595459402590830-2024084545|True|(0, 0.295, -0.306)|(0, 0, 0, 1)|(0.247, 0.247, 1)
GlobalObjectId_V1-2-3b6551b0f2848c54f911d6f91ca83d54-2930595459402590830-2026501014|True|(0, 0.295, -0.306)|(0, 0, 0, 1)|(0.247, 0.247, 1)
GlobalObjectId_V1-2-3b6551b0f2848c54f911d6f91ca83d54-2930595459402590830-2039403610|True|(0, 0.295, -0.306)|(0, 0, 0, 1)|(0.247, 0.247, 1)
GlobalObjectId_V1-2-3b6551b0f2848c54f911d6f91ca83d54-2930595459402590830-2040492614|True|(0, 0.295, -0.306)|(0, 0, 0, 1)|(0.247, 0.247, 1)
GlobalObjectId_V1-2-3b6551b0f2848c54f911d6f91ca83d54-2930595459402590830-2056561579|True|(0, 0.295, -0.306)|(0, 0, 0, 1)|(0.247, 0.247, 1)
GlobalObjectId_V1-2-3b6551b0f2848c54f911d6f91ca83d54-2930595459402590830-2059838410|True|(0, 0.295, -0.306)|(0, 0, 0, 1)|(0.247, 0.247, 1)
GlobalObjectId_V1-2-3b6551b0f2848c54f911d6f91ca83d54-2930595459402590830-220756394|True|(0, 0.295, -0.306)|(0, 0, 0, 1)|(0.247, 0.247, 1)
GlobalObjectId_V1-2-3b6551b0f2848c54f911d6f91ca83d54-2930595459402590830-241495691|True|(0, 0.295, -0.306)|(0, 0, 0, 1)|(0.247, 0.247, 1)
GlobalObjectId_V1-2-3b6551b0f2848c54f911d6f91ca83d54-2930595459402590830-243786568|True|(0, 0.295, -0.306)|(0, 0, 0, 1)|(0.247, 0.247, 1)
GlobalObjectId_V1-2-3b6551b0f2848c54f911d6f91ca83d54-2930595459402590830-27082819|True|(0, 0.295, -0.306)|(0, 0, 0, 1)|(0.247, 0.247, 1)
GlobalObjectId_V1-2-3b6551b0f2848c54f911d6f91ca83d54-2930595459402590830-287385670|True|(0, 0.295, -0.306)|(0, 0, 0, 1)|(0.247, 0.247, 1)
GlobalObjectId_V1-2-3b6551b0f2848c54f911d6f91ca83d54-2930595459402590830-308217777|True|(0, 0.295, -0.306)|(0, 0, 0, 1)|(0.247, 0.247, 1)
GlobalObjectId_V1-2-3b6551b0f2848c54f911d6f91ca83d54-2930595459402590830-31273311|True|(0, 0.295, -0.306)|(0, 0, 0, 1)|(0.247, 0.247, 1)
GlobalObjectId_V1-2-3b6551b0f2848c54f911d6f91ca83d54-2930595459402590830-343957928|True|(0, 0.295, -0.306)|(0, 0, 0, 1)|(0.247, 0.247, 1)
GlobalObjectId_V1-2-3b6551b0f2848c54f911d6f91ca83d54-2930595459402590830-396161643|True|(0, 0.295, -0.306)|(0, 0, 0, 1)|(0.247, 0.247, 1)
GlobalObjectId_V1-2-3b6551b0f2848c54f911d6f91ca83d54-2930595459402590830-426443221|True|(0, 0.295, -0.306)|(0, 0, 0, 1)|(0.247, 0.247, 1)
GlobalObjectId_V1-2-3b6551b0f2848c54f911d6f91ca83d54-2930595459402590830-458006385|True|(0, 0.295, -0.306)|(0, 0, 0, 1)|(0.247, 0.247, 1)
GlobalObjectId_V1-2-3b6551b0f2848c54f911d6f91ca83d54-2930595459402590830-502189609|True|(0, 0.295, -0.306)|(0, 0, 0, 1)|(0.247, 0.247, 1)
GlobalObjectId_V1-2-3b6551b0f2848c54f911d6f91ca83d54-2930595459402590830-502266823|True|(0, 0.295, -0.306)|(0, 0, 0, 1)|(0.247, 0.247, 1)
GlobalObjectId_V1-2-3b6551b0f2848c54f911d6f91ca83d54-2930595459402590830-593650449|True|(0, 0.295, -0.306)|(0, 0, 0, 1)|(0.247, 0.247, 1)
GlobalObjectId_V1-2-3b6551b0f2848c54f911d6f91ca83d54-2930595459402590830-600046749|True|(0, 0.295, -0.306)|(0, 0, 0, 1)|(0.247, 0.247, 1)
GlobalObjectId_V1-2-3b6551b0f2848c54f911d6f91ca83d54-2930595459402590830-656679930|True|(0, 0.295, -0.306)|(0, 0, 0, 1)|(0.247, 0.247, 1)
GlobalObjectId_V1-2-3b6551b0f2848c54f911d6f91ca83d54-2930595459402590830-680847915|True|(0, 0.295, -0.306)|(0, 0, 0, 1)|(0.247, 0.247, 1)
GlobalObjectId_V1-2-3b6551b0f2848c54f911d6f91ca83d54-2930595459402590830-731984814|True|(0, 0.295, -0.306)|(0, 0, 0, 1)|(0.247, 0.247, 1)
GlobalObjectId_V1-2-3b6551b0f2848c54f911d6f91ca83d54-2930595459402590830-754211584|True|(0, 0.295, -0.306)|(0, 0, 0, 1)|(0.247, 0.247, 1)
GlobalObjectId_V1-2-3b6551b0f2848c54f911d6f91ca83d54-2930595459402590830-859783628|True|(0, 0.295, -0.306)|(0, 0, 0, 1)|(0.247, 0.247, 1)
GlobalObjectId_V1-2-3b6551b0f2848c54f911d6f91ca83d54-2930595459402590830-878071367|True|(0, 0.295, -0.306)|(0, 0, 0, 1)|(0.247, 0.247, 1)
GlobalObjectId_V1-2-3b6551b0f2848c54f911d6f91ca83d54-2930595459402590830-956417833|True|(0, 0.295, -0.306)|(0, 0, 0, 1)|(0.247, 0.247, 1)
GlobalObjectId_V1-2-3b6551b0f2848c54f911d6f91ca83d54-2930595459402590830-975687593|True|(0, 0.295, -0.306)|(0, 0, 0, 1)|(0.247, 0.247, 1)
GlobalObjectId_V1-2-3b6551b0f2848c54f911d6f91ca83d54-2945685184110194105-1120997898|True|(0, 0, 8.381903E-11)|(0.7071068, 0, 0, 0.7071067)|(1, 1, 1)
GlobalObjectId_V1-2-3b6551b0f2848c54f911d6f91ca83d54-2945685184110194105-1378066733|True|(0, 0, 8.381903E-11)|(0.7071068, 0, 0, 0.7071067)|(1, 1, 1)
GlobalObjectId_V1-2-3b6551b0f2848c54f911d6f91ca83d54-2945685184110194105-1387022782|True|(0, 0, 8.381903E-11)|(0.7071068, 0, 0, 0.7071067)|(1, 1, 1)
GlobalObjectId_V1-2-3b6551b0f2848c54f911d6f91ca83d54-2945685184110194105-1556813190|True|(0, 0, 8.381903E-11)|(0.7071068, 0, 0, 0.7071067)|(1, 1, 1)
GlobalObjectId_V1-2-3b6551b0f2848c54f911d6f91ca83d54-2945685184110194105-161863763|True|(0, 0, 8.381903E-11)|(0.7071068, 0, 0, 0.7071067)|(1, 1, 1)
GlobalObjectId_V1-2-3b6551b0f2848c54f911d6f91ca83d54-2945685184110194105-305648292|True|(0, 0, 8.381903E-11)|(0.7071068, 0, 0, 0.7071067)|(1, 1, 1)
GlobalObjectId_V1-2-3b6551b0f2848c54f911d6f91ca83d54-2945685184110194105-404936451|True|(0, 0, 8.381903E-11)|(0.7071068, 0, 0, 0.7071067)|(1, 1, 1)
GlobalObjectId_V1-2-3b6551b0f2848c54f911d6f91ca83d54-2945685184110194105-501866861|True|(0, 0, 8.381903E-11)|(0.7071068, 0, 0, 0.7071067)|(1, 1, 1)
GlobalObjectId_V1-2-3b6551b0f2848c54f911d6f91ca83d54-2945685184110194105-692789032|True|(0, 0, 8.381903E-11)|(0.7071068, 0, 0, 0.7071067)|(1, 1, 1)
GlobalObjectId_V1-2-3b6551b0f2848c54f911d6f91ca83d54-2945685184110194105-892891150|True|(0, 0, 8.381903E-11)|(0.7071068, 0, 0, 0.7071067)|(1, 1, 1)
GlobalObjectId_V1-2-3b6551b0f2848c54f911d6f91ca83d54-2974696578574582624-1191602872|True|(-1.60932531E-10, 0.00143999979, -1.86517449E-17)|(-0.608287156, 4.422812E-08, 2.802861E-08, 0.793717)|(1, 1, 1)
GlobalObjectId_V1-2-3b6551b0f2848c54f911d6f91ca83d54-2974696578574582624-1250511116|True|(-1.60932531E-10, 0.00143999979, -1.86517449E-17)|(-0.608287156, 4.422812E-08, 2.802861E-08, 0.793717)|(1, 1, 1)
GlobalObjectId_V1-2-3b6551b0f2848c54f911d6f91ca83d54-2974696578574582624-127729888|True|(-1.60932531E-10, 0.00143999979, -1.86517449E-17)|(-0.608287156, 4.422812E-08, 2.802861E-08, 0.793717)|(1, 1, 1)
GlobalObjectId_V1-2-3b6551b0f2848c54f911d6f91ca83d54-2974696578574582624-1897079065|True|(-1.60932531E-10, 0.00143999979, -1.86517449E-17)|(-0.608287156, 4.422812E-08, 2.802861E-08, 0.793717)|(1, 1, 1)
GlobalObjectId_V1-2-3b6551b0f2848c54f911d6f91ca83d54-2974696578574582624-2070896708|True|(-1.60932531E-10, 0.00143999979, -1.86517449E-17)|(-0.608287156, 4.422812E-08, 2.802861E-08, 0.793717)|(1, 1, 1)
GlobalObjectId_V1-2-3b6551b0f2848c54f911d6f91ca83d54-2974696578574582624-383792707|True|(-1.60932531E-10, 0.00143999979, -1.86517449E-17)|(-0.608287156, 4.422812E-08, 2.802861E-08, 0.793717)|(1, 1, 1)
GlobalObjectId_V1-2-3b6551b0f2848c54f911d6f91ca83d54-2974696578574582624-393103402|True|(-1.60932531E-10, 0.00143999979, -1.86517449E-17)|(-0.608287156, 4.422812E-08, 2.802861E-08, 0.793717)|(1, 1, 1)
GlobalObjectId_V1-2-3b6551b0f2848c54f911d6f91ca83d54-2974696578574582624-566916451|True|(-1.60932531E-10, 0.00143999979, -1.86517449E-17)|(-0.608287156, 4.422812E-08, 2.802861E-08, 0.793717)|(1, 1, 1)
GlobalObjectId_V1-2-3b6551b0f2848c54f911d6f91ca83d54-2974696578574582624-965188316|True|(-1.60932531E-10, 0.00143999979, -1.86517449E-17)|(-0.608287156, 4.422812E-08, 2.802861E-08, 0.793717)|(1, 1, 1)
GlobalObjectId_V1-2-3b6551b0f2848c54f911d6f91ca83d54-2974696578574582624-969570616|True|(-1.60932531E-10, 0.00143999979, -1.86517449E-17)|(-0.608287156, 4.422812E-08, 2.802861E-08, 0.793717)|(1, 1, 1)
GlobalObjectId_V1-2-3b6551b0f2848c54f911d6f91ca83d54-299641430-0|True|(146.300049, 0.08, 440)|(0, -0.7071068, 0, 0.7071068)|(1, 1, 1)
GlobalObjectId_V1-2-3b6551b0f2848c54f911d6f91ca83d54-301910598397834586-1229718731|True|(-1.862645E-10, 0.00220246636, -1.49011609E-10)|(-0.245535031, 0.250744045, -0.250744134, 0.9022014)|(1, 1, 1)
GlobalObjectId_V1-2-3b6551b0f2848c54f911d6f91ca83d54-301910598397834586-1268510627|True|(-1.862645E-10, 0.00220246636, -1.49011609E-10)|(-0.245535031, 0.250744045, -0.250744134, 0.9022014)|(1, 1, 1)
GlobalObjectId_V1-2-3b6551b0f2848c54f911d6f91ca83d54-301910598397834586-1298481983|True|(-1.862645E-10, 0.00220246636, -1.49011609E-10)|(-0.245535031, 0.250744045, -0.250744134, 0.9022014)|(1, 1, 1)
GlobalObjectId_V1-2-3b6551b0f2848c54f911d6f91ca83d54-301910598397834586-1473460188|True|(-1.862645E-10, 0.00220246636, -1.49011609E-10)|(-0.245535031, 0.250744045, -0.250744134, 0.9022014)|(1, 1, 1)
GlobalObjectId_V1-2-3b6551b0f2848c54f911d6f91ca83d54-301910598397834586-1740273041|True|(-1.862645E-10, 0.00220246636, -1.49011609E-10)|(-0.245535031, 0.250744045, -0.250744134, 0.9022014)|(1, 1, 1)
GlobalObjectId_V1-2-3b6551b0f2848c54f911d6f91ca83d54-301910598397834586-352986360|True|(-1.862645E-10, 0.00220246636, -1.49011609E-10)|(-0.245535031, 0.250744045, -0.250744134, 0.9022014)|(1, 1, 1)
GlobalObjectId_V1-2-3b6551b0f2848c54f911d6f91ca83d54-301910598397834586-375106697|True|(-1.862645E-10, 0.00220246636, -1.49011609E-10)|(-0.245535031, 0.250744045, -0.250744134, 0.9022014)|(1, 1, 1)
GlobalObjectId_V1-2-3b6551b0f2848c54f911d6f91ca83d54-301910598397834586-466313733|True|(-1.862645E-10, 0.00220246636, -1.49011609E-10)|(-0.245535031, 0.250744045, -0.250744134, 0.9022014)|(1, 1, 1)
GlobalObjectId_V1-2-3b6551b0f2848c54f911d6f91ca83d54-301910598397834586-769108169|True|(-1.862645E-10, 0.00220246636, -1.49011609E-10)|(-0.245535031, 0.250744045, -0.250744134, 0.9022014)|(1, 1, 1)
GlobalObjectId_V1-2-3b6551b0f2848c54f911d6f91ca83d54-301910598397834586-814571549|True|(-1.862645E-10, 0.00220246636, -1.49011609E-10)|(-0.245535031, 0.250744045, -0.250744134, 0.9022014)|(1, 1, 1)
GlobalObjectId_V1-2-3b6551b0f2848c54f911d6f91ca83d54-3027068571731561396-1229718731|True|(-0.00256000017, 0.0006400007, 0)|(0.902088046, -0.2971957, -0.2971956, -0.09791189)|(1.00000083, 1.00000036, 1)
GlobalObjectId_V1-2-3b6551b0f2848c54f911d6f91ca83d54-3027068571731561396-1268510627|True|(-0.00256000017, 0.0006400007, 0)|(0.902088046, -0.2971957, -0.2971956, -0.09791189)|(1.00000083, 1.00000036, 1)
GlobalObjectId_V1-2-3b6551b0f2848c54f911d6f91ca83d54-3027068571731561396-1298481983|True|(-0.00256000017, 0.0006400007, 0)|(0.902088046, -0.2971957, -0.2971956, -0.09791189)|(1.00000083, 1.00000036, 1)
GlobalObjectId_V1-2-3b6551b0f2848c54f911d6f91ca83d54-3027068571731561396-1473460188|True|(-0.00256000017, 0.0006400007, 0)|(0.902088046, -0.2971957, -0.2971956, -0.09791189)|(1.00000083, 1.00000036, 1)
GlobalObjectId_V1-2-3b6551b0f2848c54f911d6f91ca83d54-3027068571731561396-1740273041|True|(-0.00256000017, 0.0006400007, 0)|(0.902088046, -0.2971957, -0.2971956, -0.09791189)|(1.00000083, 1.00000036, 1)
GlobalObjectId_V1-2-3b6551b0f2848c54f911d6f91ca83d54-3027068571731561396-352986360|True|(-0.00256000017, 0.0006400007, 0)|(0.902088046, -0.2971957, -0.2971956, -0.09791189)|(1.00000083, 1.00000036, 1)
GlobalObjectId_V1-2-3b6551b0f2848c54f911d6f91ca83d54-3027068571731561396-375106697|True|(-0.00256000017, 0.0006400007, 0)|(0.902088046, -0.2971957, -0.2971956, -0.09791189)|(1.00000083, 1.00000036, 1)
GlobalObjectId_V1-2-3b6551b0f2848c54f911d6f91ca83d54-3027068571731561396-466313733|True|(-0.00256000017, 0.0006400007, 0)|(0.902088046, -0.2971957, -0.2971956, -0.09791189)|(1.00000083, 1.00000036, 1)
GlobalObjectId_V1-2-3b6551b0f2848c54f911d6f91ca83d54-3027068571731561396-769108169|True|(-0.00256000017, 0.0006400007, 0)|(0.902088046, -0.2971957, -0.2971956, -0.09791189)|(1.00000083, 1.00000036, 1)
GlobalObjectId_V1-2-3b6551b0f2848c54f911d6f91ca83d54-3027068571731561396-814571549|True|(-0.00256000017, 0.0006400007, 0)|(0.902088046, -0.2971957, -0.2971956, -0.09791189)|(1.00000083, 1.00000036, 1)
GlobalObjectId_V1-2-3b6551b0f2848c54f911d6f91ca83d54-3037395007835378636-1025319220|True|(0.318, 0.295, -0.286)|(0, 0, 0.00392698031, 0.9999923)|(0.045, 0.3, 0.03)
GlobalObjectId_V1-2-3b6551b0f2848c54f911d6f91ca83d54-3037395007835378636-1076637211|True|(0.318, 0.295, -0.286)|(0, 0, 0.00392698031, 0.9999923)|(0.045, 0.3, 0.03)
GlobalObjectId_V1-2-3b6551b0f2848c54f911d6f91ca83d54-3037395007835378636-1123370063|True|(0.318, 0.295, -0.286)|(0, 0, 0.00392698031, 0.9999923)|(0.045, 0.3, 0.03)
GlobalObjectId_V1-2-3b6551b0f2848c54f911d6f91ca83d54-3037395007835378636-1138517293|True|(0.318, 0.295, -0.286)|(0, 0, 0.00392698031, 0.9999923)|(0.045, 0.3, 0.03)
GlobalObjectId_V1-2-3b6551b0f2848c54f911d6f91ca83d54-3037395007835378636-1145818399|True|(0.318, 0.295, -0.286)|(0, 0, 0.00392698031, 0.9999923)|(0.045, 0.3, 0.03)
GlobalObjectId_V1-2-3b6551b0f2848c54f911d6f91ca83d54-3037395007835378636-1148386096|True|(0.318, 0.295, -0.286)|(0, 0, 0.00392698031, 0.9999923)|(0.045, 0.3, 0.03)
GlobalObjectId_V1-2-3b6551b0f2848c54f911d6f91ca83d54-3037395007835378636-1157908847|True|(0.318, 0.295, -0.286)|(0, 0, 0.00392698031, 0.9999923)|(0.045, 0.3, 0.03)
GlobalObjectId_V1-2-3b6551b0f2848c54f911d6f91ca83d54-3037395007835378636-117525737|True|(0.318, 0.295, -0.286)|(0, 0, 0.00392698031, 0.9999923)|(0.045, 0.3, 0.03)
GlobalObjectId_V1-2-3b6551b0f2848c54f911d6f91ca83d54-3037395007835378636-1211572864|True|(0.318, 0.295, -0.286)|(0, 0, 0.00392698031, 0.9999923)|(0.045, 0.3, 0.03)
GlobalObjectId_V1-2-3b6551b0f2848c54f911d6f91ca83d54-3037395007835378636-1261995047|True|(0.318, 0.295, -0.286)|(0, 0, 0.00392698031, 0.9999923)|(0.045, 0.3, 0.03)
GlobalObjectId_V1-2-3b6551b0f2848c54f911d6f91ca83d54-3037395007835378636-1273560124|True|(0.318, 0.295, -0.286)|(0, 0, 0.00392698031, 0.9999923)|(0.045, 0.3, 0.03)
GlobalObjectId_V1-2-3b6551b0f2848c54f911d6f91ca83d54-3037395007835378636-1341893445|True|(0.318, 0.295, -0.286)|(0, 0, 0.00392698031, 0.9999923)|(0.045, 0.3, 0.03)
GlobalObjectId_V1-2-3b6551b0f2848c54f911d6f91ca83d54-3037395007835378636-1577023816|True|(0.318, 0.295, -0.286)|(0, 0, 0.00392698031, 0.9999923)|(0.045, 0.3, 0.03)
GlobalObjectId_V1-2-3b6551b0f2848c54f911d6f91ca83d54-3037395007835378636-1609908011|True|(0.318, 0.295, -0.286)|(0, 0, 0.00392698031, 0.9999923)|(0.045, 0.3, 0.03)
GlobalObjectId_V1-2-3b6551b0f2848c54f911d6f91ca83d54-3037395007835378636-1654698043|True|(0.318, 0.295, -0.286)|(0, 0, 0.00392698031, 0.9999923)|(0.045, 0.3, 0.03)
GlobalObjectId_V1-2-3b6551b0f2848c54f911d6f91ca83d54-3037395007835378636-1725634851|True|(0.318, 0.295, -0.286)|(0, 0, 0.00392698031, 0.9999923)|(0.045, 0.3, 0.03)
GlobalObjectId_V1-2-3b6551b0f2848c54f911d6f91ca83d54-3037395007835378636-178552251|True|(0.318, 0.295, -0.286)|(0, 0, 0.00392698031, 0.9999923)|(0.045, 0.3, 0.03)
GlobalObjectId_V1-2-3b6551b0f2848c54f911d6f91ca83d54-3037395007835378636-1804972047|True|(0.318, 0.295, -0.286)|(0, 0, 0.00392698031, 0.9999923)|(0.045, 0.3, 0.03)
GlobalObjectId_V1-2-3b6551b0f2848c54f911d6f91ca83d54-3037395007835378636-1819624870|True|(0.318, 0.295, -0.286)|(0, 0, 0.00392698031, 0.9999923)|(0.045, 0.3, 0.03)
GlobalObjectId_V1-2-3b6551b0f2848c54f911d6f91ca83d54-3037395007835378636-1866442031|True|(0.318, 0.295, -0.286)|(0, 0, 0.00392698031, 0.9999923)|(0.045, 0.3, 0.03)
GlobalObjectId_V1-2-3b6551b0f2848c54f911d6f91ca83d54-3037395007835378636-1970165663|True|(0.318, 0.295, -0.286)|(0, 0, 0.00392698031, 0.9999923)|(0.045, 0.3, 0.03)
GlobalObjectId_V1-2-3b6551b0f2848c54f911d6f91ca83d54-3037395007835378636-2024084545|True|(0.318, 0.295, -0.286)|(0, 0, 0.00392698031, 0.9999923)|(0.045, 0.3, 0.03)
GlobalObjectId_V1-2-3b6551b0f2848c54f911d6f91ca83d54-3037395007835378636-2026501014|True|(0.318, 0.295, -0.286)|(0, 0, 0.00392698031, 0.9999923)|(0.045, 0.3, 0.03)
GlobalObjectId_V1-2-3b6551b0f2848c54f911d6f91ca83d54-3037395007835378636-2039403610|True|(0.318, 0.295, -0.286)|(0, 0, 0.00392698031, 0.9999923)|(0.045, 0.3, 0.03)
GlobalObjectId_V1-2-3b6551b0f2848c54f911d6f91ca83d54-3037395007835378636-2040492614|True|(0.318, 0.295, -0.286)|(0, 0, 0.00392698031, 0.9999923)|(0.045, 0.3, 0.03)
GlobalObjectId_V1-2-3b6551b0f2848c54f911d6f91ca83d54-3037395007835378636-2056561579|True|(0.318, 0.295, -0.286)|(0, 0, 0.00392698031, 0.9999923)|(0.045, 0.3, 0.03)
GlobalObjectId_V1-2-3b6551b0f2848c54f911d6f91ca83d54-3037395007835378636-2059838410|True|(0.318, 0.295, -0.286)|(0, 0, 0.00392698031, 0.9999923)|(0.045, 0.3, 0.03)
GlobalObjectId_V1-2-3b6551b0f2848c54f911d6f91ca83d54-3037395007835378636-220756394|True|(0.318, 0.295, -0.286)|(0, 0, 0.00392698031, 0.9999923)|(0.045, 0.3, 0.03)
GlobalObjectId_V1-2-3b6551b0f2848c54f911d6f91ca83d54-3037395007835378636-241495691|True|(0.318, 0.295, -0.286)|(0, 0, 0.00392698031, 0.9999923)|(0.045, 0.3, 0.03)
GlobalObjectId_V1-2-3b6551b0f2848c54f911d6f91ca83d54-3037395007835378636-243786568|True|(0.318, 0.295, -0.286)|(0, 0, 0.00392698031, 0.9999923)|(0.045, 0.3, 0.03)
GlobalObjectId_V1-2-3b6551b0f2848c54f911d6f91ca83d54-3037395007835378636-27082819|True|(0.318, 0.295, -0.286)|(0, 0, 0.00392698031, 0.9999923)|(0.045, 0.3, 0.03)
GlobalObjectId_V1-2-3b6551b0f2848c54f911d6f91ca83d54-3037395007835378636-287385670|True|(0.318, 0.295, -0.286)|(0, 0, 0.00392698031, 0.9999923)|(0.045, 0.3, 0.03)
GlobalObjectId_V1-2-3b6551b0f2848c54f911d6f91ca83d54-3037395007835378636-308217777|True|(0.318, 0.295, -0.286)|(0, 0, 0.00392698031, 0.9999923)|(0.045, 0.3, 0.03)
GlobalObjectId_V1-2-3b6551b0f2848c54f911d6f91ca83d54-3037395007835378636-31273311|True|(0.318, 0.295, -0.286)|(0, 0, 0.00392698031, 0.9999923)|(0.045, 0.3, 0.03)
GlobalObjectId_V1-2-3b6551b0f2848c54f911d6f91ca83d54-3037395007835378636-343957928|True|(0.318, 0.295, -0.286)|(0, 0, 0.00392698031, 0.9999923)|(0.045, 0.3, 0.03)
GlobalObjectId_V1-2-3b6551b0f2848c54f911d6f91ca83d54-3037395007835378636-396161643|True|(0.318, 0.295, -0.286)|(0, 0, 0.00392698031, 0.9999923)|(0.045, 0.3, 0.03)
GlobalObjectId_V1-2-3b6551b0f2848c54f911d6f91ca83d54-3037395007835378636-426443221|True|(0.318, 0.295, -0.286)|(0, 0, 0.00392698031, 0.9999923)|(0.045, 0.3, 0.03)
GlobalObjectId_V1-2-3b6551b0f2848c54f911d6f91ca83d54-3037395007835378636-458006385|True|(0.318, 0.295, -0.286)|(0, 0, 0.00392698031, 0.9999923)|(0.045, 0.3, 0.03)
GlobalObjectId_V1-2-3b6551b0f2848c54f911d6f91ca83d54-3037395007835378636-502189609|True|(0.318, 0.295, -0.286)|(0, 0, 0.00392698031, 0.9999923)|(0.045, 0.3, 0.03)
GlobalObjectId_V1-2-3b6551b0f2848c54f911d6f91ca83d54-3037395007835378636-502266823|True|(0.318, 0.295, -0.286)|(0, 0, 0.00392698031, 0.9999923)|(0.045, 0.3, 0.03)
GlobalObjectId_V1-2-3b6551b0f2848c54f911d6f91ca83d54-3037395007835378636-593650449|True|(0.318, 0.295, -0.286)|(0, 0, 0.00392698031, 0.9999923)|(0.045, 0.3, 0.03)
GlobalObjectId_V1-2-3b6551b0f2848c54f911d6f91ca83d54-3037395007835378636-600046749|True|(0.318, 0.295, -0.286)|(0, 0, 0.00392698031, 0.9999923)|(0.045, 0.3, 0.03)
GlobalObjectId_V1-2-3b6551b0f2848c54f911d6f91ca83d54-3037395007835378636-656679930|True|(0.318, 0.295, -0.286)|(0, 0, 0.00392698031, 0.9999923)|(0.045, 0.3, 0.03)
GlobalObjectId_V1-2-3b6551b0f2848c54f911d6f91ca83d54-3037395007835378636-680847915|True|(0.318, 0.295, -0.286)|(0, 0, 0.00392698031, 0.9999923)|(0.045, 0.3, 0.03)
GlobalObjectId_V1-2-3b6551b0f2848c54f911d6f91ca83d54-3037395007835378636-731984814|True|(0.318, 0.295, -0.286)|(0, 0, 0.00392698031, 0.9999923)|(0.045, 0.3, 0.03)
GlobalObjectId_V1-2-3b6551b0f2848c54f911d6f91ca83d54-3037395007835378636-754211584|True|(0.318, 0.295, -0.286)|(0, 0, 0.00392698031, 0.9999923)|(0.045, 0.3, 0.03)
GlobalObjectId_V1-2-3b6551b0f2848c54f911d6f91ca83d54-3037395007835378636-859783628|True|(0.318, 0.295, -0.286)|(0, 0, 0.00392698031, 0.9999923)|(0.045, 0.3, 0.03)
GlobalObjectId_V1-2-3b6551b0f2848c54f911d6f91ca83d54-3037395007835378636-878071367|True|(0.318, 0.295, -0.286)|(0, 0, 0.00392698031, 0.9999923)|(0.045, 0.3, 0.03)
GlobalObjectId_V1-2-3b6551b0f2848c54f911d6f91ca83d54-3037395007835378636-956417833|True|(0.318, 0.295, -0.286)|(0, 0, 0.00392698031, 0.9999923)|(0.045, 0.3, 0.03)
GlobalObjectId_V1-2-3b6551b0f2848c54f911d6f91ca83d54-3037395007835378636-975687593|True|(0.318, 0.295, -0.286)|(0, 0, 0.00392698031, 0.9999923)|(0.045, 0.3, 0.03)
GlobalObjectId_V1-2-3b6551b0f2848c54f911d6f91ca83d54-3060535824806624875-1025319220|True|(0, 0, 0)|(0, 0, 0, 1)|(0.75, 1, 1)
GlobalObjectId_V1-2-3b6551b0f2848c54f911d6f91ca83d54-3060535824806624875-1076637211|True|(0, 0, 0)|(0, 0, 0, 1)|(0.75, 1, 1)
GlobalObjectId_V1-2-3b6551b0f2848c54f911d6f91ca83d54-3060535824806624875-1123370063|True|(0, 0, 0)|(0, 0, 0, 1)|(0.75, 1, 1)
GlobalObjectId_V1-2-3b6551b0f2848c54f911d6f91ca83d54-3060535824806624875-1138517293|True|(0, 0, 0)|(0, 0, 0, 1)|(0.75, 1, 1)
GlobalObjectId_V1-2-3b6551b0f2848c54f911d6f91ca83d54-3060535824806624875-1145818399|True|(0, 0, 0)|(0, 0, 0, 1)|(0.75, 1, 1)
GlobalObjectId_V1-2-3b6551b0f2848c54f911d6f91ca83d54-3060535824806624875-1148386096|True|(0, 0, 0)|(0, 0, 0, 1)|(0.75, 1, 1)
GlobalObjectId_V1-2-3b6551b0f2848c54f911d6f91ca83d54-3060535824806624875-1157908847|True|(0, 0, 0)|(0, 0, 0, 1)|(0.75, 1, 1)
GlobalObjectId_V1-2-3b6551b0f2848c54f911d6f91ca83d54-3060535824806624875-117525737|True|(0, 0, 0)|(0, 0, 0, 1)|(0.75, 1, 1)
GlobalObjectId_V1-2-3b6551b0f2848c54f911d6f91ca83d54-3060535824806624875-1211572864|True|(0, 0, 0)|(0, 0, 0, 1)|(0.75, 1, 1)
GlobalObjectId_V1-2-3b6551b0f2848c54f911d6f91ca83d54-3060535824806624875-1261995047|True|(0, 0, 0)|(0, 0, 0, 1)|(0.75, 1, 1)
GlobalObjectId_V1-2-3b6551b0f2848c54f911d6f91ca83d54-3060535824806624875-1273560124|True|(0, 0, 0)|(0, 0, 0, 1)|(0.75, 1, 1)
GlobalObjectId_V1-2-3b6551b0f2848c54f911d6f91ca83d54-3060535824806624875-1341893445|True|(0, 0, 0)|(0, 0, 0, 1)|(0.75, 1, 1)
GlobalObjectId_V1-2-3b6551b0f2848c54f911d6f91ca83d54-3060535824806624875-1577023816|True|(0, 0, 0)|(0, 0, 0, 1)|(0.75, 1, 1)
GlobalObjectId_V1-2-3b6551b0f2848c54f911d6f91ca83d54-3060535824806624875-1609908011|True|(0, 0, 0)|(0, 0, 0, 1)|(0.75, 1, 1)
GlobalObjectId_V1-2-3b6551b0f2848c54f911d6f91ca83d54-3060535824806624875-1654698043|True|(0, 0, 0)|(0, 0, 0, 1)|(0.75, 1, 1)
GlobalObjectId_V1-2-3b6551b0f2848c54f911d6f91ca83d54-3060535824806624875-1725634851|True|(0, 0, 0)|(0, 0, 0, 1)|(0.75, 1, 1)
GlobalObjectId_V1-2-3b6551b0f2848c54f911d6f91ca83d54-3060535824806624875-178552251|True|(0, 0, 0)|(0, 0, 0, 1)|(0.75, 1, 1)
GlobalObjectId_V1-2-3b6551b0f2848c54f911d6f91ca83d54-3060535824806624875-1804972047|True|(0, 0, 0)|(0, 0, 0, 1)|(0.75, 1, 1)
GlobalObjectId_V1-2-3b6551b0f2848c54f911d6f91ca83d54-3060535824806624875-1819624870|True|(0, 0, 0)|(0, 0, 0, 1)|(0.75, 1, 1)
GlobalObjectId_V1-2-3b6551b0f2848c54f911d6f91ca83d54-3060535824806624875-1866442031|True|(0, 0, 0)|(0, 0, 0, 1)|(0.75, 1, 1)
GlobalObjectId_V1-2-3b6551b0f2848c54f911d6f91ca83d54-3060535824806624875-1970165663|True|(0, 0, 0)|(0, 0, 0, 1)|(0.75, 1, 1)
GlobalObjectId_V1-2-3b6551b0f2848c54f911d6f91ca83d54-3060535824806624875-2024084545|True|(0, 0, 0)|(0, 0, 0, 1)|(0.75, 1, 1)
GlobalObjectId_V1-2-3b6551b0f2848c54f911d6f91ca83d54-3060535824806624875-2026501014|True|(0, 0, 0)|(0, 0, 0, 1)|(0.75, 1, 1)
GlobalObjectId_V1-2-3b6551b0f2848c54f911d6f91ca83d54-3060535824806624875-2039403610|True|(0, 0, 0)|(0, 0, 0, 1)|(0.75, 1, 1)
GlobalObjectId_V1-2-3b6551b0f2848c54f911d6f91ca83d54-3060535824806624875-2040492614|True|(0, 0, 0)|(0, 0, 0, 1)|(0.75, 1, 1)
GlobalObjectId_V1-2-3b6551b0f2848c54f911d6f91ca83d54-3060535824806624875-2056561579|True|(0, 0, 0)|(0, 0, 0, 1)|(0.75, 1, 1)
GlobalObjectId_V1-2-3b6551b0f2848c54f911d6f91ca83d54-3060535824806624875-2059838410|True|(0, 0, 0)|(0, 0, 0, 1)|(0.75, 1, 1)
GlobalObjectId_V1-2-3b6551b0f2848c54f911d6f91ca83d54-3060535824806624875-220756394|True|(0, 0, 0)|(0, 0, 0, 1)|(0.75, 1, 1)
GlobalObjectId_V1-2-3b6551b0f2848c54f911d6f91ca83d54-3060535824806624875-241495691|True|(0, 0, 0)|(0, 0, 0, 1)|(0.75, 1, 1)
GlobalObjectId_V1-2-3b6551b0f2848c54f911d6f91ca83d54-3060535824806624875-243786568|True|(0, 0, 0)|(0, 0, 0, 1)|(0.75, 1, 1)
GlobalObjectId_V1-2-3b6551b0f2848c54f911d6f91ca83d54-3060535824806624875-27082819|True|(0, 0, 0)|(0, 0, 0, 1)|(0.75, 1, 1)
GlobalObjectId_V1-2-3b6551b0f2848c54f911d6f91ca83d54-3060535824806624875-287385670|True|(0, 0, 0)|(0, 0, 0, 1)|(0.75, 1, 1)
GlobalObjectId_V1-2-3b6551b0f2848c54f911d6f91ca83d54-3060535824806624875-308217777|True|(0, 0, 0)|(0, 0, 0, 1)|(0.75, 1, 1)
GlobalObjectId_V1-2-3b6551b0f2848c54f911d6f91ca83d54-3060535824806624875-31273311|True|(0, 0, 0)|(0, 0, 0, 1)|(0.75, 1, 1)
GlobalObjectId_V1-2-3b6551b0f2848c54f911d6f91ca83d54-3060535824806624875-343957928|True|(0, 0, 0)|(0, 0, 0, 1)|(0.75, 1, 1)
GlobalObjectId_V1-2-3b6551b0f2848c54f911d6f91ca83d54-3060535824806624875-396161643|True|(0, 0, 0)|(0, 0, 0, 1)|(0.75, 1, 1)
GlobalObjectId_V1-2-3b6551b0f2848c54f911d6f91ca83d54-3060535824806624875-426443221|True|(0, 0, 0)|(0, 0, 0, 1)|(0.75, 1, 1)
GlobalObjectId_V1-2-3b6551b0f2848c54f911d6f91ca83d54-3060535824806624875-458006385|True|(0, 0, 0)|(0, 0, 0, 1)|(0.75, 1, 1)
GlobalObjectId_V1-2-3b6551b0f2848c54f911d6f91ca83d54-3060535824806624875-502189609|True|(0, 0, 0)|(0, 0, 0, 1)|(0.75, 1, 1)
GlobalObjectId_V1-2-3b6551b0f2848c54f911d6f91ca83d54-3060535824806624875-502266823|True|(0, 0, 0)|(0, 0, 0, 1)|(0.75, 1, 1)
GlobalObjectId_V1-2-3b6551b0f2848c54f911d6f91ca83d54-3060535824806624875-593650449|True|(0, 0, 0)|(0, 0, 0, 1)|(0.75, 1, 1)
GlobalObjectId_V1-2-3b6551b0f2848c54f911d6f91ca83d54-3060535824806624875-600046749|True|(0, 0, 0)|(0, 0, 0, 1)|(0.75, 1, 1)
GlobalObjectId_V1-2-3b6551b0f2848c54f911d6f91ca83d54-3060535824806624875-656679930|True|(0, 0, 0)|(0, 0, 0, 1)|(0.75, 1, 1)
GlobalObjectId_V1-2-3b6551b0f2848c54f911d6f91ca83d54-3060535824806624875-680847915|True|(0, 0, 0)|(0, 0, 0, 1)|(0.75, 1, 1)
GlobalObjectId_V1-2-3b6551b0f2848c54f911d6f91ca83d54-3060535824806624875-731984814|True|(0, 0, 0)|(0, 0, 0, 1)|(0.75, 1, 1)
GlobalObjectId_V1-2-3b6551b0f2848c54f911d6f91ca83d54-3060535824806624875-754211584|True|(0, 0, 0)|(0, 0, 0, 1)|(0.75, 1, 1)
GlobalObjectId_V1-2-3b6551b0f2848c54f911d6f91ca83d54-3060535824806624875-859783628|True|(0, 0, 0)|(0, 0, 0, 1)|(0.75, 1, 1)
GlobalObjectId_V1-2-3b6551b0f2848c54f911d6f91ca83d54-3060535824806624875-878071367|True|(0, 0, 0)|(0, 0, 0, 1)|(0.75, 1, 1)
GlobalObjectId_V1-2-3b6551b0f2848c54f911d6f91ca83d54-3060535824806624875-956417833|True|(0, 0, 0)|(0, 0, 0, 1)|(0.75, 1, 1)
GlobalObjectId_V1-2-3b6551b0f2848c54f911d6f91ca83d54-3060535824806624875-975687593|True|(0, 0, 0)|(0, 0, 0, 1)|(0.75, 1, 1)
GlobalObjectId_V1-2-3b6551b0f2848c54f911d6f91ca83d54-308812773-0|True|(-7.1, 0.1, 0)|(0, 0, 0, 1)|(0.2, 0.2, 20)
GlobalObjectId_V1-2-3b6551b0f2848c54f911d6f91ca83d54-309638675-0|True|(-7.1, 0.1, 0)|(0, 0, 0, 1)|(0.2, 0.2, 20)
GlobalObjectId_V1-2-3b6551b0f2848c54f911d6f91ca83d54-3102012174923576626-1120997898|True|(66.29999, 0.08, 3.69999981)|(0, 0.7071068, 0, 0.7071068)|(1, 1, 1)
GlobalObjectId_V1-2-3b6551b0f2848c54f911d6f91ca83d54-3102012174923576626-1378066733|True|(-100.6, 0.08, 695.300049)|(0, 0, 0, 1)|(1, 1, 1)
GlobalObjectId_V1-2-3b6551b0f2848c54f911d6f91ca83d54-3102012174923576626-1387022782|True|(47.69995, 0.08, 439.4)|(0, -0.7071068, 0, 0.7071068)|(1, 1, 1)
GlobalObjectId_V1-2-3b6551b0f2848c54f911d6f91ca83d54-3102012174923576626-1556813190|True|(2.5, 0.08, -336.7)|(0, 0, 0, 1)|(1, 1, 1)
GlobalObjectId_V1-2-3b6551b0f2848c54f911d6f91ca83d54-3102012174923576626-161863763|True|(66.29999, 0.08, 0.6)|(0, 0.7071068, 0, 0.7071068)|(1, 1, 1)
GlobalObjectId_V1-2-3b6551b0f2848c54f911d6f91ca83d54-3102012174923576626-305648292|True|(47.69995, 0.08, 436.3)|(0, -0.7071068, 0, 0.7071068)|(1, 1, 1)
GlobalObjectId_V1-2-3b6551b0f2848c54f911d6f91ca83d54-3102012174923576626-404936451|True|(-0.6, 0.08, -336.7)|(0, 0, 0, 1)|(1, 1, 1)
GlobalObjectId_V1-2-3b6551b0f2848c54f911d6f91ca83d54-3102012174923576626-501866861|False|(239.4, 0.08, 229.299988)|(0, 0, 0, 1)|(1, 1, 1)
GlobalObjectId_V1-2-3b6551b0f2848c54f911d6f91ca83d54-3102012174923576626-692789032|False|(242.5, 0.08, 229.299988)|(0, 0, 0, 1)|(1, 1, 1)
GlobalObjectId_V1-2-3b6551b0f2848c54f911d6f91ca83d54-3102012174923576626-892891150|True|(-97.5, 0.08, 695.300049)|(0, 0, 0, 1)|(1, 1, 1)
GlobalObjectId_V1-2-3b6551b0f2848c54f911d6f91ca83d54-3110681-0|True|(7.1, 0.1, 0)|(0, 0, 0, 1)|(0.2, 0.2, 20)
GlobalObjectId_V1-2-3b6551b0f2848c54f911d6f91ca83d54-3132433321610919462-1025319220|True|(-5.96046448E-08, 0.39, -0.02)|(0, 0, 0, 1)|(1, 1, 1)
GlobalObjectId_V1-2-3b6551b0f2848c54f911d6f91ca83d54-3132433321610919462-1076637211|True|(-5.96046448E-08, 0.39, -0.02)|(0, 0, 0, 1)|(1, 1, 1)
GlobalObjectId_V1-2-3b6551b0f2848c54f911d6f91ca83d54-3132433321610919462-1123370063|True|(-5.96046448E-08, 0.39, -0.02)|(0, 0, 0, 1)|(1, 1, 1)
GlobalObjectId_V1-2-3b6551b0f2848c54f911d6f91ca83d54-3132433321610919462-1138517293|True|(-5.96046448E-08, 0.39, -0.02)|(0, 0, 0, 1)|(1, 1, 1)
GlobalObjectId_V1-2-3b6551b0f2848c54f911d6f91ca83d54-3132433321610919462-1145818399|True|(-5.96046448E-08, 0.39, -0.02)|(0, 0, 0, 1)|(1, 1, 1)
GlobalObjectId_V1-2-3b6551b0f2848c54f911d6f91ca83d54-3132433321610919462-1148386096|True|(-5.96046448E-08, 0.39, -0.02)|(0, 0, 0, 1)|(1, 1, 1)
GlobalObjectId_V1-2-3b6551b0f2848c54f911d6f91ca83d54-3132433321610919462-1157908847|True|(-5.96046448E-08, 0.39, -0.02)|(0, 0, 0, 1)|(1, 1, 1)
GlobalObjectId_V1-2-3b6551b0f2848c54f911d6f91ca83d54-3132433321610919462-117525737|True|(-5.96046448E-08, 0.39, -0.02)|(0, 0, 0, 1)|(1, 1, 1)
GlobalObjectId_V1-2-3b6551b0f2848c54f911d6f91ca83d54-3132433321610919462-1211572864|True|(-5.96046448E-08, 0.39, -0.02)|(0, 0, 0, 1)|(1, 1, 1)
GlobalObjectId_V1-2-3b6551b0f2848c54f911d6f91ca83d54-3132433321610919462-1261995047|True|(-5.96046448E-08, 0.39, -0.02)|(0, 0, 0, 1)|(1, 1, 1)
GlobalObjectId_V1-2-3b6551b0f2848c54f911d6f91ca83d54-3132433321610919462-1273560124|True|(-5.96046448E-08, 0.39, -0.02)|(0, 0, 0, 1)|(1, 1, 1)
GlobalObjectId_V1-2-3b6551b0f2848c54f911d6f91ca83d54-3132433321610919462-1341893445|True|(-5.96046448E-08, 0.39, -0.02)|(0, 0, 0, 1)|(1, 1, 1)
GlobalObjectId_V1-2-3b6551b0f2848c54f911d6f91ca83d54-3132433321610919462-1577023816|True|(-5.96046448E-08, 0.39, -0.02)|(0, 0, 0, 1)|(1, 1, 1)
GlobalObjectId_V1-2-3b6551b0f2848c54f911d6f91ca83d54-3132433321610919462-1609908011|True|(-5.96046448E-08, 0.39, -0.02)|(0, 0, 0, 1)|(1, 1, 1)
GlobalObjectId_V1-2-3b6551b0f2848c54f911d6f91ca83d54-3132433321610919462-1654698043|True|(-5.96046448E-08, 0.39, -0.02)|(0, 0, 0, 1)|(1, 1, 1)
GlobalObjectId_V1-2-3b6551b0f2848c54f911d6f91ca83d54-3132433321610919462-1725634851|True|(-5.96046448E-08, 0.39, -0.02)|(0, 0, 0, 1)|(1, 1, 1)
GlobalObjectId_V1-2-3b6551b0f2848c54f911d6f91ca83d54-3132433321610919462-178552251|True|(-5.96046448E-08, 0.39, -0.02)|(0, 0, 0, 1)|(1, 1, 1)
GlobalObjectId_V1-2-3b6551b0f2848c54f911d6f91ca83d54-3132433321610919462-1804972047|True|(-5.96046448E-08, 0.39, -0.02)|(0, 0, 0, 1)|(1, 1, 1)
GlobalObjectId_V1-2-3b6551b0f2848c54f911d6f91ca83d54-3132433321610919462-1819624870|True|(-5.96046448E-08, 0.39, -0.02)|(0, 0, 0, 1)|(1, 1, 1)
GlobalObjectId_V1-2-3b6551b0f2848c54f911d6f91ca83d54-3132433321610919462-1866442031|True|(-5.96046448E-08, 0.39, -0.02)|(0, 0, 0, 1)|(1, 1, 1)
GlobalObjectId_V1-2-3b6551b0f2848c54f911d6f91ca83d54-3132433321610919462-1970165663|True|(-5.96046448E-08, 0.39, -0.02)|(0, 0, 0, 1)|(1, 1, 1)
GlobalObjectId_V1-2-3b6551b0f2848c54f911d6f91ca83d54-3132433321610919462-2024084545|True|(-5.96046448E-08, 0.39, -0.02)|(0, 0, 0, 1)|(1, 1, 1)
GlobalObjectId_V1-2-3b6551b0f2848c54f911d6f91ca83d54-3132433321610919462-2026501014|True|(-5.96046448E-08, 0.39, -0.02)|(0, 0, 0, 1)|(1, 1, 1)
GlobalObjectId_V1-2-3b6551b0f2848c54f911d6f91ca83d54-3132433321610919462-2039403610|True|(-5.96046448E-08, 0.39, -0.02)|(0, 0, 0, 1)|(1, 1, 1)
GlobalObjectId_V1-2-3b6551b0f2848c54f911d6f91ca83d54-3132433321610919462-2040492614|True|(-5.96046448E-08, 0.39, -0.02)|(0, 0, 0, 1)|(1, 1, 1)
GlobalObjectId_V1-2-3b6551b0f2848c54f911d6f91ca83d54-3132433321610919462-2056561579|True|(-5.96046448E-08, 0.39, -0.02)|(0, 0, 0, 1)|(1, 1, 1)
GlobalObjectId_V1-2-3b6551b0f2848c54f911d6f91ca83d54-3132433321610919462-2059838410|True|(-5.96046448E-08, 0.39, -0.02)|(0, 0, 0, 1)|(1, 1, 1)
GlobalObjectId_V1-2-3b6551b0f2848c54f911d6f91ca83d54-3132433321610919462-220756394|True|(-5.96046448E-08, 0.39, -0.02)|(0, 0, 0, 1)|(1, 1, 1)
GlobalObjectId_V1-2-3b6551b0f2848c54f911d6f91ca83d54-3132433321610919462-241495691|True|(-5.96046448E-08, 0.39, -0.02)|(0, 0, 0, 1)|(1, 1, 1)
GlobalObjectId_V1-2-3b6551b0f2848c54f911d6f91ca83d54-3132433321610919462-243786568|True|(-5.96046448E-08, 0.39, -0.02)|(0, 0, 0, 1)|(1, 1, 1)
GlobalObjectId_V1-2-3b6551b0f2848c54f911d6f91ca83d54-3132433321610919462-27082819|True|(-5.96046448E-08, 0.39, -0.02)|(0, 0, 0, 1)|(1, 1, 1)
GlobalObjectId_V1-2-3b6551b0f2848c54f911d6f91ca83d54-3132433321610919462-287385670|True|(-5.96046448E-08, 0.39, -0.02)|(0, 0, 0, 1)|(1, 1, 1)
GlobalObjectId_V1-2-3b6551b0f2848c54f911d6f91ca83d54-3132433321610919462-308217777|True|(-5.96046448E-08, 0.39, -0.02)|(0, 0, 0, 1)|(1, 1, 1)
GlobalObjectId_V1-2-3b6551b0f2848c54f911d6f91ca83d54-3132433321610919462-31273311|True|(-5.96046448E-08, 0.39, -0.02)|(0, 0, 0, 1)|(1, 1, 1)
GlobalObjectId_V1-2-3b6551b0f2848c54f911d6f91ca83d54-3132433321610919462-343957928|True|(-5.96046448E-08, 0.39, -0.02)|(0, 0, 0, 1)|(1, 1, 1)
GlobalObjectId_V1-2-3b6551b0f2848c54f911d6f91ca83d54-3132433321610919462-396161643|True|(-5.96046448E-08, 0.39, -0.02)|(0, 0, 0, 1)|(1, 1, 1)
GlobalObjectId_V1-2-3b6551b0f2848c54f911d6f91ca83d54-3132433321610919462-426443221|True|(-5.96046448E-08, 0.39, -0.02)|(0, 0, 0, 1)|(1, 1, 1)
GlobalObjectId_V1-2-3b6551b0f2848c54f911d6f91ca83d54-3132433321610919462-458006385|True|(-5.96046448E-08, 0.39, -0.02)|(0, 0, 0, 1)|(1, 1, 1)
GlobalObjectId_V1-2-3b6551b0f2848c54f911d6f91ca83d54-3132433321610919462-502189609|True|(-5.96046448E-08, 0.39, -0.02)|(0, 0, 0, 1)|(1, 1, 1)
GlobalObjectId_V1-2-3b6551b0f2848c54f911d6f91ca83d54-3132433321610919462-502266823|True|(-5.96046448E-08, 0.39, -0.02)|(0, 0, 0, 1)|(1, 1, 1)
GlobalObjectId_V1-2-3b6551b0f2848c54f911d6f91ca83d54-3132433321610919462-593650449|True|(-5.96046448E-08, 0.39, -0.02)|(0, 0, 0, 1)|(1, 1, 1)
GlobalObjectId_V1-2-3b6551b0f2848c54f911d6f91ca83d54-3132433321610919462-600046749|True|(-5.96046448E-08, 0.39, -0.02)|(0, 0, 0, 1)|(1, 1, 1)
GlobalObjectId_V1-2-3b6551b0f2848c54f911d6f91ca83d54-3132433321610919462-656679930|True|(-5.96046448E-08, 0.39, -0.02)|(0, 0, 0, 1)|(1, 1, 1)
GlobalObjectId_V1-2-3b6551b0f2848c54f911d6f91ca83d54-3132433321610919462-680847915|True|(-5.96046448E-08, 0.39, -0.02)|(0, 0, 0, 1)|(1, 1, 1)
GlobalObjectId_V1-2-3b6551b0f2848c54f911d6f91ca83d54-3132433321610919462-731984814|True|(-5.96046448E-08, 0.39, -0.02)|(0, 0, 0, 1)|(1, 1, 1)
GlobalObjectId_V1-2-3b6551b0f2848c54f911d6f91ca83d54-3132433321610919462-754211584|True|(-5.96046448E-08, 0.39, -0.02)|(0, 0, 0, 1)|(1, 1, 1)
GlobalObjectId_V1-2-3b6551b0f2848c54f911d6f91ca83d54-3132433321610919462-859783628|True|(-5.96046448E-08, 0.39, -0.02)|(0, 0, 0, 1)|(1, 1, 1)
GlobalObjectId_V1-2-3b6551b0f2848c54f911d6f91ca83d54-3132433321610919462-878071367|True|(-5.96046448E-08, 0.39, -0.02)|(0, 0, 0, 1)|(1, 1, 1)
GlobalObjectId_V1-2-3b6551b0f2848c54f911d6f91ca83d54-3132433321610919462-956417833|True|(-5.96046448E-08, 0.39, -0.02)|(0, 0, 0, 1)|(1, 1, 1)
GlobalObjectId_V1-2-3b6551b0f2848c54f911d6f91ca83d54-3132433321610919462-975687593|True|(-5.96046448E-08, 0.39, -0.02)|(0, 0, 0, 1)|(1, 1, 1)
GlobalObjectId_V1-2-3b6551b0f2848c54f911d6f91ca83d54-313983743-0|True|(7.1, 0.1, 0)|(0, 0, 0, 1)|(0.2, 0.2, 20)
GlobalObjectId_V1-2-3b6551b0f2848c54f911d6f91ca83d54-316051274-0|True|(107.300049, 0, 780)|(0, 0.7071068, 0, 0.7071068)|(1, 1, 1)
GlobalObjectId_V1-2-3b6551b0f2848c54f911d6f91ca83d54-317314944-0|True|(0, 0, 0)|(0, 0, 0, 1)|(1, 1, 1)
GlobalObjectId_V1-2-3b6551b0f2848c54f911d6f91ca83d54-3209983756421899257-1025594850|True|(70, 0, 440)|(0, -0.7071068, 0, 0.7071068)|(1, 1, 1)
GlobalObjectId_V1-2-3b6551b0f2848c54f911d6f91ca83d54-3209983756421899257-104435254|True|(-100, 0, 730)|(0, 0, 0, 1)|(1, 1, 1)
GlobalObjectId_V1-2-3b6551b0f2848c54f911d6f91ca83d54-3209983756421899257-1061952080|True|(150, 0, 440)|(0, -0.7071068, 0, 0.7071068)|(1, 1, 1)
GlobalObjectId_V1-2-3b6551b0f2848c54f911d6f91ca83d54-3209983756421899257-1066164723|True|(0, 0, -30.0000114)|(0, 0, 0, 1)|(1, 1, 1)
GlobalObjectId_V1-2-3b6551b0f2848c54f911d6f91ca83d54-3209983756421899257-107135636|True|(0, 0, -290)|(0, 0, 0, 1)|(1, 1, 1)
GlobalObjectId_V1-2-3b6551b0f2848c54f911d6f91ca83d54-3209983756421899257-1109321818|True|(240, 0, 110)|(0, 0, 0, 1)|(1, 1, 1)
GlobalObjectId_V1-2-3b6551b0f2848c54f911d6f91ca83d54-3209983756421899257-1112245264|True|(0, 0, -230)|(0, 0, 0, 1)|(1, 1, 1)
GlobalObjectId_V1-2-3b6551b0f2848c54f911d6f91ca83d54-3209983756421899257-1112334662|True|(230, 0, 440)|(0, -0.7071068, 0, 0.7071068)|(1, 1, 1)
GlobalObjectId_V1-2-3b6551b0f2848c54f911d6f91ca83d54-3209983756421899257-1123914142|True|(130, 0, 0)|(0, 0.7071068, 0, 0.7071068)|(1, 1, 1)
GlobalObjectId_V1-2-3b6551b0f2848c54f911d6f91ca83d54-3209983756421899257-1160551442|True|(190, 0, 0)|(0, 0.7071068, 0, 0.7071068)|(1, 1, 1)
GlobalObjectId_V1-2-3b6551b0f2848c54f911d6f91ca83d54-3209983756421899257-1231409932|True|(0, 0, -330)|(0, 0, 0, 1)|(1, 1, 1)
GlobalObjectId_V1-2-3b6551b0f2848c54f911d6f91ca83d54-3209983756421899257-1292381376|True|(70, 0, 0)|(0, 0.7071068, 0, 0.7071068)|(1, 1, 1)
GlobalObjectId_V1-2-3b6551b0f2848c54f911d6f91ca83d54-3209983756421899257-1295427421|True|(150, 0, 780)|(0, 0.7071068, 0, 0.7071068)|(1, 1, 1)
GlobalObjectId_V1-2-3b6551b0f2848c54f911d6f91ca83d54-3209983756421899257-131847589|True|(0, 0, -110.000008)|(0, 0, 0, 1)|(1, 1, 1)
GlobalObjectId_V1-2-3b6551b0f2848c54f911d6f91ca83d54-3209983756421899257-1357064153|True|(210, 0, 780)|(0, 0.7071068, 0, 0.7071068)|(1, 1, 1)
GlobalObjectId_V1-2-3b6551b0f2848c54f911d6f91ca83d54-3209983756421899257-1382748994|True|(240, 0, 130)|(0, 0, 0, 1)|(1, 1, 1)
GlobalObjectId_V1-2-3b6551b0f2848c54f911d6f91ca83d54-3209983756421899257-1391844906|True|(-69.99999, 0, 440)|(0, -0.7071068, 0, 0.7071068)|(1, 1, 1)
GlobalObjectId_V1-2-3b6551b0f2848c54f911d6f91ca83d54-3209983756421899257-1402642199|True|(0, 0, -410)|(0, 0, 0, 1)|(1, 1, 1)
GlobalObjectId_V1-2-3b6551b0f2848c54f911d6f91ca83d54-3209983756421899257-1408135089|True|(240, 0, 390)|(0, 0, 0, 1)|(1, 1, 1)
GlobalObjectId_V1-2-3b6551b0f2848c54f911d6f91ca83d54-3209983756421899257-141938937|True|(130, 0, 440)|(0, -0.7071068, 0, 0.7071068)|(1, 1, 1)
GlobalObjectId_V1-2-3b6551b0f2848c54f911d6f91ca83d54-3209983756421899257-1476073171|True|(0, 0, -190)|(0, 0, 0, 1)|(1, 1, 1)
GlobalObjectId_V1-2-3b6551b0f2848c54f911d6f91ca83d54-3209983756421899257-1507733667|True|(-100, 0, 440)|(0, 0, 0, 1)|(1, 1, 0.7)
GlobalObjectId_V1-2-3b6551b0f2848c54f911d6f91ca83d54-3209983756421899257-1527845949|True|(240, 0, 229.999985)|(0, 0, 0, 1)|(1, 1, 1)
GlobalObjectId_V1-2-3b6551b0f2848c54f911d6f91ca83d54-3209983756421899257-1534168311|True|(-89.99999, 0, 440)|(0, -0.7071068, 0, 0.7071068)|(1, 1, 1)
GlobalObjectId_V1-2-3b6551b0f2848c54f911d6f91ca83d54-3209983756421899257-1535423711|True|(0, 0, -90.00001)|(0, 0, 0, 1)|(1, 1, 1)
GlobalObjectId_V1-2-3b6551b0f2848c54f911d6f91ca83d54-3209983756421899257-155975998|True|(50, 0, 780)|(0, 0.7071068, 0, 0.7071068)|(1, 1, 1)
GlobalObjectId_V1-2-3b6551b0f2848c54f911d6f91ca83d54-3209983756421899257-1569953115|True|(-100, 0, 670)|(0, 0, 0, 1)|(1, 1, 1)
GlobalObjectId_V1-2-3b6551b0f2848c54f911d6f91ca83d54-3209983756421899257-1592458487|True|(-100, 0, 470)|(0, 0, 0, 1)|(1, 1, 1)
GlobalObjectId_V1-2-3b6551b0f2848c54f911d6f91ca83d54-3209983756421899257-1623155215|True|(240, 0, 270)|(0, 0, 0, 1)|(1, 1, 1)
GlobalObjectId_V1-2-3b6551b0f2848c54f911d6f91ca83d54-3209983756421899257-1634495755|True|(90, 0, 780)|(0, 0.7071068, 0, 0.7071068)|(1, 1, 1)
GlobalObjectId_V1-2-3b6551b0f2848c54f911d6f91ca83d54-3209983756421899257-1662015967|True|(110, 0, 0)|(0, 0.7071068, 0, 0.7071068)|(1, 1, 1)
GlobalObjectId_V1-2-3b6551b0f2848c54f911d6f91ca83d54-3209983756421899257-1670383592|True|(30.0000019, 0, 440)|(0, -0.7071068, 0, 0.7071068)|(1, 1, 1)
GlobalObjectId_V1-2-3b6551b0f2848c54f911d6f91ca83d54-3209983756421899257-1675048350|True|(50, 0, 0)|(0, 0.7071068, 0, 0.7071068)|(1, 1, 1)
GlobalObjectId_V1-2-3b6551b0f2848c54f911d6f91ca83d54-3209983756421899257-1708881218|True|(240, 0, 10)|(0, 0, 0, 1)|(1, 1, 1)
GlobalObjectId_V1-2-3b6551b0f2848c54f911d6f91ca83d54-3209983756421899257-17207605|True|(240, 0, 50)|(0, 0, 0, 1)|(1, 1, 1)
GlobalObjectId_V1-2-3b6551b0f2848c54f911d6f91ca83d54-3209983756421899257-1737879755|True|(0, 0, -270)|(0, 0, 0, 1)|(1, 1, 1)
GlobalObjectId_V1-2-3b6551b0f2848c54f911d6f91ca83d54-3209983756421899257-1750548124|True|(0, 0, -250)|(0, 0, 0, 1)|(1, 1, 1)
GlobalObjectId_V1-2-3b6551b0f2848c54f911d6f91ca83d54-3209983756421899257-1821541540|True|(-100, 0, 710)|(0, 0, 0, 1)|(1, 1, 1)
GlobalObjectId_V1-2-3b6551b0f2848c54f911d6f91ca83d54-3209983756421899257-1876836630|True|(-9.999995, 0, 440)|(0, -0.7071068, 0, 0.7071068)|(1, 1, 1)
GlobalObjectId_V1-2-3b6551b0f2848c54f911d6f91ca83d54-3209983756421899257-1876879619|True|(-100, 0, 630)|(0, 0, 0, 1)|(1, 1, 1)
GlobalObjectId_V1-2-3b6551b0f2848c54f911d6f91ca83d54-3209983756421899257-1888021699|True|(0, 0, -150)|(0, 0, 0, 1)|(1, 1, 1)
GlobalObjectId_V1-2-3b6551b0f2848c54f911d6f91ca83d54-3209983756421899257-1894477694|True|(90, 0, 0)|(0, 0.7071068, 0, 0.7071068)|(1, 1, 1)
GlobalObjectId_V1-2-3b6551b0f2848c54f911d6f91ca83d54-3209983756421899257-1901397114|True|(-10, 0, 780)|(0, 0.7071068, 0, 0.7071068)|(1, 1, 1)
GlobalObjectId_V1-2-3b6551b0f2848c54f911d6f91ca83d54-3209983756421899257-1925312143|True|(-90, 0, 780)|(0, 0.7071068, 0, 0.7071068)|(1, 1, 1)
GlobalObjectId_V1-2-3b6551b0f2848c54f911d6f91ca83d54-3209983756421899257-1934710328|True|(190, 0, 780)|(0, 0.7071068, 0, 0.7071068)|(1, 1, 1)
GlobalObjectId_V1-2-3b6551b0f2848c54f911d6f91ca83d54-3209983756421899257-1941840485|True|(-100, 0, 490)|(0, 0, 0, 1)|(1, 1, 1)
GlobalObjectId_V1-2-3b6551b0f2848c54f911d6f91ca83d54-3209983756421899257-1972539541|True|(0, 0, -210)|(0, 0, 0, 1)|(1, 1, 1)
GlobalObjectId_V1-2-3b6551b0f2848c54f911d6f91ca83d54-3209983756421899257-1975310993|True|(170, 0, 0)|(0, 0.7071068, 0, 0.7071068)|(1, 1, 1)
GlobalObjectId_V1-2-3b6551b0f2848c54f911d6f91ca83d54-3209983756421899257-1980626663|True|(240, 0, 410)|(0, 0, 0, 1)|(1, 1, 1)
GlobalObjectId_V1-2-3b6551b0f2848c54f911d6f91ca83d54-3209983756421899257-1988882785|True|(-100, 0, 610)|(0, 0, 0, 1)|(1, 1, 1)
GlobalObjectId_V1-2-3b6551b0f2848c54f911d6f91ca83d54-3209983756421899257-2008346046|True|(240, 0, 440)|(0, 0, 0, 1)|(1, 1, 0.7)
GlobalObjectId_V1-2-3b6551b0f2848c54f911d6f91ca83d54-3209983756421899257-201155083|True|(240, 0, 70)|(0, 0, 0, 1)|(1, 1, 1)
GlobalObjectId_V1-2-3b6551b0f2848c54f911d6f91ca83d54-3209983756421899257-205241307|True|(240, 0, 90)|(0, 0, 0, 1)|(1, 1, 1)
GlobalObjectId_V1-2-3b6551b0f2848c54f911d6f91ca83d54-3209983756421899257-2069672748|True|(110, 0, 440)|(0, -0.7071068, 0, 0.7071068)|(1, 1, 1)
GlobalObjectId_V1-2-3b6551b0f2848c54f911d6f91ca83d54-3209983756421899257-2078512969|True|(210, 0, 0)|(0, 0.7071068, 0, 0.7071068)|(1, 1, 1)
GlobalObjectId_V1-2-3b6551b0f2848c54f911d6f91ca83d54-3209983756421899257-2079433297|True|(-100, 0, 750)|(0, 0, 0, 1)|(1, 1, 1)
GlobalObjectId_V1-2-3b6551b0f2848c54f911d6f91ca83d54-3209983756421899257-20869443|True|(0, 0, -350)|(0, 0, 0, 1)|(1, 1, 1)
GlobalObjectId_V1-2-3b6551b0f2848c54f911d6f91ca83d54-3209983756421899257-2089777630|True|(240, 0, 150)|(0, 0, 0, 1)|(1, 1, 1)
GlobalObjectId_V1-2-3b6551b0f2848c54f911d6f91ca83d54-3209983756421899257-2101078775|True|(110, 0, 780)|(0, 0.7071068, 0, 0.7071068)|(1, 1, 1)
GlobalObjectId_V1-2-3b6551b0f2848c54f911d6f91ca83d54-3209983756421899257-212141389|True|(0, 0, -50.0000076)|(0, 0, 0, 1)|(1, 1, 1)
GlobalObjectId_V1-2-3b6551b0f2848c54f911d6f91ca83d54-3209983756421899257-2140185629|True|(0, 0, -10.0000114)|(0, 0, 0, 1)|(1, 1, 1)
GlobalObjectId_V1-2-3b6551b0f2848c54f911d6f91ca83d54-3209983756421899257-240421953|True|(0, 0, -170)|(0, 0, 0, 1)|(1, 1, 1)
GlobalObjectId_V1-2-3b6551b0f2848c54f911d6f91ca83d54-3209983756421899257-283907408|True|(-49.9999924, 0, 440)|(0, -0.7071068, 0, 0.7071068)|(1, 1, 1)
GlobalObjectId_V1-2-3b6551b0f2848c54f911d6f91ca83d54-3209983756421899257-291009938|True|(0, 0, -370)|(0, 0, 0, 1)|(1, 1, 1)
GlobalObjectId_V1-2-3b6551b0f2848c54f911d6f91ca83d54-3209983756421899257-321312329|True|(10.0000038, 0, 440)|(0, -0.7071068, 0, 0.7071068)|(1, 1, 1)
GlobalObjectId_V1-2-3b6551b0f2848c54f911d6f91ca83d54-3209983756421899257-361425470|True|(-100, 0, 450)|(0, 0, 0, 1)|(1, 1, 1)
GlobalObjectId_V1-2-3b6551b0f2848c54f911d6f91ca83d54-3209983756421899257-387049697|True|(-100, 0, 650)|(0, 0, 0, 1)|(1, 1, 1)
GlobalObjectId_V1-2-3b6551b0f2848c54f911d6f91ca83d54-3209983756421899257-404204876|True|(0, 0, -310)|(0, 0, 0, 1)|(1, 1, 1)
GlobalObjectId_V1-2-3b6551b0f2848c54f911d6f91ca83d54-3209983756421899257-407102966|True|(240, 0, 250)|(0, 0, 0, 1)|(1, 1, 1)
GlobalObjectId_V1-2-3b6551b0f2848c54f911d6f91ca83d54-3209983756421899257-410627743|True|(-30, 0, 780)|(0, 0.7071068, 0, 0.7071068)|(1, 1, 1)
GlobalObjectId_V1-2-3b6551b0f2848c54f911d6f91ca83d54-3209983756421899257-412108945|True|(90, 0, 440)|(0, -0.7071068, 0, 0.7071068)|(1, 1, 1)
GlobalObjectId_V1-2-3b6551b0f2848c54f911d6f91ca83d54-3209983756421899257-421016116|True|(70, 0, 780)|(0, 0.7071068, 0, 0.7071068)|(1, 1, 1)
GlobalObjectId_V1-2-3b6551b0f2848c54f911d6f91ca83d54-3209983756421899257-442385047|True|(240, 0, 290)|(0, 0, 0, 1)|(1, 1, 1)
GlobalObjectId_V1-2-3b6551b0f2848c54f911d6f91ca83d54-3209983756421899257-487450157|True|(210, 0, 440)|(0, -0.7071068, 0, 0.7071068)|(1, 1, 1)
GlobalObjectId_V1-2-3b6551b0f2848c54f911d6f91ca83d54-3209983756421899257-48780954|True|(30, 0, 0)|(0, 0.7071068, 0, 0.7071068)|(1, 1, 1)
GlobalObjectId_V1-2-3b6551b0f2848c54f911d6f91ca83d54-3209983756421899257-496824571|True|(240, 0, 350)|(0, 0, 0, 1)|(1, 1, 1)
GlobalObjectId_V1-2-3b6551b0f2848c54f911d6f91ca83d54-3209983756421899257-513455666|True|(-100, 0, 530)|(0, 0, 0, 1)|(1, 1, 1)
GlobalObjectId_V1-2-3b6551b0f2848c54f911d6f91ca83d54-3209983756421899257-550998920|True|(170, 0, 780)|(0, 0.7071068, 0, 0.7071068)|(1, 1, 1)
GlobalObjectId_V1-2-3b6551b0f2848c54f911d6f91ca83d54-3209983756421899257-552232472|True|(50, 0, 440)|(0, -0.7071068, 0, 0.7071068)|(1, 1, 1)
GlobalObjectId_V1-2-3b6551b0f2848c54f911d6f91ca83d54-3209983756421899257-558783655|True|(0, 0, -70.00001)|(0, 0, 0, 1)|(1, 1, 1)
GlobalObjectId_V1-2-3b6551b0f2848c54f911d6f91ca83d54-3209983756421899257-571255781|True|(-100, 0, 770)|(0, 0, 0, 1)|(1, 1, 1)
GlobalObjectId_V1-2-3b6551b0f2848c54f911d6f91ca83d54-3209983756421899257-582280332|True|(-50, 0, 780)|(0, 0.7071068, 0, 0.7071068)|(1, 1, 1)
GlobalObjectId_V1-2-3b6551b0f2848c54f911d6f91ca83d54-3209983756421899257-602945406|True|(0, 0, -130)|(0, 0, 0, 1)|(1, 1, 1)
GlobalObjectId_V1-2-3b6551b0f2848c54f911d6f91ca83d54-3209983756421899257-604828592|True|(240, 0, 310)|(0, 0, 0, 1)|(1, 1, 1)
GlobalObjectId_V1-2-3b6551b0f2848c54f911d6f91ca83d54-3209983756421899257-625148832|True|(150, 0, 0)|(0, 0.7071068, 0, 0.7071068)|(1, 1, 1)
GlobalObjectId_V1-2-3b6551b0f2848c54f911d6f91ca83d54-3209983756421899257-629283304|True|(170, 0, 440)|(0, -0.7071068, 0, 0.7071068)|(1, 1, 1)
GlobalObjectId_V1-2-3b6551b0f2848c54f911d6f91ca83d54-3209983756421899257-632360688|True|(0, 0, 0)|(0, 0, 0, 1)|(1, 1, 0.7)
GlobalObjectId_V1-2-3b6551b0f2848c54f911d6f91ca83d54-3209983756421899257-65515887|True|(240, 0, 370)|(0, 0, 0, 1)|(1, 1, 1)
GlobalObjectId_V1-2-3b6551b0f2848c54f911d6f91ca83d54-3209983756421899257-664386334|True|(-100, 0, 780)|(0, 0, 0, 1)|(1, 1, 0.7)
GlobalObjectId_V1-2-3b6551b0f2848c54f911d6f91ca83d54-3209983756421899257-671554625|True|(240, 0, 190)|(0, 0, 0, 1)|(1, 1, 1)
GlobalObjectId_V1-2-3b6551b0f2848c54f911d6f91ca83d54-3209983756421899257-696519404|True|(10, 0, 780)|(0, 0.7071068, 0, 0.7071068)|(1, 1, 1)
GlobalObjectId_V1-2-3b6551b0f2848c54f911d6f91ca83d54-3209983756421899257-701716774|True|(10, 0, 0)|(0, 0.7071068, 0, 0.7071068)|(1, 1, 1)
GlobalObjectId_V1-2-3b6551b0f2848c54f911d6f91ca83d54-3209983756421899257-71272289|True|(240, 0, 330)|(0, 0, 0, 1)|(1, 1, 1)
GlobalObjectId_V1-2-3b6551b0f2848c54f911d6f91ca83d54-3209983756421899257-71517388|True|(240, 0, 430)|(0, 0, 0, 1)|(1, 1, 1)
GlobalObjectId_V1-2-3b6551b0f2848c54f911d6f91ca83d54-3209983756421899257-721567410|True|(30, 0, 780)|(0, 0.7071068, 0, 0.7071068)|(1, 1, 1)
GlobalObjectId_V1-2-3b6551b0f2848c54f911d6f91ca83d54-3209983756421899257-730220880|True|(-100, 0, 690)|(0, 0, 0, 1)|(1, 1, 1)
GlobalObjectId_V1-2-3b6551b0f2848c54f911d6f91ca83d54-3209983756421899257-737036636|True|(-70, 0, 780)|(0, 0.7071068, 0, 0.7071068)|(1, 1, 1)
GlobalObjectId_V1-2-3b6551b0f2848c54f911d6f91ca83d54-3209983756421899257-77761741|True|(130, 0, 780)|(0, 0.7071068, 0, 0.7071068)|(1, 1, 1)
GlobalObjectId_V1-2-3b6551b0f2848c54f911d6f91ca83d54-3209983756421899257-792537929|True|(-100, 0, 570)|(0, 0, 0, 1)|(1, 1, 1)
GlobalObjectId_V1-2-3b6551b0f2848c54f911d6f91ca83d54-3209983756421899257-804008162|True|(240, 0, 170)|(0, 0, 0, 1)|(1, 1, 1)
GlobalObjectId_V1-2-3b6551b0f2848c54f911d6f91ca83d54-3209983756421899257-812386430|True|(230, 0, 0)|(0, 0.7071068, 0, 0.7071068)|(1, 1, 1)
GlobalObjectId_V1-2-3b6551b0f2848c54f911d6f91ca83d54-3209983756421899257-859025202|True|(240, 0, 210)|(0, 0, 0, 1)|(1, 1, 1)
GlobalObjectId_V1-2-3b6551b0f2848c54f911d6f91ca83d54-3209983756421899257-879752567|True|(240, 0, 30)|(0, 0, 0, 1)|(1, 1, 1)
GlobalObjectId_V1-2-3b6551b0f2848c54f911d6f91ca83d54-3209983756421899257-880858936|True|(0, 0, -390)|(0, 0, 0, 1)|(1, 1, 1)
GlobalObjectId_V1-2-3b6551b0f2848c54f911d6f91ca83d54-3209983756421899257-899625212|True|(-100, 0, 510)|(0, 0, 0, 1)|(1, 1, 1)
GlobalObjectId_V1-2-3b6551b0f2848c54f911d6f91ca83d54-3209983756421899257-930319270|True|(-100, 0, 590)|(0, 0, 0, 1)|(1, 1, 1)
GlobalObjectId_V1-2-3b6551b0f2848c54f911d6f91ca83d54-3209983756421899257-934500700|True|(-100, 0, 550)|(0, 0, 0, 1)|(1, 1, 1)
GlobalObjectId_V1-2-3b6551b0f2848c54f911d6f91ca83d54-3209983756421899257-949974214|True|(-29.9999943, 0, 440)|(0, -0.7071068, 0, 0.7071068)|(1, 1, 1)
GlobalObjectId_V1-2-3b6551b0f2848c54f911d6f91ca83d54-3209983756421899257-97955528|True|(240, 0, 0)|(0, 0, 0, 1)|(1, 1, 0.7)
GlobalObjectId_V1-2-3b6551b0f2848c54f911d6f91ca83d54-3209983756421899257-995695527|True|(190, 0, 440)|(0, -0.7071068, 0, 0.7071068)|(1, 1, 1)
GlobalObjectId_V1-2-3b6551b0f2848c54f911d6f91ca83d54-3225212425111089437-1049486283|True|(-0.00160000008, 0, 0)|(0.9871956, -0.112429716, -0.112429671, -0.0128043881)|(1.00000036, 1.00000012, 1)
GlobalObjectId_V1-2-3b6551b0f2848c54f911d6f91ca83d54-3225212425111089437-126319019|True|(-0.00160000008, 0, 0)|(0.9871956, -0.112429716, -0.112429671, -0.0128043881)|(1.00000036, 1.00000012, 1)
GlobalObjectId_V1-2-3b6551b0f2848c54f911d6f91ca83d54-3225212425111089437-1481706251|True|(-0.00160000008, 0, 0)|(0.9871956, -0.112429716, -0.112429671, -0.0128043881)|(1.00000036, 1.00000012, 1)
GlobalObjectId_V1-2-3b6551b0f2848c54f911d6f91ca83d54-3225212425111089437-1592385703|True|(-0.00160000008, 0, 0)|(0.9871956, -0.112429716, -0.112429671, -0.0128043881)|(1.00000036, 1.00000012, 1)
GlobalObjectId_V1-2-3b6551b0f2848c54f911d6f91ca83d54-3225212425111089437-1661574985|True|(-0.00160000008, 0, 0)|(0.9871956, -0.112429716, -0.112429671, -0.0128043881)|(1.00000036, 1.00000012, 1)
GlobalObjectId_V1-2-3b6551b0f2848c54f911d6f91ca83d54-3225212425111089437-1902647294|True|(-0.00160000008, 0, 0)|(0.9871956, -0.112429716, -0.112429671, -0.0128043881)|(1.00000036, 1.00000012, 1)
GlobalObjectId_V1-2-3b6551b0f2848c54f911d6f91ca83d54-3225212425111089437-239339974|True|(-0.00160000008, 0, 0)|(0.9871956, -0.112429716, -0.112429671, -0.0128043881)|(1.00000036, 1.00000012, 1)
GlobalObjectId_V1-2-3b6551b0f2848c54f911d6f91ca83d54-3225212425111089437-350417267|True|(-0.00160000008, 0, 0)|(0.9871956, -0.112429716, -0.112429671, -0.0128043881)|(1.00000036, 1.00000012, 1)
GlobalObjectId_V1-2-3b6551b0f2848c54f911d6f91ca83d54-3225212425111089437-575299033|True|(-0.00160000008, 0, 0)|(0.9871956, -0.112429716, -0.112429671, -0.0128043881)|(1.00000036, 1.00000012, 1)
GlobalObjectId_V1-2-3b6551b0f2848c54f911d6f91ca83d54-3225212425111089437-834271436|True|(-0.00160000008, 0, 0)|(0.9871956, -0.112429716, -0.112429671, -0.0128043881)|(1.00000036, 1.00000012, 1)
GlobalObjectId_V1-2-3b6551b0f2848c54f911d6f91ca83d54-3343483667059883645-1229718731|True|(-1.11758706E-10, 0.00213466655, 9.31322554E-12)|(-0.0128043983, -0.112429693, 0.112429693, 0.9871956)|(1, 0.99999994, 0.99999994)
GlobalObjectId_V1-2-3b6551b0f2848c54f911d6f91ca83d54-3343483667059883645-1268510627|True|(-1.11758706E-10, 0.00213466655, 9.31322554E-12)|(-0.0128043983, -0.112429693, 0.112429693, 0.9871956)|(1, 0.99999994, 0.99999994)
GlobalObjectId_V1-2-3b6551b0f2848c54f911d6f91ca83d54-3343483667059883645-1298481983|True|(-1.11758706E-10, 0.00213466655, 9.31322554E-12)|(-0.0128043983, -0.112429693, 0.112429693, 0.9871956)|(1, 0.99999994, 0.99999994)
GlobalObjectId_V1-2-3b6551b0f2848c54f911d6f91ca83d54-3343483667059883645-1473460188|True|(-1.11758706E-10, 0.00213466655, 9.31322554E-12)|(-0.0128043983, -0.112429693, 0.112429693, 0.9871956)|(1, 0.99999994, 0.99999994)
GlobalObjectId_V1-2-3b6551b0f2848c54f911d6f91ca83d54-3343483667059883645-1740273041|True|(-1.11758706E-10, 0.00213466655, 9.31322554E-12)|(-0.0128043983, -0.112429693, 0.112429693, 0.9871956)|(1, 0.99999994, 0.99999994)
GlobalObjectId_V1-2-3b6551b0f2848c54f911d6f91ca83d54-3343483667059883645-352986360|True|(-1.11758706E-10, 0.00213466655, 9.31322554E-12)|(-0.0128043983, -0.112429693, 0.112429693, 0.9871956)|(1, 0.99999994, 0.99999994)
GlobalObjectId_V1-2-3b6551b0f2848c54f911d6f91ca83d54-3343483667059883645-375106697|True|(-1.11758706E-10, 0.00213466655, 9.31322554E-12)|(-0.0128043983, -0.112429693, 0.112429693, 0.9871956)|(1, 0.99999994, 0.99999994)
GlobalObjectId_V1-2-3b6551b0f2848c54f911d6f91ca83d54-3343483667059883645-466313733|True|(-1.11758706E-10, 0.00213466655, 9.31322554E-12)|(-0.0128043983, -0.112429693, 0.112429693, 0.9871956)|(1, 0.99999994, 0.99999994)
GlobalObjectId_V1-2-3b6551b0f2848c54f911d6f91ca83d54-3343483667059883645-769108169|True|(-1.11758706E-10, 0.00213466655, 9.31322554E-12)|(-0.0128043983, -0.112429693, 0.112429693, 0.9871956)|(1, 0.99999994, 0.99999994)
GlobalObjectId_V1-2-3b6551b0f2848c54f911d6f91ca83d54-3343483667059883645-814571549|True|(-1.11758706E-10, 0.00213466655, 9.31322554E-12)|(-0.0128043983, -0.112429693, 0.112429693, 0.9871956)|(1, 0.99999994, 0.99999994)
GlobalObjectId_V1-2-3b6551b0f2848c54f911d6f91ca83d54-337313047-0|True|(-96.9, 0.08, 530.1)|(0, 0, 0, 1)|(1, 1, 1)
GlobalObjectId_V1-2-3b6551b0f2848c54f911d6f91ca83d54-338280970-0|True|(-7.1, 0.1, 0)|(0, 0, 0, 1)|(0.2, 0.2, 20)
GlobalObjectId_V1-2-3b6551b0f2848c54f911d6f91ca83d54-3391507402741004348-1025319220|True|(0, 0, 0)|(0, 0, 0, 1)|(1.18800008, 1.026, 1)
GlobalObjectId_V1-2-3b6551b0f2848c54f911d6f91ca83d54-3391507402741004348-1076637211|True|(0, 0, 0)|(0, 0, 0, 1)|(1.18800008, 1.026, 1)
GlobalObjectId_V1-2-3b6551b0f2848c54f911d6f91ca83d54-3391507402741004348-1123370063|True|(0, 0, 0)|(0, 0, 0, 1)|(1.18800008, 1.026, 1)
GlobalObjectId_V1-2-3b6551b0f2848c54f911d6f91ca83d54-3391507402741004348-1138517293|True|(0, 0, 0)|(0, 0, 0, 1)|(1.18800008, 1.026, 1)
GlobalObjectId_V1-2-3b6551b0f2848c54f911d6f91ca83d54-3391507402741004348-1145818399|True|(0, 0, 0)|(0, 0, 0, 1)|(1.18800008, 1.026, 1)
GlobalObjectId_V1-2-3b6551b0f2848c54f911d6f91ca83d54-3391507402741004348-1148386096|True|(0, 0, 0)|(0, 0, 0, 1)|(1.18800008, 1.026, 1)
GlobalObjectId_V1-2-3b6551b0f2848c54f911d6f91ca83d54-3391507402741004348-1157908847|True|(0, 0, 0)|(0, 0, 0, 1)|(1.18800008, 1.026, 1)
GlobalObjectId_V1-2-3b6551b0f2848c54f911d6f91ca83d54-3391507402741004348-117525737|True|(0, 0, 0)|(0, 0, 0, 1)|(1.18800008, 1.026, 1)
GlobalObjectId_V1-2-3b6551b0f2848c54f911d6f91ca83d54-3391507402741004348-1211572864|True|(0, 0, 0)|(0, 0, 0, 1)|(1.18800008, 1.026, 1)
GlobalObjectId_V1-2-3b6551b0f2848c54f911d6f91ca83d54-3391507402741004348-1261995047|True|(0, 0, 0)|(0, 0, 0, 1)|(1.18800008, 1.026, 1)
GlobalObjectId_V1-2-3b6551b0f2848c54f911d6f91ca83d54-3391507402741004348-1273560124|True|(0, 0, 0)|(0, 0, 0, 1)|(1.18800008, 1.026, 1)
GlobalObjectId_V1-2-3b6551b0f2848c54f911d6f91ca83d54-3391507402741004348-1341893445|True|(0, 0, 0)|(0, 0, 0, 1)|(1.18800008, 1.026, 1)
GlobalObjectId_V1-2-3b6551b0f2848c54f911d6f91ca83d54-3391507402741004348-1577023816|True|(0, 0, 0)|(0, 0, 0, 1)|(1.18800008, 1.026, 1)
GlobalObjectId_V1-2-3b6551b0f2848c54f911d6f91ca83d54-3391507402741004348-1609908011|True|(0, 0, 0)|(0, 0, 0, 1)|(1.18800008, 1.026, 1)
GlobalObjectId_V1-2-3b6551b0f2848c54f911d6f91ca83d54-3391507402741004348-1654698043|True|(0, 0, 0)|(0, 0, 0, 1)|(1.18800008, 1.026, 1)
GlobalObjectId_V1-2-3b6551b0f2848c54f911d6f91ca83d54-3391507402741004348-1725634851|True|(0, 0, 0)|(0, 0, 0, 1)|(1.18800008, 1.026, 1)
GlobalObjectId_V1-2-3b6551b0f2848c54f911d6f91ca83d54-3391507402741004348-178552251|True|(0, 0, 0)|(0, 0, 0, 1)|(1.18800008, 1.026, 1)
GlobalObjectId_V1-2-3b6551b0f2848c54f911d6f91ca83d54-3391507402741004348-1804972047|True|(0, 0, 0)|(0, 0, 0, 1)|(1.18800008, 1.026, 1)
GlobalObjectId_V1-2-3b6551b0f2848c54f911d6f91ca83d54-3391507402741004348-1819624870|True|(0, 0, 0)|(0, 0, 0, 1)|(1.18800008, 1.026, 1)
GlobalObjectId_V1-2-3b6551b0f2848c54f911d6f91ca83d54-3391507402741004348-1866442031|True|(0, 0, 0)|(0, 0, 0, 1)|(1.18800008, 1.026, 1)
GlobalObjectId_V1-2-3b6551b0f2848c54f911d6f91ca83d54-3391507402741004348-1970165663|True|(0, 0, 0)|(0, 0, 0, 1)|(1.18800008, 1.026, 1)
GlobalObjectId_V1-2-3b6551b0f2848c54f911d6f91ca83d54-3391507402741004348-2024084545|True|(0, 0, 0)|(0, 0, 0, 1)|(1.18800008, 1.026, 1)
GlobalObjectId_V1-2-3b6551b0f2848c54f911d6f91ca83d54-3391507402741004348-2026501014|True|(0, 0, 0)|(0, 0, 0, 1)|(1.18800008, 1.026, 1)
GlobalObjectId_V1-2-3b6551b0f2848c54f911d6f91ca83d54-3391507402741004348-2039403610|True|(0, 0, 0)|(0, 0, 0, 1)|(1.18800008, 1.026, 1)
GlobalObjectId_V1-2-3b6551b0f2848c54f911d6f91ca83d54-3391507402741004348-2040492614|True|(0, 0, 0)|(0, 0, 0, 1)|(1.18800008, 1.026, 1)
GlobalObjectId_V1-2-3b6551b0f2848c54f911d6f91ca83d54-3391507402741004348-2056561579|True|(0, 0, 0)|(0, 0, 0, 1)|(1.18800008, 1.026, 1)
GlobalObjectId_V1-2-3b6551b0f2848c54f911d6f91ca83d54-3391507402741004348-2059838410|True|(0, 0, 0)|(0, 0, 0, 1)|(1.18800008, 1.026, 1)
GlobalObjectId_V1-2-3b6551b0f2848c54f911d6f91ca83d54-3391507402741004348-220756394|True|(0, 0, 0)|(0, 0, 0, 1)|(1.18800008, 1.026, 1)
GlobalObjectId_V1-2-3b6551b0f2848c54f911d6f91ca83d54-3391507402741004348-241495691|True|(0, 0, 0)|(0, 0, 0, 1)|(1.18800008, 1.026, 1)
GlobalObjectId_V1-2-3b6551b0f2848c54f911d6f91ca83d54-3391507402741004348-243786568|True|(0, 0, 0)|(0, 0, 0, 1)|(1.18800008, 1.026, 1)
GlobalObjectId_V1-2-3b6551b0f2848c54f911d6f91ca83d54-3391507402741004348-27082819|True|(0, 0, 0)|(0, 0, 0, 1)|(1.18800008, 1.026, 1)
GlobalObjectId_V1-2-3b6551b0f2848c54f911d6f91ca83d54-3391507402741004348-287385670|True|(0, 0, 0)|(0, 0, 0, 1)|(1.18800008, 1.026, 1)
GlobalObjectId_V1-2-3b6551b0f2848c54f911d6f91ca83d54-3391507402741004348-308217777|True|(0, 0, 0)|(0, 0, 0, 1)|(1.18800008, 1.026, 1)
GlobalObjectId_V1-2-3b6551b0f2848c54f911d6f91ca83d54-3391507402741004348-31273311|True|(0, 0, 0)|(0, 0, 0, 1)|(1.18800008, 1.026, 1)
GlobalObjectId_V1-2-3b6551b0f2848c54f911d6f91ca83d54-3391507402741004348-343957928|True|(0, 0, 0)|(0, 0, 0, 1)|(1.18800008, 1.026, 1)
GlobalObjectId_V1-2-3b6551b0f2848c54f911d6f91ca83d54-3391507402741004348-396161643|True|(0, 0, 0)|(0, 0, 0, 1)|(1.18800008, 1.026, 1)
GlobalObjectId_V1-2-3b6551b0f2848c54f911d6f91ca83d54-3391507402741004348-426443221|True|(0, 0, 0)|(0, 0, 0, 1)|(1.18800008, 1.026, 1)
GlobalObjectId_V1-2-3b6551b0f2848c54f911d6f91ca83d54-3391507402741004348-458006385|True|(0, 0, 0)|(0, 0, 0, 1)|(1.18800008, 1.026, 1)
GlobalObjectId_V1-2-3b6551b0f2848c54f911d6f91ca83d54-3391507402741004348-502189609|True|(0, 0, 0)|(0, 0, 0, 1)|(1.18800008, 1.026, 1)
GlobalObjectId_V1-2-3b6551b0f2848c54f911d6f91ca83d54-3391507402741004348-502266823|True|(0, 0, 0)|(0, 0, 0, 1)|(1.18800008, 1.026, 1)
GlobalObjectId_V1-2-3b6551b0f2848c54f911d6f91ca83d54-3391507402741004348-593650449|True|(0, 0, 0)|(0, 0, 0, 1)|(1.18800008, 1.026, 1)
GlobalObjectId_V1-2-3b6551b0f2848c54f911d6f91ca83d54-3391507402741004348-600046749|True|(0, 0, 0)|(0, 0, 0, 1)|(1.18800008, 1.026, 1)
GlobalObjectId_V1-2-3b6551b0f2848c54f911d6f91ca83d54-3391507402741004348-656679930|True|(0, 0, 0)|(0, 0, 0, 1)|(1.18800008, 1.026, 1)
GlobalObjectId_V1-2-3b6551b0f2848c54f911d6f91ca83d54-3391507402741004348-680847915|True|(0, 0, 0)|(0, 0, 0, 1)|(1.18800008, 1.026, 1)
GlobalObjectId_V1-2-3b6551b0f2848c54f911d6f91ca83d54-3391507402741004348-731984814|True|(0, 0, 0)|(0, 0, 0, 1)|(1.18800008, 1.026, 1)
GlobalObjectId_V1-2-3b6551b0f2848c54f911d6f91ca83d54-3391507402741004348-754211584|True|(0, 0, 0)|(0, 0, 0, 1)|(1.18800008, 1.026, 1)
GlobalObjectId_V1-2-3b6551b0f2848c54f911d6f91ca83d54-3391507402741004348-859783628|True|(0, 0, 0)|(0, 0, 0, 1)|(1.18800008, 1.026, 1)
GlobalObjectId_V1-2-3b6551b0f2848c54f911d6f91ca83d54-3391507402741004348-878071367|True|(0, 0, 0)|(0, 0, 0, 1)|(1.18800008, 1.026, 1)
GlobalObjectId_V1-2-3b6551b0f2848c54f911d6f91ca83d54-3391507402741004348-956417833|True|(0, 0, 0)|(0, 0, 0, 1)|(1.18800008, 1.026, 1)
GlobalObjectId_V1-2-3b6551b0f2848c54f911d6f91ca83d54-3391507402741004348-975687593|True|(0, 0, 0)|(0, 0, 0, 1)|(1.18800008, 1.026, 1)
GlobalObjectId_V1-2-3b6551b0f2848c54f911d6f91ca83d54-3457724553553144285-1191602872|True|(0, 0, 0)|(-0.7071068, 0, 0, 0.7071067)|(100, 100, 100)
GlobalObjectId_V1-2-3b6551b0f2848c54f911d6f91ca83d54-3457724553553144285-1250511116|True|(0, 0, 0)|(-0.7071068, 0, 0, 0.7071067)|(100, 100, 100)
GlobalObjectId_V1-2-3b6551b0f2848c54f911d6f91ca83d54-3457724553553144285-127729888|True|(0, 0, 0)|(-0.7071068, 0, 0, 0.7071067)|(100, 100, 100)
GlobalObjectId_V1-2-3b6551b0f2848c54f911d6f91ca83d54-3457724553553144285-1897079065|True|(0, 0, 0)|(-0.7071068, 0, 0, 0.7071067)|(100, 100, 100)
GlobalObjectId_V1-2-3b6551b0f2848c54f911d6f91ca83d54-3457724553553144285-2070896708|True|(0, 0, 0)|(-0.7071068, 0, 0, 0.7071067)|(100, 100, 100)
GlobalObjectId_V1-2-3b6551b0f2848c54f911d6f91ca83d54-3457724553553144285-383792707|True|(0, 0, 0)|(-0.7071068, 0, 0, 0.7071067)|(100, 100, 100)
GlobalObjectId_V1-2-3b6551b0f2848c54f911d6f91ca83d54-3457724553553144285-393103402|True|(0, 0, 0)|(-0.7071068, 0, 0, 0.7071067)|(100, 100, 100)
GlobalObjectId_V1-2-3b6551b0f2848c54f911d6f91ca83d54-3457724553553144285-566916451|True|(0, 0, 0)|(-0.7071068, 0, 0, 0.7071067)|(100, 100, 100)
GlobalObjectId_V1-2-3b6551b0f2848c54f911d6f91ca83d54-3457724553553144285-965188316|True|(0, 0, 0)|(-0.7071068, 0, 0, 0.7071067)|(100, 100, 100)
GlobalObjectId_V1-2-3b6551b0f2848c54f911d6f91ca83d54-3457724553553144285-969570616|True|(0, 0, 0)|(-0.7071068, 0, 0, 0.7071067)|(100, 100, 100)
GlobalObjectId_V1-2-3b6551b0f2848c54f911d6f91ca83d54-3472694769962777710-1025319220|True|(0, 0.003, 0.034)|(3.52508138E-08, -0.8064446, -0.591309667, 2.58469637E-08)|(0.06, 0.06, 0.06)
GlobalObjectId_V1-2-3b6551b0f2848c54f911d6f91ca83d54-3472694769962777710-1076637211|True|(0, 0.003, 0.034)|(3.52508138E-08, -0.8064446, -0.591309667, 2.58469637E-08)|(0.06, 0.06, 0.06)
GlobalObjectId_V1-2-3b6551b0f2848c54f911d6f91ca83d54-3472694769962777710-1123370063|True|(0, 0.003, 0.034)|(-0.5706027, 0.569630742, 0.4190686, -0.417510331)|(0.06, 0.06, 0.06)
GlobalObjectId_V1-2-3b6551b0f2848c54f911d6f91ca83d54-3472694769962777710-1138517293|True|(0, 0.003, 0.034)|(3.52508138E-08, -0.8064446, -0.591309667, 2.58469637E-08)|(0.06, 0.06, 0.06)
GlobalObjectId_V1-2-3b6551b0f2848c54f911d6f91ca83d54-3472694769962777710-1145818399|True|(0, 0.003, 0.034)|(-0.569630742, -0.5706027, -0.417510331, -0.4190686)|(0.06, 0.06, 0.06)
GlobalObjectId_V1-2-3b6551b0f2848c54f911d6f91ca83d54-3472694769962777710-1148386096|True|(0, 0.003, 0.034)|(3.52508138E-08, -0.8064446, -0.591309667, 2.58469637E-08)|(0.06, 0.06, 0.06)
GlobalObjectId_V1-2-3b6551b0f2848c54f911d6f91ca83d54-3472694769962777710-1157908847|True|(0, 0.003, 0.034)|(3.52508138E-08, -0.8064446, -0.591309667, 2.58469637E-08)|(0.06, 0.06, 0.06)
GlobalObjectId_V1-2-3b6551b0f2848c54f911d6f91ca83d54-3472694769962777710-117525737|True|(0, 0.003, 0.034)|(3.52508138E-08, -0.8064446, -0.591309667, 2.58469637E-08)|(0.06, 0.06, 0.06)
GlobalObjectId_V1-2-3b6551b0f2848c54f911d6f91ca83d54-3472694769962777710-1211572864|True|(0, 0.003, 0.034)|(-0.5706027, 0.569630742, 0.4190686, -0.417510331)|(0.06, 0.06, 0.06)
GlobalObjectId_V1-2-3b6551b0f2848c54f911d6f91ca83d54-3472694769962777710-1261995047|True|(0, 0.003, 0.034)|(3.52508138E-08, -0.8064446, -0.591309667, 2.58469637E-08)|(0.06, 0.06, 0.06)
GlobalObjectId_V1-2-3b6551b0f2848c54f911d6f91ca83d54-3472694769962777710-1273560124|True|(0, 0.003, 0.034)|(-0.569630742, -0.5706027, -0.417510331, -0.4190686)|(0.06, 0.06, 0.06)
GlobalObjectId_V1-2-3b6551b0f2848c54f911d6f91ca83d54-3472694769962777710-1341893445|True|(0, 0.003, 0.034)|(3.52508138E-08, -0.8064446, -0.591309667, 2.58469637E-08)|(0.06, 0.06, 0.06)
GlobalObjectId_V1-2-3b6551b0f2848c54f911d6f91ca83d54-3472694769962777710-1577023816|True|(0, 0.003, 0.034)|(3.52508138E-08, -0.8064446, -0.591309667, 2.58469637E-08)|(0.06, 0.06, 0.06)
GlobalObjectId_V1-2-3b6551b0f2848c54f911d6f91ca83d54-3472694769962777710-1609908011|True|(0, 0.003, 0.034)|(-0.569630742, -0.5706027, -0.417510331, -0.4190686)|(0.06, 0.06, 0.06)
GlobalObjectId_V1-2-3b6551b0f2848c54f911d6f91ca83d54-3472694769962777710-1654698043|True|(0, 0.003, 0.034)|(-0.5706027, 0.569630742, 0.4190686, -0.417510331)|(0.06, 0.06, 0.06)
GlobalObjectId_V1-2-3b6551b0f2848c54f911d6f91ca83d54-3472694769962777710-1725634851|True|(0, 0.003, 0.034)|(-0.5706027, 0.569630742, 0.4190686, -0.417510331)|(0.06, 0.06, 0.06)
GlobalObjectId_V1-2-3b6551b0f2848c54f911d6f91ca83d54-3472694769962777710-178552251|True|(0, 0.003, 0.034)|(3.52508138E-08, -0.8064446, -0.591309667, 2.58469637E-08)|(0.06, 0.06, 0.06)
GlobalObjectId_V1-2-3b6551b0f2848c54f911d6f91ca83d54-3472694769962777710-1804972047|True|(0, 0.003, 0.034)|(-0.5706027, 0.569630742, 0.4190686, -0.417510331)|(0.06, 0.06, 0.06)
GlobalObjectId_V1-2-3b6551b0f2848c54f911d6f91ca83d54-3472694769962777710-1819624870|True|(0, 0.003, 0.034)|(3.52508138E-08, -0.8064446, -0.591309667, 2.58469637E-08)|(0.06, 0.06, 0.06)
GlobalObjectId_V1-2-3b6551b0f2848c54f911d6f91ca83d54-3472694769962777710-1866442031|True|(0, 0.003, 0.034)|(-0.569630742, -0.5706027, -0.417510331, -0.4190686)|(0.06, 0.06, 0.06)
GlobalObjectId_V1-2-3b6551b0f2848c54f911d6f91ca83d54-3472694769962777710-1970165663|True|(0, 0.003, 0.034)|(-0.569630742, -0.5706027, -0.417510331, -0.4190686)|(0.06, 0.06, 0.06)
GlobalObjectId_V1-2-3b6551b0f2848c54f911d6f91ca83d54-3472694769962777710-2024084545|True|(0, 0.003, 0.034)|(-0.569630742, -0.5706027, -0.417510331, -0.4190686)|(0.06, 0.06, 0.06)
GlobalObjectId_V1-2-3b6551b0f2848c54f911d6f91ca83d54-3472694769962777710-2026501014|True|(0, 0.003, 0.034)|(3.52508138E-08, -0.8064446, -0.591309667, 2.58469637E-08)|(0.06, 0.06, 0.06)
GlobalObjectId_V1-2-3b6551b0f2848c54f911d6f91ca83d54-3472694769962777710-2039403610|True|(0, 0.003, 0.034)|(-0.569630742, -0.5706027, -0.417510331, -0.4190686)|(0.06, 0.06, 0.06)
GlobalObjectId_V1-2-3b6551b0f2848c54f911d6f91ca83d54-3472694769962777710-2040492614|True|(0, 0.003, 0.034)|(3.52508138E-08, -0.8064446, -0.591309667, 2.58469637E-08)|(0.06, 0.06, 0.06)
GlobalObjectId_V1-2-3b6551b0f2848c54f911d6f91ca83d54-3472694769962777710-2056561579|True|(0, 0.003, 0.034)|(3.52508138E-08, -0.8064446, -0.591309667, 2.58469637E-08)|(0.06, 0.06, 0.06)
GlobalObjectId_V1-2-3b6551b0f2848c54f911d6f91ca83d54-3472694769962777710-2059838410|True|(0, 0.003, 0.034)|(3.52508138E-08, -0.8064446, -0.591309667, 2.58469637E-08)|(0.06, 0.06, 0.06)
GlobalObjectId_V1-2-3b6551b0f2848c54f911d6f91ca83d54-3472694769962777710-220756394|True|(0, 0.003, 0.034)|(3.52508138E-08, -0.8064446, -0.591309667, 2.58469637E-08)|(0.06, 0.06, 0.06)
GlobalObjectId_V1-2-3b6551b0f2848c54f911d6f91ca83d54-3472694769962777710-241495691|True|(0, 0.003, 0.034)|(-0.5706027, 0.569630742, 0.4190686, -0.417510331)|(0.06, 0.06, 0.06)
GlobalObjectId_V1-2-3b6551b0f2848c54f911d6f91ca83d54-3472694769962777710-243786568|True|(0, 0.003, 0.034)|(3.52508138E-08, -0.8064446, -0.591309667, 2.58469637E-08)|(0.06, 0.06, 0.06)
GlobalObjectId_V1-2-3b6551b0f2848c54f911d6f91ca83d54-3472694769962777710-27082819|True|(0, 0.003, 0.034)|(-0.5706027, 0.569630742, 0.4190686, -0.417510331)|(0.06, 0.06, 0.06)
GlobalObjectId_V1-2-3b6551b0f2848c54f911d6f91ca83d54-3472694769962777710-287385670|True|(0, 0.003, 0.034)|(3.52508138E-08, -0.8064446, -0.591309667, 2.58469637E-08)|(0.06, 0.06, 0.06)
GlobalObjectId_V1-2-3b6551b0f2848c54f911d6f91ca83d54-3472694769962777710-308217777|True|(0, 0.003, 0.034)|(-0.5706027, 0.569630742, 0.4190686, -0.417510331)|(0.06, 0.06, 0.06)
GlobalObjectId_V1-2-3b6551b0f2848c54f911d6f91ca83d54-3472694769962777710-31273311|True|(0, 0.003, 0.034)|(-0.569630742, -0.5706027, -0.417510331, -0.4190686)|(0.06, 0.06, 0.06)
GlobalObjectId_V1-2-3b6551b0f2848c54f911d6f91ca83d54-3472694769962777710-343957928|True|(0, 0.003, 0.034)|(-0.569630742, -0.5706027, -0.417510331, -0.4190686)|(0.06, 0.06, 0.06)
GlobalObjectId_V1-2-3b6551b0f2848c54f911d6f91ca83d54-3472694769962777710-396161643|True|(0, 0.003, 0.034)|(3.52508138E-08, -0.8064446, -0.591309667, 2.58469637E-08)|(0.06, 0.06, 0.06)
GlobalObjectId_V1-2-3b6551b0f2848c54f911d6f91ca83d54-3472694769962777710-426443221|True|(0, 0.003, 0.034)|(-0.569630742, -0.5706027, -0.417510331, -0.4190686)|(0.06, 0.06, 0.06)
GlobalObjectId_V1-2-3b6551b0f2848c54f911d6f91ca83d54-3472694769962777710-458006385|True|(0, 0.003, 0.034)|(3.52508138E-08, -0.8064446, -0.591309667, 2.58469637E-08)|(0.06, 0.06, 0.06)
GlobalObjectId_V1-2-3b6551b0f2848c54f911d6f91ca83d54-3472694769962777710-502189609|True|(0, 0.003, 0.034)|(3.52508138E-08, -0.8064446, -0.591309667, 2.58469637E-08)|(0.06, 0.06, 0.06)
GlobalObjectId_V1-2-3b6551b0f2848c54f911d6f91ca83d54-3472694769962777710-502266823|True|(0, 0.003, 0.034)|(-0.5706027, 0.569630742, 0.4190686, -0.417510331)|(0.06, 0.06, 0.06)
GlobalObjectId_V1-2-3b6551b0f2848c54f911d6f91ca83d54-3472694769962777710-593650449|True|(0, 0.003, 0.034)|(3.52508138E-08, -0.8064446, -0.591309667, 2.58469637E-08)|(0.06, 0.06, 0.06)
GlobalObjectId_V1-2-3b6551b0f2848c54f911d6f91ca83d54-3472694769962777710-600046749|True|(0, 0.003, 0.034)|(-0.5706027, 0.569630742, 0.4190686, -0.417510331)|(0.06, 0.06, 0.06)
GlobalObjectId_V1-2-3b6551b0f2848c54f911d6f91ca83d54-3472694769962777710-656679930|True|(0, 0.003, 0.034)|(3.52508138E-08, -0.8064446, -0.591309667, 2.58469637E-08)|(0.06, 0.06, 0.06)
GlobalObjectId_V1-2-3b6551b0f2848c54f911d6f91ca83d54-3472694769962777710-680847915|True|(0, 0.003, 0.034)|(3.52508138E-08, -0.8064446, -0.591309667, 2.58469637E-08)|(0.06, 0.06, 0.06)
GlobalObjectId_V1-2-3b6551b0f2848c54f911d6f91ca83d54-3472694769962777710-731984814|True|(0, 0.003, 0.034)|(3.52508138E-08, -0.8064446, -0.591309667, 2.58469637E-08)|(0.06, 0.06, 0.06)
GlobalObjectId_V1-2-3b6551b0f2848c54f911d6f91ca83d54-3472694769962777710-754211584|True|(0, 0.003, 0.034)|(-0.569630742, -0.5706027, -0.417510331, -0.4190686)|(0.06, 0.06, 0.06)
GlobalObjectId_V1-2-3b6551b0f2848c54f911d6f91ca83d54-3472694769962777710-859783628|True|(0, 0.003, 0.034)|(3.52508138E-08, -0.8064446, -0.591309667, 2.58469637E-08)|(0.06, 0.06, 0.06)
GlobalObjectId_V1-2-3b6551b0f2848c54f911d6f91ca83d54-3472694769962777710-878071367|True|(0, 0.003, 0.034)|(3.52508138E-08, -0.8064446, -0.591309667, 2.58469637E-08)|(0.06, 0.06, 0.06)
GlobalObjectId_V1-2-3b6551b0f2848c54f911d6f91ca83d54-3472694769962777710-956417833|True|(0, 0.003, 0.034)|(-0.569630742, -0.5706027, -0.417510331, -0.4190686)|(0.06, 0.06, 0.06)
GlobalObjectId_V1-2-3b6551b0f2848c54f911d6f91ca83d54-3472694769962777710-975687593|True|(0, 0.003, 0.034)|(3.52508138E-08, -0.8064446, -0.591309667, 2.58469637E-08)|(0.06, 0.06, 0.06)
GlobalObjectId_V1-2-3b6551b0f2848c54f911d6f91ca83d54-3533474195736574358-1229718731|True|(0.00160000008, 0, 0)|(0.9871956, 0.112429716, 0.112429671, -0.0128043881)|(1.00000036, 1.00000012, 1)
GlobalObjectId_V1-2-3b6551b0f2848c54f911d6f91ca83d54-3533474195736574358-1268510627|True|(0.00160000008, 0, 0)|(0.9871956, 0.112429716, 0.112429671, -0.0128043881)|(1.00000036, 1.00000012, 1)
GlobalObjectId_V1-2-3b6551b0f2848c54f911d6f91ca83d54-3533474195736574358-1298481983|True|(0.00160000008, 0, 0)|(0.9871956, 0.112429716, 0.112429671, -0.0128043881)|(1.00000036, 1.00000012, 1)
GlobalObjectId_V1-2-3b6551b0f2848c54f911d6f91ca83d54-3533474195736574358-1473460188|True|(0.00160000008, 0, 0)|(0.9871956, 0.112429716, 0.112429671, -0.0128043881)|(1.00000036, 1.00000012, 1)
GlobalObjectId_V1-2-3b6551b0f2848c54f911d6f91ca83d54-3533474195736574358-1740273041|True|(0.00160000008, 0, 0)|(0.9871956, 0.112429716, 0.112429671, -0.0128043881)|(1.00000036, 1.00000012, 1)
GlobalObjectId_V1-2-3b6551b0f2848c54f911d6f91ca83d54-3533474195736574358-352986360|True|(0.00160000008, 0, 0)|(0.9871956, 0.112429716, 0.112429671, -0.0128043881)|(1.00000036, 1.00000012, 1)
GlobalObjectId_V1-2-3b6551b0f2848c54f911d6f91ca83d54-3533474195736574358-375106697|True|(0.00160000008, 0, 0)|(0.9871956, 0.112429716, 0.112429671, -0.0128043881)|(1.00000036, 1.00000012, 1)
GlobalObjectId_V1-2-3b6551b0f2848c54f911d6f91ca83d54-3533474195736574358-466313733|True|(0.00160000008, 0, 0)|(0.9871956, 0.112429716, 0.112429671, -0.0128043881)|(1.00000036, 1.00000012, 1)
GlobalObjectId_V1-2-3b6551b0f2848c54f911d6f91ca83d54-3533474195736574358-769108169|True|(0.00160000008, 0, 0)|(0.9871956, 0.112429716, 0.112429671, -0.0128043881)|(1.00000036, 1.00000012, 1)
GlobalObjectId_V1-2-3b6551b0f2848c54f911d6f91ca83d54-3533474195736574358-814571549|True|(0.00160000008, 0, 0)|(0.9871956, 0.112429716, 0.112429671, -0.0128043881)|(1.00000036, 1.00000012, 1)
GlobalObjectId_V1-2-3b6551b0f2848c54f911d6f91ca83d54-353524567-0|True|(-7.1, 0.1, 0)|(0, 0, 0, 1)|(0.2, 0.2, 20)
GlobalObjectId_V1-2-3b6551b0f2848c54f911d6f91ca83d54-3575220408464677337-1173330560|True|(-0.000257758424, -9.936094E-05, -0.000379592733)|(-0.7071068, 0, 0, 0.7071067)|(180.039673, 180.039673, 180.039673)
GlobalObjectId_V1-2-3b6551b0f2848c54f911d6f91ca83d54-3575220408464677337-1182477075|True|(-0.000257758424, -9.936094E-05, -0.000379592733)|(-0.7071068, 0, 0, 0.7071067)|(180.039673, 180.039673, 180.039673)
GlobalObjectId_V1-2-3b6551b0f2848c54f911d6f91ca83d54-3575220408464677337-1360688019|True|(-0.000257758424, -9.936094E-05, -0.000379592733)|(-0.7071068, 0, 0, 0.7071067)|(180.039673, 180.039673, 180.039673)
GlobalObjectId_V1-2-3b6551b0f2848c54f911d6f91ca83d54-3575220408464677337-1492346203|True|(-0.000257758424, -9.936094E-05, -0.000379592733)|(-0.7071068, 0, 0, 0.7071067)|(180.039673, 180.039673, 180.039673)
GlobalObjectId_V1-2-3b6551b0f2848c54f911d6f91ca83d54-3575220408464677337-1547711435|True|(-0.000257758424, -9.936094E-05, -0.000379592733)|(-0.7071068, 0, 0, 0.7071067)|(180.039673, 180.039673, 180.039673)
GlobalObjectId_V1-2-3b6551b0f2848c54f911d6f91ca83d54-3575220408464677337-1561759250|True|(-0.000257758424, -9.936094E-05, -0.000379592733)|(-0.7071068, 0, 0, 0.7071067)|(180.039673, 180.039673, 180.039673)
GlobalObjectId_V1-2-3b6551b0f2848c54f911d6f91ca83d54-3575220408464677337-159707184|True|(-0.000257758424, -9.936094E-05, -0.000379592733)|(-0.7071068, 0, 0, 0.7071067)|(180.039673, 180.039673, 180.039673)
GlobalObjectId_V1-2-3b6551b0f2848c54f911d6f91ca83d54-3575220408464677337-1640366800|True|(-0.000257758424, -9.936094E-05, -0.000379592733)|(-0.7071068, 0, 0, 0.7071067)|(180.039673, 180.039673, 180.039673)
GlobalObjectId_V1-2-3b6551b0f2848c54f911d6f91ca83d54-3575220408464677337-1689510488|True|(-0.000257758424, -9.936094E-05, -0.000379592733)|(-0.7071068, 0, 0, 0.7071067)|(180.039673, 180.039673, 180.039673)
GlobalObjectId_V1-2-3b6551b0f2848c54f911d6f91ca83d54-3575220408464677337-519420759|True|(-0.000257758424, -9.936094E-05, -0.000379592733)|(-0.7071068, 0, 0, 0.7071067)|(180.039673, 180.039673, 180.039673)
GlobalObjectId_V1-2-3b6551b0f2848c54f911d6f91ca83d54-3671169410058692064-1191602872|True|(0, 0, 0)|(-0.7071068, 0, 0, 0.7071067)|(100, 100, 100)
GlobalObjectId_V1-2-3b6551b0f2848c54f911d6f91ca83d54-3671169410058692064-1250511116|True|(0, 0, 0)|(-0.7071068, 0, 0, 0.7071067)|(100, 100, 100)
GlobalObjectId_V1-2-3b6551b0f2848c54f911d6f91ca83d54-3671169410058692064-127729888|True|(0, 0, 0)|(-0.7071068, 0, 0, 0.7071067)|(100, 100, 100)
GlobalObjectId_V1-2-3b6551b0f2848c54f911d6f91ca83d54-3671169410058692064-1897079065|True|(0, 0, 0)|(-0.7071068, 0, 0, 0.7071067)|(100, 100, 100)
GlobalObjectId_V1-2-3b6551b0f2848c54f911d6f91ca83d54-3671169410058692064-2070896708|True|(0, 0, 0)|(-0.7071068, 0, 0, 0.7071067)|(100, 100, 100)
GlobalObjectId_V1-2-3b6551b0f2848c54f911d6f91ca83d54-3671169410058692064-383792707|True|(0, 0, 0)|(-0.7071068, 0, 0, 0.7071067)|(100, 100, 100)
GlobalObjectId_V1-2-3b6551b0f2848c54f911d6f91ca83d54-3671169410058692064-393103402|True|(0, 0, 0)|(-0.7071068, 0, 0, 0.7071067)|(100, 100, 100)
GlobalObjectId_V1-2-3b6551b0f2848c54f911d6f91ca83d54-3671169410058692064-566916451|True|(0, 0, 0)|(-0.7071068, 0, 0, 0.7071067)|(100, 100, 100)
GlobalObjectId_V1-2-3b6551b0f2848c54f911d6f91ca83d54-3671169410058692064-965188316|True|(0, 0, 0)|(-0.7071068, 0, 0, 0.7071067)|(100, 100, 100)
GlobalObjectId_V1-2-3b6551b0f2848c54f911d6f91ca83d54-3671169410058692064-969570616|True|(0, 0, 0)|(-0.7071068, 0, 0, 0.7071067)|(100, 100, 100)
GlobalObjectId_V1-2-3b6551b0f2848c54f911d6f91ca83d54-367452389-0|True|(13.0999756, 0.08, 440)|(0, -0.7071068, 0, 0.7071068)|(1, 1, 1)
GlobalObjectId_V1-2-3b6551b0f2848c54f911d6f91ca83d54-3691800874555818212-1120997898|True|(1.60932531E-10, 0.00143999979, -1.86517449E-17)|(-0.608287156, -4.422812E-08, -2.802861E-08, 0.793717)|(1, 1, 1)
GlobalObjectId_V1-2-3b6551b0f2848c54f911d6f91ca83d54-3691800874555818212-1378066733|True|(1.60932531E-10, 0.00143999979, -1.86517449E-17)|(-0.608287156, -4.422812E-08, -2.802861E-08, 0.793717)|(1, 1, 1)
GlobalObjectId_V1-2-3b6551b0f2848c54f911d6f91ca83d54-3691800874555818212-1387022782|True|(1.60932531E-10, 0.00143999979, -1.86517449E-17)|(-0.608287156, -4.422812E-08, -2.802861E-08, 0.793717)|(1, 1, 1)
GlobalObjectId_V1-2-3b6551b0f2848c54f911d6f91ca83d54-3691800874555818212-1556813190|True|(1.60932531E-10, 0.00143999979, -1.86517449E-17)|(-0.608287156, -4.422812E-08, -2.802861E-08, 0.793717)|(1, 1, 1)
GlobalObjectId_V1-2-3b6551b0f2848c54f911d6f91ca83d54-3691800874555818212-161863763|True|(1.60932531E-10, 0.00143999979, -1.86517449E-17)|(-0.608287156, -4.422812E-08, -2.802861E-08, 0.793717)|(1, 1, 1)
GlobalObjectId_V1-2-3b6551b0f2848c54f911d6f91ca83d54-3691800874555818212-305648292|True|(1.60932531E-10, 0.00143999979, -1.86517449E-17)|(-0.608287156, -4.422812E-08, -2.802861E-08, 0.793717)|(1, 1, 1)
GlobalObjectId_V1-2-3b6551b0f2848c54f911d6f91ca83d54-3691800874555818212-404936451|True|(1.60932531E-10, 0.00143999979, -1.86517449E-17)|(-0.608287156, -4.422812E-08, -2.802861E-08, 0.793717)|(1, 1, 1)
GlobalObjectId_V1-2-3b6551b0f2848c54f911d6f91ca83d54-3691800874555818212-501866861|True|(1.60932531E-10, 0.00143999979, -1.86517449E-17)|(-0.608287156, -4.422812E-08, -2.802861E-08, 0.793717)|(1, 1, 1)
GlobalObjectId_V1-2-3b6551b0f2848c54f911d6f91ca83d54-3691800874555818212-692789032|True|(1.60932531E-10, 0.00143999979, -1.86517449E-17)|(-0.608287156, -4.422812E-08, -2.802861E-08, 0.793717)|(1, 1, 1)
GlobalObjectId_V1-2-3b6551b0f2848c54f911d6f91ca83d54-3691800874555818212-892891150|True|(1.60932531E-10, 0.00143999979, -1.86517449E-17)|(-0.608287156, -4.422812E-08, -2.802861E-08, 0.793717)|(1, 1, 1)
GlobalObjectId_V1-2-3b6551b0f2848c54f911d6f91ca83d54-378528617-0|True|(7.1, 0.1, 0)|(0, 0, 0, 1)|(0.2, 0.2, 20)
GlobalObjectId_V1-2-3b6551b0f2848c54f911d6f91ca83d54-3797597246638632142-1049486283|True|(5.96046434E-10, 0.00228805584, 1.49011609E-10)|(-0.003952943, 0.109595351, -0.133360967, 0.9849813)|(1, 1.00000012, 1)
GlobalObjectId_V1-2-3b6551b0f2848c54f911d6f91ca83d54-3797597246638632142-126319019|True|(5.96046434E-10, 0.00228805584, 1.49011609E-10)|(-0.003952943, 0.109595351, -0.133360967, 0.9849813)|(1, 1.00000012, 1)
GlobalObjectId_V1-2-3b6551b0f2848c54f911d6f91ca83d54-3797597246638632142-1481706251|True|(5.96046434E-10, 0.00228805584, 1.49011609E-10)|(-0.003952943, 0.109595351, -0.133360967, 0.9849813)|(1, 1.00000012, 1)
GlobalObjectId_V1-2-3b6551b0f2848c54f911d6f91ca83d54-3797597246638632142-1592385703|True|(5.96046434E-10, 0.00228805584, 1.49011609E-10)|(-0.003952943, 0.109595351, -0.133360967, 0.9849813)|(1, 1.00000012, 1)
GlobalObjectId_V1-2-3b6551b0f2848c54f911d6f91ca83d54-3797597246638632142-1661574985|True|(5.96046434E-10, 0.00228805584, 1.49011609E-10)|(-0.003952943, 0.109595351, -0.133360967, 0.9849813)|(1, 1.00000012, 1)
GlobalObjectId_V1-2-3b6551b0f2848c54f911d6f91ca83d54-3797597246638632142-1902647294|True|(5.96046434E-10, 0.00228805584, 1.49011609E-10)|(-0.003952943, 0.109595351, -0.133360967, 0.9849813)|(1, 1.00000012, 1)
GlobalObjectId_V1-2-3b6551b0f2848c54f911d6f91ca83d54-3797597246638632142-239339974|True|(5.96046434E-10, 0.00228805584, 1.49011609E-10)|(-0.003952943, 0.109595351, -0.133360967, 0.9849813)|(1, 1.00000012, 1)
GlobalObjectId_V1-2-3b6551b0f2848c54f911d6f91ca83d54-3797597246638632142-350417267|True|(5.96046434E-10, 0.00228805584, 1.49011609E-10)|(-0.003952943, 0.109595351, -0.133360967, 0.9849813)|(1, 1.00000012, 1)
GlobalObjectId_V1-2-3b6551b0f2848c54f911d6f91ca83d54-3797597246638632142-575299033|True|(5.96046434E-10, 0.00228805584, 1.49011609E-10)|(-0.003952943, 0.109595351, -0.133360967, 0.9849813)|(1, 1.00000012, 1)
GlobalObjectId_V1-2-3b6551b0f2848c54f911d6f91ca83d54-3797597246638632142-834271436|True|(5.96046434E-10, 0.00228805584, 1.49011609E-10)|(-0.003952943, 0.109595351, -0.133360967, 0.9849813)|(1, 1.00000012, 1)
GlobalObjectId_V1-2-3b6551b0f2848c54f911d6f91ca83d54-3828916584644221882-1049486283|True|(-96.9, 0.08, 562.1)|(0, 0, 0, 1)|(1, 1, 1)
GlobalObjectId_V1-2-3b6551b0f2848c54f911d6f91ca83d54-3828916584644221882-126319019|True|(85.0999756, 0.08, 780)|(0, 0.7071068, 0, 0.7071068)|(1, 1, 1)
GlobalObjectId_V1-2-3b6551b0f2848c54f911d6f91ca83d54-3828916584644221882-1481706251|True|(85.0999756, 0.08, 783.1)|(0, 0.7071068, 0, 0.7071068)|(1, 1, 1)
GlobalObjectId_V1-2-3b6551b0f2848c54f911d6f91ca83d54-3828916584644221882-1592385703|True|(-3.1, 0.08, -136.9)|(0, 0, 0, 1)|(1, 1, 1)
GlobalObjectId_V1-2-3b6551b0f2848c54f911d6f91ca83d54-3828916584644221882-1661574985|True|(243.1, 0.08, 96.0999756)|(0, 0, 0, 1)|(1, 1, 1)
GlobalObjectId_V1-2-3b6551b0f2848c54f911d6f91ca83d54-3828916584644221882-1902647294|True|(-100, 0.08, 562.1)|(0, 0, 0, 1)|(1, 1, 1)
GlobalObjectId_V1-2-3b6551b0f2848c54f911d6f91ca83d54-3828916584644221882-239339974|True|(180.900024, 0.08, 436.9)|(0, -0.7071068, 0, 0.7071068)|(1, 1, 1)
GlobalObjectId_V1-2-3b6551b0f2848c54f911d6f91ca83d54-3828916584644221882-350417267|True|(0, 0.08, -136.9)|(0, 0, 0, 1)|(1, 1, 1)
GlobalObjectId_V1-2-3b6551b0f2848c54f911d6f91ca83d54-3828916584644221882-575299033|True|(180.900024, 0.08, 440)|(0, -0.7071068, 0, 0.7071068)|(1, 1, 1)
GlobalObjectId_V1-2-3b6551b0f2848c54f911d6f91ca83d54-3828916584644221882-834271436|True|(240, 0.08, 96.0999756)|(0, 0, 0, 1)|(1, 1, 1)
GlobalObjectId_V1-2-3b6551b0f2848c54f911d6f91ca83d54-383742479-0|True|(3.69999981, 0.08, -336.7)|(0, 0, 0, 1)|(1, 1, 1)
GlobalObjectId_V1-2-3b6551b0f2848c54f911d6f91ca83d54-391103279-0|True|(-7.1, 0.1, 0)|(0, 0, 0, 1)|(0.2, 0.2, 20)
GlobalObjectId_V1-2-3b6551b0f2848c54f911d6f91ca83d54-3944870512087671445-1025319220|True|(0.005, 0.445, -0.003)|(6.28270845E-06, 0.004799633, 0.00130898156, 0.999987662)|(0.86, 0.045, 0.61)
GlobalObjectId_V1-2-3b6551b0f2848c54f911d6f91ca83d54-3944870512087671445-1076637211|True|(0.005, 0.445, -0.003)|(6.28270845E-06, 0.004799633, 0.00130898156, 0.999987662)|(0.86, 0.045, 0.61)
GlobalObjectId_V1-2-3b6551b0f2848c54f911d6f91ca83d54-3944870512087671445-1123370063|True|(0.005, 0.445, -0.003)|(6.28270845E-06, 0.004799633, 0.00130898156, 0.999987662)|(0.86, 0.045, 0.61)
GlobalObjectId_V1-2-3b6551b0f2848c54f911d6f91ca83d54-3944870512087671445-1138517293|True|(0.005, 0.445, -0.003)|(6.28270845E-06, 0.004799633, 0.00130898156, 0.999987662)|(0.86, 0.045, 0.61)
GlobalObjectId_V1-2-3b6551b0f2848c54f911d6f91ca83d54-3944870512087671445-1145818399|True|(0.005, 0.445, -0.003)|(6.28270845E-06, 0.004799633, 0.00130898156, 0.999987662)|(0.86, 0.045, 0.61)
GlobalObjectId_V1-2-3b6551b0f2848c54f911d6f91ca83d54-3944870512087671445-1148386096|True|(0.005, 0.445, -0.003)|(6.28270845E-06, 0.004799633, 0.00130898156, 0.999987662)|(0.86, 0.045, 0.61)
GlobalObjectId_V1-2-3b6551b0f2848c54f911d6f91ca83d54-3944870512087671445-1157908847|True|(0.005, 0.445, -0.003)|(6.28270845E-06, 0.004799633, 0.00130898156, 0.999987662)|(0.86, 0.045, 0.61)
GlobalObjectId_V1-2-3b6551b0f2848c54f911d6f91ca83d54-3944870512087671445-117525737|True|(0.005, 0.445, -0.003)|(6.28270845E-06, 0.004799633, 0.00130898156, 0.999987662)|(0.86, 0.045, 0.61)
GlobalObjectId_V1-2-3b6551b0f2848c54f911d6f91ca83d54-3944870512087671445-1211572864|True|(0.005, 0.445, -0.003)|(6.28270845E-06, 0.004799633, 0.00130898156, 0.999987662)|(0.86, 0.045, 0.61)
GlobalObjectId_V1-2-3b6551b0f2848c54f911d6f91ca83d54-3944870512087671445-1261995047|True|(0.005, 0.445, -0.003)|(6.28270845E-06, 0.004799633, 0.00130898156, 0.999987662)|(0.86, 0.045, 0.61)
GlobalObjectId_V1-2-3b6551b0f2848c54f911d6f91ca83d54-3944870512087671445-1273560124|True|(0.005, 0.445, -0.003)|(6.28270845E-06, 0.004799633, 0.00130898156, 0.999987662)|(0.86, 0.045, 0.61)
GlobalObjectId_V1-2-3b6551b0f2848c54f911d6f91ca83d54-3944870512087671445-1341893445|True|(0.005, 0.445, -0.003)|(6.28270845E-06, 0.004799633, 0.00130898156, 0.999987662)|(0.86, 0.045, 0.61)
GlobalObjectId_V1-2-3b6551b0f2848c54f911d6f91ca83d54-3944870512087671445-1577023816|True|(0.005, 0.445, -0.003)|(6.28270845E-06, 0.004799633, 0.00130898156, 0.999987662)|(0.86, 0.045, 0.61)
GlobalObjectId_V1-2-3b6551b0f2848c54f911d6f91ca83d54-3944870512087671445-1609908011|True|(0.005, 0.445, -0.003)|(6.28270845E-06, 0.004799633, 0.00130898156, 0.999987662)|(0.86, 0.045, 0.61)
GlobalObjectId_V1-2-3b6551b0f2848c54f911d6f91ca83d54-3944870512087671445-1654698043|True|(0.005, 0.445, -0.003)|(6.28270845E-06, 0.004799633, 0.00130898156, 0.999987662)|(0.86, 0.045, 0.61)
GlobalObjectId_V1-2-3b6551b0f2848c54f911d6f91ca83d54-3944870512087671445-1725634851|True|(0.005, 0.445, -0.003)|(6.28270845E-06, 0.004799633, 0.00130898156, 0.999987662)|(0.86, 0.045, 0.61)
GlobalObjectId_V1-2-3b6551b0f2848c54f911d6f91ca83d54-3944870512087671445-178552251|True|(0.005, 0.445, -0.003)|(6.28270845E-06, 0.004799633, 0.00130898156, 0.999987662)|(0.86, 0.045, 0.61)
GlobalObjectId_V1-2-3b6551b0f2848c54f911d6f91ca83d54-3944870512087671445-1804972047|True|(0.005, 0.445, -0.003)|(6.28270845E-06, 0.004799633, 0.00130898156, 0.999987662)|(0.86, 0.045, 0.61)
GlobalObjectId_V1-2-3b6551b0f2848c54f911d6f91ca83d54-3944870512087671445-1819624870|True|(0.005, 0.445, -0.003)|(6.28270845E-06, 0.004799633, 0.00130898156, 0.999987662)|(0.86, 0.045, 0.61)
GlobalObjectId_V1-2-3b6551b0f2848c54f911d6f91ca83d54-3944870512087671445-1866442031|True|(0.005, 0.445, -0.003)|(6.28270845E-06, 0.004799633, 0.00130898156, 0.999987662)|(0.86, 0.045, 0.61)
GlobalObjectId_V1-2-3b6551b0f2848c54f911d6f91ca83d54-3944870512087671445-1970165663|True|(0.005, 0.445, -0.003)|(6.28270845E-06, 0.004799633, 0.00130898156, 0.999987662)|(0.86, 0.045, 0.61)
GlobalObjectId_V1-2-3b6551b0f2848c54f911d6f91ca83d54-3944870512087671445-2024084545|True|(0.005, 0.445, -0.003)|(6.28270845E-06, 0.004799633, 0.00130898156, 0.999987662)|(0.86, 0.045, 0.61)
GlobalObjectId_V1-2-3b6551b0f2848c54f911d6f91ca83d54-3944870512087671445-2026501014|True|(0.005, 0.445, -0.003)|(6.28270845E-06, 0.004799633, 0.00130898156, 0.999987662)|(0.86, 0.045, 0.61)
GlobalObjectId_V1-2-3b6551b0f2848c54f911d6f91ca83d54-3944870512087671445-2039403610|True|(0.005, 0.445, -0.003)|(6.28270845E-06, 0.004799633, 0.00130898156, 0.999987662)|(0.86, 0.045, 0.61)
GlobalObjectId_V1-2-3b6551b0f2848c54f911d6f91ca83d54-3944870512087671445-2040492614|True|(0.005, 0.445, -0.003)|(6.28270845E-06, 0.004799633, 0.00130898156, 0.999987662)|(0.86, 0.045, 0.61)
GlobalObjectId_V1-2-3b6551b0f2848c54f911d6f91ca83d54-3944870512087671445-2056561579|True|(0.005, 0.445, -0.003)|(6.28270845E-06, 0.004799633, 0.00130898156, 0.999987662)|(0.86, 0.045, 0.61)
GlobalObjectId_V1-2-3b6551b0f2848c54f911d6f91ca83d54-3944870512087671445-2059838410|True|(0.005, 0.445, -0.003)|(6.28270845E-06, 0.004799633, 0.00130898156, 0.999987662)|(0.86, 0.045, 0.61)
GlobalObjectId_V1-2-3b6551b0f2848c54f911d6f91ca83d54-3944870512087671445-220756394|True|(0.005, 0.445, -0.003)|(6.28270845E-06, 0.004799633, 0.00130898156, 0.999987662)|(0.86, 0.045, 0.61)
GlobalObjectId_V1-2-3b6551b0f2848c54f911d6f91ca83d54-3944870512087671445-241495691|True|(0.005, 0.445, -0.003)|(6.28270845E-06, 0.004799633, 0.00130898156, 0.999987662)|(0.86, 0.045, 0.61)
GlobalObjectId_V1-2-3b6551b0f2848c54f911d6f91ca83d54-3944870512087671445-243786568|True|(0.005, 0.445, -0.003)|(6.28270845E-06, 0.004799633, 0.00130898156, 0.999987662)|(0.86, 0.045, 0.61)
GlobalObjectId_V1-2-3b6551b0f2848c54f911d6f91ca83d54-3944870512087671445-27082819|True|(0.005, 0.445, -0.003)|(6.28270845E-06, 0.004799633, 0.00130898156, 0.999987662)|(0.86, 0.045, 0.61)
GlobalObjectId_V1-2-3b6551b0f2848c54f911d6f91ca83d54-3944870512087671445-287385670|True|(0.005, 0.445, -0.003)|(6.28270845E-06, 0.004799633, 0.00130898156, 0.999987662)|(0.86, 0.045, 0.61)
GlobalObjectId_V1-2-3b6551b0f2848c54f911d6f91ca83d54-3944870512087671445-308217777|True|(0.005, 0.445, -0.003)|(6.28270845E-06, 0.004799633, 0.00130898156, 0.999987662)|(0.86, 0.045, 0.61)
GlobalObjectId_V1-2-3b6551b0f2848c54f911d6f91ca83d54-3944870512087671445-31273311|True|(0.005, 0.445, -0.003)|(6.28270845E-06, 0.004799633, 0.00130898156, 0.999987662)|(0.86, 0.045, 0.61)
GlobalObjectId_V1-2-3b6551b0f2848c54f911d6f91ca83d54-3944870512087671445-343957928|True|(0.005, 0.445, -0.003)|(6.28270845E-06, 0.004799633, 0.00130898156, 0.999987662)|(0.86, 0.045, 0.61)
GlobalObjectId_V1-2-3b6551b0f2848c54f911d6f91ca83d54-3944870512087671445-396161643|True|(0.005, 0.445, -0.003)|(6.28270845E-06, 0.004799633, 0.00130898156, 0.999987662)|(0.86, 0.045, 0.61)
GlobalObjectId_V1-2-3b6551b0f2848c54f911d6f91ca83d54-3944870512087671445-426443221|True|(0.005, 0.445, -0.003)|(6.28270845E-06, 0.004799633, 0.00130898156, 0.999987662)|(0.86, 0.045, 0.61)
GlobalObjectId_V1-2-3b6551b0f2848c54f911d6f91ca83d54-3944870512087671445-458006385|True|(0.005, 0.445, -0.003)|(6.28270845E-06, 0.004799633, 0.00130898156, 0.999987662)|(0.86, 0.045, 0.61)
GlobalObjectId_V1-2-3b6551b0f2848c54f911d6f91ca83d54-3944870512087671445-502189609|True|(0.005, 0.445, -0.003)|(6.28270845E-06, 0.004799633, 0.00130898156, 0.999987662)|(0.86, 0.045, 0.61)
GlobalObjectId_V1-2-3b6551b0f2848c54f911d6f91ca83d54-3944870512087671445-502266823|True|(0.005, 0.445, -0.003)|(6.28270845E-06, 0.004799633, 0.00130898156, 0.999987662)|(0.86, 0.045, 0.61)
GlobalObjectId_V1-2-3b6551b0f2848c54f911d6f91ca83d54-3944870512087671445-593650449|True|(0.005, 0.445, -0.003)|(6.28270845E-06, 0.004799633, 0.00130898156, 0.999987662)|(0.86, 0.045, 0.61)
GlobalObjectId_V1-2-3b6551b0f2848c54f911d6f91ca83d54-3944870512087671445-600046749|True|(0.005, 0.445, -0.003)|(6.28270845E-06, 0.004799633, 0.00130898156, 0.999987662)|(0.86, 0.045, 0.61)
GlobalObjectId_V1-2-3b6551b0f2848c54f911d6f91ca83d54-3944870512087671445-656679930|True|(0.005, 0.445, -0.003)|(6.28270845E-06, 0.004799633, 0.00130898156, 0.999987662)|(0.86, 0.045, 0.61)
GlobalObjectId_V1-2-3b6551b0f2848c54f911d6f91ca83d54-3944870512087671445-680847915|True|(0.005, 0.445, -0.003)|(6.28270845E-06, 0.004799633, 0.00130898156, 0.999987662)|(0.86, 0.045, 0.61)
GlobalObjectId_V1-2-3b6551b0f2848c54f911d6f91ca83d54-3944870512087671445-731984814|True|(0.005, 0.445, -0.003)|(6.28270845E-06, 0.004799633, 0.00130898156, 0.999987662)|(0.86, 0.045, 0.61)
GlobalObjectId_V1-2-3b6551b0f2848c54f911d6f91ca83d54-3944870512087671445-754211584|True|(0.005, 0.445, -0.003)|(6.28270845E-06, 0.004799633, 0.00130898156, 0.999987662)|(0.86, 0.045, 0.61)
GlobalObjectId_V1-2-3b6551b0f2848c54f911d6f91ca83d54-3944870512087671445-859783628|True|(0.005, 0.445, -0.003)|(6.28270845E-06, 0.004799633, 0.00130898156, 0.999987662)|(0.86, 0.045, 0.61)
GlobalObjectId_V1-2-3b6551b0f2848c54f911d6f91ca83d54-3944870512087671445-878071367|True|(0.005, 0.445, -0.003)|(6.28270845E-06, 0.004799633, 0.00130898156, 0.999987662)|(0.86, 0.045, 0.61)
GlobalObjectId_V1-2-3b6551b0f2848c54f911d6f91ca83d54-3944870512087671445-956417833|True|(0.005, 0.445, -0.003)|(6.28270845E-06, 0.004799633, 0.00130898156, 0.999987662)|(0.86, 0.045, 0.61)
GlobalObjectId_V1-2-3b6551b0f2848c54f911d6f91ca83d54-3944870512087671445-975687593|True|(0.005, 0.445, -0.003)|(6.28270845E-06, 0.004799633, 0.00130898156, 0.999987662)|(0.86, 0.045, 0.61)
GlobalObjectId_V1-2-3b6551b0f2848c54f911d6f91ca83d54-394964708-0|True|(0.6, 0.08, -336.7)|(0, 0, 0, 1)|(1, 1, 1)
GlobalObjectId_V1-2-3b6551b0f2848c54f911d6f91ca83d54-3986020542622695913-1025319220|True|(-0.318, 0.295, -0.286)|(0, 0, -0.005235964, 0.9999863)|(0.045, 0.3, 0.03)
GlobalObjectId_V1-2-3b6551b0f2848c54f911d6f91ca83d54-3986020542622695913-1076637211|True|(-0.318, 0.295, -0.286)|(0, 0, -0.005235964, 0.9999863)|(0.045, 0.3, 0.03)
GlobalObjectId_V1-2-3b6551b0f2848c54f911d6f91ca83d54-3986020542622695913-1123370063|True|(-0.318, 0.295, -0.286)|(0, 0, -0.005235964, 0.9999863)|(0.045, 0.3, 0.03)
GlobalObjectId_V1-2-3b6551b0f2848c54f911d6f91ca83d54-3986020542622695913-1138517293|True|(-0.318, 0.295, -0.286)|(0, 0, -0.005235964, 0.9999863)|(0.045, 0.3, 0.03)
GlobalObjectId_V1-2-3b6551b0f2848c54f911d6f91ca83d54-3986020542622695913-1145818399|True|(-0.318, 0.295, -0.286)|(0, 0, -0.005235964, 0.9999863)|(0.045, 0.3, 0.03)
GlobalObjectId_V1-2-3b6551b0f2848c54f911d6f91ca83d54-3986020542622695913-1148386096|True|(-0.318, 0.295, -0.286)|(0, 0, -0.005235964, 0.9999863)|(0.045, 0.3, 0.03)
GlobalObjectId_V1-2-3b6551b0f2848c54f911d6f91ca83d54-3986020542622695913-1157908847|True|(-0.318, 0.295, -0.286)|(0, 0, -0.005235964, 0.9999863)|(0.045, 0.3, 0.03)
GlobalObjectId_V1-2-3b6551b0f2848c54f911d6f91ca83d54-3986020542622695913-117525737|True|(-0.318, 0.295, -0.286)|(0, 0, -0.005235964, 0.9999863)|(0.045, 0.3, 0.03)
GlobalObjectId_V1-2-3b6551b0f2848c54f911d6f91ca83d54-3986020542622695913-1211572864|True|(-0.318, 0.295, -0.286)|(0, 0, -0.005235964, 0.9999863)|(0.045, 0.3, 0.03)
GlobalObjectId_V1-2-3b6551b0f2848c54f911d6f91ca83d54-3986020542622695913-1261995047|True|(-0.318, 0.295, -0.286)|(0, 0, -0.005235964, 0.9999863)|(0.045, 0.3, 0.03)
GlobalObjectId_V1-2-3b6551b0f2848c54f911d6f91ca83d54-3986020542622695913-1273560124|True|(-0.318, 0.295, -0.286)|(0, 0, -0.005235964, 0.9999863)|(0.045, 0.3, 0.03)
GlobalObjectId_V1-2-3b6551b0f2848c54f911d6f91ca83d54-3986020542622695913-1341893445|True|(-0.318, 0.295, -0.286)|(0, 0, -0.005235964, 0.9999863)|(0.045, 0.3, 0.03)
GlobalObjectId_V1-2-3b6551b0f2848c54f911d6f91ca83d54-3986020542622695913-1577023816|True|(-0.318, 0.295, -0.286)|(0, 0, -0.005235964, 0.9999863)|(0.045, 0.3, 0.03)
GlobalObjectId_V1-2-3b6551b0f2848c54f911d6f91ca83d54-3986020542622695913-1609908011|True|(-0.318, 0.295, -0.286)|(0, 0, -0.005235964, 0.9999863)|(0.045, 0.3, 0.03)
GlobalObjectId_V1-2-3b6551b0f2848c54f911d6f91ca83d54-3986020542622695913-1654698043|True|(-0.318, 0.295, -0.286)|(0, 0, -0.005235964, 0.9999863)|(0.045, 0.3, 0.03)
GlobalObjectId_V1-2-3b6551b0f2848c54f911d6f91ca83d54-3986020542622695913-1725634851|True|(-0.318, 0.295, -0.286)|(0, 0, -0.005235964, 0.9999863)|(0.045, 0.3, 0.03)
GlobalObjectId_V1-2-3b6551b0f2848c54f911d6f91ca83d54-3986020542622695913-178552251|True|(-0.318, 0.295, -0.286)|(0, 0, -0.005235964, 0.9999863)|(0.045, 0.3, 0.03)
GlobalObjectId_V1-2-3b6551b0f2848c54f911d6f91ca83d54-3986020542622695913-1804972047|True|(-0.318, 0.295, -0.286)|(0, 0, -0.005235964, 0.9999863)|(0.045, 0.3, 0.03)
GlobalObjectId_V1-2-3b6551b0f2848c54f911d6f91ca83d54-3986020542622695913-1819624870|True|(-0.318, 0.295, -0.286)|(0, 0, -0.005235964, 0.9999863)|(0.045, 0.3, 0.03)
GlobalObjectId_V1-2-3b6551b0f2848c54f911d6f91ca83d54-3986020542622695913-1866442031|True|(-0.318, 0.295, -0.286)|(0, 0, -0.005235964, 0.9999863)|(0.045, 0.3, 0.03)
GlobalObjectId_V1-2-3b6551b0f2848c54f911d6f91ca83d54-3986020542622695913-1970165663|True|(-0.318, 0.295, -0.286)|(0, 0, -0.005235964, 0.9999863)|(0.045, 0.3, 0.03)
GlobalObjectId_V1-2-3b6551b0f2848c54f911d6f91ca83d54-3986020542622695913-2024084545|True|(-0.318, 0.295, -0.286)|(0, 0, -0.005235964, 0.9999863)|(0.045, 0.3, 0.03)
GlobalObjectId_V1-2-3b6551b0f2848c54f911d6f91ca83d54-3986020542622695913-2026501014|True|(-0.318, 0.295, -0.286)|(0, 0, -0.005235964, 0.9999863)|(0.045, 0.3, 0.03)
GlobalObjectId_V1-2-3b6551b0f2848c54f911d6f91ca83d54-3986020542622695913-2039403610|True|(-0.318, 0.295, -0.286)|(0, 0, -0.005235964, 0.9999863)|(0.045, 0.3, 0.03)
GlobalObjectId_V1-2-3b6551b0f2848c54f911d6f91ca83d54-3986020542622695913-2040492614|True|(-0.318, 0.295, -0.286)|(0, 0, -0.005235964, 0.9999863)|(0.045, 0.3, 0.03)
GlobalObjectId_V1-2-3b6551b0f2848c54f911d6f91ca83d54-3986020542622695913-2056561579|True|(-0.318, 0.295, -0.286)|(0, 0, -0.005235964, 0.9999863)|(0.045, 0.3, 0.03)
GlobalObjectId_V1-2-3b6551b0f2848c54f911d6f91ca83d54-3986020542622695913-2059838410|True|(-0.318, 0.295, -0.286)|(0, 0, -0.005235964, 0.9999863)|(0.045, 0.3, 0.03)
GlobalObjectId_V1-2-3b6551b0f2848c54f911d6f91ca83d54-3986020542622695913-220756394|True|(-0.318, 0.295, -0.286)|(0, 0, -0.005235964, 0.9999863)|(0.045, 0.3, 0.03)
GlobalObjectId_V1-2-3b6551b0f2848c54f911d6f91ca83d54-3986020542622695913-241495691|True|(-0.318, 0.295, -0.286)|(0, 0, -0.005235964, 0.9999863)|(0.045, 0.3, 0.03)
GlobalObjectId_V1-2-3b6551b0f2848c54f911d6f91ca83d54-3986020542622695913-243786568|True|(-0.318, 0.295, -0.286)|(0, 0, -0.005235964, 0.9999863)|(0.045, 0.3, 0.03)
GlobalObjectId_V1-2-3b6551b0f2848c54f911d6f91ca83d54-3986020542622695913-27082819|True|(-0.318, 0.295, -0.286)|(0, 0, -0.005235964, 0.9999863)|(0.045, 0.3, 0.03)
GlobalObjectId_V1-2-3b6551b0f2848c54f911d6f91ca83d54-3986020542622695913-287385670|True|(-0.318, 0.295, -0.286)|(0, 0, -0.005235964, 0.9999863)|(0.045, 0.3, 0.03)
GlobalObjectId_V1-2-3b6551b0f2848c54f911d6f91ca83d54-3986020542622695913-308217777|True|(-0.318, 0.295, -0.286)|(0, 0, -0.005235964, 0.9999863)|(0.045, 0.3, 0.03)
GlobalObjectId_V1-2-3b6551b0f2848c54f911d6f91ca83d54-3986020542622695913-31273311|True|(-0.318, 0.295, -0.286)|(0, 0, -0.005235964, 0.9999863)|(0.045, 0.3, 0.03)
GlobalObjectId_V1-2-3b6551b0f2848c54f911d6f91ca83d54-3986020542622695913-343957928|True|(-0.318, 0.295, -0.286)|(0, 0, -0.005235964, 0.9999863)|(0.045, 0.3, 0.03)
GlobalObjectId_V1-2-3b6551b0f2848c54f911d6f91ca83d54-3986020542622695913-396161643|True|(-0.318, 0.295, -0.286)|(0, 0, -0.005235964, 0.9999863)|(0.045, 0.3, 0.03)
GlobalObjectId_V1-2-3b6551b0f2848c54f911d6f91ca83d54-3986020542622695913-426443221|True|(-0.318, 0.295, -0.286)|(0, 0, -0.005235964, 0.9999863)|(0.045, 0.3, 0.03)
GlobalObjectId_V1-2-3b6551b0f2848c54f911d6f91ca83d54-3986020542622695913-458006385|True|(-0.318, 0.295, -0.286)|(0, 0, -0.005235964, 0.9999863)|(0.045, 0.3, 0.03)
GlobalObjectId_V1-2-3b6551b0f2848c54f911d6f91ca83d54-3986020542622695913-502189609|True|(-0.318, 0.295, -0.286)|(0, 0, -0.005235964, 0.9999863)|(0.045, 0.3, 0.03)
GlobalObjectId_V1-2-3b6551b0f2848c54f911d6f91ca83d54-3986020542622695913-502266823|True|(-0.318, 0.295, -0.286)|(0, 0, -0.005235964, 0.9999863)|(0.045, 0.3, 0.03)
GlobalObjectId_V1-2-3b6551b0f2848c54f911d6f91ca83d54-3986020542622695913-593650449|True|(-0.318, 0.295, -0.286)|(0, 0, -0.005235964, 0.9999863)|(0.045, 0.3, 0.03)
GlobalObjectId_V1-2-3b6551b0f2848c54f911d6f91ca83d54-3986020542622695913-600046749|True|(-0.318, 0.295, -0.286)|(0, 0, -0.005235964, 0.9999863)|(0.045, 0.3, 0.03)
GlobalObjectId_V1-2-3b6551b0f2848c54f911d6f91ca83d54-3986020542622695913-656679930|True|(-0.318, 0.295, -0.286)|(0, 0, -0.005235964, 0.9999863)|(0.045, 0.3, 0.03)
GlobalObjectId_V1-2-3b6551b0f2848c54f911d6f91ca83d54-3986020542622695913-680847915|True|(-0.318, 0.295, -0.286)|(0, 0, -0.005235964, 0.9999863)|(0.045, 0.3, 0.03)
GlobalObjectId_V1-2-3b6551b0f2848c54f911d6f91ca83d54-3986020542622695913-731984814|True|(-0.318, 0.295, -0.286)|(0, 0, -0.005235964, 0.9999863)|(0.045, 0.3, 0.03)
GlobalObjectId_V1-2-3b6551b0f2848c54f911d6f91ca83d54-3986020542622695913-754211584|True|(-0.318, 0.295, -0.286)|(0, 0, -0.005235964, 0.9999863)|(0.045, 0.3, 0.03)
GlobalObjectId_V1-2-3b6551b0f2848c54f911d6f91ca83d54-3986020542622695913-859783628|True|(-0.318, 0.295, -0.286)|(0, 0, -0.005235964, 0.9999863)|(0.045, 0.3, 0.03)
GlobalObjectId_V1-2-3b6551b0f2848c54f911d6f91ca83d54-3986020542622695913-878071367|True|(-0.318, 0.295, -0.286)|(0, 0, -0.005235964, 0.9999863)|(0.045, 0.3, 0.03)
GlobalObjectId_V1-2-3b6551b0f2848c54f911d6f91ca83d54-3986020542622695913-956417833|True|(-0.318, 0.295, -0.286)|(0, 0, -0.005235964, 0.9999863)|(0.045, 0.3, 0.03)
GlobalObjectId_V1-2-3b6551b0f2848c54f911d6f91ca83d54-3986020542622695913-975687593|True|(-0.318, 0.295, -0.286)|(0, 0, -0.005235964, 0.9999863)|(0.045, 0.3, 0.03)
GlobalObjectId_V1-2-3b6551b0f2848c54f911d6f91ca83d54-3990936209727103228-1049486283|True|(-0.100672022, 0.947558641, -3.28750134)|(0, 0, 0, 1)|(1.00312221, 1.24048829, 1.00738955)
GlobalObjectId_V1-2-3b6551b0f2848c54f911d6f91ca83d54-3990936209727103228-126319019|True|(-0.100672022, 0.947558641, -3.28750134)|(0, 0, 0, 1)|(1.00312221, 1.24048829, 1.00738955)
GlobalObjectId_V1-2-3b6551b0f2848c54f911d6f91ca83d54-3990936209727103228-1481706251|True|(-0.100672022, 0.947558641, -3.28750134)|(0, 0, 0, 1)|(1.00312221, 1.24048829, 1.00738955)
GlobalObjectId_V1-2-3b6551b0f2848c54f911d6f91ca83d54-3990936209727103228-1592385703|True|(-0.100672022, 0.947558641, -3.28750134)|(0, 0, 0, 1)|(1.00312221, 1.24048829, 1.00738955)
GlobalObjectId_V1-2-3b6551b0f2848c54f911d6f91ca83d54-3990936209727103228-1661574985|True|(-0.100672022, 0.947558641, -3.28750134)|(0, 0, 0, 1)|(1.00312221, 1.24048829, 1.00738955)
GlobalObjectId_V1-2-3b6551b0f2848c54f911d6f91ca83d54-3990936209727103228-1902647294|True|(-0.100672022, 0.947558641, -3.28750134)|(0, 0, 0, 1)|(1.00312221, 1.24048829, 1.00738955)
GlobalObjectId_V1-2-3b6551b0f2848c54f911d6f91ca83d54-3990936209727103228-239339974|True|(-0.100672022, 0.947558641, -3.28750134)|(0, 0, 0, 1)|(1.00312221, 1.24048829, 1.00738955)
GlobalObjectId_V1-2-3b6551b0f2848c54f911d6f91ca83d54-3990936209727103228-350417267|True|(-0.100672022, 0.947558641, -3.28750134)|(0, 0, 0, 1)|(1.00312221, 1.24048829, 1.00738955)
GlobalObjectId_V1-2-3b6551b0f2848c54f911d6f91ca83d54-3990936209727103228-575299033|True|(-0.100672022, 0.947558641, -3.28750134)|(0, 0, 0, 1)|(1.00312221, 1.24048829, 1.00738955)
GlobalObjectId_V1-2-3b6551b0f2848c54f911d6f91ca83d54-3990936209727103228-834271436|True|(-0.100672022, 0.947558641, -3.28750134)|(0, 0, 0, 1)|(1.00312221, 1.24048829, 1.00738955)
GlobalObjectId_V1-2-3b6551b0f2848c54f911d6f91ca83d54-4049461724828919020-1025319220|True|(0, 0.295, -0.276)|(0, 0, 0, 1)|(0.59, 0.225, 0.014)
GlobalObjectId_V1-2-3b6551b0f2848c54f911d6f91ca83d54-4049461724828919020-1076637211|True|(0, 0.295, -0.276)|(0, 0, 0, 1)|(0.59, 0.225, 0.014)
GlobalObjectId_V1-2-3b6551b0f2848c54f911d6f91ca83d54-4049461724828919020-1123370063|True|(0, 0.295, -0.276)|(0, 0, 0, 1)|(0.59, 0.225, 0.014)
GlobalObjectId_V1-2-3b6551b0f2848c54f911d6f91ca83d54-4049461724828919020-1138517293|True|(0, 0.295, -0.276)|(0, 0, 0, 1)|(0.59, 0.225, 0.014)
GlobalObjectId_V1-2-3b6551b0f2848c54f911d6f91ca83d54-4049461724828919020-1145818399|True|(0, 0.295, -0.276)|(0, 0, 0, 1)|(0.59, 0.225, 0.014)
GlobalObjectId_V1-2-3b6551b0f2848c54f911d6f91ca83d54-4049461724828919020-1148386096|True|(0, 0.295, -0.276)|(0, 0, 0, 1)|(0.59, 0.225, 0.014)
GlobalObjectId_V1-2-3b6551b0f2848c54f911d6f91ca83d54-4049461724828919020-1157908847|True|(0, 0.295, -0.276)|(0, 0, 0, 1)|(0.59, 0.225, 0.014)
GlobalObjectId_V1-2-3b6551b0f2848c54f911d6f91ca83d54-4049461724828919020-117525737|True|(0, 0.295, -0.276)|(0, 0, 0, 1)|(0.59, 0.225, 0.014)
GlobalObjectId_V1-2-3b6551b0f2848c54f911d6f91ca83d54-4049461724828919020-1211572864|True|(0, 0.295, -0.276)|(0, 0, 0, 1)|(0.59, 0.225, 0.014)
GlobalObjectId_V1-2-3b6551b0f2848c54f911d6f91ca83d54-4049461724828919020-1261995047|True|(0, 0.295, -0.276)|(0, 0, 0, 1)|(0.59, 0.225, 0.014)
GlobalObjectId_V1-2-3b6551b0f2848c54f911d6f91ca83d54-4049461724828919020-1273560124|True|(0, 0.295, -0.276)|(0, 0, 0, 1)|(0.59, 0.225, 0.014)
GlobalObjectId_V1-2-3b6551b0f2848c54f911d6f91ca83d54-4049461724828919020-1341893445|True|(0, 0.295, -0.276)|(0, 0, 0, 1)|(0.59, 0.225, 0.014)
GlobalObjectId_V1-2-3b6551b0f2848c54f911d6f91ca83d54-4049461724828919020-1577023816|True|(0, 0.295, -0.276)|(0, 0, 0, 1)|(0.59, 0.225, 0.014)
GlobalObjectId_V1-2-3b6551b0f2848c54f911d6f91ca83d54-4049461724828919020-1609908011|True|(0, 0.295, -0.276)|(0, 0, 0, 1)|(0.59, 0.225, 0.014)
GlobalObjectId_V1-2-3b6551b0f2848c54f911d6f91ca83d54-4049461724828919020-1654698043|True|(0, 0.295, -0.276)|(0, 0, 0, 1)|(0.59, 0.225, 0.014)
GlobalObjectId_V1-2-3b6551b0f2848c54f911d6f91ca83d54-4049461724828919020-1725634851|True|(0, 0.295, -0.276)|(0, 0, 0, 1)|(0.59, 0.225, 0.014)
GlobalObjectId_V1-2-3b6551b0f2848c54f911d6f91ca83d54-4049461724828919020-178552251|True|(0, 0.295, -0.276)|(0, 0, 0, 1)|(0.59, 0.225, 0.014)
GlobalObjectId_V1-2-3b6551b0f2848c54f911d6f91ca83d54-4049461724828919020-1804972047|True|(0, 0.295, -0.276)|(0, 0, 0, 1)|(0.59, 0.225, 0.014)
GlobalObjectId_V1-2-3b6551b0f2848c54f911d6f91ca83d54-4049461724828919020-1819624870|True|(0, 0.295, -0.276)|(0, 0, 0, 1)|(0.59, 0.225, 0.014)
GlobalObjectId_V1-2-3b6551b0f2848c54f911d6f91ca83d54-4049461724828919020-1866442031|True|(0, 0.295, -0.276)|(0, 0, 0, 1)|(0.59, 0.225, 0.014)
GlobalObjectId_V1-2-3b6551b0f2848c54f911d6f91ca83d54-4049461724828919020-1970165663|True|(0, 0.295, -0.276)|(0, 0, 0, 1)|(0.59, 0.225, 0.014)
GlobalObjectId_V1-2-3b6551b0f2848c54f911d6f91ca83d54-4049461724828919020-2024084545|True|(0, 0.295, -0.276)|(0, 0, 0, 1)|(0.59, 0.225, 0.014)
GlobalObjectId_V1-2-3b6551b0f2848c54f911d6f91ca83d54-4049461724828919020-2026501014|True|(0, 0.295, -0.276)|(0, 0, 0, 1)|(0.59, 0.225, 0.014)
GlobalObjectId_V1-2-3b6551b0f2848c54f911d6f91ca83d54-4049461724828919020-2039403610|True|(0, 0.295, -0.276)|(0, 0, 0, 1)|(0.59, 0.225, 0.014)
GlobalObjectId_V1-2-3b6551b0f2848c54f911d6f91ca83d54-4049461724828919020-2040492614|True|(0, 0.295, -0.276)|(0, 0, 0, 1)|(0.59, 0.225, 0.014)
GlobalObjectId_V1-2-3b6551b0f2848c54f911d6f91ca83d54-4049461724828919020-2056561579|True|(0, 0.295, -0.276)|(0, 0, 0, 1)|(0.59, 0.225, 0.014)
GlobalObjectId_V1-2-3b6551b0f2848c54f911d6f91ca83d54-4049461724828919020-2059838410|True|(0, 0.295, -0.276)|(0, 0, 0, 1)|(0.59, 0.225, 0.014)
GlobalObjectId_V1-2-3b6551b0f2848c54f911d6f91ca83d54-4049461724828919020-220756394|True|(0, 0.295, -0.276)|(0, 0, 0, 1)|(0.59, 0.225, 0.014)
GlobalObjectId_V1-2-3b6551b0f2848c54f911d6f91ca83d54-4049461724828919020-241495691|True|(0, 0.295, -0.276)|(0, 0, 0, 1)|(0.59, 0.225, 0.014)
GlobalObjectId_V1-2-3b6551b0f2848c54f911d6f91ca83d54-4049461724828919020-243786568|True|(0, 0.295, -0.276)|(0, 0, 0, 1)|(0.59, 0.225, 0.014)
GlobalObjectId_V1-2-3b6551b0f2848c54f911d6f91ca83d54-4049461724828919020-27082819|True|(0, 0.295, -0.276)|(0, 0, 0, 1)|(0.59, 0.225, 0.014)
GlobalObjectId_V1-2-3b6551b0f2848c54f911d6f91ca83d54-4049461724828919020-287385670|True|(0, 0.295, -0.276)|(0, 0, 0, 1)|(0.59, 0.225, 0.014)
GlobalObjectId_V1-2-3b6551b0f2848c54f911d6f91ca83d54-4049461724828919020-308217777|True|(0, 0.295, -0.276)|(0, 0, 0, 1)|(0.59, 0.225, 0.014)
GlobalObjectId_V1-2-3b6551b0f2848c54f911d6f91ca83d54-4049461724828919020-31273311|True|(0, 0.295, -0.276)|(0, 0, 0, 1)|(0.59, 0.225, 0.014)
GlobalObjectId_V1-2-3b6551b0f2848c54f911d6f91ca83d54-4049461724828919020-343957928|True|(0, 0.295, -0.276)|(0, 0, 0, 1)|(0.59, 0.225, 0.014)
GlobalObjectId_V1-2-3b6551b0f2848c54f911d6f91ca83d54-4049461724828919020-396161643|True|(0, 0.295, -0.276)|(0, 0, 0, 1)|(0.59, 0.225, 0.014)
GlobalObjectId_V1-2-3b6551b0f2848c54f911d6f91ca83d54-4049461724828919020-426443221|True|(0, 0.295, -0.276)|(0, 0, 0, 1)|(0.59, 0.225, 0.014)
GlobalObjectId_V1-2-3b6551b0f2848c54f911d6f91ca83d54-4049461724828919020-458006385|True|(0, 0.295, -0.276)|(0, 0, 0, 1)|(0.59, 0.225, 0.014)
GlobalObjectId_V1-2-3b6551b0f2848c54f911d6f91ca83d54-4049461724828919020-502189609|True|(0, 0.295, -0.276)|(0, 0, 0, 1)|(0.59, 0.225, 0.014)
GlobalObjectId_V1-2-3b6551b0f2848c54f911d6f91ca83d54-4049461724828919020-502266823|True|(0, 0.295, -0.276)|(0, 0, 0, 1)|(0.59, 0.225, 0.014)
GlobalObjectId_V1-2-3b6551b0f2848c54f911d6f91ca83d54-4049461724828919020-593650449|True|(0, 0.295, -0.276)|(0, 0, 0, 1)|(0.59, 0.225, 0.014)
GlobalObjectId_V1-2-3b6551b0f2848c54f911d6f91ca83d54-4049461724828919020-600046749|True|(0, 0.295, -0.276)|(0, 0, 0, 1)|(0.59, 0.225, 0.014)
GlobalObjectId_V1-2-3b6551b0f2848c54f911d6f91ca83d54-4049461724828919020-656679930|True|(0, 0.295, -0.276)|(0, 0, 0, 1)|(0.59, 0.225, 0.014)
GlobalObjectId_V1-2-3b6551b0f2848c54f911d6f91ca83d54-4049461724828919020-680847915|True|(0, 0.295, -0.276)|(0, 0, 0, 1)|(0.59, 0.225, 0.014)
GlobalObjectId_V1-2-3b6551b0f2848c54f911d6f91ca83d54-4049461724828919020-731984814|True|(0, 0.295, -0.276)|(0, 0, 0, 1)|(0.59, 0.225, 0.014)
GlobalObjectId_V1-2-3b6551b0f2848c54f911d6f91ca83d54-4049461724828919020-754211584|True|(0, 0.295, -0.276)|(0, 0, 0, 1)|(0.59, 0.225, 0.014)
GlobalObjectId_V1-2-3b6551b0f2848c54f911d6f91ca83d54-4049461724828919020-859783628|True|(0, 0.295, -0.276)|(0, 0, 0, 1)|(0.59, 0.225, 0.014)
GlobalObjectId_V1-2-3b6551b0f2848c54f911d6f91ca83d54-4049461724828919020-878071367|True|(0, 0.295, -0.276)|(0, 0, 0, 1)|(0.59, 0.225, 0.014)
GlobalObjectId_V1-2-3b6551b0f2848c54f911d6f91ca83d54-4049461724828919020-956417833|True|(0, 0.295, -0.276)|(0, 0, 0, 1)|(0.59, 0.225, 0.014)
GlobalObjectId_V1-2-3b6551b0f2848c54f911d6f91ca83d54-4049461724828919020-975687593|True|(0, 0.295, -0.276)|(0, 0, 0, 1)|(0.59, 0.225, 0.014)
GlobalObjectId_V1-2-3b6551b0f2848c54f911d6f91ca83d54-406031539-0|True|(-7.1, 0.1, 0)|(0, 0, 0, 1)|(0.2, 0.2, 20)
GlobalObjectId_V1-2-3b6551b0f2848c54f911d6f91ca83d54-4129580787506430183-1025319220|True|(0, 0, 0)|(0.7071069, 1.152023E-07, 1.15202319E-07, 0.7071067)|(0.6527323, 1.33095169, 0.30627045)
GlobalObjectId_V1-2-3b6551b0f2848c54f911d6f91ca83d54-4129580787506430183-1076637211|True|(0, 0, 0)|(0.7071069, 1.152023E-07, 1.15202319E-07, 0.7071067)|(0.6527323, 1.33095169, 0.30627045)
GlobalObjectId_V1-2-3b6551b0f2848c54f911d6f91ca83d54-4129580787506430183-1123370063|True|(0, 0, 0)|(0.7071069, 1.152023E-07, 1.15202319E-07, 0.7071067)|(0.6527323, 1.33095169, 0.30627045)
GlobalObjectId_V1-2-3b6551b0f2848c54f911d6f91ca83d54-4129580787506430183-1138517293|True|(0, 0, 0)|(0.7071069, 1.152023E-07, 1.15202319E-07, 0.7071067)|(0.6527323, 1.33095169, 0.30627045)
GlobalObjectId_V1-2-3b6551b0f2848c54f911d6f91ca83d54-4129580787506430183-1145818399|True|(0, 0, 0)|(0.7071069, 1.152023E-07, 1.15202319E-07, 0.7071067)|(0.6527323, 1.33095169, 0.30627045)
GlobalObjectId_V1-2-3b6551b0f2848c54f911d6f91ca83d54-4129580787506430183-1148386096|True|(0, 0, 0)|(0.7071069, 1.152023E-07, 1.15202319E-07, 0.7071067)|(0.6527323, 1.33095169, 0.30627045)
GlobalObjectId_V1-2-3b6551b0f2848c54f911d6f91ca83d54-4129580787506430183-1157908847|True|(0, 0, 0)|(0.7071069, 1.152023E-07, 1.15202319E-07, 0.7071067)|(0.6527323, 1.33095169, 0.30627045)
GlobalObjectId_V1-2-3b6551b0f2848c54f911d6f91ca83d54-4129580787506430183-117525737|True|(0, 0, 0)|(0.7071069, 1.152023E-07, 1.15202319E-07, 0.7071067)|(0.6527323, 1.33095169, 0.30627045)
GlobalObjectId_V1-2-3b6551b0f2848c54f911d6f91ca83d54-4129580787506430183-1211572864|True|(0, 0, 0)|(0.7071069, 1.152023E-07, 1.15202319E-07, 0.7071067)|(0.6527323, 1.33095169, 0.30627045)
GlobalObjectId_V1-2-3b6551b0f2848c54f911d6f91ca83d54-4129580787506430183-1261995047|True|(0, 0, 0)|(0.7071069, 1.152023E-07, 1.15202319E-07, 0.7071067)|(0.6527323, 1.33095169, 0.30627045)
GlobalObjectId_V1-2-3b6551b0f2848c54f911d6f91ca83d54-4129580787506430183-1273560124|True|(0, 0, 0)|(0.7071069, 1.152023E-07, 1.15202319E-07, 0.7071067)|(0.6527323, 1.33095169, 0.30627045)
GlobalObjectId_V1-2-3b6551b0f2848c54f911d6f91ca83d54-4129580787506430183-1341893445|True|(0, 0, 0)|(0.7071069, 1.152023E-07, 1.15202319E-07, 0.7071067)|(0.6527323, 1.33095169, 0.30627045)
GlobalObjectId_V1-2-3b6551b0f2848c54f911d6f91ca83d54-4129580787506430183-1577023816|True|(0, 0, 0)|(0.7071069, 1.152023E-07, 1.15202319E-07, 0.7071067)|(0.6527323, 1.33095169, 0.30627045)
GlobalObjectId_V1-2-3b6551b0f2848c54f911d6f91ca83d54-4129580787506430183-1609908011|True|(0, 0, 0)|(0.7071069, 1.152023E-07, 1.15202319E-07, 0.7071067)|(0.6527323, 1.33095169, 0.30627045)
GlobalObjectId_V1-2-3b6551b0f2848c54f911d6f91ca83d54-4129580787506430183-1654698043|True|(0, 0, 0)|(0.7071069, 1.152023E-07, 1.15202319E-07, 0.7071067)|(0.6527323, 1.33095169, 0.30627045)
GlobalObjectId_V1-2-3b6551b0f2848c54f911d6f91ca83d54-4129580787506430183-1725634851|True|(0, 0, 0)|(0.7071069, 1.152023E-07, 1.15202319E-07, 0.7071067)|(0.6527323, 1.33095169, 0.30627045)
GlobalObjectId_V1-2-3b6551b0f2848c54f911d6f91ca83d54-4129580787506430183-178552251|True|(0, 0, 0)|(0.7071069, 1.152023E-07, 1.15202319E-07, 0.7071067)|(0.6527323, 1.33095169, 0.30627045)
GlobalObjectId_V1-2-3b6551b0f2848c54f911d6f91ca83d54-4129580787506430183-1804972047|True|(0, 0, 0)|(0.7071069, 1.152023E-07, 1.15202319E-07, 0.7071067)|(0.6527323, 1.33095169, 0.30627045)
GlobalObjectId_V1-2-3b6551b0f2848c54f911d6f91ca83d54-4129580787506430183-1819624870|True|(0, 0, 0)|(0.7071069, 1.152023E-07, 1.15202319E-07, 0.7071067)|(0.6527323, 1.33095169, 0.30627045)
GlobalObjectId_V1-2-3b6551b0f2848c54f911d6f91ca83d54-4129580787506430183-1866442031|True|(0, 0, 0)|(0.7071069, 1.152023E-07, 1.15202319E-07, 0.7071067)|(0.6527323, 1.33095169, 0.30627045)
GlobalObjectId_V1-2-3b6551b0f2848c54f911d6f91ca83d54-4129580787506430183-1970165663|True|(0, 0, 0)|(0.7071069, 1.152023E-07, 1.15202319E-07, 0.7071067)|(0.6527323, 1.33095169, 0.30627045)
GlobalObjectId_V1-2-3b6551b0f2848c54f911d6f91ca83d54-4129580787506430183-2024084545|True|(0, 0, 0)|(0.7071069, 1.152023E-07, 1.15202319E-07, 0.7071067)|(0.6527323, 1.33095169, 0.30627045)
GlobalObjectId_V1-2-3b6551b0f2848c54f911d6f91ca83d54-4129580787506430183-2026501014|True|(0, 0, 0)|(0.7071069, 1.152023E-07, 1.15202319E-07, 0.7071067)|(0.6527323, 1.33095169, 0.30627045)
GlobalObjectId_V1-2-3b6551b0f2848c54f911d6f91ca83d54-4129580787506430183-2039403610|True|(0, 0, 0)|(0.7071069, 1.152023E-07, 1.15202319E-07, 0.7071067)|(0.6527323, 1.33095169, 0.30627045)
GlobalObjectId_V1-2-3b6551b0f2848c54f911d6f91ca83d54-4129580787506430183-2040492614|True|(0, 0, 0)|(0.7071069, 1.152023E-07, 1.15202319E-07, 0.7071067)|(0.6527323, 1.33095169, 0.30627045)
GlobalObjectId_V1-2-3b6551b0f2848c54f911d6f91ca83d54-4129580787506430183-2056561579|True|(0, 0, 0)|(0.7071069, 1.152023E-07, 1.15202319E-07, 0.7071067)|(0.6527323, 1.33095169, 0.30627045)
GlobalObjectId_V1-2-3b6551b0f2848c54f911d6f91ca83d54-4129580787506430183-2059838410|True|(0, 0, 0)|(0.7071069, 1.152023E-07, 1.15202319E-07, 0.7071067)|(0.6527323, 1.33095169, 0.30627045)
GlobalObjectId_V1-2-3b6551b0f2848c54f911d6f91ca83d54-4129580787506430183-220756394|True|(0, 0, 0)|(0.7071069, 1.152023E-07, 1.15202319E-07, 0.7071067)|(0.6527323, 1.33095169, 0.30627045)
GlobalObjectId_V1-2-3b6551b0f2848c54f911d6f91ca83d54-4129580787506430183-241495691|True|(0, 0, 0)|(0.7071069, 1.152023E-07, 1.15202319E-07, 0.7071067)|(0.6527323, 1.33095169, 0.30627045)
GlobalObjectId_V1-2-3b6551b0f2848c54f911d6f91ca83d54-4129580787506430183-243786568|True|(0, 0, 0)|(0.7071069, 1.152023E-07, 1.15202319E-07, 0.7071067)|(0.6527323, 1.33095169, 0.30627045)
GlobalObjectId_V1-2-3b6551b0f2848c54f911d6f91ca83d54-4129580787506430183-27082819|True|(0, 0, 0)|(0.7071069, 1.152023E-07, 1.15202319E-07, 0.7071067)|(0.6527323, 1.33095169, 0.30627045)
GlobalObjectId_V1-2-3b6551b0f2848c54f911d6f91ca83d54-4129580787506430183-287385670|True|(0, 0, 0)|(0.7071069, 1.152023E-07, 1.15202319E-07, 0.7071067)|(0.6527323, 1.33095169, 0.30627045)
GlobalObjectId_V1-2-3b6551b0f2848c54f911d6f91ca83d54-4129580787506430183-308217777|True|(0, 0, 0)|(0.7071069, 1.152023E-07, 1.15202319E-07, 0.7071067)|(0.6527323, 1.33095169, 0.30627045)
GlobalObjectId_V1-2-3b6551b0f2848c54f911d6f91ca83d54-4129580787506430183-31273311|True|(0, 0, 0)|(0.7071069, 1.152023E-07, 1.15202319E-07, 0.7071067)|(0.6527323, 1.33095169, 0.30627045)
GlobalObjectId_V1-2-3b6551b0f2848c54f911d6f91ca83d54-4129580787506430183-343957928|True|(0, 0, 0)|(0.7071069, 1.152023E-07, 1.15202319E-07, 0.7071067)|(0.6527323, 1.33095169, 0.30627045)
GlobalObjectId_V1-2-3b6551b0f2848c54f911d6f91ca83d54-4129580787506430183-396161643|True|(0, 0, 0)|(0.7071069, 1.152023E-07, 1.15202319E-07, 0.7071067)|(0.6527323, 1.33095169, 0.30627045)
GlobalObjectId_V1-2-3b6551b0f2848c54f911d6f91ca83d54-4129580787506430183-426443221|True|(0, 0, 0)|(0.7071069, 1.152023E-07, 1.15202319E-07, 0.7071067)|(0.6527323, 1.33095169, 0.30627045)
GlobalObjectId_V1-2-3b6551b0f2848c54f911d6f91ca83d54-4129580787506430183-458006385|True|(0, 0, 0)|(0.7071069, 1.152023E-07, 1.15202319E-07, 0.7071067)|(0.6527323, 1.33095169, 0.30627045)
GlobalObjectId_V1-2-3b6551b0f2848c54f911d6f91ca83d54-4129580787506430183-502189609|True|(0, 0, 0)|(0.7071069, 1.152023E-07, 1.15202319E-07, 0.7071067)|(0.6527323, 1.33095169, 0.30627045)
GlobalObjectId_V1-2-3b6551b0f2848c54f911d6f91ca83d54-4129580787506430183-502266823|True|(0, 0, 0)|(0.7071069, 1.152023E-07, 1.15202319E-07, 0.7071067)|(0.6527323, 1.33095169, 0.30627045)
GlobalObjectId_V1-2-3b6551b0f2848c54f911d6f91ca83d54-4129580787506430183-593650449|True|(0, 0, 0)|(0.7071069, 1.152023E-07, 1.15202319E-07, 0.7071067)|(0.6527323, 1.33095169, 0.30627045)
GlobalObjectId_V1-2-3b6551b0f2848c54f911d6f91ca83d54-4129580787506430183-600046749|True|(0, 0, 0)|(0.7071069, 1.152023E-07, 1.15202319E-07, 0.7071067)|(0.6527323, 1.33095169, 0.30627045)
GlobalObjectId_V1-2-3b6551b0f2848c54f911d6f91ca83d54-4129580787506430183-656679930|True|(0, 0, 0)|(0.7071069, 1.152023E-07, 1.15202319E-07, 0.7071067)|(0.6527323, 1.33095169, 0.30627045)
GlobalObjectId_V1-2-3b6551b0f2848c54f911d6f91ca83d54-4129580787506430183-680847915|True|(0, 0, 0)|(0.7071069, 1.152023E-07, 1.15202319E-07, 0.7071067)|(0.6527323, 1.33095169, 0.30627045)
GlobalObjectId_V1-2-3b6551b0f2848c54f911d6f91ca83d54-4129580787506430183-731984814|True|(0, 0, 0)|(0.7071069, 1.152023E-07, 1.15202319E-07, 0.7071067)|(0.6527323, 1.33095169, 0.30627045)
GlobalObjectId_V1-2-3b6551b0f2848c54f911d6f91ca83d54-4129580787506430183-754211584|True|(0, 0, 0)|(0.7071069, 1.152023E-07, 1.15202319E-07, 0.7071067)|(0.6527323, 1.33095169, 0.30627045)
GlobalObjectId_V1-2-3b6551b0f2848c54f911d6f91ca83d54-4129580787506430183-859783628|True|(0, 0, 0)|(0.7071069, 1.152023E-07, 1.15202319E-07, 0.7071067)|(0.6527323, 1.33095169, 0.30627045)
GlobalObjectId_V1-2-3b6551b0f2848c54f911d6f91ca83d54-4129580787506430183-878071367|True|(0, 0, 0)|(0.7071069, 1.152023E-07, 1.15202319E-07, 0.7071067)|(0.6527323, 1.33095169, 0.30627045)
GlobalObjectId_V1-2-3b6551b0f2848c54f911d6f91ca83d54-4129580787506430183-956417833|True|(0, 0, 0)|(0.7071069, 1.152023E-07, 1.15202319E-07, 0.7071067)|(0.6527323, 1.33095169, 0.30627045)
GlobalObjectId_V1-2-3b6551b0f2848c54f911d6f91ca83d54-4129580787506430183-975687593|True|(0, 0, 0)|(0.7071069, 1.152023E-07, 1.15202319E-07, 0.7071067)|(0.6527323, 1.33095169, 0.30627045)
GlobalObjectId_V1-2-3b6551b0f2848c54f911d6f91ca83d54-416143277-0|True|(0.6, 0.08, -270.1)|(0, 0, 0, 1)|(1, 1, 1)
GlobalObjectId_V1-2-3b6551b0f2848c54f911d6f91ca83d54-4196335151956054930-1167286018|True|(1.45, 0, -0.092)|(0, 0, 0, 1)|(0.25, 0.18, 0.018)
GlobalObjectId_V1-2-3b6551b0f2848c54f911d6f91ca83d54-4196335151956054930-1180928524|True|(1.45, 0, -0.092)|(0, 0, 0, 1)|(0.25, 0.18, 0.018)
GlobalObjectId_V1-2-3b6551b0f2848c54f911d6f91ca83d54-4196335151956054930-122956854|True|(1.45, 0, -0.092)|(0, 0, 0, 1)|(0.25, 0.18, 0.018)
GlobalObjectId_V1-2-3b6551b0f2848c54f911d6f91ca83d54-4196335151956054930-1245624228|True|(1.45, 0, -0.092)|(0, 0, 0, 1)|(0.25, 0.18, 0.018)
GlobalObjectId_V1-2-3b6551b0f2848c54f911d6f91ca83d54-4196335151956054930-1404068710|True|(1.45, 0, -0.092)|(0, 0, 0, 1)|(0.25, 0.18, 0.018)
GlobalObjectId_V1-2-3b6551b0f2848c54f911d6f91ca83d54-4196335151956054930-1418330522|True|(1.45, 0, -0.092)|(0, 0, 0, 1)|(0.25, 0.18, 0.018)
GlobalObjectId_V1-2-3b6551b0f2848c54f911d6f91ca83d54-4196335151956054930-1452177011|True|(1.45, 0, -0.092)|(0, 0, 0, 1)|(0.25, 0.18, 0.018)
GlobalObjectId_V1-2-3b6551b0f2848c54f911d6f91ca83d54-4196335151956054930-1620194150|True|(1.45, 0, -0.092)|(0, 0, 0, 1)|(0.25, 0.18, 0.018)
GlobalObjectId_V1-2-3b6551b0f2848c54f911d6f91ca83d54-4196335151956054930-1693543895|True|(1.45, 0, -0.092)|(0, 0, 0, 1)|(0.25, 0.18, 0.018)
GlobalObjectId_V1-2-3b6551b0f2848c54f911d6f91ca83d54-4196335151956054930-1793401989|True|(1.45, 0, -0.092)|(0, 0, 0, 1)|(0.25, 0.18, 0.018)
GlobalObjectId_V1-2-3b6551b0f2848c54f911d6f91ca83d54-4196335151956054930-2098923909|True|(1.45, 0, -0.092)|(0, 0, 0, 1)|(0.25, 0.18, 0.018)
GlobalObjectId_V1-2-3b6551b0f2848c54f911d6f91ca83d54-4196335151956054930-299381512|True|(1.45, 0, -0.092)|(0, 0, 0, 1)|(0.25, 0.18, 0.018)
GlobalObjectId_V1-2-3b6551b0f2848c54f911d6f91ca83d54-4196335151956054930-730290851|True|(1.45, 0, -0.092)|(0, 0, 0, 1)|(0.25, 0.18, 0.018)
GlobalObjectId_V1-2-3b6551b0f2848c54f911d6f91ca83d54-4196335151956054930-828652953|True|(1.45, 0, -0.092)|(0, 0, 0, 1)|(0.25, 0.18, 0.018)
GlobalObjectId_V1-2-3b6551b0f2848c54f911d6f91ca83d54-4196335151956054930-884722836|True|(1.45, 0, -0.092)|(0, 0, 0, 1)|(0.25, 0.18, 0.018)
GlobalObjectId_V1-2-3b6551b0f2848c54f911d6f91ca83d54-4230501288874380501-1191518710|True|(-7.45058043E-11, 0.00233479147, 8.381903E-11)|(-0.0128043434, -0.112429664, 0.112430051, 0.987195551)|(0.9999999, 1, 1)
GlobalObjectId_V1-2-3b6551b0f2848c54f911d6f91ca83d54-4230501288874380501-1212367565|True|(-7.45058043E-11, 0.00233479147, 8.381903E-11)|(-0.0128043434, -0.112429664, 0.112430051, 0.987195551)|(0.9999999, 1, 1)
GlobalObjectId_V1-2-3b6551b0f2848c54f911d6f91ca83d54-4230501288874380501-143777058|True|(-7.45058043E-11, 0.00233479147, 8.381903E-11)|(-0.0128043434, -0.112429664, 0.112430051, 0.987195551)|(0.9999999, 1, 1)
GlobalObjectId_V1-2-3b6551b0f2848c54f911d6f91ca83d54-4230501288874380501-1542002196|True|(-7.45058043E-11, 0.00233479147, 8.381903E-11)|(-0.0128043434, -0.112429664, 0.112430051, 0.987195551)|(0.9999999, 1, 1)
GlobalObjectId_V1-2-3b6551b0f2848c54f911d6f91ca83d54-4230501288874380501-2024003042|True|(-7.45058043E-11, 0.00233479147, 8.381903E-11)|(-0.0128043434, -0.112429664, 0.112430051, 0.987195551)|(0.9999999, 1, 1)
GlobalObjectId_V1-2-3b6551b0f2848c54f911d6f91ca83d54-4230501288874380501-306864247|True|(-7.45058043E-11, 0.00233479147, 8.381903E-11)|(-0.0128043434, -0.112429664, 0.112430051, 0.987195551)|(0.9999999, 1, 1)
GlobalObjectId_V1-2-3b6551b0f2848c54f911d6f91ca83d54-4230501288874380501-309737671|True|(-7.45058043E-11, 0.00233479147, 8.381903E-11)|(-0.0128043434, -0.112429664, 0.112430051, 0.987195551)|(0.9999999, 1, 1)
GlobalObjectId_V1-2-3b6551b0f2848c54f911d6f91ca83d54-4230501288874380501-312149901|True|(-7.45058043E-11, 0.00233479147, 8.381903E-11)|(-0.0128043434, -0.112429664, 0.112430051, 0.987195551)|(0.9999999, 1, 1)
GlobalObjectId_V1-2-3b6551b0f2848c54f911d6f91ca83d54-4230501288874380501-857919492|True|(-7.45058043E-11, 0.00233479147, 8.381903E-11)|(-0.0128043434, -0.112429664, 0.112430051, 0.987195551)|(0.9999999, 1, 1)
GlobalObjectId_V1-2-3b6551b0f2848c54f911d6f91ca83d54-4230501288874380501-986728857|True|(-7.45058043E-11, 0.00233479147, 8.381903E-11)|(-0.0128043434, -0.112429664, 0.112430051, 0.987195551)|(0.9999999, 1, 1)
GlobalObjectId_V1-2-3b6551b0f2848c54f911d6f91ca83d54-426276805-0|True|(-100, 0.08, 596.699951)|(0, 0, 0, 1)|(1, 1, 1)
GlobalObjectId_V1-2-3b6551b0f2848c54f911d6f91ca83d54-4298902229031618975-1191602872|True|(1.60932531E-10, 0.00143999979, -1.86517449E-17)|(-0.608287156, -4.422812E-08, -2.802861E-08, 0.793717)|(1, 1, 1)
GlobalObjectId_V1-2-3b6551b0f2848c54f911d6f91ca83d54-4298902229031618975-1250511116|True|(1.60932531E-10, 0.00143999979, -1.86517449E-17)|(-0.608287156, -4.422812E-08, -2.802861E-08, 0.793717)|(1, 1, 1)
GlobalObjectId_V1-2-3b6551b0f2848c54f911d6f91ca83d54-4298902229031618975-127729888|True|(1.60932531E-10, 0.00143999979, -1.86517449E-17)|(-0.608287156, -4.422812E-08, -2.802861E-08, 0.793717)|(1, 1, 1)
GlobalObjectId_V1-2-3b6551b0f2848c54f911d6f91ca83d54-4298902229031618975-1897079065|True|(1.60932531E-10, 0.00143999979, -1.86517449E-17)|(-0.608287156, -4.422812E-08, -2.802861E-08, 0.793717)|(1, 1, 1)
GlobalObjectId_V1-2-3b6551b0f2848c54f911d6f91ca83d54-4298902229031618975-2070896708|True|(1.60932531E-10, 0.00143999979, -1.86517449E-17)|(-0.608287156, -4.422812E-08, -2.802861E-08, 0.793717)|(1, 1, 1)
GlobalObjectId_V1-2-3b6551b0f2848c54f911d6f91ca83d54-4298902229031618975-383792707|True|(1.60932531E-10, 0.00143999979, -1.86517449E-17)|(-0.608287156, -4.422812E-08, -2.802861E-08, 0.793717)|(1, 1, 1)
GlobalObjectId_V1-2-3b6551b0f2848c54f911d6f91ca83d54-4298902229031618975-393103402|True|(1.60932531E-10, 0.00143999979, -1.86517449E-17)|(-0.608287156, -4.422812E-08, -2.802861E-08, 0.793717)|(1, 1, 1)
GlobalObjectId_V1-2-3b6551b0f2848c54f911d6f91ca83d54-4298902229031618975-566916451|True|(1.60932531E-10, 0.00143999979, -1.86517449E-17)|(-0.608287156, -4.422812E-08, -2.802861E-08, 0.793717)|(1, 1, 1)
GlobalObjectId_V1-2-3b6551b0f2848c54f911d6f91ca83d54-4298902229031618975-965188316|True|(1.60932531E-10, 0.00143999979, -1.86517449E-17)|(-0.608287156, -4.422812E-08, -2.802861E-08, 0.793717)|(1, 1, 1)
GlobalObjectId_V1-2-3b6551b0f2848c54f911d6f91ca83d54-4298902229031618975-969570616|True|(1.60932531E-10, 0.00143999979, -1.86517449E-17)|(-0.608287156, -4.422812E-08, -2.802861E-08, 0.793717)|(1, 1, 1)
GlobalObjectId_V1-2-3b6551b0f2848c54f911d6f91ca83d54-435481036-0|True|(7.1, 0.1, 0)|(0, 0, 0, 1)|(0.2, 0.2, 20)
GlobalObjectId_V1-2-3b6551b0f2848c54f911d6f91ca83d54-437976291-0|True|(34.2999878, 0.08, 3.81469681E-06)|(0, 0.7071068, 0, 0.7071068)|(1, 1, 1)
GlobalObjectId_V1-2-3b6551b0f2848c54f911d6f91ca83d54-441817769-0|True|(7.1, 0.1, 0)|(0, 0, 0, 1)|(0.2, 0.2, 20)
GlobalObjectId_V1-2-3b6551b0f2848c54f911d6f91ca83d54-4425967706901871365-1167286018|True|(2.65, 0, -0.092)|(0, 0, 0, 1)|(0.25, 0.18, 0.018)
GlobalObjectId_V1-2-3b6551b0f2848c54f911d6f91ca83d54-4425967706901871365-1180928524|True|(2.65, 0, -0.092)|(0, 0, 0, 1)|(0.25, 0.18, 0.018)
GlobalObjectId_V1-2-3b6551b0f2848c54f911d6f91ca83d54-4425967706901871365-122956854|True|(2.65, 0, -0.092)|(0, 0, 0, 1)|(0.25, 0.18, 0.018)
GlobalObjectId_V1-2-3b6551b0f2848c54f911d6f91ca83d54-4425967706901871365-1245624228|True|(2.65, 0, -0.092)|(0, 0, 0, 1)|(0.25, 0.18, 0.018)
GlobalObjectId_V1-2-3b6551b0f2848c54f911d6f91ca83d54-4425967706901871365-1404068710|True|(2.65, 0, -0.092)|(0, 0, 0, 1)|(0.25, 0.18, 0.018)
GlobalObjectId_V1-2-3b6551b0f2848c54f911d6f91ca83d54-4425967706901871365-1418330522|True|(2.65, 0, -0.092)|(0, 0, 0, 1)|(0.25, 0.18, 0.018)
GlobalObjectId_V1-2-3b6551b0f2848c54f911d6f91ca83d54-4425967706901871365-1452177011|True|(2.65, 0, -0.092)|(0, 0, 0, 1)|(0.25, 0.18, 0.018)
GlobalObjectId_V1-2-3b6551b0f2848c54f911d6f91ca83d54-4425967706901871365-1620194150|True|(2.65, 0, -0.092)|(0, 0, 0, 1)|(0.25, 0.18, 0.018)
GlobalObjectId_V1-2-3b6551b0f2848c54f911d6f91ca83d54-4425967706901871365-1693543895|True|(2.65, 0, -0.092)|(0, 0, 0, 1)|(0.25, 0.18, 0.018)
GlobalObjectId_V1-2-3b6551b0f2848c54f911d6f91ca83d54-4425967706901871365-1793401989|True|(2.65, 0, -0.092)|(0, 0, 0, 1)|(0.25, 0.18, 0.018)
GlobalObjectId_V1-2-3b6551b0f2848c54f911d6f91ca83d54-4425967706901871365-2098923909|True|(2.65, 0, -0.092)|(0, 0, 0, 1)|(0.25, 0.18, 0.018)
GlobalObjectId_V1-2-3b6551b0f2848c54f911d6f91ca83d54-4425967706901871365-299381512|True|(2.65, 0, -0.092)|(0, 0, 0, 1)|(0.25, 0.18, 0.018)
GlobalObjectId_V1-2-3b6551b0f2848c54f911d6f91ca83d54-4425967706901871365-730290851|True|(2.65, 0, -0.092)|(0, 0, 0, 1)|(0.25, 0.18, 0.018)
GlobalObjectId_V1-2-3b6551b0f2848c54f911d6f91ca83d54-4425967706901871365-828652953|True|(2.65, 0, -0.092)|(0, 0, 0, 1)|(0.25, 0.18, 0.018)
GlobalObjectId_V1-2-3b6551b0f2848c54f911d6f91ca83d54-4425967706901871365-884722836|True|(2.65, 0, -0.092)|(0, 0, 0, 1)|(0.25, 0.18, 0.018)
GlobalObjectId_V1-2-3b6551b0f2848c54f911d6f91ca83d54-445236974-0|True|(7.1, 0.1, 0)|(0, 0, 0, 1)|(0.2, 0.2, 20)
GlobalObjectId_V1-2-3b6551b0f2848c54f911d6f91ca83d54-4489146433247081994-1025319220|True|(-103, 0, 673.1)|(0, 1, 0, 0)|(2.25, 2.9, 2.9)
GlobalObjectId_V1-2-3b6551b0f2848c54f911d6f91ca83d54-4489146433247081994-1076637211|True|(-3, 0, -292.3)|(0, 1, 0, 0)|(2.25, 2.9, 2.9)
GlobalObjectId_V1-2-3b6551b0f2848c54f911d6f91ca83d54-4489146433247081994-1123370063|True|(3.30004883, 0, 437)|(0, 0.7071068, 0, 0.7071068)|(2.25, 2.9, 2.9)
GlobalObjectId_V1-2-3b6551b0f2848c54f911d6f91ca83d54-4489146433247081994-1138517293|True|(-103, 0, 539.9)|(0, 1, 0, 0)|(2.25, 2.9, 2.9)
GlobalObjectId_V1-2-3b6551b0f2848c54f911d6f91ca83d54-4489146433247081994-1145818399|True|(-3.69995117, 0, 783)|(0, -0.7071068, 0, 0.7071068)|(2.25, 2.9, 2.9)
GlobalObjectId_V1-2-3b6551b0f2848c54f911d6f91ca83d54-4489146433247081994-1148386096|True|(3, 0, -292.3)|(0, 1, 0, 0)|(2.25, 2.9, 2.9)
GlobalObjectId_V1-2-3b6551b0f2848c54f911d6f91ca83d54-4489146433247081994-1157908847|True|(243, 0, 340.3)|(0, 1, 0, 0)|(2.25, 2.9, 2.9)
GlobalObjectId_V1-2-3b6551b0f2848c54f911d6f91ca83d54-4489146433247081994-117525737|True|(243, 0, 140.5)|(0, 1, 0, 0)|(2.25, 2.9, 2.9)
GlobalObjectId_V1-2-3b6551b0f2848c54f911d6f91ca83d54-4489146433247081994-1211572864|True|(136.5, 0, 443)|(0, 0.7071068, 0, 0.7071068)|(2.25, 2.9, 2.9)
GlobalObjectId_V1-2-3b6551b0f2848c54f911d6f91ca83d54-4489146433247081994-1261995047|True|(-3, 0, -358.9)|(0, 1, 0, 0)|(2.25, 2.9, 2.9)
GlobalObjectId_V1-2-3b6551b0f2848c54f911d6f91ca83d54-4489146433247081994-1273560124|True|(62.9000244, 0, 777)|(0, -0.7071068, 0, 0.7071068)|(2.25, 2.9, 2.9)
GlobalObjectId_V1-2-3b6551b0f2848c54f911d6f91ca83d54-4489146433247081994-1341893445|True|(-3, 0, -92.5)|(0, 1, 0, 0)|(2.25, 2.9, 2.9)
GlobalObjectId_V1-2-3b6551b0f2848c54f911d6f91ca83d54-4489146433247081994-1577023816|True|(3, 0, -92.5)|(0, 1, 0, 0)|(2.25, 2.9, 2.9)
GlobalObjectId_V1-2-3b6551b0f2848c54f911d6f91ca83d54-4489146433247081994-1609908011|True|(110.700012, 0, 3)|(0, -0.7071068, 0, 0.7071068)|(2.25, 2.9, 2.9)
GlobalObjectId_V1-2-3b6551b0f2848c54f911d6f91ca83d54-4489146433247081994-1654698043|True|(-63.30005, 0, 443)|(0, 0.7071068, 0, 0.7071068)|(2.25, 2.9, 2.9)
GlobalObjectId_V1-2-3b6551b0f2848c54f911d6f91ca83d54-4489146433247081994-1725634851|True|(69.9000244, 0, 443)|(0, 0.7071068, 0, 0.7071068)|(2.25, 2.9, 2.9)
GlobalObjectId_V1-2-3b6551b0f2848c54f911d6f91ca83d54-4489146433247081994-178552251|True|(-97, 0, 539.9)|(0, 1, 0, 0)|(2.25, 2.9, 2.9)
GlobalObjectId_V1-2-3b6551b0f2848c54f911d6f91ca83d54-4489146433247081994-1804972047|True|(3.30004883, 0, 443)|(0, 0.7071068, 0, 0.7071068)|(2.25, 2.9, 2.9)
GlobalObjectId_V1-2-3b6551b0f2848c54f911d6f91ca83d54-4489146433247081994-1819624870|True|(237, 0, 73.9000244)|(0, 1, 0, 0)|(2.25, 2.9, 2.9)
GlobalObjectId_V1-2-3b6551b0f2848c54f911d6f91ca83d54-4489146433247081994-1866442031|True|(110.700012, 0, -3)|(0, -0.7071068, 0, 0.7071068)|(2.25, 2.9, 2.9)
GlobalObjectId_V1-2-3b6551b0f2848c54f911d6f91ca83d54-4489146433247081994-1970165663|True|(62.9000244, 0, 783)|(0, -0.7071068, 0, 0.7071068)|(2.25, 2.9, 2.9)
GlobalObjectId_V1-2-3b6551b0f2848c54f911d6f91ca83d54-4489146433247081994-2024084545|True|(44.1000061, 0, 3)|(0, -0.7071068, 0, 0.7071068)|(2.25, 2.9, 2.9)
GlobalObjectId_V1-2-3b6551b0f2848c54f911d6f91ca83d54-4489146433247081994-2026501014|True|(237, 0, 140.5)|(0, 1, 0, 0)|(2.25, 2.9, 2.9)
GlobalObjectId_V1-2-3b6551b0f2848c54f911d6f91ca83d54-4489146433247081994-2039403610|True|(129.5, 0, 783)|(0, -0.7071068, 0, 0.7071068)|(2.25, 2.9, 2.9)
GlobalObjectId_V1-2-3b6551b0f2848c54f911d6f91ca83d54-4489146433247081994-2040492614|False|(237, 0, 273.7)|(0, 1, 0, 0)|(2.25, 2.9, 2.9)
GlobalObjectId_V1-2-3b6551b0f2848c54f911d6f91ca83d54-4489146433247081994-2056561579|True|(3, 0, -358.9)|(0, 1, 0, 0)|(2.25, 2.9, 2.9)
GlobalObjectId_V1-2-3b6551b0f2848c54f911d6f91ca83d54-4489146433247081994-2059838410|False|(243, 0, 207.099976)|(0, 1, 0, 0)|(2.25, 2.9, 2.9)
GlobalObjectId_V1-2-3b6551b0f2848c54f911d6f91ca83d54-4489146433247081994-220756394|True|(-3, 0, -159.1)|(0, 1, 0, 0)|(2.25, 2.9, 2.9)
GlobalObjectId_V1-2-3b6551b0f2848c54f911d6f91ca83d54-4489146433247081994-241495691|True|(136.5, 0, 437)|(0, 0.7071068, 0, 0.7071068)|(2.25, 2.9, 2.9)
GlobalObjectId_V1-2-3b6551b0f2848c54f911d6f91ca83d54-4489146433247081994-243786568|True|(3, 0, -225.7)|(0, 1, 0, 0)|(2.25, 2.9, 2.9)
GlobalObjectId_V1-2-3b6551b0f2848c54f911d6f91ca83d54-4489146433247081994-27082819|True|(69.9000244, 0, 437)|(0, 0.7071068, 0, 0.7071068)|(2.25, 2.9, 2.9)
GlobalObjectId_V1-2-3b6551b0f2848c54f911d6f91ca83d54-4489146433247081994-287385670|True|(-103, 0, 606.5)|(0, 1, 0, 0)|(2.25, 2.9, 2.9)
GlobalObjectId_V1-2-3b6551b0f2848c54f911d6f91ca83d54-4489146433247081994-308217777|True|(-63.30005, 0, 437)|(0, 0.7071068, 0, 0.7071068)|(2.25, 2.9, 2.9)
GlobalObjectId_V1-2-3b6551b0f2848c54f911d6f91ca83d54-4489146433247081994-31273311|True|(129.5, 0, 777)|(0, -0.7071068, 0, 0.7071068)|(2.25, 2.9, 2.9)
GlobalObjectId_V1-2-3b6551b0f2848c54f911d6f91ca83d54-4489146433247081994-343957928|True|(177.299988, 0, 3)|(0, -0.7071068, 0, 0.7071068)|(2.25, 2.9, 2.9)
GlobalObjectId_V1-2-3b6551b0f2848c54f911d6f91ca83d54-4489146433247081994-396161643|True|(-97, 0, 606.5)|(0, 1, 0, 0)|(2.25, 2.9, 2.9)
GlobalObjectId_V1-2-3b6551b0f2848c54f911d6f91ca83d54-4489146433247081994-426443221|True|(177.299988, 0, -3)|(0, -0.7071068, 0, 0.7071068)|(2.25, 2.9, 2.9)
GlobalObjectId_V1-2-3b6551b0f2848c54f911d6f91ca83d54-4489146433247081994-458006385|False|(243, 0, 273.7)|(0, 1, 0, 0)|(2.25, 2.9, 2.9)
GlobalObjectId_V1-2-3b6551b0f2848c54f911d6f91ca83d54-4489146433247081994-502189609|False|(237, 0, 207.099976)|(0, 1, 0, 0)|(2.25, 2.9, 2.9)
GlobalObjectId_V1-2-3b6551b0f2848c54f911d6f91ca83d54-4489146433247081994-502266823|True|(203.099976, 0, 443)|(0, 0.7071068, 0, 0.7071068)|(2.25, 2.9, 2.9)
GlobalObjectId_V1-2-3b6551b0f2848c54f911d6f91ca83d54-4489146433247081994-593650449|True|(243, 0, 73.9000244)|(0, 1, 0, 0)|(2.25, 2.9, 2.9)
GlobalObjectId_V1-2-3b6551b0f2848c54f911d6f91ca83d54-4489146433247081994-600046749|True|(203.099976, 0, 437)|(0, 0.7071068, 0, 0.7071068)|(2.25, 2.9, 2.9)
GlobalObjectId_V1-2-3b6551b0f2848c54f911d6f91ca83d54-4489146433247081994-656679930|True|(-97, 0, 739.699951)|(0, 1, 0, 0)|(2.25, 2.9, 2.9)
GlobalObjectId_V1-2-3b6551b0f2848c54f911d6f91ca83d54-4489146433247081994-680847915|True|(-3, 0, -225.7)|(0, 1, 0, 0)|(2.25, 2.9, 2.9)
GlobalObjectId_V1-2-3b6551b0f2848c54f911d6f91ca83d54-4489146433247081994-731984814|True|(-103, 0, 739.699951)|(0, 1, 0, 0)|(2.25, 2.9, 2.9)
GlobalObjectId_V1-2-3b6551b0f2848c54f911d6f91ca83d54-4489146433247081994-754211584|True|(-3.69995117, 0, 777)|(0, -0.7071068, 0, 0.7071068)|(2.25, 2.9, 2.9)
GlobalObjectId_V1-2-3b6551b0f2848c54f911d6f91ca83d54-4489146433247081994-859783628|True|(-97, 0, 673.1)|(0, 1, 0, 0)|(2.25, 2.9, 2.9)
GlobalObjectId_V1-2-3b6551b0f2848c54f911d6f91ca83d54-4489146433247081994-878071367|True|(237, 0, 340.3)|(0, 1, 0, 0)|(2.25, 2.9, 2.9)
GlobalObjectId_V1-2-3b6551b0f2848c54f911d6f91ca83d54-4489146433247081994-956417833|True|(44.1000061, 0, -3)|(0, -0.7071068, 0, 0.7071068)|(2.25, 2.9, 2.9)
GlobalObjectId_V1-2-3b6551b0f2848c54f911d6f91ca83d54-4489146433247081994-975687593|True|(3, 0, -159.1)|(0, 1, 0, 0)|(2.25, 2.9, 2.9)
GlobalObjectId_V1-2-3b6551b0f2848c54f911d6f91ca83d54-4526677276365109532-1191518710|True|(-0.0028, 0.0007000005, 0)|(0.9020881, -0.297195524, -0.297195584, -0.09791182)|(1, 1, 1)
GlobalObjectId_V1-2-3b6551b0f2848c54f911d6f91ca83d54-4526677276365109532-1212367565|True|(-0.0028, 0.0007000005, 0)|(0.9020881, -0.297195524, -0.297195584, -0.09791182)|(1, 1, 1)
GlobalObjectId_V1-2-3b6551b0f2848c54f911d6f91ca83d54-4526677276365109532-143777058|True|(-0.0028, 0.0007000005, 0)|(0.9020881, -0.297195524, -0.297195584, -0.09791182)|(1, 1, 1)
GlobalObjectId_V1-2-3b6551b0f2848c54f911d6f91ca83d54-4526677276365109532-1542002196|True|(-0.0028, 0.0007000005, 0)|(0.9020881, -0.297195524, -0.297195584, -0.09791182)|(1, 1, 1)
GlobalObjectId_V1-2-3b6551b0f2848c54f911d6f91ca83d54-4526677276365109532-2024003042|True|(-0.0028, 0.0007000005, 0)|(0.9020881, -0.297195524, -0.297195584, -0.09791182)|(1, 1, 1)
GlobalObjectId_V1-2-3b6551b0f2848c54f911d6f91ca83d54-4526677276365109532-306864247|True|(-0.0028, 0.0007000005, 0)|(0.9020881, -0.297195524, -0.297195584, -0.09791182)|(1, 1, 1)
GlobalObjectId_V1-2-3b6551b0f2848c54f911d6f91ca83d54-4526677276365109532-309737671|True|(-0.0028, 0.0007000005, 0)|(0.9020881, -0.297195524, -0.297195584, -0.09791182)|(1, 1, 1)
GlobalObjectId_V1-2-3b6551b0f2848c54f911d6f91ca83d54-4526677276365109532-312149901|True|(-0.0028, 0.0007000005, 0)|(0.9020881, -0.297195524, -0.297195584, -0.09791182)|(1, 1, 1)
GlobalObjectId_V1-2-3b6551b0f2848c54f911d6f91ca83d54-4526677276365109532-857919492|True|(-0.0028, 0.0007000005, 0)|(0.9020881, -0.297195524, -0.297195584, -0.09791182)|(1, 1, 1)
GlobalObjectId_V1-2-3b6551b0f2848c54f911d6f91ca83d54-4526677276365109532-986728857|True|(-0.0028, 0.0007000005, 0)|(0.9020881, -0.297195524, -0.297195584, -0.09791182)|(1, 1, 1)
GlobalObjectId_V1-2-3b6551b0f2848c54f911d6f91ca83d54-457305965-0|True|(-7.1, 0.1, 0)|(0, 0, 0, 1)|(0.2, 0.2, 20)
GlobalObjectId_V1-2-3b6551b0f2848c54f911d6f91ca83d54-4630219489271919588-1173330560|{"MonoBehaviour":{"m_Enabled":true,"m_EditorHideFlags":0,"m_Name":"","m_EditorClassIdentifier":"Assembly-CSharp::HighwayHazard","visual":{"instanceID":0},"barrierArm":{"instanceID":0},"signal":{"instanceID":0},"warning":{"instanceID":0},"laneIndex":0,"breakHealth":1250.0,"warningSeconds":0.0,"cycleSeconds":0.0,"crossingDistance":0.0}}
GlobalObjectId_V1-2-3b6551b0f2848c54f911d6f91ca83d54-4630219489271919588-1182477075|{"MonoBehaviour":{"m_Enabled":true,"m_EditorHideFlags":0,"m_Name":"","m_EditorClassIdentifier":"Assembly-CSharp::HighwayHazard","visual":{"instanceID":0},"barrierArm":{"instanceID":0},"signal":{"instanceID":0},"warning":{"instanceID":0},"laneIndex":0,"breakHealth":1250.0,"warningSeconds":0.0,"cycleSeconds":0.0,"crossingDistance":0.0}}
GlobalObjectId_V1-2-3b6551b0f2848c54f911d6f91ca83d54-4630219489271919588-1360688019|{"MonoBehaviour":{"m_Enabled":true,"m_EditorHideFlags":0,"m_Name":"","m_EditorClassIdentifier":"Assembly-CSharp::HighwayHazard","visual":{"instanceID":0},"barrierArm":{"instanceID":0},"signal":{"instanceID":0},"warning":{"instanceID":0},"laneIndex":0,"breakHealth":1250.0,"warningSeconds":0.0,"cycleSeconds":0.0,"crossingDistance":0.0}}
GlobalObjectId_V1-2-3b6551b0f2848c54f911d6f91ca83d54-4630219489271919588-1492346203|{"MonoBehaviour":{"m_Enabled":true,"m_EditorHideFlags":0,"m_Name":"","m_EditorClassIdentifier":"Assembly-CSharp::HighwayHazard","visual":{"instanceID":0},"barrierArm":{"instanceID":0},"signal":{"instanceID":0},"warning":{"instanceID":0},"laneIndex":0,"breakHealth":1250.0,"warningSeconds":0.0,"cycleSeconds":0.0,"crossingDistance":0.0}}
GlobalObjectId_V1-2-3b6551b0f2848c54f911d6f91ca83d54-4630219489271919588-1547711435|{"MonoBehaviour":{"m_Enabled":true,"m_EditorHideFlags":0,"m_Name":"","m_EditorClassIdentifier":"Assembly-CSharp::HighwayHazard","visual":{"instanceID":0},"barrierArm":{"instanceID":0},"signal":{"instanceID":0},"warning":{"instanceID":0},"laneIndex":0,"breakHealth":1250.0,"warningSeconds":0.0,"cycleSeconds":0.0,"crossingDistance":0.0}}
GlobalObjectId_V1-2-3b6551b0f2848c54f911d6f91ca83d54-4630219489271919588-1561759250|{"MonoBehaviour":{"m_Enabled":true,"m_EditorHideFlags":0,"m_Name":"","m_EditorClassIdentifier":"Assembly-CSharp::HighwayHazard","visual":{"instanceID":0},"barrierArm":{"instanceID":0},"signal":{"instanceID":0},"warning":{"instanceID":0},"laneIndex":0,"breakHealth":1250.0,"warningSeconds":0.0,"cycleSeconds":0.0,"crossingDistance":0.0}}
GlobalObjectId_V1-2-3b6551b0f2848c54f911d6f91ca83d54-4630219489271919588-159707184|{"MonoBehaviour":{"m_Enabled":true,"m_EditorHideFlags":0,"m_Name":"","m_EditorClassIdentifier":"Assembly-CSharp::HighwayHazard","visual":{"instanceID":0},"barrierArm":{"instanceID":0},"signal":{"instanceID":0},"warning":{"instanceID":0},"laneIndex":0,"breakHealth":1250.0,"warningSeconds":0.0,"cycleSeconds":0.0,"crossingDistance":0.0}}
GlobalObjectId_V1-2-3b6551b0f2848c54f911d6f91ca83d54-4630219489271919588-1640366800|{"MonoBehaviour":{"m_Enabled":true,"m_EditorHideFlags":0,"m_Name":"","m_EditorClassIdentifier":"Assembly-CSharp::HighwayHazard","visual":{"instanceID":0},"barrierArm":{"instanceID":0},"signal":{"instanceID":0},"warning":{"instanceID":0},"laneIndex":0,"breakHealth":1250.0,"warningSeconds":0.0,"cycleSeconds":0.0,"crossingDistance":0.0}}
GlobalObjectId_V1-2-3b6551b0f2848c54f911d6f91ca83d54-4630219489271919588-1689510488|{"MonoBehaviour":{"m_Enabled":true,"m_EditorHideFlags":0,"m_Name":"","m_EditorClassIdentifier":"Assembly-CSharp::HighwayHazard","visual":{"instanceID":0},"barrierArm":{"instanceID":0},"signal":{"instanceID":0},"warning":{"instanceID":0},"laneIndex":0,"breakHealth":1250.0,"warningSeconds":0.0,"cycleSeconds":0.0,"crossingDistance":0.0}}
GlobalObjectId_V1-2-3b6551b0f2848c54f911d6f91ca83d54-4630219489271919588-519420759|{"MonoBehaviour":{"m_Enabled":true,"m_EditorHideFlags":0,"m_Name":"","m_EditorClassIdentifier":"Assembly-CSharp::HighwayHazard","visual":{"instanceID":0},"barrierArm":{"instanceID":0},"signal":{"instanceID":0},"warning":{"instanceID":0},"laneIndex":0,"breakHealth":1250.0,"warningSeconds":0.0,"cycleSeconds":0.0,"crossingDistance":0.0}}
GlobalObjectId_V1-2-3b6551b0f2848c54f911d6f91ca83d54-463340838-0|True|(-7.1, 0.1, 0)|(0, 0, 0, 1)|(0.2, 0.2, 20)
GlobalObjectId_V1-2-3b6551b0f2848c54f911d6f91ca83d54-4655139769358229353-1049486283|True|(0, 0.0007999998, 0)|(0, 0, 0, 1)|(1, 1, 1)
GlobalObjectId_V1-2-3b6551b0f2848c54f911d6f91ca83d54-4655139769358229353-126319019|True|(0, 0.0007999998, 0)|(0, 0, 0, 1)|(1, 1, 1)
GlobalObjectId_V1-2-3b6551b0f2848c54f911d6f91ca83d54-4655139769358229353-1481706251|True|(0, 0.0007999998, 0)|(0, 0, 0, 1)|(1, 1, 1)
GlobalObjectId_V1-2-3b6551b0f2848c54f911d6f91ca83d54-4655139769358229353-1592385703|True|(0, 0.0007999998, 0)|(0, 0, 0, 1)|(1, 1, 1)
GlobalObjectId_V1-2-3b6551b0f2848c54f911d6f91ca83d54-4655139769358229353-1661574985|True|(0, 0.0007999998, 0)|(0, 0, 0, 1)|(1, 1, 1)
GlobalObjectId_V1-2-3b6551b0f2848c54f911d6f91ca83d54-4655139769358229353-1902647294|True|(0, 0.0007999998, 0)|(0, 0, 0, 1)|(1, 1, 1)
GlobalObjectId_V1-2-3b6551b0f2848c54f911d6f91ca83d54-4655139769358229353-239339974|True|(0, 0.0007999998, 0)|(0, 0, 0, 1)|(1, 1, 1)
GlobalObjectId_V1-2-3b6551b0f2848c54f911d6f91ca83d54-4655139769358229353-350417267|True|(0, 0.0007999998, 0)|(0, 0, 0, 1)|(1, 1, 1)
GlobalObjectId_V1-2-3b6551b0f2848c54f911d6f91ca83d54-4655139769358229353-575299033|True|(0, 0.0007999998, 0)|(0, 0, 0, 1)|(1, 1, 1)
GlobalObjectId_V1-2-3b6551b0f2848c54f911d6f91ca83d54-4655139769358229353-834271436|True|(0, 0.0007999998, 0)|(0, 0, 0, 1)|(1, 1, 1)
GlobalObjectId_V1-2-3b6551b0f2848c54f911d6f91ca83d54-4677083206256703914-1229718731|True|(-1.60932531E-10, 0.00143999979, -1.86517449E-17)|(-0.608287156, 4.422812E-08, 2.802861E-08, 0.793717)|(1, 1, 1)
GlobalObjectId_V1-2-3b6551b0f2848c54f911d6f91ca83d54-4677083206256703914-1268510627|True|(-1.60932531E-10, 0.00143999979, -1.86517449E-17)|(-0.608287156, 4.422812E-08, 2.802861E-08, 0.793717)|(1, 1, 1)
GlobalObjectId_V1-2-3b6551b0f2848c54f911d6f91ca83d54-4677083206256703914-1298481983|True|(-1.60932531E-10, 0.00143999979, -1.86517449E-17)|(-0.608287156, 4.422812E-08, 2.802861E-08, 0.793717)|(1, 1, 1)
GlobalObjectId_V1-2-3b6551b0f2848c54f911d6f91ca83d54-4677083206256703914-1473460188|True|(-1.60932531E-10, 0.00143999979, -1.86517449E-17)|(-0.608287156, 4.422812E-08, 2.802861E-08, 0.793717)|(1, 1, 1)
GlobalObjectId_V1-2-3b6551b0f2848c54f911d6f91ca83d54-4677083206256703914-1740273041|True|(-1.60932531E-10, 0.00143999979, -1.86517449E-17)|(-0.608287156, 4.422812E-08, 2.802861E-08, 0.793717)|(1, 1, 1)
GlobalObjectId_V1-2-3b6551b0f2848c54f911d6f91ca83d54-4677083206256703914-352986360|True|(-1.60932531E-10, 0.00143999979, -1.86517449E-17)|(-0.608287156, 4.422812E-08, 2.802861E-08, 0.793717)|(1, 1, 1)
GlobalObjectId_V1-2-3b6551b0f2848c54f911d6f91ca83d54-4677083206256703914-375106697|True|(-1.60932531E-10, 0.00143999979, -1.86517449E-17)|(-0.608287156, 4.422812E-08, 2.802861E-08, 0.793717)|(1, 1, 1)
GlobalObjectId_V1-2-3b6551b0f2848c54f911d6f91ca83d54-4677083206256703914-466313733|True|(-1.60932531E-10, 0.00143999979, -1.86517449E-17)|(-0.608287156, 4.422812E-08, 2.802861E-08, 0.793717)|(1, 1, 1)
GlobalObjectId_V1-2-3b6551b0f2848c54f911d6f91ca83d54-4677083206256703914-769108169|True|(-1.60932531E-10, 0.00143999979, -1.86517449E-17)|(-0.608287156, 4.422812E-08, 2.802861E-08, 0.793717)|(1, 1, 1)
GlobalObjectId_V1-2-3b6551b0f2848c54f911d6f91ca83d54-4677083206256703914-814571549|True|(-1.60932531E-10, 0.00143999979, -1.86517449E-17)|(-0.608287156, 4.422812E-08, 2.802861E-08, 0.793717)|(1, 1, 1)
GlobalObjectId_V1-2-3b6551b0f2848c54f911d6f91ca83d54-4758313180022350518-1167286018|True|(0.25, 0, -0.092)|(0, 0, 0, 1)|(0.25, 0.18, 0.018)
GlobalObjectId_V1-2-3b6551b0f2848c54f911d6f91ca83d54-4758313180022350518-1180928524|True|(0.25, 0, -0.092)|(0, 0, 0, 1)|(0.25, 0.18, 0.018)
GlobalObjectId_V1-2-3b6551b0f2848c54f911d6f91ca83d54-4758313180022350518-122956854|True|(0.25, 0, -0.092)|(0, 0, 0, 1)|(0.25, 0.18, 0.018)
GlobalObjectId_V1-2-3b6551b0f2848c54f911d6f91ca83d54-4758313180022350518-1245624228|True|(0.25, 0, -0.092)|(0, 0, 0, 1)|(0.25, 0.18, 0.018)
GlobalObjectId_V1-2-3b6551b0f2848c54f911d6f91ca83d54-4758313180022350518-1404068710|True|(0.25, 0, -0.092)|(0, 0, 0, 1)|(0.25, 0.18, 0.018)
GlobalObjectId_V1-2-3b6551b0f2848c54f911d6f91ca83d54-4758313180022350518-1418330522|True|(0.25, 0, -0.092)|(0, 0, 0, 1)|(0.25, 0.18, 0.018)
GlobalObjectId_V1-2-3b6551b0f2848c54f911d6f91ca83d54-4758313180022350518-1452177011|True|(0.25, 0, -0.092)|(0, 0, 0, 1)|(0.25, 0.18, 0.018)
GlobalObjectId_V1-2-3b6551b0f2848c54f911d6f91ca83d54-4758313180022350518-1620194150|True|(0.25, 0, -0.092)|(0, 0, 0, 1)|(0.25, 0.18, 0.018)
GlobalObjectId_V1-2-3b6551b0f2848c54f911d6f91ca83d54-4758313180022350518-1693543895|True|(0.25, 0, -0.092)|(0, 0, 0, 1)|(0.25, 0.18, 0.018)
GlobalObjectId_V1-2-3b6551b0f2848c54f911d6f91ca83d54-4758313180022350518-1793401989|True|(0.25, 0, -0.092)|(0, 0, 0, 1)|(0.25, 0.18, 0.018)
GlobalObjectId_V1-2-3b6551b0f2848c54f911d6f91ca83d54-4758313180022350518-2098923909|True|(0.25, 0, -0.092)|(0, 0, 0, 1)|(0.25, 0.18, 0.018)
GlobalObjectId_V1-2-3b6551b0f2848c54f911d6f91ca83d54-4758313180022350518-299381512|True|(0.25, 0, -0.092)|(0, 0, 0, 1)|(0.25, 0.18, 0.018)
GlobalObjectId_V1-2-3b6551b0f2848c54f911d6f91ca83d54-4758313180022350518-730290851|True|(0.25, 0, -0.092)|(0, 0, 0, 1)|(0.25, 0.18, 0.018)
GlobalObjectId_V1-2-3b6551b0f2848c54f911d6f91ca83d54-4758313180022350518-828652953|True|(0.25, 0, -0.092)|(0, 0, 0, 1)|(0.25, 0.18, 0.018)
GlobalObjectId_V1-2-3b6551b0f2848c54f911d6f91ca83d54-4758313180022350518-884722836|True|(0.25, 0, -0.092)|(0, 0, 0, 1)|(0.25, 0.18, 0.018)
GlobalObjectId_V1-2-3b6551b0f2848c54f911d6f91ca83d54-4768167333311518681-1191518710|True|(0, 0.04000002, -0.12)|(0, 0, 0, 1)|(1, 1, 1)
GlobalObjectId_V1-2-3b6551b0f2848c54f911d6f91ca83d54-4768167333311518681-1212367565|True|(0, 0.04000002, -0.12)|(0, 0, 0, 1)|(1, 1, 1)
GlobalObjectId_V1-2-3b6551b0f2848c54f911d6f91ca83d54-4768167333311518681-143777058|True|(0, 0.04000002, -0.12)|(0, 0, 0, 1)|(1, 1, 1)
GlobalObjectId_V1-2-3b6551b0f2848c54f911d6f91ca83d54-4768167333311518681-1542002196|True|(0, 0.04000002, -0.12)|(0, 0, 0, 1)|(1, 1, 1)
GlobalObjectId_V1-2-3b6551b0f2848c54f911d6f91ca83d54-4768167333311518681-2024003042|True|(0, 0.04000002, -0.12)|(0, 0, 0, 1)|(1, 1, 1)
GlobalObjectId_V1-2-3b6551b0f2848c54f911d6f91ca83d54-4768167333311518681-306864247|True|(0, 0.04000002, -0.12)|(0, 0, 0, 1)|(1, 1, 1)
GlobalObjectId_V1-2-3b6551b0f2848c54f911d6f91ca83d54-4768167333311518681-309737671|True|(0, 0.04000002, -0.12)|(0, 0, 0, 1)|(1, 1, 1)
GlobalObjectId_V1-2-3b6551b0f2848c54f911d6f91ca83d54-4768167333311518681-312149901|True|(0, 0.04000002, -0.12)|(0, 0, 0, 1)|(1, 1, 1)
GlobalObjectId_V1-2-3b6551b0f2848c54f911d6f91ca83d54-4768167333311518681-857919492|True|(0, 0.04000002, -0.12)|(0, 0, 0, 1)|(1, 1, 1)
GlobalObjectId_V1-2-3b6551b0f2848c54f911d6f91ca83d54-4768167333311518681-986728857|True|(0, 0.04000002, -0.12)|(0, 0, 0, 1)|(1, 1, 1)
GlobalObjectId_V1-2-3b6551b0f2848c54f911d6f91ca83d54-481135887-0|True|(-7.1, 0.1, 0)|(0, 0, 0, 1)|(0.2, 0.2, 20)
GlobalObjectId_V1-2-3b6551b0f2848c54f911d6f91ca83d54-4822917092834147682-1049486283|True|(0, 0.0048, 0)|(0, 0, 0, 1)|(1, 1, 1)
GlobalObjectId_V1-2-3b6551b0f2848c54f911d6f91ca83d54-4822917092834147682-126319019|True|(0, 0.0048, 0)|(0, 0, 0, 1)|(1, 1, 1)
GlobalObjectId_V1-2-3b6551b0f2848c54f911d6f91ca83d54-4822917092834147682-1481706251|True|(0, 0.0048, 0)|(0, 0, 0, 1)|(1, 1, 1)
GlobalObjectId_V1-2-3b6551b0f2848c54f911d6f91ca83d54-4822917092834147682-1592385703|True|(0, 0.0048, 0)|(0, 0, 0, 1)|(1, 1, 1)
GlobalObjectId_V1-2-3b6551b0f2848c54f911d6f91ca83d54-4822917092834147682-1661574985|True|(0, 0.0048, 0)|(0, 0, 0, 1)|(1, 1, 1)
GlobalObjectId_V1-2-3b6551b0f2848c54f911d6f91ca83d54-4822917092834147682-1902647294|True|(0, 0.0048, 0)|(0, 0, 0, 1)|(1, 1, 1)
GlobalObjectId_V1-2-3b6551b0f2848c54f911d6f91ca83d54-4822917092834147682-239339974|True|(0, 0.0048, 0)|(0, 0, 0, 1)|(1, 1, 1)
GlobalObjectId_V1-2-3b6551b0f2848c54f911d6f91ca83d54-4822917092834147682-350417267|True|(0, 0.0048, 0)|(0, 0, 0, 1)|(1, 1, 1)
GlobalObjectId_V1-2-3b6551b0f2848c54f911d6f91ca83d54-4822917092834147682-575299033|True|(0, 0.0048, 0)|(0, 0, 0, 1)|(1, 1, 1)
GlobalObjectId_V1-2-3b6551b0f2848c54f911d6f91ca83d54-4822917092834147682-834271436|True|(0, 0.0048, 0)|(0, 0, 0, 1)|(1, 1, 1)
GlobalObjectId_V1-2-3b6551b0f2848c54f911d6f91ca83d54-483123427-0|True|(-13.5, 0.08, 780)|(0, 0.7071068, 0, 0.7071068)|(1, 1, 1)
GlobalObjectId_V1-2-3b6551b0f2848c54f911d6f91ca83d54-486362690-0|True|(7.1, 0.1, 0)|(0, 0, 0, 1)|(0.2, 0.2, 20)
GlobalObjectId_V1-2-3b6551b0f2848c54f911d6f91ca83d54-4873500016589484414-1191602872|True|(-0.00256000017, 0.0006400007, 0)|(0.902088046, -0.2971957, -0.2971956, -0.09791189)|(1.00000083, 1.00000036, 1)
GlobalObjectId_V1-2-3b6551b0f2848c54f911d6f91ca83d54-4873500016589484414-1250511116|True|(-0.00256000017, 0.0006400007, 0)|(0.902088046, -0.2971957, -0.2971956, -0.09791189)|(1.00000083, 1.00000036, 1)
GlobalObjectId_V1-2-3b6551b0f2848c54f911d6f91ca83d54-4873500016589484414-127729888|True|(-0.00256000017, 0.0006400007, 0)|(0.902088046, -0.2971957, -0.2971956, -0.09791189)|(1.00000083, 1.00000036, 1)
GlobalObjectId_V1-2-3b6551b0f2848c54f911d6f91ca83d54-4873500016589484414-1897079065|True|(-0.00256000017, 0.0006400007, 0)|(0.902088046, -0.2971957, -0.2971956, -0.09791189)|(1.00000083, 1.00000036, 1)
GlobalObjectId_V1-2-3b6551b0f2848c54f911d6f91ca83d54-4873500016589484414-2070896708|True|(-0.00256000017, 0.0006400007, 0)|(0.902088046, -0.2971957, -0.2971956, -0.09791189)|(1.00000083, 1.00000036, 1)
GlobalObjectId_V1-2-3b6551b0f2848c54f911d6f91ca83d54-4873500016589484414-383792707|True|(-0.00256000017, 0.0006400007, 0)|(0.902088046, -0.2971957, -0.2971956, -0.09791189)|(1.00000083, 1.00000036, 1)
GlobalObjectId_V1-2-3b6551b0f2848c54f911d6f91ca83d54-4873500016589484414-393103402|True|(-0.00256000017, 0.0006400007, 0)|(0.902088046, -0.2971957, -0.2971956, -0.09791189)|(1.00000083, 1.00000036, 1)
GlobalObjectId_V1-2-3b6551b0f2848c54f911d6f91ca83d54-4873500016589484414-566916451|True|(-0.00256000017, 0.0006400007, 0)|(0.902088046, -0.2971957, -0.2971956, -0.09791189)|(1.00000083, 1.00000036, 1)
GlobalObjectId_V1-2-3b6551b0f2848c54f911d6f91ca83d54-4873500016589484414-965188316|True|(-0.00256000017, 0.0006400007, 0)|(0.902088046, -0.2971957, -0.2971956, -0.09791189)|(1.00000083, 1.00000036, 1)
GlobalObjectId_V1-2-3b6551b0f2848c54f911d6f91ca83d54-4873500016589484414-969570616|True|(-0.00256000017, 0.0006400007, 0)|(0.902088046, -0.2971957, -0.2971956, -0.09791189)|(1.00000083, 1.00000036, 1)
GlobalObjectId_V1-2-3b6551b0f2848c54f911d6f91ca83d54-491699988-0|True|(-7.1, 0.1, 0)|(0, 0, 0, 1)|(0.2, 0.2, 20)
GlobalObjectId_V1-2-3b6551b0f2848c54f911d6f91ca83d54-4924434717688306237-1025319220|True|(0, 0.295, 0)|(0, 0, 0, 1)|(0.81, 0.31, 0.54)
GlobalObjectId_V1-2-3b6551b0f2848c54f911d6f91ca83d54-4924434717688306237-1076637211|True|(0, 0.295, 0)|(0, 0, 0, 1)|(0.81, 0.31, 0.54)
GlobalObjectId_V1-2-3b6551b0f2848c54f911d6f91ca83d54-4924434717688306237-1123370063|True|(0, 0.295, 0)|(0, 0, 0, 1)|(0.81, 0.31, 0.54)
GlobalObjectId_V1-2-3b6551b0f2848c54f911d6f91ca83d54-4924434717688306237-1138517293|True|(0, 0.295, 0)|(0, 0, 0, 1)|(0.81, 0.31, 0.54)
GlobalObjectId_V1-2-3b6551b0f2848c54f911d6f91ca83d54-4924434717688306237-1145818399|True|(0, 0.295, 0)|(0, 0, 0, 1)|(0.81, 0.31, 0.54)
GlobalObjectId_V1-2-3b6551b0f2848c54f911d6f91ca83d54-4924434717688306237-1148386096|True|(0, 0.295, 0)|(0, 0, 0, 1)|(0.81, 0.31, 0.54)
GlobalObjectId_V1-2-3b6551b0f2848c54f911d6f91ca83d54-4924434717688306237-1157908847|True|(0, 0.295, 0)|(0, 0, 0, 1)|(0.81, 0.31, 0.54)
GlobalObjectId_V1-2-3b6551b0f2848c54f911d6f91ca83d54-4924434717688306237-117525737|True|(0, 0.295, 0)|(0, 0, 0, 1)|(0.81, 0.31, 0.54)
GlobalObjectId_V1-2-3b6551b0f2848c54f911d6f91ca83d54-4924434717688306237-1211572864|True|(0, 0.295, 0)|(0, 0, 0, 1)|(0.81, 0.31, 0.54)
GlobalObjectId_V1-2-3b6551b0f2848c54f911d6f91ca83d54-4924434717688306237-1261995047|True|(0, 0.295, 0)|(0, 0, 0, 1)|(0.81, 0.31, 0.54)
GlobalObjectId_V1-2-3b6551b0f2848c54f911d6f91ca83d54-4924434717688306237-1273560124|True|(0, 0.295, 0)|(0, 0, 0, 1)|(0.81, 0.31, 0.54)
GlobalObjectId_V1-2-3b6551b0f2848c54f911d6f91ca83d54-4924434717688306237-1341893445|True|(0, 0.295, 0)|(0, 0, 0, 1)|(0.81, 0.31, 0.54)
GlobalObjectId_V1-2-3b6551b0f2848c54f911d6f91ca83d54-4924434717688306237-1577023816|True|(0, 0.295, 0)|(0, 0, 0, 1)|(0.81, 0.31, 0.54)
GlobalObjectId_V1-2-3b6551b0f2848c54f911d6f91ca83d54-4924434717688306237-1609908011|True|(0, 0.295, 0)|(0, 0, 0, 1)|(0.81, 0.31, 0.54)
GlobalObjectId_V1-2-3b6551b0f2848c54f911d6f91ca83d54-4924434717688306237-1654698043|True|(0, 0.295, 0)|(0, 0, 0, 1)|(0.81, 0.31, 0.54)
GlobalObjectId_V1-2-3b6551b0f2848c54f911d6f91ca83d54-4924434717688306237-1725634851|True|(0, 0.295, 0)|(0, 0, 0, 1)|(0.81, 0.31, 0.54)
GlobalObjectId_V1-2-3b6551b0f2848c54f911d6f91ca83d54-4924434717688306237-178552251|True|(0, 0.295, 0)|(0, 0, 0, 1)|(0.81, 0.31, 0.54)
GlobalObjectId_V1-2-3b6551b0f2848c54f911d6f91ca83d54-4924434717688306237-1804972047|True|(0, 0.295, 0)|(0, 0, 0, 1)|(0.81, 0.31, 0.54)
GlobalObjectId_V1-2-3b6551b0f2848c54f911d6f91ca83d54-4924434717688306237-1819624870|True|(0, 0.295, 0)|(0, 0, 0, 1)|(0.81, 0.31, 0.54)
GlobalObjectId_V1-2-3b6551b0f2848c54f911d6f91ca83d54-4924434717688306237-1866442031|True|(0, 0.295, 0)|(0, 0, 0, 1)|(0.81, 0.31, 0.54)
GlobalObjectId_V1-2-3b6551b0f2848c54f911d6f91ca83d54-4924434717688306237-1970165663|True|(0, 0.295, 0)|(0, 0, 0, 1)|(0.81, 0.31, 0.54)
GlobalObjectId_V1-2-3b6551b0f2848c54f911d6f91ca83d54-4924434717688306237-2024084545|True|(0, 0.295, 0)|(0, 0, 0, 1)|(0.81, 0.31, 0.54)
GlobalObjectId_V1-2-3b6551b0f2848c54f911d6f91ca83d54-4924434717688306237-2026501014|True|(0, 0.295, 0)|(0, 0, 0, 1)|(0.81, 0.31, 0.54)
GlobalObjectId_V1-2-3b6551b0f2848c54f911d6f91ca83d54-4924434717688306237-2039403610|True|(0, 0.295, 0)|(0, 0, 0, 1)|(0.81, 0.31, 0.54)
GlobalObjectId_V1-2-3b6551b0f2848c54f911d6f91ca83d54-4924434717688306237-2040492614|True|(0, 0.295, 0)|(0, 0, 0, 1)|(0.81, 0.31, 0.54)
GlobalObjectId_V1-2-3b6551b0f2848c54f911d6f91ca83d54-4924434717688306237-2056561579|True|(0, 0.295, 0)|(0, 0, 0, 1)|(0.81, 0.31, 0.54)
GlobalObjectId_V1-2-3b6551b0f2848c54f911d6f91ca83d54-4924434717688306237-2059838410|True|(0, 0.295, 0)|(0, 0, 0, 1)|(0.81, 0.31, 0.54)
GlobalObjectId_V1-2-3b6551b0f2848c54f911d6f91ca83d54-4924434717688306237-220756394|True|(0, 0.295, 0)|(0, 0, 0, 1)|(0.81, 0.31, 0.54)
GlobalObjectId_V1-2-3b6551b0f2848c54f911d6f91ca83d54-4924434717688306237-241495691|True|(0, 0.295, 0)|(0, 0, 0, 1)|(0.81, 0.31, 0.54)
GlobalObjectId_V1-2-3b6551b0f2848c54f911d6f91ca83d54-4924434717688306237-243786568|True|(0, 0.295, 0)|(0, 0, 0, 1)|(0.81, 0.31, 0.54)
GlobalObjectId_V1-2-3b6551b0f2848c54f911d6f91ca83d54-4924434717688306237-27082819|True|(0, 0.295, 0)|(0, 0, 0, 1)|(0.81, 0.31, 0.54)
GlobalObjectId_V1-2-3b6551b0f2848c54f911d6f91ca83d54-4924434717688306237-287385670|True|(0, 0.295, 0)|(0, 0, 0, 1)|(0.81, 0.31, 0.54)
GlobalObjectId_V1-2-3b6551b0f2848c54f911d6f91ca83d54-4924434717688306237-308217777|True|(0, 0.295, 0)|(0, 0, 0, 1)|(0.81, 0.31, 0.54)
GlobalObjectId_V1-2-3b6551b0f2848c54f911d6f91ca83d54-4924434717688306237-31273311|True|(0, 0.295, 0)|(0, 0, 0, 1)|(0.81, 0.31, 0.54)
GlobalObjectId_V1-2-3b6551b0f2848c54f911d6f91ca83d54-4924434717688306237-343957928|True|(0, 0.295, 0)|(0, 0, 0, 1)|(0.81, 0.31, 0.54)
GlobalObjectId_V1-2-3b6551b0f2848c54f911d6f91ca83d54-4924434717688306237-396161643|True|(0, 0.295, 0)|(0, 0, 0, 1)|(0.81, 0.31, 0.54)
GlobalObjectId_V1-2-3b6551b0f2848c54f911d6f91ca83d54-4924434717688306237-426443221|True|(0, 0.295, 0)|(0, 0, 0, 1)|(0.81, 0.31, 0.54)
GlobalObjectId_V1-2-3b6551b0f2848c54f911d6f91ca83d54-4924434717688306237-458006385|True|(0, 0.295, 0)|(0, 0, 0, 1)|(0.81, 0.31, 0.54)
GlobalObjectId_V1-2-3b6551b0f2848c54f911d6f91ca83d54-4924434717688306237-502189609|True|(0, 0.295, 0)|(0, 0, 0, 1)|(0.81, 0.31, 0.54)
GlobalObjectId_V1-2-3b6551b0f2848c54f911d6f91ca83d54-4924434717688306237-502266823|True|(0, 0.295, 0)|(0, 0, 0, 1)|(0.81, 0.31, 0.54)
GlobalObjectId_V1-2-3b6551b0f2848c54f911d6f91ca83d54-4924434717688306237-593650449|True|(0, 0.295, 0)|(0, 0, 0, 1)|(0.81, 0.31, 0.54)
GlobalObjectId_V1-2-3b6551b0f2848c54f911d6f91ca83d54-4924434717688306237-600046749|True|(0, 0.295, 0)|(0, 0, 0, 1)|(0.81, 0.31, 0.54)
GlobalObjectId_V1-2-3b6551b0f2848c54f911d6f91ca83d54-4924434717688306237-656679930|True|(0, 0.295, 0)|(0, 0, 0, 1)|(0.81, 0.31, 0.54)
GlobalObjectId_V1-2-3b6551b0f2848c54f911d6f91ca83d54-4924434717688306237-680847915|True|(0, 0.295, 0)|(0, 0, 0, 1)|(0.81, 0.31, 0.54)
GlobalObjectId_V1-2-3b6551b0f2848c54f911d6f91ca83d54-4924434717688306237-731984814|True|(0, 0.295, 0)|(0, 0, 0, 1)|(0.81, 0.31, 0.54)
GlobalObjectId_V1-2-3b6551b0f2848c54f911d6f91ca83d54-4924434717688306237-754211584|True|(0, 0.295, 0)|(0, 0, 0, 1)|(0.81, 0.31, 0.54)
GlobalObjectId_V1-2-3b6551b0f2848c54f911d6f91ca83d54-4924434717688306237-859783628|True|(0, 0.295, 0)|(0, 0, 0, 1)|(0.81, 0.31, 0.54)
GlobalObjectId_V1-2-3b6551b0f2848c54f911d6f91ca83d54-4924434717688306237-878071367|True|(0, 0.295, 0)|(0, 0, 0, 1)|(0.81, 0.31, 0.54)
GlobalObjectId_V1-2-3b6551b0f2848c54f911d6f91ca83d54-4924434717688306237-956417833|True|(0, 0.295, 0)|(0, 0, 0, 1)|(0.81, 0.31, 0.54)
GlobalObjectId_V1-2-3b6551b0f2848c54f911d6f91ca83d54-4924434717688306237-975687593|True|(0, 0.295, 0)|(0, 0, 0, 1)|(0.81, 0.31, 0.54)
GlobalObjectId_V1-2-3b6551b0f2848c54f911d6f91ca83d54-5069969659572015895-1229718731|True|(0, 0, 0)|(-0.7071068, 0, 0, 0.7071067)|(100, 100, 100)
GlobalObjectId_V1-2-3b6551b0f2848c54f911d6f91ca83d54-5069969659572015895-1268510627|True|(0, 0, 0)|(-0.7071068, 0, 0, 0.7071067)|(100, 100, 100)
GlobalObjectId_V1-2-3b6551b0f2848c54f911d6f91ca83d54-5069969659572015895-1298481983|True|(0, 0, 0)|(-0.7071068, 0, 0, 0.7071067)|(100, 100, 100)
GlobalObjectId_V1-2-3b6551b0f2848c54f911d6f91ca83d54-5069969659572015895-1473460188|True|(0, 0, 0)|(-0.7071068, 0, 0, 0.7071067)|(100, 100, 100)
GlobalObjectId_V1-2-3b6551b0f2848c54f911d6f91ca83d54-5069969659572015895-1740273041|True|(0, 0, 0)|(-0.7071068, 0, 0, 0.7071067)|(100, 100, 100)
GlobalObjectId_V1-2-3b6551b0f2848c54f911d6f91ca83d54-5069969659572015895-352986360|True|(0, 0, 0)|(-0.7071068, 0, 0, 0.7071067)|(100, 100, 100)
GlobalObjectId_V1-2-3b6551b0f2848c54f911d6f91ca83d54-5069969659572015895-375106697|True|(0, 0, 0)|(-0.7071068, 0, 0, 0.7071067)|(100, 100, 100)
GlobalObjectId_V1-2-3b6551b0f2848c54f911d6f91ca83d54-5069969659572015895-466313733|True|(0, 0, 0)|(-0.7071068, 0, 0, 0.7071067)|(100, 100, 100)
GlobalObjectId_V1-2-3b6551b0f2848c54f911d6f91ca83d54-5069969659572015895-769108169|True|(0, 0, 0)|(-0.7071068, 0, 0, 0.7071067)|(100, 100, 100)
GlobalObjectId_V1-2-3b6551b0f2848c54f911d6f91ca83d54-5069969659572015895-814571549|True|(0, 0, 0)|(-0.7071068, 0, 0, 0.7071067)|(100, 100, 100)
GlobalObjectId_V1-2-3b6551b0f2848c54f911d6f91ca83d54-5095539473250579637-1229718731|True|(7.09405867E-10, -0.000599996536, -0.0004000003)|(0, 0, 0, 1)|(0.009999995, 0.009999997, 0.009999999)
GlobalObjectId_V1-2-3b6551b0f2848c54f911d6f91ca83d54-5095539473250579637-1268510627|True|(7.09405867E-10, -0.000599996536, -0.0004000003)|(0, 0, 0, 1)|(0.009999995, 0.009999997, 0.009999999)
GlobalObjectId_V1-2-3b6551b0f2848c54f911d6f91ca83d54-5095539473250579637-1298481983|True|(7.09405867E-10, -0.000599996536, -0.0004000003)|(0, 0, 0, 1)|(0.009999995, 0.009999997, 0.009999999)
GlobalObjectId_V1-2-3b6551b0f2848c54f911d6f91ca83d54-5095539473250579637-1473460188|True|(7.09405867E-10, -0.000599996536, -0.0004000003)|(0, 0, 0, 1)|(0.009999995, 0.009999997, 0.009999999)
GlobalObjectId_V1-2-3b6551b0f2848c54f911d6f91ca83d54-5095539473250579637-1740273041|True|(7.09405867E-10, -0.000599996536, -0.0004000003)|(0, 0, 0, 1)|(0.009999995, 0.009999997, 0.009999999)
GlobalObjectId_V1-2-3b6551b0f2848c54f911d6f91ca83d54-5095539473250579637-352986360|True|(7.09405867E-10, -0.000599996536, -0.0004000003)|(0, 0, 0, 1)|(0.009999995, 0.009999997, 0.009999999)
GlobalObjectId_V1-2-3b6551b0f2848c54f911d6f91ca83d54-5095539473250579637-375106697|True|(7.09405867E-10, -0.000599996536, -0.0004000003)|(0, 0, 0, 1)|(0.009999995, 0.009999997, 0.009999999)
GlobalObjectId_V1-2-3b6551b0f2848c54f911d6f91ca83d54-5095539473250579637-466313733|True|(7.09405867E-10, -0.000599996536, -0.0004000003)|(0, 0, 0, 1)|(0.009999995, 0.009999997, 0.009999999)
GlobalObjectId_V1-2-3b6551b0f2848c54f911d6f91ca83d54-5095539473250579637-769108169|True|(7.09405867E-10, -0.000599996536, -0.0004000003)|(0, 0, 0, 1)|(0.009999995, 0.009999997, 0.009999999)
GlobalObjectId_V1-2-3b6551b0f2848c54f911d6f91ca83d54-5095539473250579637-814571549|True|(7.09405867E-10, -0.000599996536, -0.0004000003)|(0, 0, 0, 1)|(0.009999995, 0.009999997, 0.009999999)
GlobalObjectId_V1-2-3b6551b0f2848c54f911d6f91ca83d54-5099065025112574107-1191518710|True|(-0.100672022, 0.947558641, -0.954)|(0, 0, 0, 1)|(1.00312221, 1.24048829, 1.00738955)
GlobalObjectId_V1-2-3b6551b0f2848c54f911d6f91ca83d54-5099065025112574107-1212367565|True|(-0.100672022, 0.947558641, -0.954)|(0, 0, 0, 1)|(1.00312221, 1.24048829, 1.00738955)
GlobalObjectId_V1-2-3b6551b0f2848c54f911d6f91ca83d54-5099065025112574107-143777058|True|(-0.100672022, 0.947558641, -0.954)|(0, 0, 0, 1)|(1.00312221, 1.24048829, 1.00738955)
GlobalObjectId_V1-2-3b6551b0f2848c54f911d6f91ca83d54-5099065025112574107-1542002196|True|(-0.100672022, 0.947558641, -0.954)|(0, 0, 0, 1)|(1.00312221, 1.24048829, 1.00738955)
GlobalObjectId_V1-2-3b6551b0f2848c54f911d6f91ca83d54-5099065025112574107-2024003042|True|(-0.100672022, 0.947558641, -0.954)|(0, 0, 0, 1)|(1.00312221, 1.24048829, 1.00738955)
GlobalObjectId_V1-2-3b6551b0f2848c54f911d6f91ca83d54-5099065025112574107-306864247|True|(-0.100672022, 0.947558641, -0.954)|(0, 0, 0, 1)|(1.00312221, 1.24048829, 1.00738955)
GlobalObjectId_V1-2-3b6551b0f2848c54f911d6f91ca83d54-5099065025112574107-309737671|True|(-0.100672022, 0.947558641, -0.954)|(0, 0, 0, 1)|(1.00312221, 1.24048829, 1.00738955)
GlobalObjectId_V1-2-3b6551b0f2848c54f911d6f91ca83d54-5099065025112574107-312149901|True|(-0.100672022, 0.947558641, -0.954)|(0, 0, 0, 1)|(1.00312221, 1.24048829, 1.00738955)
GlobalObjectId_V1-2-3b6551b0f2848c54f911d6f91ca83d54-5099065025112574107-857919492|True|(-0.100672022, 0.947558641, -0.954)|(0, 0, 0, 1)|(1.00312221, 1.24048829, 1.00738955)
GlobalObjectId_V1-2-3b6551b0f2848c54f911d6f91ca83d54-5099065025112574107-986728857|True|(-0.100672022, 0.947558641, -0.954)|(0, 0, 0, 1)|(1.00312221, 1.24048829, 1.00738955)
GlobalObjectId_V1-2-3b6551b0f2848c54f911d6f91ca83d54-5105707873899282941-1191518710|True|(1.09895933E-10, 0.00157500128, 1.14713685E-16)|(-0.608287334, 2.627847E-07, 1.83793091E-07, 0.7937169)|(1, 1, 1)
GlobalObjectId_V1-2-3b6551b0f2848c54f911d6f91ca83d54-5105707873899282941-1212367565|True|(1.09895933E-10, 0.00157500128, 1.14713685E-16)|(-0.608287334, 2.627847E-07, 1.83793091E-07, 0.7937169)|(1, 1, 1)
GlobalObjectId_V1-2-3b6551b0f2848c54f911d6f91ca83d54-5105707873899282941-143777058|True|(1.09895933E-10, 0.00157500128, 1.14713685E-16)|(-0.608287334, 2.627847E-07, 1.83793091E-07, 0.7937169)|(1, 1, 1)
GlobalObjectId_V1-2-3b6551b0f2848c54f911d6f91ca83d54-5105707873899282941-1542002196|True|(1.09895933E-10, 0.00157500128, 1.14713685E-16)|(-0.608287334, 2.627847E-07, 1.83793091E-07, 0.7937169)|(1, 1, 1)
GlobalObjectId_V1-2-3b6551b0f2848c54f911d6f91ca83d54-5105707873899282941-2024003042|True|(1.09895933E-10, 0.00157500128, 1.14713685E-16)|(-0.608287334, 2.627847E-07, 1.83793091E-07, 0.7937169)|(1, 1, 1)
GlobalObjectId_V1-2-3b6551b0f2848c54f911d6f91ca83d54-5105707873899282941-306864247|True|(1.09895933E-10, 0.00157500128, 1.14713685E-16)|(-0.608287334, 2.627847E-07, 1.83793091E-07, 0.7937169)|(1, 1, 1)
GlobalObjectId_V1-2-3b6551b0f2848c54f911d6f91ca83d54-5105707873899282941-309737671|True|(1.09895933E-10, 0.00157500128, 1.14713685E-16)|(-0.608287334, 2.627847E-07, 1.83793091E-07, 0.7937169)|(1, 1, 1)
GlobalObjectId_V1-2-3b6551b0f2848c54f911d6f91ca83d54-5105707873899282941-312149901|True|(1.09895933E-10, 0.00157500128, 1.14713685E-16)|(-0.608287334, 2.627847E-07, 1.83793091E-07, 0.7937169)|(1, 1, 1)
GlobalObjectId_V1-2-3b6551b0f2848c54f911d6f91ca83d54-5105707873899282941-857919492|True|(1.09895933E-10, 0.00157500128, 1.14713685E-16)|(-0.608287334, 2.627847E-07, 1.83793091E-07, 0.7937169)|(1, 1, 1)
GlobalObjectId_V1-2-3b6551b0f2848c54f911d6f91ca83d54-5105707873899282941-986728857|True|(1.09895933E-10, 0.00157500128, 1.14713685E-16)|(-0.608287334, 2.627847E-07, 1.83793091E-07, 0.7937169)|(1, 1, 1)
GlobalObjectId_V1-2-3b6551b0f2848c54f911d6f91ca83d54-513099261-0|True|(100.900024, 0.08, 3.81469681E-06)|(0, 0.7071068, 0, 0.7071068)|(1, 1, 1)
GlobalObjectId_V1-2-3b6551b0f2848c54f911d6f91ca83d54-513853191-0|True|(-7.1, 0.1, 0)|(0, 0, 0, 1)|(0.2, 0.2, 20)
GlobalObjectId_V1-2-3b6551b0f2848c54f911d6f91ca83d54-5171847663948039351-1191602872|True|(-1.11758706E-10, 0.00213466655, 9.31322554E-12)|(-0.0128043983, -0.112429693, 0.112429693, 0.9871956)|(1, 0.99999994, 0.99999994)
GlobalObjectId_V1-2-3b6551b0f2848c54f911d6f91ca83d54-5171847663948039351-1250511116|True|(-1.11758706E-10, 0.00213466655, 9.31322554E-12)|(-0.0128043983, -0.112429693, 0.112429693, 0.9871956)|(1, 0.99999994, 0.99999994)
GlobalObjectId_V1-2-3b6551b0f2848c54f911d6f91ca83d54-5171847663948039351-127729888|True|(-1.11758706E-10, 0.00213466655, 9.31322554E-12)|(-0.0128043983, -0.112429693, 0.112429693, 0.9871956)|(1, 0.99999994, 0.99999994)
GlobalObjectId_V1-2-3b6551b0f2848c54f911d6f91ca83d54-5171847663948039351-1897079065|True|(-1.11758706E-10, 0.00213466655, 9.31322554E-12)|(-0.0128043983, -0.112429693, 0.112429693, 0.9871956)|(1, 0.99999994, 0.99999994)
GlobalObjectId_V1-2-3b6551b0f2848c54f911d6f91ca83d54-5171847663948039351-2070896708|True|(-1.11758706E-10, 0.00213466655, 9.31322554E-12)|(-0.0128043983, -0.112429693, 0.112429693, 0.9871956)|(1, 0.99999994, 0.99999994)
GlobalObjectId_V1-2-3b6551b0f2848c54f911d6f91ca83d54-5171847663948039351-383792707|True|(-1.11758706E-10, 0.00213466655, 9.31322554E-12)|(-0.0128043983, -0.112429693, 0.112429693, 0.9871956)|(1, 0.99999994, 0.99999994)
GlobalObjectId_V1-2-3b6551b0f2848c54f911d6f91ca83d54-5171847663948039351-393103402|True|(-1.11758706E-10, 0.00213466655, 9.31322554E-12)|(-0.0128043983, -0.112429693, 0.112429693, 0.9871956)|(1, 0.99999994, 0.99999994)
GlobalObjectId_V1-2-3b6551b0f2848c54f911d6f91ca83d54-5171847663948039351-566916451|True|(-1.11758706E-10, 0.00213466655, 9.31322554E-12)|(-0.0128043983, -0.112429693, 0.112429693, 0.9871956)|(1, 0.99999994, 0.99999994)
GlobalObjectId_V1-2-3b6551b0f2848c54f911d6f91ca83d54-5171847663948039351-965188316|True|(-1.11758706E-10, 0.00213466655, 9.31322554E-12)|(-0.0128043983, -0.112429693, 0.112429693, 0.9871956)|(1, 0.99999994, 0.99999994)
GlobalObjectId_V1-2-3b6551b0f2848c54f911d6f91ca83d54-5171847663948039351-969570616|True|(-1.11758706E-10, 0.00213466655, 9.31322554E-12)|(-0.0128043983, -0.112429693, 0.112429693, 0.9871956)|(1, 0.99999994, 0.99999994)
GlobalObjectId_V1-2-3b6551b0f2848c54f911d6f91ca83d54-517494901-0|True|(-2.5, 0.08, -270.1)|(0, 0, 0, 1)|(1, 1, 1)
GlobalObjectId_V1-2-3b6551b0f2848c54f911d6f91ca83d54-520205760-0|True|(-7.1, 0.1, 0)|(0, 0, 0, 1)|(0.2, 0.2, 20)
GlobalObjectId_V1-2-3b6551b0f2848c54f911d6f91ca83d54-522587074011227401-1191602872|True|(132.900024, 0.08, 0.6)|(0, 0.7071068, 0, 0.7071068)|(1, 1, 1)
GlobalObjectId_V1-2-3b6551b0f2848c54f911d6f91ca83d54-522587074011227401-1250511116|True|(-18.9000244, 0.08, 442.5)|(0, -0.7071068, 0, 0.7071068)|(1, 1, 1)
GlobalObjectId_V1-2-3b6551b0f2848c54f911d6f91ca83d54-522587074011227401-127729888|True|(-3.69999981, 0.08, -270.1)|(0, 0, 0, 1)|(1, 1, 1)
GlobalObjectId_V1-2-3b6551b0f2848c54f911d6f91ca83d54-522587074011227401-1897079065|True|(-48.0999756, 0.08, 780.6)|(0, 0.7071068, 0, 0.7071068)|(1, 1, 1)
GlobalObjectId_V1-2-3b6551b0f2848c54f911d6f91ca83d54-522587074011227401-2070896708|True|(-18.9000244, 0.08, 439.4)|(0, -0.7071068, 0, 0.7071068)|(1, 1, 1)
GlobalObjectId_V1-2-3b6551b0f2848c54f911d6f91ca83d54-522587074011227401-383792707|True|(-0.6, 0.08, -270.1)|(0, 0, 0, 1)|(1, 1, 1)
GlobalObjectId_V1-2-3b6551b0f2848c54f911d6f91ca83d54-522587074011227401-393103402|False|(239.4, 0.08, 295.900024)|(0, 0, 0, 1)|(1, 1, 1)
GlobalObjectId_V1-2-3b6551b0f2848c54f911d6f91ca83d54-522587074011227401-566916451|True|(-48.0999756, 0.08, 783.699951)|(0, 0.7071068, 0, 0.7071068)|(1, 1, 1)
GlobalObjectId_V1-2-3b6551b0f2848c54f911d6f91ca83d54-522587074011227401-965188316|True|(132.900024, 0.08, -2.5)|(0, 0.7071068, 0, 0.7071068)|(1, 1, 1)
GlobalObjectId_V1-2-3b6551b0f2848c54f911d6f91ca83d54-522587074011227401-969570616|False|(236.299988, 0.08, 295.900024)|(0, 0, 0, 1)|(1, 1, 1)
GlobalObjectId_V1-2-3b6551b0f2848c54f911d6f91ca83d54-5228093826923405238-100269653|True|(-0.00235781353, 0.00199437141, 0.001093109)|(-0.7071068, 0, 0, 0.7071067)|(450.076965, 450.076965, 450.076965)
GlobalObjectId_V1-2-3b6551b0f2848c54f911d6f91ca83d54-5228093826923405238-1079601489|True|(-0.00235781353, 0.00199437141, 0.001093109)|(-0.7071068, 0, 0, 0.7071067)|(450.076965, 450.076965, 450.076965)
GlobalObjectId_V1-2-3b6551b0f2848c54f911d6f91ca83d54-5228093826923405238-1103207620|True|(-0.00235781353, 0.00199437141, 0.001093109)|(-0.7071068, 0, 0, 0.7071067)|(450.076965, 450.076965, 450.076965)
GlobalObjectId_V1-2-3b6551b0f2848c54f911d6f91ca83d54-5228093826923405238-1669086103|True|(-0.00235781353, 0.00199437141, 0.001093109)|(-0.7071068, 0, 0, 0.7071067)|(450.076965, 450.076965, 450.076965)
GlobalObjectId_V1-2-3b6551b0f2848c54f911d6f91ca83d54-5228093826923405238-226928331|True|(-0.00235781353, 0.00199437141, 0.001093109)|(-0.7071068, 0, 0, 0.7071067)|(450.076965, 450.076965, 450.076965)
GlobalObjectId_V1-2-3b6551b0f2848c54f911d6f91ca83d54-5228093826923405238-258455658|True|(-0.00235781353, 0.00199437141, 0.001093109)|(-0.7071068, 0, 0, 0.7071067)|(450.076965, 450.076965, 450.076965)
GlobalObjectId_V1-2-3b6551b0f2848c54f911d6f91ca83d54-5228093826923405238-697005088|True|(-0.00235781353, 0.00199437141, 0.001093109)|(-0.7071068, 0, 0, 0.7071067)|(450.076965, 450.076965, 450.076965)
GlobalObjectId_V1-2-3b6551b0f2848c54f911d6f91ca83d54-5228093826923405238-748434077|True|(-0.00235781353, 0.00199437141, 0.001093109)|(-0.7071068, 0, 0, 0.7071067)|(450.076965, 450.076965, 450.076965)
GlobalObjectId_V1-2-3b6551b0f2848c54f911d6f91ca83d54-5228093826923405238-885528315|True|(-0.00235781353, 0.00199437141, 0.001093109)|(-0.7071068, 0, 0, 0.7071067)|(450.076965, 450.076965, 450.076965)
GlobalObjectId_V1-2-3b6551b0f2848c54f911d6f91ca83d54-5228093826923405238-992990990|True|(-0.00235781353, 0.00199437141, 0.001093109)|(-0.7071068, 0, 0, 0.7071067)|(450.076965, 450.076965, 450.076965)
GlobalObjectId_V1-2-3b6551b0f2848c54f911d6f91ca83d54-5293920053957437862-1229718731|True|(-100, 0.08, 495.5)|(0, 0, 0, 1)|(1, 1, 1)
GlobalObjectId_V1-2-3b6551b0f2848c54f911d6f91ca83d54-5293920053957437862-1268510627|True|(18.5, 0.08, 776.9)|(0, 0.7071068, 0, 0.7071068)|(1, 1, 1)
GlobalObjectId_V1-2-3b6551b0f2848c54f911d6f91ca83d54-5293920053957437862-1298481983|True|(18.5, 0.08, 780)|(0, 0.7071068, 0, 0.7071068)|(1, 1, 1)
GlobalObjectId_V1-2-3b6551b0f2848c54f911d6f91ca83d54-5293920053957437862-1473460188|True|(199.5, 0.08, 0)|(0, 0.7071068, 0, 0.7071068)|(1, 1, 1)
GlobalObjectId_V1-2-3b6551b0f2848c54f911d6f91ca83d54-5293920053957437862-1740273041|True|(240, 0.08, 362.5)|(0, 0, 0, 1)|(1, 1, 1)
GlobalObjectId_V1-2-3b6551b0f2848c54f911d6f91ca83d54-5293920053957437862-352986360|True|(0, 0.08, -203.5)|(0, 0, 0, 1)|(1, 1, 1)
GlobalObjectId_V1-2-3b6551b0f2848c54f911d6f91ca83d54-5293920053957437862-375106697|True|(199.5, 0.08, 3.1)|(0, 0.7071068, 0, 0.7071068)|(1, 1, 1)
GlobalObjectId_V1-2-3b6551b0f2848c54f911d6f91ca83d54-5293920053957437862-466313733|True|(-103.1, 0.08, 495.5)|(0, 0, 0, 1)|(1, 1, 1)
GlobalObjectId_V1-2-3b6551b0f2848c54f911d6f91ca83d54-5293920053957437862-769108169|True|(243.1, 0.08, 362.5)|(0, 0, 0, 1)|(1, 1, 1)
GlobalObjectId_V1-2-3b6551b0f2848c54f911d6f91ca83d54-5293920053957437862-814571549|True|(3.1, 0.08, -203.5)|(0, 0, 0, 1)|(1, 1, 1)
GlobalObjectId_V1-2-3b6551b0f2848c54f911d6f91ca83d54-529958468-0|True|(0, 0.08, -302.1)|(0, 0, 0, 1)|(1, 1, 1)
GlobalObjectId_V1-2-3b6551b0f2848c54f911d6f91ca83d54-5319428639720611336-1229718731|True|(0, 0, 8.381903E-11)|(0.7071068, 0, 0, 0.7071067)|(1, 1, 1)
GlobalObjectId_V1-2-3b6551b0f2848c54f911d6f91ca83d54-5319428639720611336-1268510627|True|(0, 0, 8.381903E-11)|(0.7071068, 0, 0, 0.7071067)|(1, 1, 1)
GlobalObjectId_V1-2-3b6551b0f2848c54f911d6f91ca83d54-5319428639720611336-1298481983|True|(0, 0, 8.381903E-11)|(0.7071068, 0, 0, 0.7071067)|(1, 1, 1)
GlobalObjectId_V1-2-3b6551b0f2848c54f911d6f91ca83d54-5319428639720611336-1473460188|True|(0, 0, 8.381903E-11)|(0.7071068, 0, 0, 0.7071067)|(1, 1, 1)
GlobalObjectId_V1-2-3b6551b0f2848c54f911d6f91ca83d54-5319428639720611336-1740273041|True|(0, 0, 8.381903E-11)|(0.7071068, 0, 0, 0.7071067)|(1, 1, 1)
GlobalObjectId_V1-2-3b6551b0f2848c54f911d6f91ca83d54-5319428639720611336-352986360|True|(0, 0, 8.381903E-11)|(0.7071068, 0, 0, 0.7071067)|(1, 1, 1)
GlobalObjectId_V1-2-3b6551b0f2848c54f911d6f91ca83d54-5319428639720611336-375106697|True|(0, 0, 8.381903E-11)|(0.7071068, 0, 0, 0.7071067)|(1, 1, 1)
GlobalObjectId_V1-2-3b6551b0f2848c54f911d6f91ca83d54-5319428639720611336-466313733|True|(0, 0, 8.381903E-11)|(0.7071068, 0, 0, 0.7071067)|(1, 1, 1)
GlobalObjectId_V1-2-3b6551b0f2848c54f911d6f91ca83d54-5319428639720611336-769108169|True|(0, 0, 8.381903E-11)|(0.7071068, 0, 0, 0.7071067)|(1, 1, 1)
GlobalObjectId_V1-2-3b6551b0f2848c54f911d6f91ca83d54-5319428639720611336-814571549|True|(0, 0, 8.381903E-11)|(0.7071068, 0, 0, 0.7071067)|(1, 1, 1)
GlobalObjectId_V1-2-3b6551b0f2848c54f911d6f91ca83d54-532219-0|True|(7.1, 0.1, 0)|(0, 0, 0, 1)|(0.2, 0.2, 20)
GlobalObjectId_V1-2-3b6551b0f2848c54f911d6f91ca83d54-535621576-0|True|(-7.1, 0.1, 0)|(0, 0, 0, 1)|(0.2, 0.2, 20)
GlobalObjectId_V1-2-3b6551b0f2848c54f911d6f91ca83d54-5392072689094053049-1049486283|True|(0, 0.0012800002, 0)|(0, 0, 0, 1)|(1, 1, 1)
GlobalObjectId_V1-2-3b6551b0f2848c54f911d6f91ca83d54-5392072689094053049-126319019|True|(0, 0.0012800002, 0)|(0, 0, 0, 1)|(1, 1, 1)
GlobalObjectId_V1-2-3b6551b0f2848c54f911d6f91ca83d54-5392072689094053049-1481706251|True|(0, 0.0012800002, 0)|(0, 0, 0, 1)|(1, 1, 1)
GlobalObjectId_V1-2-3b6551b0f2848c54f911d6f91ca83d54-5392072689094053049-1592385703|True|(0, 0.0012800002, 0)|(0, 0, 0, 1)|(1, 1, 1)
GlobalObjectId_V1-2-3b6551b0f2848c54f911d6f91ca83d54-5392072689094053049-1661574985|True|(0, 0.0012800002, 0)|(0, 0, 0, 1)|(1, 1, 1)
GlobalObjectId_V1-2-3b6551b0f2848c54f911d6f91ca83d54-5392072689094053049-1902647294|True|(0, 0.0012800002, 0)|(0, 0, 0, 1)|(1, 1, 1)
GlobalObjectId_V1-2-3b6551b0f2848c54f911d6f91ca83d54-5392072689094053049-239339974|True|(0, 0.0012800002, 0)|(0, 0, 0, 1)|(1, 1, 1)
GlobalObjectId_V1-2-3b6551b0f2848c54f911d6f91ca83d54-5392072689094053049-350417267|True|(0, 0.0012800002, 0)|(0, 0, 0, 1)|(1, 1, 1)
GlobalObjectId_V1-2-3b6551b0f2848c54f911d6f91ca83d54-5392072689094053049-575299033|True|(0, 0.0012800002, 0)|(0, 0, 0, 1)|(1, 1, 1)
GlobalObjectId_V1-2-3b6551b0f2848c54f911d6f91ca83d54-5392072689094053049-834271436|True|(0, 0.0012800002, 0)|(0, 0, 0, 1)|(1, 1, 1)
GlobalObjectId_V1-2-3b6551b0f2848c54f911d6f91ca83d54-540989442-0|True|(-7.1, 0.1, 0)|(0, 0, 0, 1)|(0.2, 0.2, 20)
GlobalObjectId_V1-2-3b6551b0f2848c54f911d6f91ca83d54-5418124920269699077-1120997898|True|(-0.00256000017, 0.0006400007, 0)|(0.902088046, -0.2971957, -0.2971956, -0.09791189)|(1.00000083, 1.00000036, 1)
GlobalObjectId_V1-2-3b6551b0f2848c54f911d6f91ca83d54-5418124920269699077-1378066733|True|(-0.00256000017, 0.0006400007, 0)|(0.902088046, -0.2971957, -0.2971956, -0.09791189)|(1.00000083, 1.00000036, 1)
GlobalObjectId_V1-2-3b6551b0f2848c54f911d6f91ca83d54-5418124920269699077-1387022782|True|(-0.00256000017, 0.0006400007, 0)|(0.902088046, -0.2971957, -0.2971956, -0.09791189)|(1.00000083, 1.00000036, 1)
GlobalObjectId_V1-2-3b6551b0f2848c54f911d6f91ca83d54-5418124920269699077-1556813190|True|(-0.00256000017, 0.0006400007, 0)|(0.902088046, -0.2971957, -0.2971956, -0.09791189)|(1.00000083, 1.00000036, 1)
GlobalObjectId_V1-2-3b6551b0f2848c54f911d6f91ca83d54-5418124920269699077-161863763|True|(-0.00256000017, 0.0006400007, 0)|(0.902088046, -0.2971957, -0.2971956, -0.09791189)|(1.00000083, 1.00000036, 1)
GlobalObjectId_V1-2-3b6551b0f2848c54f911d6f91ca83d54-5418124920269699077-305648292|True|(-0.00256000017, 0.0006400007, 0)|(0.902088046, -0.2971957, -0.2971956, -0.09791189)|(1.00000083, 1.00000036, 1)
GlobalObjectId_V1-2-3b6551b0f2848c54f911d6f91ca83d54-5418124920269699077-404936451|True|(-0.00256000017, 0.0006400007, 0)|(0.902088046, -0.2971957, -0.2971956, -0.09791189)|(1.00000083, 1.00000036, 1)
GlobalObjectId_V1-2-3b6551b0f2848c54f911d6f91ca83d54-5418124920269699077-501866861|True|(-0.00256000017, 0.0006400007, 0)|(0.902088046, -0.2971957, -0.2971956, -0.09791189)|(1.00000083, 1.00000036, 1)
GlobalObjectId_V1-2-3b6551b0f2848c54f911d6f91ca83d54-5418124920269699077-692789032|True|(-0.00256000017, 0.0006400007, 0)|(0.902088046, -0.2971957, -0.2971956, -0.09791189)|(1.00000083, 1.00000036, 1)
GlobalObjectId_V1-2-3b6551b0f2848c54f911d6f91ca83d54-5418124920269699077-892891150|True|(-0.00256000017, 0.0006400007, 0)|(0.902088046, -0.2971957, -0.2971956, -0.09791189)|(1.00000083, 1.00000036, 1)
GlobalObjectId_V1-2-3b6551b0f2848c54f911d6f91ca83d54-542238368279840020-1229718731|True|(-5.96046434E-10, 0.00228805584, 1.49011609E-10)|(0.269357651, -0.144293949, 0.3785213, 0.8736975)|(1, 1, 1.00000012)
GlobalObjectId_V1-2-3b6551b0f2848c54f911d6f91ca83d54-542238368279840020-1268510627|True|(-5.96046434E-10, 0.00228805584, 1.49011609E-10)|(0.269357651, -0.144293949, 0.3785213, 0.8736975)|(1, 1, 1.00000012)
GlobalObjectId_V1-2-3b6551b0f2848c54f911d6f91ca83d54-542238368279840020-1298481983|True|(-5.96046434E-10, 0.00228805584, 1.49011609E-10)|(0.269357651, -0.144293949, 0.3785213, 0.8736975)|(1, 1, 1.00000012)
GlobalObjectId_V1-2-3b6551b0f2848c54f911d6f91ca83d54-542238368279840020-1473460188|True|(-5.96046434E-10, 0.00228805584, 1.49011609E-10)|(0.269357651, -0.144293949, 0.3785213, 0.8736975)|(1, 1, 1.00000012)
GlobalObjectId_V1-2-3b6551b0f2848c54f911d6f91ca83d54-542238368279840020-1740273041|True|(-5.96046434E-10, 0.00228805584, 1.49011609E-10)|(0.269357651, -0.144293949, 0.3785213, 0.8736975)|(1, 1, 1.00000012)
GlobalObjectId_V1-2-3b6551b0f2848c54f911d6f91ca83d54-542238368279840020-352986360|True|(-5.96046434E-10, 0.00228805584, 1.49011609E-10)|(0.269357651, -0.144293949, 0.3785213, 0.8736975)|(1, 1, 1.00000012)
GlobalObjectId_V1-2-3b6551b0f2848c54f911d6f91ca83d54-542238368279840020-375106697|True|(-5.96046434E-10, 0.00228805584, 1.49011609E-10)|(0.269357651, -0.144293949, 0.3785213, 0.8736975)|(1, 1, 1.00000012)
GlobalObjectId_V1-2-3b6551b0f2848c54f911d6f91ca83d54-542238368279840020-466313733|True|(-5.96046434E-10, 0.00228805584, 1.49011609E-10)|(0.269357651, -0.144293949, 0.3785213, 0.8736975)|(1, 1, 1.00000012)
GlobalObjectId_V1-2-3b6551b0f2848c54f911d6f91ca83d54-542238368279840020-769108169|True|(-5.96046434E-10, 0.00228805584, 1.49011609E-10)|(0.269357651, -0.144293949, 0.3785213, 0.8736975)|(1, 1, 1.00000012)
GlobalObjectId_V1-2-3b6551b0f2848c54f911d6f91ca83d54-542238368279840020-814571549|True|(-5.96046434E-10, 0.00228805584, 1.49011609E-10)|(0.269357651, -0.144293949, 0.3785213, 0.8736975)|(1, 1, 1.00000012)
GlobalObjectId_V1-2-3b6551b0f2848c54f911d6f91ca83d54-5465807627441933592-1049486283|True|(0, 0.00127999962, 0)|(0, 0, 0, 1)|(1, 1, 1)
GlobalObjectId_V1-2-3b6551b0f2848c54f911d6f91ca83d54-5465807627441933592-126319019|True|(0, 0.00127999962, 0)|(0, 0, 0, 1)|(1, 1, 1)
GlobalObjectId_V1-2-3b6551b0f2848c54f911d6f91ca83d54-5465807627441933592-1481706251|True|(0, 0.00127999962, 0)|(0, 0, 0, 1)|(1, 1, 1)
GlobalObjectId_V1-2-3b6551b0f2848c54f911d6f91ca83d54-5465807627441933592-1592385703|True|(0, 0.00127999962, 0)|(0, 0, 0, 1)|(1, 1, 1)
GlobalObjectId_V1-2-3b6551b0f2848c54f911d6f91ca83d54-5465807627441933592-1661574985|True|(0, 0.00127999962, 0)|(0, 0, 0, 1)|(1, 1, 1)
GlobalObjectId_V1-2-3b6551b0f2848c54f911d6f91ca83d54-5465807627441933592-1902647294|True|(0, 0.00127999962, 0)|(0, 0, 0, 1)|(1, 1, 1)
GlobalObjectId_V1-2-3b6551b0f2848c54f911d6f91ca83d54-5465807627441933592-239339974|True|(0, 0.00127999962, 0)|(0, 0, 0, 1)|(1, 1, 1)
GlobalObjectId_V1-2-3b6551b0f2848c54f911d6f91ca83d54-5465807627441933592-350417267|True|(0, 0.00127999962, 0)|(0, 0, 0, 1)|(1, 1, 1)
GlobalObjectId_V1-2-3b6551b0f2848c54f911d6f91ca83d54-5465807627441933592-575299033|True|(0, 0.00127999962, 0)|(0, 0, 0, 1)|(1, 1, 1)
GlobalObjectId_V1-2-3b6551b0f2848c54f911d6f91ca83d54-5465807627441933592-834271436|True|(0, 0.00127999962, 0)|(0, 0, 0, 1)|(1, 1, 1)
GlobalObjectId_V1-2-3b6551b0f2848c54f911d6f91ca83d54-549642556-0|True|(-7.1, 0.1, 0)|(0, 0, 0, 1)|(0.2, 0.2, 20)
GlobalObjectId_V1-2-3b6551b0f2848c54f911d6f91ca83d54-551208268-0|True|(-7.1, 0.1, 0)|(0, 0, 0, 1)|(0.2, 0.2, 20)
GlobalObjectId_V1-2-3b6551b0f2848c54f911d6f91ca83d54-5521646894702838223-1025319220|True|(0.06900002, 7.450581E-09, -0.01)|(0, 0, 0, 1)|(1, 1, 1)
GlobalObjectId_V1-2-3b6551b0f2848c54f911d6f91ca83d54-5521646894702838223-1076637211|True|(0.06900002, 7.450581E-09, -0.01)|(0, 0, 0, 1)|(1, 1, 1)
GlobalObjectId_V1-2-3b6551b0f2848c54f911d6f91ca83d54-5521646894702838223-1123370063|True|(0.06900002, 7.450581E-09, -0.01)|(0, 0, 0, 1)|(1, 1, 1)
GlobalObjectId_V1-2-3b6551b0f2848c54f911d6f91ca83d54-5521646894702838223-1138517293|True|(0.06900002, 7.450581E-09, -0.01)|(0, 0, 0, 1)|(1, 1, 1)
GlobalObjectId_V1-2-3b6551b0f2848c54f911d6f91ca83d54-5521646894702838223-1145818399|True|(0.06900002, 7.450581E-09, -0.01)|(0, 0, 0, 1)|(1, 1, 1)
GlobalObjectId_V1-2-3b6551b0f2848c54f911d6f91ca83d54-5521646894702838223-1148386096|True|(0.06900002, 7.450581E-09, -0.01)|(0, 0, 0, 1)|(1, 1, 1)
GlobalObjectId_V1-2-3b6551b0f2848c54f911d6f91ca83d54-5521646894702838223-1157908847|True|(0.06900002, 7.450581E-09, -0.01)|(0, 0, 0, 1)|(1, 1, 1)
GlobalObjectId_V1-2-3b6551b0f2848c54f911d6f91ca83d54-5521646894702838223-117525737|True|(0.06900002, 7.450581E-09, -0.01)|(0, 0, 0, 1)|(1, 1, 1)
GlobalObjectId_V1-2-3b6551b0f2848c54f911d6f91ca83d54-5521646894702838223-1211572864|True|(0.06900002, 7.450581E-09, -0.01)|(0, 0, 0, 1)|(1, 1, 1)
GlobalObjectId_V1-2-3b6551b0f2848c54f911d6f91ca83d54-5521646894702838223-1261995047|True|(0.06900002, 7.450581E-09, -0.01)|(0, 0, 0, 1)|(1, 1, 1)
GlobalObjectId_V1-2-3b6551b0f2848c54f911d6f91ca83d54-5521646894702838223-1273560124|True|(0.06900002, 7.450581E-09, -0.01)|(0, 0, 0, 1)|(1, 1, 1)
GlobalObjectId_V1-2-3b6551b0f2848c54f911d6f91ca83d54-5521646894702838223-1341893445|True|(0.06900002, 7.450581E-09, -0.01)|(0, 0, 0, 1)|(1, 1, 1)
GlobalObjectId_V1-2-3b6551b0f2848c54f911d6f91ca83d54-5521646894702838223-1577023816|True|(0.06900002, 7.450581E-09, -0.01)|(0, 0, 0, 1)|(1, 1, 1)
GlobalObjectId_V1-2-3b6551b0f2848c54f911d6f91ca83d54-5521646894702838223-1609908011|True|(0.06900002, 7.450581E-09, -0.01)|(0, 0, 0, 1)|(1, 1, 1)
GlobalObjectId_V1-2-3b6551b0f2848c54f911d6f91ca83d54-5521646894702838223-1654698043|True|(0.06900002, 7.450581E-09, -0.01)|(0, 0, 0, 1)|(1, 1, 1)
GlobalObjectId_V1-2-3b6551b0f2848c54f911d6f91ca83d54-5521646894702838223-1725634851|True|(0.06900002, 7.450581E-09, -0.01)|(0, 0, 0, 1)|(1, 1, 1)
GlobalObjectId_V1-2-3b6551b0f2848c54f911d6f91ca83d54-5521646894702838223-178552251|True|(0.06900002, 7.450581E-09, -0.01)|(0, 0, 0, 1)|(1, 1, 1)
GlobalObjectId_V1-2-3b6551b0f2848c54f911d6f91ca83d54-5521646894702838223-1804972047|True|(0.06900002, 7.450581E-09, -0.01)|(0, 0, 0, 1)|(1, 1, 1)
GlobalObjectId_V1-2-3b6551b0f2848c54f911d6f91ca83d54-5521646894702838223-1819624870|True|(0.06900002, 7.450581E-09, -0.01)|(0, 0, 0, 1)|(1, 1, 1)
GlobalObjectId_V1-2-3b6551b0f2848c54f911d6f91ca83d54-5521646894702838223-1866442031|True|(0.06900002, 7.450581E-09, -0.01)|(0, 0, 0, 1)|(1, 1, 1)
GlobalObjectId_V1-2-3b6551b0f2848c54f911d6f91ca83d54-5521646894702838223-1970165663|True|(0.06900002, 7.450581E-09, -0.01)|(0, 0, 0, 1)|(1, 1, 1)
GlobalObjectId_V1-2-3b6551b0f2848c54f911d6f91ca83d54-5521646894702838223-2024084545|True|(0.06900002, 7.450581E-09, -0.01)|(0, 0, 0, 1)|(1, 1, 1)
GlobalObjectId_V1-2-3b6551b0f2848c54f911d6f91ca83d54-5521646894702838223-2026501014|True|(0.06900002, 7.450581E-09, -0.01)|(0, 0, 0, 1)|(1, 1, 1)
GlobalObjectId_V1-2-3b6551b0f2848c54f911d6f91ca83d54-5521646894702838223-2039403610|True|(0.06900002, 7.450581E-09, -0.01)|(0, 0, 0, 1)|(1, 1, 1)
GlobalObjectId_V1-2-3b6551b0f2848c54f911d6f91ca83d54-5521646894702838223-2040492614|True|(0.06900002, 7.450581E-09, -0.01)|(0, 0, 0, 1)|(1, 1, 1)
GlobalObjectId_V1-2-3b6551b0f2848c54f911d6f91ca83d54-5521646894702838223-2056561579|True|(0.06900002, 7.450581E-09, -0.01)|(0, 0, 0, 1)|(1, 1, 1)
GlobalObjectId_V1-2-3b6551b0f2848c54f911d6f91ca83d54-5521646894702838223-2059838410|True|(0.06900002, 7.450581E-09, -0.01)|(0, 0, 0, 1)|(1, 1, 1)
GlobalObjectId_V1-2-3b6551b0f2848c54f911d6f91ca83d54-5521646894702838223-220756394|True|(0.06900002, 7.450581E-09, -0.01)|(0, 0, 0, 1)|(1, 1, 1)
GlobalObjectId_V1-2-3b6551b0f2848c54f911d6f91ca83d54-5521646894702838223-241495691|True|(0.06900002, 7.450581E-09, -0.01)|(0, 0, 0, 1)|(1, 1, 1)
GlobalObjectId_V1-2-3b6551b0f2848c54f911d6f91ca83d54-5521646894702838223-243786568|True|(0.06900002, 7.450581E-09, -0.01)|(0, 0, 0, 1)|(1, 1, 1)
GlobalObjectId_V1-2-3b6551b0f2848c54f911d6f91ca83d54-5521646894702838223-27082819|True|(0.06900002, 7.450581E-09, -0.01)|(0, 0, 0, 1)|(1, 1, 1)
GlobalObjectId_V1-2-3b6551b0f2848c54f911d6f91ca83d54-5521646894702838223-287385670|True|(0.06900002, 7.450581E-09, -0.01)|(0, 0, 0, 1)|(1, 1, 1)
GlobalObjectId_V1-2-3b6551b0f2848c54f911d6f91ca83d54-5521646894702838223-308217777|True|(0.06900002, 7.450581E-09, -0.01)|(0, 0, 0, 1)|(1, 1, 1)
GlobalObjectId_V1-2-3b6551b0f2848c54f911d6f91ca83d54-5521646894702838223-31273311|True|(0.06900002, 7.450581E-09, -0.01)|(0, 0, 0, 1)|(1, 1, 1)
GlobalObjectId_V1-2-3b6551b0f2848c54f911d6f91ca83d54-5521646894702838223-343957928|True|(0.06900002, 7.450581E-09, -0.01)|(0, 0, 0, 1)|(1, 1, 1)
GlobalObjectId_V1-2-3b6551b0f2848c54f911d6f91ca83d54-5521646894702838223-396161643|True|(0.06900002, 7.450581E-09, -0.01)|(0, 0, 0, 1)|(1, 1, 1)
GlobalObjectId_V1-2-3b6551b0f2848c54f911d6f91ca83d54-5521646894702838223-426443221|True|(0.06900002, 7.450581E-09, -0.01)|(0, 0, 0, 1)|(1, 1, 1)
GlobalObjectId_V1-2-3b6551b0f2848c54f911d6f91ca83d54-5521646894702838223-458006385|True|(0.06900002, 7.450581E-09, -0.01)|(0, 0, 0, 1)|(1, 1, 1)
GlobalObjectId_V1-2-3b6551b0f2848c54f911d6f91ca83d54-5521646894702838223-502189609|True|(0.06900002, 7.450581E-09, -0.01)|(0, 0, 0, 1)|(1, 1, 1)
GlobalObjectId_V1-2-3b6551b0f2848c54f911d6f91ca83d54-5521646894702838223-502266823|True|(0.06900002, 7.450581E-09, -0.01)|(0, 0, 0, 1)|(1, 1, 1)
GlobalObjectId_V1-2-3b6551b0f2848c54f911d6f91ca83d54-5521646894702838223-593650449|True|(0.06900002, 7.450581E-09, -0.01)|(0, 0, 0, 1)|(1, 1, 1)
GlobalObjectId_V1-2-3b6551b0f2848c54f911d6f91ca83d54-5521646894702838223-600046749|True|(0.06900002, 7.450581E-09, -0.01)|(0, 0, 0, 1)|(1, 1, 1)
GlobalObjectId_V1-2-3b6551b0f2848c54f911d6f91ca83d54-5521646894702838223-656679930|True|(0.06900002, 7.450581E-09, -0.01)|(0, 0, 0, 1)|(1, 1, 1)
GlobalObjectId_V1-2-3b6551b0f2848c54f911d6f91ca83d54-5521646894702838223-680847915|True|(0.06900002, 7.450581E-09, -0.01)|(0, 0, 0, 1)|(1, 1, 1)
GlobalObjectId_V1-2-3b6551b0f2848c54f911d6f91ca83d54-5521646894702838223-731984814|True|(0.06900002, 7.450581E-09, -0.01)|(0, 0, 0, 1)|(1, 1, 1)
GlobalObjectId_V1-2-3b6551b0f2848c54f911d6f91ca83d54-5521646894702838223-754211584|True|(0.06900002, 7.450581E-09, -0.01)|(0, 0, 0, 1)|(1, 1, 1)
GlobalObjectId_V1-2-3b6551b0f2848c54f911d6f91ca83d54-5521646894702838223-859783628|True|(0.06900002, 7.450581E-09, -0.01)|(0, 0, 0, 1)|(1, 1, 1)
GlobalObjectId_V1-2-3b6551b0f2848c54f911d6f91ca83d54-5521646894702838223-878071367|True|(0.06900002, 7.450581E-09, -0.01)|(0, 0, 0, 1)|(1, 1, 1)
GlobalObjectId_V1-2-3b6551b0f2848c54f911d6f91ca83d54-5521646894702838223-956417833|True|(0.06900002, 7.450581E-09, -0.01)|(0, 0, 0, 1)|(1, 1, 1)
GlobalObjectId_V1-2-3b6551b0f2848c54f911d6f91ca83d54-5521646894702838223-975687593|True|(0.06900002, 7.450581E-09, -0.01)|(0, 0, 0, 1)|(1, 1, 1)
GlobalObjectId_V1-2-3b6551b0f2848c54f911d6f91ca83d54-5551729712138482337-1167286018|True|(1.5, 0, 0)|(0, 0, 0, 1)|(3, 0.17, 0.17)
GlobalObjectId_V1-2-3b6551b0f2848c54f911d6f91ca83d54-5551729712138482337-1180928524|True|(1.5, 0, 0)|(0, 0, 0, 1)|(3, 0.17, 0.17)
GlobalObjectId_V1-2-3b6551b0f2848c54f911d6f91ca83d54-5551729712138482337-122956854|True|(1.5, 0, 0)|(0, 0, 0, 1)|(3, 0.17, 0.17)
GlobalObjectId_V1-2-3b6551b0f2848c54f911d6f91ca83d54-5551729712138482337-1245624228|True|(1.5, 0, 0)|(0, 0, 0, 1)|(3, 0.17, 0.17)
GlobalObjectId_V1-2-3b6551b0f2848c54f911d6f91ca83d54-5551729712138482337-1404068710|True|(1.5, 0, 0)|(0, 0, 0, 1)|(3, 0.17, 0.17)
GlobalObjectId_V1-2-3b6551b0f2848c54f911d6f91ca83d54-5551729712138482337-1418330522|True|(1.5, 0, 0)|(0, 0, 0, 1)|(3, 0.17, 0.17)
GlobalObjectId_V1-2-3b6551b0f2848c54f911d6f91ca83d54-5551729712138482337-1452177011|True|(1.5, 0, 0)|(0, 0, 0, 1)|(3, 0.17, 0.17)
GlobalObjectId_V1-2-3b6551b0f2848c54f911d6f91ca83d54-5551729712138482337-1620194150|True|(1.5, 0, 0)|(0, 0, 0, 1)|(3, 0.17, 0.17)
GlobalObjectId_V1-2-3b6551b0f2848c54f911d6f91ca83d54-5551729712138482337-1693543895|True|(1.5, 0, 0)|(0, 0, 0, 1)|(3, 0.17, 0.17)
GlobalObjectId_V1-2-3b6551b0f2848c54f911d6f91ca83d54-5551729712138482337-1793401989|True|(1.5, 0, 0)|(0, 0, 0, 1)|(3, 0.17, 0.17)
GlobalObjectId_V1-2-3b6551b0f2848c54f911d6f91ca83d54-5551729712138482337-2098923909|True|(1.5, 0, 0)|(0, 0, 0, 1)|(3, 0.17, 0.17)
GlobalObjectId_V1-2-3b6551b0f2848c54f911d6f91ca83d54-5551729712138482337-299381512|True|(1.5, 0, 0)|(0, 0, 0, 1)|(3, 0.17, 0.17)
GlobalObjectId_V1-2-3b6551b0f2848c54f911d6f91ca83d54-5551729712138482337-730290851|True|(1.5, 0, 0)|(0, 0, 0, 1)|(3, 0.17, 0.17)
GlobalObjectId_V1-2-3b6551b0f2848c54f911d6f91ca83d54-5551729712138482337-828652953|True|(1.5, 0, 0)|(0, 0, 0, 1)|(3, 0.17, 0.17)
GlobalObjectId_V1-2-3b6551b0f2848c54f911d6f91ca83d54-5551729712138482337-884722836|True|(1.5, 0, 0)|(0, 0, 0, 1)|(3, 0.17, 0.17)
GlobalObjectId_V1-2-3b6551b0f2848c54f911d6f91ca83d54-557723008-0|True|(7.1, 0.1, 0)|(0, 0, 0, 1)|(0.2, 0.2, 20)
GlobalObjectId_V1-2-3b6551b0f2848c54f911d6f91ca83d54-562217443-0|True|(-7.1, 0.1, 0)|(0, 0, 0, 1)|(0.2, 0.2, 20)
GlobalObjectId_V1-2-3b6551b0f2848c54f911d6f91ca83d54-5633301897376542646-1025319220|True|(0, 0.424, -0.286)|(0, 0, 0.00305432151, 0.999995351)|(0.67, 0.04, 0.03)
GlobalObjectId_V1-2-3b6551b0f2848c54f911d6f91ca83d54-5633301897376542646-1076637211|True|(0, 0.424, -0.286)|(0, 0, 0.00305432151, 0.999995351)|(0.67, 0.04, 0.03)
GlobalObjectId_V1-2-3b6551b0f2848c54f911d6f91ca83d54-5633301897376542646-1123370063|True|(0, 0.424, -0.286)|(0, 0, 0.00305432151, 0.999995351)|(0.67, 0.04, 0.03)
GlobalObjectId_V1-2-3b6551b0f2848c54f911d6f91ca83d54-5633301897376542646-1138517293|True|(0, 0.424, -0.286)|(0, 0, 0.00305432151, 0.999995351)|(0.67, 0.04, 0.03)
GlobalObjectId_V1-2-3b6551b0f2848c54f911d6f91ca83d54-5633301897376542646-1145818399|True|(0, 0.424, -0.286)|(0, 0, 0.00305432151, 0.999995351)|(0.67, 0.04, 0.03)
GlobalObjectId_V1-2-3b6551b0f2848c54f911d6f91ca83d54-5633301897376542646-1148386096|True|(0, 0.424, -0.286)|(0, 0, 0.00305432151, 0.999995351)|(0.67, 0.04, 0.03)
GlobalObjectId_V1-2-3b6551b0f2848c54f911d6f91ca83d54-5633301897376542646-1157908847|True|(0, 0.424, -0.286)|(0, 0, 0.00305432151, 0.999995351)|(0.67, 0.04, 0.03)
GlobalObjectId_V1-2-3b6551b0f2848c54f911d6f91ca83d54-5633301897376542646-117525737|True|(0, 0.424, -0.286)|(0, 0, 0.00305432151, 0.999995351)|(0.67, 0.04, 0.03)
GlobalObjectId_V1-2-3b6551b0f2848c54f911d6f91ca83d54-5633301897376542646-1211572864|True|(0, 0.424, -0.286)|(0, 0, 0.00305432151, 0.999995351)|(0.67, 0.04, 0.03)
GlobalObjectId_V1-2-3b6551b0f2848c54f911d6f91ca83d54-5633301897376542646-1261995047|True|(0, 0.424, -0.286)|(0, 0, 0.00305432151, 0.999995351)|(0.67, 0.04, 0.03)
GlobalObjectId_V1-2-3b6551b0f2848c54f911d6f91ca83d54-5633301897376542646-1273560124|True|(0, 0.424, -0.286)|(0, 0, 0.00305432151, 0.999995351)|(0.67, 0.04, 0.03)
GlobalObjectId_V1-2-3b6551b0f2848c54f911d6f91ca83d54-5633301897376542646-1341893445|True|(0, 0.424, -0.286)|(0, 0, 0.00305432151, 0.999995351)|(0.67, 0.04, 0.03)
GlobalObjectId_V1-2-3b6551b0f2848c54f911d6f91ca83d54-5633301897376542646-1577023816|True|(0, 0.424, -0.286)|(0, 0, 0.00305432151, 0.999995351)|(0.67, 0.04, 0.03)
GlobalObjectId_V1-2-3b6551b0f2848c54f911d6f91ca83d54-5633301897376542646-1609908011|True|(0, 0.424, -0.286)|(0, 0, 0.00305432151, 0.999995351)|(0.67, 0.04, 0.03)
GlobalObjectId_V1-2-3b6551b0f2848c54f911d6f91ca83d54-5633301897376542646-1654698043|True|(0, 0.424, -0.286)|(0, 0, 0.00305432151, 0.999995351)|(0.67, 0.04, 0.03)
GlobalObjectId_V1-2-3b6551b0f2848c54f911d6f91ca83d54-5633301897376542646-1725634851|True|(0, 0.424, -0.286)|(0, 0, 0.00305432151, 0.999995351)|(0.67, 0.04, 0.03)
GlobalObjectId_V1-2-3b6551b0f2848c54f911d6f91ca83d54-5633301897376542646-178552251|True|(0, 0.424, -0.286)|(0, 0, 0.00305432151, 0.999995351)|(0.67, 0.04, 0.03)
GlobalObjectId_V1-2-3b6551b0f2848c54f911d6f91ca83d54-5633301897376542646-1804972047|True|(0, 0.424, -0.286)|(0, 0, 0.00305432151, 0.999995351)|(0.67, 0.04, 0.03)
GlobalObjectId_V1-2-3b6551b0f2848c54f911d6f91ca83d54-5633301897376542646-1819624870|True|(0, 0.424, -0.286)|(0, 0, 0.00305432151, 0.999995351)|(0.67, 0.04, 0.03)
GlobalObjectId_V1-2-3b6551b0f2848c54f911d6f91ca83d54-5633301897376542646-1866442031|True|(0, 0.424, -0.286)|(0, 0, 0.00305432151, 0.999995351)|(0.67, 0.04, 0.03)
GlobalObjectId_V1-2-3b6551b0f2848c54f911d6f91ca83d54-5633301897376542646-1970165663|True|(0, 0.424, -0.286)|(0, 0, 0.00305432151, 0.999995351)|(0.67, 0.04, 0.03)
GlobalObjectId_V1-2-3b6551b0f2848c54f911d6f91ca83d54-5633301897376542646-2024084545|True|(0, 0.424, -0.286)|(0, 0, 0.00305432151, 0.999995351)|(0.67, 0.04, 0.03)
GlobalObjectId_V1-2-3b6551b0f2848c54f911d6f91ca83d54-5633301897376542646-2026501014|True|(0, 0.424, -0.286)|(0, 0, 0.00305432151, 0.999995351)|(0.67, 0.04, 0.03)
GlobalObjectId_V1-2-3b6551b0f2848c54f911d6f91ca83d54-5633301897376542646-2039403610|True|(0, 0.424, -0.286)|(0, 0, 0.00305432151, 0.999995351)|(0.67, 0.04, 0.03)
GlobalObjectId_V1-2-3b6551b0f2848c54f911d6f91ca83d54-5633301897376542646-2040492614|True|(0, 0.424, -0.286)|(0, 0, 0.00305432151, 0.999995351)|(0.67, 0.04, 0.03)
GlobalObjectId_V1-2-3b6551b0f2848c54f911d6f91ca83d54-5633301897376542646-2056561579|True|(0, 0.424, -0.286)|(0, 0, 0.00305432151, 0.999995351)|(0.67, 0.04, 0.03)
GlobalObjectId_V1-2-3b6551b0f2848c54f911d6f91ca83d54-5633301897376542646-2059838410|True|(0, 0.424, -0.286)|(0, 0, 0.00305432151, 0.999995351)|(0.67, 0.04, 0.03)
GlobalObjectId_V1-2-3b6551b0f2848c54f911d6f91ca83d54-5633301897376542646-220756394|True|(0, 0.424, -0.286)|(0, 0, 0.00305432151, 0.999995351)|(0.67, 0.04, 0.03)
GlobalObjectId_V1-2-3b6551b0f2848c54f911d6f91ca83d54-5633301897376542646-241495691|True|(0, 0.424, -0.286)|(0, 0, 0.00305432151, 0.999995351)|(0.67, 0.04, 0.03)
GlobalObjectId_V1-2-3b6551b0f2848c54f911d6f91ca83d54-5633301897376542646-243786568|True|(0, 0.424, -0.286)|(0, 0, 0.00305432151, 0.999995351)|(0.67, 0.04, 0.03)
GlobalObjectId_V1-2-3b6551b0f2848c54f911d6f91ca83d54-5633301897376542646-27082819|True|(0, 0.424, -0.286)|(0, 0, 0.00305432151, 0.999995351)|(0.67, 0.04, 0.03)
GlobalObjectId_V1-2-3b6551b0f2848c54f911d6f91ca83d54-5633301897376542646-287385670|True|(0, 0.424, -0.286)|(0, 0, 0.00305432151, 0.999995351)|(0.67, 0.04, 0.03)
GlobalObjectId_V1-2-3b6551b0f2848c54f911d6f91ca83d54-5633301897376542646-308217777|True|(0, 0.424, -0.286)|(0, 0, 0.00305432151, 0.999995351)|(0.67, 0.04, 0.03)
GlobalObjectId_V1-2-3b6551b0f2848c54f911d6f91ca83d54-5633301897376542646-31273311|True|(0, 0.424, -0.286)|(0, 0, 0.00305432151, 0.999995351)|(0.67, 0.04, 0.03)
GlobalObjectId_V1-2-3b6551b0f2848c54f911d6f91ca83d54-5633301897376542646-343957928|True|(0, 0.424, -0.286)|(0, 0, 0.00305432151, 0.999995351)|(0.67, 0.04, 0.03)
GlobalObjectId_V1-2-3b6551b0f2848c54f911d6f91ca83d54-5633301897376542646-396161643|True|(0, 0.424, -0.286)|(0, 0, 0.00305432151, 0.999995351)|(0.67, 0.04, 0.03)
GlobalObjectId_V1-2-3b6551b0f2848c54f911d6f91ca83d54-5633301897376542646-426443221|True|(0, 0.424, -0.286)|(0, 0, 0.00305432151, 0.999995351)|(0.67, 0.04, 0.03)
GlobalObjectId_V1-2-3b6551b0f2848c54f911d6f91ca83d54-5633301897376542646-458006385|True|(0, 0.424, -0.286)|(0, 0, 0.00305432151, 0.999995351)|(0.67, 0.04, 0.03)
GlobalObjectId_V1-2-3b6551b0f2848c54f911d6f91ca83d54-5633301897376542646-502189609|True|(0, 0.424, -0.286)|(0, 0, 0.00305432151, 0.999995351)|(0.67, 0.04, 0.03)
GlobalObjectId_V1-2-3b6551b0f2848c54f911d6f91ca83d54-5633301897376542646-502266823|True|(0, 0.424, -0.286)|(0, 0, 0.00305432151, 0.999995351)|(0.67, 0.04, 0.03)
GlobalObjectId_V1-2-3b6551b0f2848c54f911d6f91ca83d54-5633301897376542646-593650449|True|(0, 0.424, -0.286)|(0, 0, 0.00305432151, 0.999995351)|(0.67, 0.04, 0.03)
GlobalObjectId_V1-2-3b6551b0f2848c54f911d6f91ca83d54-5633301897376542646-600046749|True|(0, 0.424, -0.286)|(0, 0, 0.00305432151, 0.999995351)|(0.67, 0.04, 0.03)
GlobalObjectId_V1-2-3b6551b0f2848c54f911d6f91ca83d54-5633301897376542646-656679930|True|(0, 0.424, -0.286)|(0, 0, 0.00305432151, 0.999995351)|(0.67, 0.04, 0.03)
GlobalObjectId_V1-2-3b6551b0f2848c54f911d6f91ca83d54-5633301897376542646-680847915|True|(0, 0.424, -0.286)|(0, 0, 0.00305432151, 0.999995351)|(0.67, 0.04, 0.03)
GlobalObjectId_V1-2-3b6551b0f2848c54f911d6f91ca83d54-5633301897376542646-731984814|True|(0, 0.424, -0.286)|(0, 0, 0.00305432151, 0.999995351)|(0.67, 0.04, 0.03)
GlobalObjectId_V1-2-3b6551b0f2848c54f911d6f91ca83d54-5633301897376542646-754211584|True|(0, 0.424, -0.286)|(0, 0, 0.00305432151, 0.999995351)|(0.67, 0.04, 0.03)
GlobalObjectId_V1-2-3b6551b0f2848c54f911d6f91ca83d54-5633301897376542646-859783628|True|(0, 0.424, -0.286)|(0, 0, 0.00305432151, 0.999995351)|(0.67, 0.04, 0.03)
GlobalObjectId_V1-2-3b6551b0f2848c54f911d6f91ca83d54-5633301897376542646-878071367|True|(0, 0.424, -0.286)|(0, 0, 0.00305432151, 0.999995351)|(0.67, 0.04, 0.03)
GlobalObjectId_V1-2-3b6551b0f2848c54f911d6f91ca83d54-5633301897376542646-956417833|True|(0, 0.424, -0.286)|(0, 0, 0.00305432151, 0.999995351)|(0.67, 0.04, 0.03)
GlobalObjectId_V1-2-3b6551b0f2848c54f911d6f91ca83d54-5633301897376542646-975687593|True|(0, 0.424, -0.286)|(0, 0, 0.00305432151, 0.999995351)|(0.67, 0.04, 0.03)
GlobalObjectId_V1-2-3b6551b0f2848c54f911d6f91ca83d54-565259485880540157-1167286018|True|(0.85, 0, -0.092)|(0, 0, 0, 1)|(0.25, 0.18, 0.018)
GlobalObjectId_V1-2-3b6551b0f2848c54f911d6f91ca83d54-565259485880540157-1180928524|True|(0.85, 0, -0.092)|(0, 0, 0, 1)|(0.25, 0.18, 0.018)
GlobalObjectId_V1-2-3b6551b0f2848c54f911d6f91ca83d54-565259485880540157-122956854|True|(0.85, 0, -0.092)|(0, 0, 0, 1)|(0.25, 0.18, 0.018)
GlobalObjectId_V1-2-3b6551b0f2848c54f911d6f91ca83d54-565259485880540157-1245624228|True|(0.85, 0, -0.092)|(0, 0, 0, 1)|(0.25, 0.18, 0.018)
GlobalObjectId_V1-2-3b6551b0f2848c54f911d6f91ca83d54-565259485880540157-1404068710|True|(0.85, 0, -0.092)|(0, 0, 0, 1)|(0.25, 0.18, 0.018)
GlobalObjectId_V1-2-3b6551b0f2848c54f911d6f91ca83d54-565259485880540157-1418330522|True|(0.85, 0, -0.092)|(0, 0, 0, 1)|(0.25, 0.18, 0.018)
GlobalObjectId_V1-2-3b6551b0f2848c54f911d6f91ca83d54-565259485880540157-1452177011|True|(0.85, 0, -0.092)|(0, 0, 0, 1)|(0.25, 0.18, 0.018)
GlobalObjectId_V1-2-3b6551b0f2848c54f911d6f91ca83d54-565259485880540157-1620194150|True|(0.85, 0, -0.092)|(0, 0, 0, 1)|(0.25, 0.18, 0.018)
GlobalObjectId_V1-2-3b6551b0f2848c54f911d6f91ca83d54-565259485880540157-1693543895|True|(0.85, 0, -0.092)|(0, 0, 0, 1)|(0.25, 0.18, 0.018)
GlobalObjectId_V1-2-3b6551b0f2848c54f911d6f91ca83d54-565259485880540157-1793401989|True|(0.85, 0, -0.092)|(0, 0, 0, 1)|(0.25, 0.18, 0.018)
GlobalObjectId_V1-2-3b6551b0f2848c54f911d6f91ca83d54-565259485880540157-2098923909|True|(0.85, 0, -0.092)|(0, 0, 0, 1)|(0.25, 0.18, 0.018)
GlobalObjectId_V1-2-3b6551b0f2848c54f911d6f91ca83d54-565259485880540157-299381512|True|(0.85, 0, -0.092)|(0, 0, 0, 1)|(0.25, 0.18, 0.018)
GlobalObjectId_V1-2-3b6551b0f2848c54f911d6f91ca83d54-565259485880540157-730290851|True|(0.85, 0, -0.092)|(0, 0, 0, 1)|(0.25, 0.18, 0.018)
GlobalObjectId_V1-2-3b6551b0f2848c54f911d6f91ca83d54-565259485880540157-828652953|True|(0.85, 0, -0.092)|(0, 0, 0, 1)|(0.25, 0.18, 0.018)
GlobalObjectId_V1-2-3b6551b0f2848c54f911d6f91ca83d54-565259485880540157-884722836|True|(0.85, 0, -0.092)|(0, 0, 0, 1)|(0.25, 0.18, 0.018)
GlobalObjectId_V1-2-3b6551b0f2848c54f911d6f91ca83d54-5663901520325834755-1167286018|True|(-1.5, 0.7, 0)|(0, 0, 0, 1)|(0.4, 1.1, 0.45)
GlobalObjectId_V1-2-3b6551b0f2848c54f911d6f91ca83d54-5663901520325834755-1180928524|True|(-1.5, 0.7, 0)|(0, 0, 0, 1)|(0.4, 1.1, 0.45)
GlobalObjectId_V1-2-3b6551b0f2848c54f911d6f91ca83d54-5663901520325834755-122956854|True|(-1.5, 0.7, 0)|(0, 0, 0, 1)|(0.4, 1.1, 0.45)
GlobalObjectId_V1-2-3b6551b0f2848c54f911d6f91ca83d54-5663901520325834755-1245624228|True|(-1.5, 0.7, 0)|(0, 0, 0, 1)|(0.4, 1.1, 0.45)
GlobalObjectId_V1-2-3b6551b0f2848c54f911d6f91ca83d54-5663901520325834755-1404068710|True|(-1.5, 0.7, 0)|(0, 0, 0, 1)|(0.4, 1.1, 0.45)
GlobalObjectId_V1-2-3b6551b0f2848c54f911d6f91ca83d54-5663901520325834755-1418330522|True|(-1.5, 0.7, 0)|(0, 0, 0, 1)|(0.4, 1.1, 0.45)
GlobalObjectId_V1-2-3b6551b0f2848c54f911d6f91ca83d54-5663901520325834755-1452177011|True|(-1.5, 0.7, 0)|(0, 0, 0, 1)|(0.4, 1.1, 0.45)
GlobalObjectId_V1-2-3b6551b0f2848c54f911d6f91ca83d54-5663901520325834755-1620194150|True|(-1.5, 0.7, 0)|(0, 0, 0, 1)|(0.4, 1.1, 0.45)
GlobalObjectId_V1-2-3b6551b0f2848c54f911d6f91ca83d54-5663901520325834755-1693543895|True|(-1.5, 0.7, 0)|(0, 0, 0, 1)|(0.4, 1.1, 0.45)
GlobalObjectId_V1-2-3b6551b0f2848c54f911d6f91ca83d54-5663901520325834755-1793401989|True|(-1.5, 0.7, 0)|(0, 0, 0, 1)|(0.4, 1.1, 0.45)
GlobalObjectId_V1-2-3b6551b0f2848c54f911d6f91ca83d54-5663901520325834755-2098923909|True|(-1.5, 0.7, 0)|(0, 0, 0, 1)|(0.4, 1.1, 0.45)
GlobalObjectId_V1-2-3b6551b0f2848c54f911d6f91ca83d54-5663901520325834755-299381512|True|(-1.5, 0.7, 0)|(0, 0, 0, 1)|(0.4, 1.1, 0.45)
GlobalObjectId_V1-2-3b6551b0f2848c54f911d6f91ca83d54-5663901520325834755-730290851|True|(-1.5, 0.7, 0)|(0, 0, 0, 1)|(0.4, 1.1, 0.45)
GlobalObjectId_V1-2-3b6551b0f2848c54f911d6f91ca83d54-5663901520325834755-828652953|True|(-1.5, 0.7, 0)|(0, 0, 0, 1)|(0.4, 1.1, 0.45)
GlobalObjectId_V1-2-3b6551b0f2848c54f911d6f91ca83d54-5663901520325834755-884722836|True|(-1.5, 0.7, 0)|(0, 0, 0, 1)|(0.4, 1.1, 0.45)
GlobalObjectId_V1-2-3b6551b0f2848c54f911d6f91ca83d54-570520727-0|True|(-80.0999756, 0.08, 780)|(0, 0.7071068, 0, 0.7071068)|(1, 1, 1)
GlobalObjectId_V1-2-3b6551b0f2848c54f911d6f91ca83d54-5716534217609727436-1120997898|True|(-1.11758706E-10, 0.00213466655, 9.31322554E-12)|(-0.0128043983, -0.112429693, 0.112429693, 0.9871956)|(1, 0.99999994, 0.99999994)
GlobalObjectId_V1-2-3b6551b0f2848c54f911d6f91ca83d54-5716534217609727436-1378066733|True|(-1.11758706E-10, 0.00213466655, 9.31322554E-12)|(-0.0128043983, -0.112429693, 0.112429693, 0.9871956)|(1, 0.99999994, 0.99999994)
GlobalObjectId_V1-2-3b6551b0f2848c54f911d6f91ca83d54-5716534217609727436-1387022782|True|(-1.11758706E-10, 0.00213466655, 9.31322554E-12)|(-0.0128043983, -0.112429693, 0.112429693, 0.9871956)|(1, 0.99999994, 0.99999994)
GlobalObjectId_V1-2-3b6551b0f2848c54f911d6f91ca83d54-5716534217609727436-1556813190|True|(-1.11758706E-10, 0.00213466655, 9.31322554E-12)|(-0.0128043983, -0.112429693, 0.112429693, 0.9871956)|(1, 0.99999994, 0.99999994)
GlobalObjectId_V1-2-3b6551b0f2848c54f911d6f91ca83d54-5716534217609727436-161863763|True|(-1.11758706E-10, 0.00213466655, 9.31322554E-12)|(-0.0128043983, -0.112429693, 0.112429693, 0.9871956)|(1, 0.99999994, 0.99999994)
GlobalObjectId_V1-2-3b6551b0f2848c54f911d6f91ca83d54-5716534217609727436-305648292|True|(-1.11758706E-10, 0.00213466655, 9.31322554E-12)|(-0.0128043983, -0.112429693, 0.112429693, 0.9871956)|(1, 0.99999994, 0.99999994)
GlobalObjectId_V1-2-3b6551b0f2848c54f911d6f91ca83d54-5716534217609727436-404936451|True|(-1.11758706E-10, 0.00213466655, 9.31322554E-12)|(-0.0128043983, -0.112429693, 0.112429693, 0.9871956)|(1, 0.99999994, 0.99999994)
GlobalObjectId_V1-2-3b6551b0f2848c54f911d6f91ca83d54-5716534217609727436-501866861|True|(-1.11758706E-10, 0.00213466655, 9.31322554E-12)|(-0.0128043983, -0.112429693, 0.112429693, 0.9871956)|(1, 0.99999994, 0.99999994)
GlobalObjectId_V1-2-3b6551b0f2848c54f911d6f91ca83d54-5716534217609727436-692789032|True|(-1.11758706E-10, 0.00213466655, 9.31322554E-12)|(-0.0128043983, -0.112429693, 0.112429693, 0.9871956)|(1, 0.99999994, 0.99999994)
GlobalObjectId_V1-2-3b6551b0f2848c54f911d6f91ca83d54-5716534217609727436-892891150|True|(-1.11758706E-10, 0.00213466655, 9.31322554E-12)|(-0.0128043983, -0.112429693, 0.112429693, 0.9871956)|(1, 0.99999994, 0.99999994)
GlobalObjectId_V1-2-3b6551b0f2848c54f911d6f91ca83d54-572254262-0|True|(7.1, 0.1, 0)|(0, 0, 0, 1)|(0.2, 0.2, 20)
GlobalObjectId_V1-2-3b6551b0f2848c54f911d6f91ca83d54-5723345497943004099-1025319220|True|(0, 0.166, -0.286)|(0, 0, -0.00218166, 0.9999976)|(0.67, 0.04, 0.03)
GlobalObjectId_V1-2-3b6551b0f2848c54f911d6f91ca83d54-5723345497943004099-1076637211|True|(0, 0.166, -0.286)|(0, 0, -0.00218166, 0.9999976)|(0.67, 0.04, 0.03)
GlobalObjectId_V1-2-3b6551b0f2848c54f911d6f91ca83d54-5723345497943004099-1123370063|True|(0, 0.166, -0.286)|(0, 0, -0.00218166, 0.9999976)|(0.67, 0.04, 0.03)
GlobalObjectId_V1-2-3b6551b0f2848c54f911d6f91ca83d54-5723345497943004099-1138517293|True|(0, 0.166, -0.286)|(0, 0, -0.00218166, 0.9999976)|(0.67, 0.04, 0.03)
GlobalObjectId_V1-2-3b6551b0f2848c54f911d6f91ca83d54-5723345497943004099-1145818399|True|(0, 0.166, -0.286)|(0, 0, -0.00218166, 0.9999976)|(0.67, 0.04, 0.03)
GlobalObjectId_V1-2-3b6551b0f2848c54f911d6f91ca83d54-5723345497943004099-1148386096|True|(0, 0.166, -0.286)|(0, 0, -0.00218166, 0.9999976)|(0.67, 0.04, 0.03)
GlobalObjectId_V1-2-3b6551b0f2848c54f911d6f91ca83d54-5723345497943004099-1157908847|True|(0, 0.166, -0.286)|(0, 0, -0.00218166, 0.9999976)|(0.67, 0.04, 0.03)
GlobalObjectId_V1-2-3b6551b0f2848c54f911d6f91ca83d54-5723345497943004099-117525737|True|(0, 0.166, -0.286)|(0, 0, -0.00218166, 0.9999976)|(0.67, 0.04, 0.03)
GlobalObjectId_V1-2-3b6551b0f2848c54f911d6f91ca83d54-5723345497943004099-1211572864|True|(0, 0.166, -0.286)|(0, 0, -0.00218166, 0.9999976)|(0.67, 0.04, 0.03)
GlobalObjectId_V1-2-3b6551b0f2848c54f911d6f91ca83d54-5723345497943004099-1261995047|True|(0, 0.166, -0.286)|(0, 0, -0.00218166, 0.9999976)|(0.67, 0.04, 0.03)
GlobalObjectId_V1-2-3b6551b0f2848c54f911d6f91ca83d54-5723345497943004099-1273560124|True|(0, 0.166, -0.286)|(0, 0, -0.00218166, 0.9999976)|(0.67, 0.04, 0.03)
GlobalObjectId_V1-2-3b6551b0f2848c54f911d6f91ca83d54-5723345497943004099-1341893445|True|(0, 0.166, -0.286)|(0, 0, -0.00218166, 0.9999976)|(0.67, 0.04, 0.03)
GlobalObjectId_V1-2-3b6551b0f2848c54f911d6f91ca83d54-5723345497943004099-1577023816|True|(0, 0.166, -0.286)|(0, 0, -0.00218166, 0.9999976)|(0.67, 0.04, 0.03)
GlobalObjectId_V1-2-3b6551b0f2848c54f911d6f91ca83d54-5723345497943004099-1609908011|True|(0, 0.166, -0.286)|(0, 0, -0.00218166, 0.9999976)|(0.67, 0.04, 0.03)
GlobalObjectId_V1-2-3b6551b0f2848c54f911d6f91ca83d54-5723345497943004099-1654698043|True|(0, 0.166, -0.286)|(0, 0, -0.00218166, 0.9999976)|(0.67, 0.04, 0.03)
GlobalObjectId_V1-2-3b6551b0f2848c54f911d6f91ca83d54-5723345497943004099-1725634851|True|(0, 0.166, -0.286)|(0, 0, -0.00218166, 0.9999976)|(0.67, 0.04, 0.03)
GlobalObjectId_V1-2-3b6551b0f2848c54f911d6f91ca83d54-5723345497943004099-178552251|True|(0, 0.166, -0.286)|(0, 0, -0.00218166, 0.9999976)|(0.67, 0.04, 0.03)
GlobalObjectId_V1-2-3b6551b0f2848c54f911d6f91ca83d54-5723345497943004099-1804972047|True|(0, 0.166, -0.286)|(0, 0, -0.00218166, 0.9999976)|(0.67, 0.04, 0.03)
GlobalObjectId_V1-2-3b6551b0f2848c54f911d6f91ca83d54-5723345497943004099-1819624870|True|(0, 0.166, -0.286)|(0, 0, -0.00218166, 0.9999976)|(0.67, 0.04, 0.03)
GlobalObjectId_V1-2-3b6551b0f2848c54f911d6f91ca83d54-5723345497943004099-1866442031|True|(0, 0.166, -0.286)|(0, 0, -0.00218166, 0.9999976)|(0.67, 0.04, 0.03)
GlobalObjectId_V1-2-3b6551b0f2848c54f911d6f91ca83d54-5723345497943004099-1970165663|True|(0, 0.166, -0.286)|(0, 0, -0.00218166, 0.9999976)|(0.67, 0.04, 0.03)
GlobalObjectId_V1-2-3b6551b0f2848c54f911d6f91ca83d54-5723345497943004099-2024084545|True|(0, 0.166, -0.286)|(0, 0, -0.00218166, 0.9999976)|(0.67, 0.04, 0.03)
GlobalObjectId_V1-2-3b6551b0f2848c54f911d6f91ca83d54-5723345497943004099-2026501014|True|(0, 0.166, -0.286)|(0, 0, -0.00218166, 0.9999976)|(0.67, 0.04, 0.03)
GlobalObjectId_V1-2-3b6551b0f2848c54f911d6f91ca83d54-5723345497943004099-2039403610|True|(0, 0.166, -0.286)|(0, 0, -0.00218166, 0.9999976)|(0.67, 0.04, 0.03)
GlobalObjectId_V1-2-3b6551b0f2848c54f911d6f91ca83d54-5723345497943004099-2040492614|True|(0, 0.166, -0.286)|(0, 0, -0.00218166, 0.9999976)|(0.67, 0.04, 0.03)
GlobalObjectId_V1-2-3b6551b0f2848c54f911d6f91ca83d54-5723345497943004099-2056561579|True|(0, 0.166, -0.286)|(0, 0, -0.00218166, 0.9999976)|(0.67, 0.04, 0.03)
GlobalObjectId_V1-2-3b6551b0f2848c54f911d6f91ca83d54-5723345497943004099-2059838410|True|(0, 0.166, -0.286)|(0, 0, -0.00218166, 0.9999976)|(0.67, 0.04, 0.03)
GlobalObjectId_V1-2-3b6551b0f2848c54f911d6f91ca83d54-5723345497943004099-220756394|True|(0, 0.166, -0.286)|(0, 0, -0.00218166, 0.9999976)|(0.67, 0.04, 0.03)
GlobalObjectId_V1-2-3b6551b0f2848c54f911d6f91ca83d54-5723345497943004099-241495691|True|(0, 0.166, -0.286)|(0, 0, -0.00218166, 0.9999976)|(0.67, 0.04, 0.03)
GlobalObjectId_V1-2-3b6551b0f2848c54f911d6f91ca83d54-5723345497943004099-243786568|True|(0, 0.166, -0.286)|(0, 0, -0.00218166, 0.9999976)|(0.67, 0.04, 0.03)
GlobalObjectId_V1-2-3b6551b0f2848c54f911d6f91ca83d54-5723345497943004099-27082819|True|(0, 0.166, -0.286)|(0, 0, -0.00218166, 0.9999976)|(0.67, 0.04, 0.03)
GlobalObjectId_V1-2-3b6551b0f2848c54f911d6f91ca83d54-5723345497943004099-287385670|True|(0, 0.166, -0.286)|(0, 0, -0.00218166, 0.9999976)|(0.67, 0.04, 0.03)
GlobalObjectId_V1-2-3b6551b0f2848c54f911d6f91ca83d54-5723345497943004099-308217777|True|(0, 0.166, -0.286)|(0, 0, -0.00218166, 0.9999976)|(0.67, 0.04, 0.03)
GlobalObjectId_V1-2-3b6551b0f2848c54f911d6f91ca83d54-5723345497943004099-31273311|True|(0, 0.166, -0.286)|(0, 0, -0.00218166, 0.9999976)|(0.67, 0.04, 0.03)
GlobalObjectId_V1-2-3b6551b0f2848c54f911d6f91ca83d54-5723345497943004099-343957928|True|(0, 0.166, -0.286)|(0, 0, -0.00218166, 0.9999976)|(0.67, 0.04, 0.03)
GlobalObjectId_V1-2-3b6551b0f2848c54f911d6f91ca83d54-5723345497943004099-396161643|True|(0, 0.166, -0.286)|(0, 0, -0.00218166, 0.9999976)|(0.67, 0.04, 0.03)
GlobalObjectId_V1-2-3b6551b0f2848c54f911d6f91ca83d54-5723345497943004099-426443221|True|(0, 0.166, -0.286)|(0, 0, -0.00218166, 0.9999976)|(0.67, 0.04, 0.03)
GlobalObjectId_V1-2-3b6551b0f2848c54f911d6f91ca83d54-5723345497943004099-458006385|True|(0, 0.166, -0.286)|(0, 0, -0.00218166, 0.9999976)|(0.67, 0.04, 0.03)
GlobalObjectId_V1-2-3b6551b0f2848c54f911d6f91ca83d54-5723345497943004099-502189609|True|(0, 0.166, -0.286)|(0, 0, -0.00218166, 0.9999976)|(0.67, 0.04, 0.03)
GlobalObjectId_V1-2-3b6551b0f2848c54f911d6f91ca83d54-5723345497943004099-502266823|True|(0, 0.166, -0.286)|(0, 0, -0.00218166, 0.9999976)|(0.67, 0.04, 0.03)
GlobalObjectId_V1-2-3b6551b0f2848c54f911d6f91ca83d54-5723345497943004099-593650449|True|(0, 0.166, -0.286)|(0, 0, -0.00218166, 0.9999976)|(0.67, 0.04, 0.03)
GlobalObjectId_V1-2-3b6551b0f2848c54f911d6f91ca83d54-5723345497943004099-600046749|True|(0, 0.166, -0.286)|(0, 0, -0.00218166, 0.9999976)|(0.67, 0.04, 0.03)
GlobalObjectId_V1-2-3b6551b0f2848c54f911d6f91ca83d54-5723345497943004099-656679930|True|(0, 0.166, -0.286)|(0, 0, -0.00218166, 0.9999976)|(0.67, 0.04, 0.03)
GlobalObjectId_V1-2-3b6551b0f2848c54f911d6f91ca83d54-5723345497943004099-680847915|True|(0, 0.166, -0.286)|(0, 0, -0.00218166, 0.9999976)|(0.67, 0.04, 0.03)
GlobalObjectId_V1-2-3b6551b0f2848c54f911d6f91ca83d54-5723345497943004099-731984814|True|(0, 0.166, -0.286)|(0, 0, -0.00218166, 0.9999976)|(0.67, 0.04, 0.03)
GlobalObjectId_V1-2-3b6551b0f2848c54f911d6f91ca83d54-5723345497943004099-754211584|True|(0, 0.166, -0.286)|(0, 0, -0.00218166, 0.9999976)|(0.67, 0.04, 0.03)
GlobalObjectId_V1-2-3b6551b0f2848c54f911d6f91ca83d54-5723345497943004099-859783628|True|(0, 0.166, -0.286)|(0, 0, -0.00218166, 0.9999976)|(0.67, 0.04, 0.03)
GlobalObjectId_V1-2-3b6551b0f2848c54f911d6f91ca83d54-5723345497943004099-878071367|True|(0, 0.166, -0.286)|(0, 0, -0.00218166, 0.9999976)|(0.67, 0.04, 0.03)
GlobalObjectId_V1-2-3b6551b0f2848c54f911d6f91ca83d54-5723345497943004099-956417833|True|(0, 0.166, -0.286)|(0, 0, -0.00218166, 0.9999976)|(0.67, 0.04, 0.03)
GlobalObjectId_V1-2-3b6551b0f2848c54f911d6f91ca83d54-5723345497943004099-975687593|True|(0, 0.166, -0.286)|(0, 0, -0.00218166, 0.9999976)|(0.67, 0.04, 0.03)
GlobalObjectId_V1-2-3b6551b0f2848c54f911d6f91ca83d54-5734380876447156613-1025319220|True|(0, 0.05, 0)|(0, 0, 0, 1)|(0.95, 0.1, 0.68)
GlobalObjectId_V1-2-3b6551b0f2848c54f911d6f91ca83d54-5734380876447156613-1076637211|True|(0, 0.05, 0)|(0, 0, 0, 1)|(0.95, 0.1, 0.68)
GlobalObjectId_V1-2-3b6551b0f2848c54f911d6f91ca83d54-5734380876447156613-1123370063|True|(0, 0.05, 0)|(0, 0, 0, 1)|(0.95, 0.1, 0.68)
GlobalObjectId_V1-2-3b6551b0f2848c54f911d6f91ca83d54-5734380876447156613-1138517293|True|(0, 0.05, 0)|(0, 0, 0, 1)|(0.95, 0.1, 0.68)
GlobalObjectId_V1-2-3b6551b0f2848c54f911d6f91ca83d54-5734380876447156613-1145818399|True|(0, 0.05, 0)|(0, 0, 0, 1)|(0.95, 0.1, 0.68)
GlobalObjectId_V1-2-3b6551b0f2848c54f911d6f91ca83d54-5734380876447156613-1148386096|True|(0, 0.05, 0)|(0, 0, 0, 1)|(0.95, 0.1, 0.68)
GlobalObjectId_V1-2-3b6551b0f2848c54f911d6f91ca83d54-5734380876447156613-1157908847|True|(0, 0.05, 0)|(0, 0, 0, 1)|(0.95, 0.1, 0.68)
GlobalObjectId_V1-2-3b6551b0f2848c54f911d6f91ca83d54-5734380876447156613-117525737|True|(0, 0.05, 0)|(0, 0, 0, 1)|(0.95, 0.1, 0.68)
GlobalObjectId_V1-2-3b6551b0f2848c54f911d6f91ca83d54-5734380876447156613-1211572864|True|(0, 0.05, 0)|(0, 0, 0, 1)|(0.95, 0.1, 0.68)
GlobalObjectId_V1-2-3b6551b0f2848c54f911d6f91ca83d54-5734380876447156613-1261995047|True|(0, 0.05, 0)|(0, 0, 0, 1)|(0.95, 0.1, 0.68)
GlobalObjectId_V1-2-3b6551b0f2848c54f911d6f91ca83d54-5734380876447156613-1273560124|True|(0, 0.05, 0)|(0, 0, 0, 1)|(0.95, 0.1, 0.68)
GlobalObjectId_V1-2-3b6551b0f2848c54f911d6f91ca83d54-5734380876447156613-1341893445|True|(0, 0.05, 0)|(0, 0, 0, 1)|(0.95, 0.1, 0.68)
GlobalObjectId_V1-2-3b6551b0f2848c54f911d6f91ca83d54-5734380876447156613-1577023816|True|(0, 0.05, 0)|(0, 0, 0, 1)|(0.95, 0.1, 0.68)
GlobalObjectId_V1-2-3b6551b0f2848c54f911d6f91ca83d54-5734380876447156613-1609908011|True|(0, 0.05, 0)|(0, 0, 0, 1)|(0.95, 0.1, 0.68)
GlobalObjectId_V1-2-3b6551b0f2848c54f911d6f91ca83d54-5734380876447156613-1654698043|True|(0, 0.05, 0)|(0, 0, 0, 1)|(0.95, 0.1, 0.68)
GlobalObjectId_V1-2-3b6551b0f2848c54f911d6f91ca83d54-5734380876447156613-1725634851|True|(0, 0.05, 0)|(0, 0, 0, 1)|(0.95, 0.1, 0.68)
GlobalObjectId_V1-2-3b6551b0f2848c54f911d6f91ca83d54-5734380876447156613-178552251|True|(0, 0.05, 0)|(0, 0, 0, 1)|(0.95, 0.1, 0.68)
GlobalObjectId_V1-2-3b6551b0f2848c54f911d6f91ca83d54-5734380876447156613-1804972047|True|(0, 0.05, 0)|(0, 0, 0, 1)|(0.95, 0.1, 0.68)
GlobalObjectId_V1-2-3b6551b0f2848c54f911d6f91ca83d54-5734380876447156613-1819624870|True|(0, 0.05, 0)|(0, 0, 0, 1)|(0.95, 0.1, 0.68)
GlobalObjectId_V1-2-3b6551b0f2848c54f911d6f91ca83d54-5734380876447156613-1866442031|True|(0, 0.05, 0)|(0, 0, 0, 1)|(0.95, 0.1, 0.68)
GlobalObjectId_V1-2-3b6551b0f2848c54f911d6f91ca83d54-5734380876447156613-1970165663|True|(0, 0.05, 0)|(0, 0, 0, 1)|(0.95, 0.1, 0.68)
GlobalObjectId_V1-2-3b6551b0f2848c54f911d6f91ca83d54-5734380876447156613-2024084545|True|(0, 0.05, 0)|(0, 0, 0, 1)|(0.95, 0.1, 0.68)
GlobalObjectId_V1-2-3b6551b0f2848c54f911d6f91ca83d54-5734380876447156613-2026501014|True|(0, 0.05, 0)|(0, 0, 0, 1)|(0.95, 0.1, 0.68)
GlobalObjectId_V1-2-3b6551b0f2848c54f911d6f91ca83d54-5734380876447156613-2039403610|True|(0, 0.05, 0)|(0, 0, 0, 1)|(0.95, 0.1, 0.68)
GlobalObjectId_V1-2-3b6551b0f2848c54f911d6f91ca83d54-5734380876447156613-2040492614|True|(0, 0.05, 0)|(0, 0, 0, 1)|(0.95, 0.1, 0.68)
GlobalObjectId_V1-2-3b6551b0f2848c54f911d6f91ca83d54-5734380876447156613-2056561579|True|(0, 0.05, 0)|(0, 0, 0, 1)|(0.95, 0.1, 0.68)
GlobalObjectId_V1-2-3b6551b0f2848c54f911d6f91ca83d54-5734380876447156613-2059838410|True|(0, 0.05, 0)|(0, 0, 0, 1)|(0.95, 0.1, 0.68)
GlobalObjectId_V1-2-3b6551b0f2848c54f911d6f91ca83d54-5734380876447156613-220756394|True|(0, 0.05, 0)|(0, 0, 0, 1)|(0.95, 0.1, 0.68)
GlobalObjectId_V1-2-3b6551b0f2848c54f911d6f91ca83d54-5734380876447156613-241495691|True|(0, 0.05, 0)|(0, 0, 0, 1)|(0.95, 0.1, 0.68)
GlobalObjectId_V1-2-3b6551b0f2848c54f911d6f91ca83d54-5734380876447156613-243786568|True|(0, 0.05, 0)|(0, 0, 0, 1)|(0.95, 0.1, 0.68)
GlobalObjectId_V1-2-3b6551b0f2848c54f911d6f91ca83d54-5734380876447156613-27082819|True|(0, 0.05, 0)|(0, 0, 0, 1)|(0.95, 0.1, 0.68)
GlobalObjectId_V1-2-3b6551b0f2848c54f911d6f91ca83d54-5734380876447156613-287385670|True|(0, 0.05, 0)|(0, 0, 0, 1)|(0.95, 0.1, 0.68)
GlobalObjectId_V1-2-3b6551b0f2848c54f911d6f91ca83d54-5734380876447156613-308217777|True|(0, 0.05, 0)|(0, 0, 0, 1)|(0.95, 0.1, 0.68)
GlobalObjectId_V1-2-3b6551b0f2848c54f911d6f91ca83d54-5734380876447156613-31273311|True|(0, 0.05, 0)|(0, 0, 0, 1)|(0.95, 0.1, 0.68)
GlobalObjectId_V1-2-3b6551b0f2848c54f911d6f91ca83d54-5734380876447156613-343957928|True|(0, 0.05, 0)|(0, 0, 0, 1)|(0.95, 0.1, 0.68)
GlobalObjectId_V1-2-3b6551b0f2848c54f911d6f91ca83d54-5734380876447156613-396161643|True|(0, 0.05, 0)|(0, 0, 0, 1)|(0.95, 0.1, 0.68)
GlobalObjectId_V1-2-3b6551b0f2848c54f911d6f91ca83d54-5734380876447156613-426443221|True|(0, 0.05, 0)|(0, 0, 0, 1)|(0.95, 0.1, 0.68)
GlobalObjectId_V1-2-3b6551b0f2848c54f911d6f91ca83d54-5734380876447156613-458006385|True|(0, 0.05, 0)|(0, 0, 0, 1)|(0.95, 0.1, 0.68)
GlobalObjectId_V1-2-3b6551b0f2848c54f911d6f91ca83d54-5734380876447156613-502189609|True|(0, 0.05, 0)|(0, 0, 0, 1)|(0.95, 0.1, 0.68)
GlobalObjectId_V1-2-3b6551b0f2848c54f911d6f91ca83d54-5734380876447156613-502266823|True|(0, 0.05, 0)|(0, 0, 0, 1)|(0.95, 0.1, 0.68)
GlobalObjectId_V1-2-3b6551b0f2848c54f911d6f91ca83d54-5734380876447156613-593650449|True|(0, 0.05, 0)|(0, 0, 0, 1)|(0.95, 0.1, 0.68)
GlobalObjectId_V1-2-3b6551b0f2848c54f911d6f91ca83d54-5734380876447156613-600046749|True|(0, 0.05, 0)|(0, 0, 0, 1)|(0.95, 0.1, 0.68)
GlobalObjectId_V1-2-3b6551b0f2848c54f911d6f91ca83d54-5734380876447156613-656679930|True|(0, 0.05, 0)|(0, 0, 0, 1)|(0.95, 0.1, 0.68)
GlobalObjectId_V1-2-3b6551b0f2848c54f911d6f91ca83d54-5734380876447156613-680847915|True|(0, 0.05, 0)|(0, 0, 0, 1)|(0.95, 0.1, 0.68)
GlobalObjectId_V1-2-3b6551b0f2848c54f911d6f91ca83d54-5734380876447156613-731984814|True|(0, 0.05, 0)|(0, 0, 0, 1)|(0.95, 0.1, 0.68)
GlobalObjectId_V1-2-3b6551b0f2848c54f911d6f91ca83d54-5734380876447156613-754211584|True|(0, 0.05, 0)|(0, 0, 0, 1)|(0.95, 0.1, 0.68)
GlobalObjectId_V1-2-3b6551b0f2848c54f911d6f91ca83d54-5734380876447156613-859783628|True|(0, 0.05, 0)|(0, 0, 0, 1)|(0.95, 0.1, 0.68)
GlobalObjectId_V1-2-3b6551b0f2848c54f911d6f91ca83d54-5734380876447156613-878071367|True|(0, 0.05, 0)|(0, 0, 0, 1)|(0.95, 0.1, 0.68)
GlobalObjectId_V1-2-3b6551b0f2848c54f911d6f91ca83d54-5734380876447156613-956417833|True|(0, 0.05, 0)|(0, 0, 0, 1)|(0.95, 0.1, 0.68)
GlobalObjectId_V1-2-3b6551b0f2848c54f911d6f91ca83d54-5734380876447156613-975687593|True|(0, 0.05, 0)|(0, 0, 0, 1)|(0.95, 0.1, 0.68)
GlobalObjectId_V1-2-3b6551b0f2848c54f911d6f91ca83d54-5741230097304862989-1229718731|True|(0, 0, 0)|(0, 0, 0, 1)|(0.28, 0.28, 0.28)
GlobalObjectId_V1-2-3b6551b0f2848c54f911d6f91ca83d54-5741230097304862989-1268510627|True|(0, 0, 0)|(0, 0, 0, 1)|(0.28, 0.28, 0.28)
GlobalObjectId_V1-2-3b6551b0f2848c54f911d6f91ca83d54-5741230097304862989-1298481983|True|(0, 0, 0)|(0, 0, 0, 1)|(0.28, 0.28, 0.28)
GlobalObjectId_V1-2-3b6551b0f2848c54f911d6f91ca83d54-5741230097304862989-1473460188|True|(0, 0, 0)|(0, 0, 0, 1)|(0.28, 0.28, 0.28)
GlobalObjectId_V1-2-3b6551b0f2848c54f911d6f91ca83d54-5741230097304862989-1740273041|True|(0, 0, 0)|(0, 0, 0, 1)|(0.28, 0.28, 0.28)
GlobalObjectId_V1-2-3b6551b0f2848c54f911d6f91ca83d54-5741230097304862989-352986360|True|(0, 0, 0)|(0, 0, 0, 1)|(0.28, 0.28, 0.28)
GlobalObjectId_V1-2-3b6551b0f2848c54f911d6f91ca83d54-5741230097304862989-375106697|True|(0, 0, 0)|(0, 0, 0, 1)|(0.28, 0.28, 0.28)
GlobalObjectId_V1-2-3b6551b0f2848c54f911d6f91ca83d54-5741230097304862989-466313733|True|(0, 0, 0)|(0, 0, 0, 1)|(0.28, 0.28, 0.28)
GlobalObjectId_V1-2-3b6551b0f2848c54f911d6f91ca83d54-5741230097304862989-769108169|True|(0, 0, 0)|(0, 0, 0, 1)|(0.28, 0.28, 0.28)
GlobalObjectId_V1-2-3b6551b0f2848c54f911d6f91ca83d54-5741230097304862989-814571549|True|(0, 0, 0)|(0, 0, 0, 1)|(0.28, 0.28, 0.28)
GlobalObjectId_V1-2-3b6551b0f2848c54f911d6f91ca83d54-576265996-0|True|(-7.1, 0.1, 0)|(0, 0, 0, 1)|(0.2, 0.2, 20)
GlobalObjectId_V1-2-3b6551b0f2848c54f911d6f91ca83d54-5780978375911918119-1120997898|True|(0.00160000008, 0, 0)|(0.9871956, 0.112429716, 0.112429671, -0.0128043881)|(1.00000036, 1.00000012, 1)
GlobalObjectId_V1-2-3b6551b0f2848c54f911d6f91ca83d54-5780978375911918119-1378066733|True|(0.00160000008, 0, 0)|(0.9871956, 0.112429716, 0.112429671, -0.0128043881)|(1.00000036, 1.00000012, 1)
GlobalObjectId_V1-2-3b6551b0f2848c54f911d6f91ca83d54-5780978375911918119-1387022782|True|(0.00160000008, 0, 0)|(0.9871956, 0.112429716, 0.112429671, -0.0128043881)|(1.00000036, 1.00000012, 1)
GlobalObjectId_V1-2-3b6551b0f2848c54f911d6f91ca83d54-5780978375911918119-1556813190|True|(0.00160000008, 0, 0)|(0.9871956, 0.112429716, 0.112429671, -0.0128043881)|(1.00000036, 1.00000012, 1)
GlobalObjectId_V1-2-3b6551b0f2848c54f911d6f91ca83d54-5780978375911918119-161863763|True|(0.00160000008, 0, 0)|(0.9871956, 0.112429716, 0.112429671, -0.0128043881)|(1.00000036, 1.00000012, 1)
GlobalObjectId_V1-2-3b6551b0f2848c54f911d6f91ca83d54-5780978375911918119-305648292|True|(0.00160000008, 0, 0)|(0.9871956, 0.112429716, 0.112429671, -0.0128043881)|(1.00000036, 1.00000012, 1)
GlobalObjectId_V1-2-3b6551b0f2848c54f911d6f91ca83d54-5780978375911918119-404936451|True|(0.00160000008, 0, 0)|(0.9871956, 0.112429716, 0.112429671, -0.0128043881)|(1.00000036, 1.00000012, 1)
GlobalObjectId_V1-2-3b6551b0f2848c54f911d6f91ca83d54-5780978375911918119-501866861|True|(0.00160000008, 0, 0)|(0.9871956, 0.112429716, 0.112429671, -0.0128043881)|(1.00000036, 1.00000012, 1)
GlobalObjectId_V1-2-3b6551b0f2848c54f911d6f91ca83d54-5780978375911918119-692789032|True|(0.00160000008, 0, 0)|(0.9871956, 0.112429716, 0.112429671, -0.0128043881)|(1.00000036, 1.00000012, 1)
GlobalObjectId_V1-2-3b6551b0f2848c54f911d6f91ca83d54-5780978375911918119-892891150|True|(0.00160000008, 0, 0)|(0.9871956, 0.112429716, 0.112429671, -0.0128043881)|(1.00000036, 1.00000012, 1)
GlobalObjectId_V1-2-3b6551b0f2848c54f911d6f91ca83d54-58156624-0|True|(7.1, 0.1, 0)|(0, 0, 0, 1)|(0.2, 0.2, 20)
GlobalObjectId_V1-2-3b6551b0f2848c54f911d6f91ca83d54-5835911733541377616-1049486283|True|(0, 0.04000002, -0.12)|(0, 0, 0, 1)|(1, 1, 1)
GlobalObjectId_V1-2-3b6551b0f2848c54f911d6f91ca83d54-5835911733541377616-126319019|True|(0, 0.04000002, -0.12)|(0, 0, 0, 1)|(1, 1, 1)
GlobalObjectId_V1-2-3b6551b0f2848c54f911d6f91ca83d54-5835911733541377616-1481706251|True|(0, 0.04000002, -0.12)|(0, 0, 0, 1)|(1, 1, 1)
GlobalObjectId_V1-2-3b6551b0f2848c54f911d6f91ca83d54-5835911733541377616-1592385703|True|(0, 0.04000002, -0.12)|(0, 0, 0, 1)|(1, 1, 1)
GlobalObjectId_V1-2-3b6551b0f2848c54f911d6f91ca83d54-5835911733541377616-1661574985|True|(0, 0.04000002, -0.12)|(0, 0, 0, 1)|(1, 1, 1)
GlobalObjectId_V1-2-3b6551b0f2848c54f911d6f91ca83d54-5835911733541377616-1902647294|True|(0, 0.04000002, -0.12)|(0, 0, 0, 1)|(1, 1, 1)
GlobalObjectId_V1-2-3b6551b0f2848c54f911d6f91ca83d54-5835911733541377616-239339974|True|(0, 0.04000002, -0.12)|(0, 0, 0, 1)|(1, 1, 1)
GlobalObjectId_V1-2-3b6551b0f2848c54f911d6f91ca83d54-5835911733541377616-350417267|True|(0, 0.04000002, -0.12)|(0, 0, 0, 1)|(1, 1, 1)
GlobalObjectId_V1-2-3b6551b0f2848c54f911d6f91ca83d54-5835911733541377616-575299033|True|(0, 0.04000002, -0.12)|(0, 0, 0, 1)|(1, 1, 1)
GlobalObjectId_V1-2-3b6551b0f2848c54f911d6f91ca83d54-5835911733541377616-834271436|True|(0, 0.04000002, -0.12)|(0, 0, 0, 1)|(1, 1, 1)
GlobalObjectId_V1-2-3b6551b0f2848c54f911d6f91ca83d54-584068263-0|True|(-7.1, 0.1, 0)|(0, 0, 0, 1)|(0.2, 0.2, 20)
GlobalObjectId_V1-2-3b6551b0f2848c54f911d6f91ca83d54-5848589936428447017-1191518710|True|(0, 0, 0)|(-0.7071068, 0, 0, 0.7071067)|(100, 100, 100)
GlobalObjectId_V1-2-3b6551b0f2848c54f911d6f91ca83d54-5848589936428447017-1212367565|True|(0, 0, 0)|(-0.7071068, 0, 0, 0.7071067)|(100, 100, 100)
GlobalObjectId_V1-2-3b6551b0f2848c54f911d6f91ca83d54-5848589936428447017-143777058|True|(0, 0, 0)|(-0.7071068, 0, 0, 0.7071067)|(100, 100, 100)
GlobalObjectId_V1-2-3b6551b0f2848c54f911d6f91ca83d54-5848589936428447017-1542002196|True|(0, 0, 0)|(-0.7071068, 0, 0, 0.7071067)|(100, 100, 100)
GlobalObjectId_V1-2-3b6551b0f2848c54f911d6f91ca83d54-5848589936428447017-2024003042|True|(0, 0, 0)|(-0.7071068, 0, 0, 0.7071067)|(100, 100, 100)
GlobalObjectId_V1-2-3b6551b0f2848c54f911d6f91ca83d54-5848589936428447017-306864247|True|(0, 0, 0)|(-0.7071068, 0, 0, 0.7071067)|(100, 100, 100)
GlobalObjectId_V1-2-3b6551b0f2848c54f911d6f91ca83d54-5848589936428447017-309737671|True|(0, 0, 0)|(-0.7071068, 0, 0, 0.7071067)|(100, 100, 100)
GlobalObjectId_V1-2-3b6551b0f2848c54f911d6f91ca83d54-5848589936428447017-312149901|True|(0, 0, 0)|(-0.7071068, 0, 0, 0.7071067)|(100, 100, 100)
GlobalObjectId_V1-2-3b6551b0f2848c54f911d6f91ca83d54-5848589936428447017-857919492|True|(0, 0, 0)|(-0.7071068, 0, 0, 0.7071067)|(100, 100, 100)
GlobalObjectId_V1-2-3b6551b0f2848c54f911d6f91ca83d54-5848589936428447017-986728857|True|(0, 0, 0)|(-0.7071068, 0, 0, 0.7071067)|(100, 100, 100)
GlobalObjectId_V1-2-3b6551b0f2848c54f911d6f91ca83d54-5864721385390651851-1049486283|True|(1.86264511E-11, 0.00287865358, -6.938353E-10)|(-0.487629354, -0.0133175161, 0.0133175319, 0.8728476)|(1, 1, 0.99999994)
GlobalObjectId_V1-2-3b6551b0f2848c54f911d6f91ca83d54-5864721385390651851-126319019|True|(1.86264511E-11, 0.00287865358, -6.938353E-10)|(-0.487629354, -0.0133175161, 0.0133175319, 0.8728476)|(1, 1, 0.99999994)
GlobalObjectId_V1-2-3b6551b0f2848c54f911d6f91ca83d54-5864721385390651851-1481706251|True|(1.86264511E-11, 0.00287865358, -6.938353E-10)|(-0.487629354, -0.0133175161, 0.0133175319, 0.8728476)|(1, 1, 0.99999994)
GlobalObjectId_V1-2-3b6551b0f2848c54f911d6f91ca83d54-5864721385390651851-1592385703|True|(1.86264511E-11, 0.00287865358, -6.938353E-10)|(-0.487629354, -0.0133175161, 0.0133175319, 0.8728476)|(1, 1, 0.99999994)
GlobalObjectId_V1-2-3b6551b0f2848c54f911d6f91ca83d54-5864721385390651851-1661574985|True|(1.86264511E-11, 0.00287865358, -6.938353E-10)|(-0.487629354, -0.0133175161, 0.0133175319, 0.8728476)|(1, 1, 0.99999994)
GlobalObjectId_V1-2-3b6551b0f2848c54f911d6f91ca83d54-5864721385390651851-1902647294|True|(1.86264511E-11, 0.00287865358, -6.938353E-10)|(-0.487629354, -0.0133175161, 0.0133175319, 0.8728476)|(1, 1, 0.99999994)
GlobalObjectId_V1-2-3b6551b0f2848c54f911d6f91ca83d54-5864721385390651851-239339974|True|(1.86264511E-11, 0.00287865358, -6.938353E-10)|(-0.487629354, -0.0133175161, 0.0133175319, 0.8728476)|(1, 1, 0.99999994)
GlobalObjectId_V1-2-3b6551b0f2848c54f911d6f91ca83d54-5864721385390651851-350417267|True|(1.86264511E-11, 0.00287865358, -6.938353E-10)|(-0.487629354, -0.0133175161, 0.0133175319, 0.8728476)|(1, 1, 0.99999994)
GlobalObjectId_V1-2-3b6551b0f2848c54f911d6f91ca83d54-5864721385390651851-575299033|True|(1.86264511E-11, 0.00287865358, -6.938353E-10)|(-0.487629354, -0.0133175161, 0.0133175319, 0.8728476)|(1, 1, 0.99999994)
GlobalObjectId_V1-2-3b6551b0f2848c54f911d6f91ca83d54-5864721385390651851-834271436|True|(1.86264511E-11, 0.00287865358, -6.938353E-10)|(-0.487629354, -0.0133175161, 0.0133175319, 0.8728476)|(1, 1, 0.99999994)
GlobalObjectId_V1-2-3b6551b0f2848c54f911d6f91ca83d54-5886570361474258997-1049486283|True|(0.00256000017, 0.0006400007, 0)|(0.902088046, 0.2971957, 0.2971956, -0.09791189)|(1.00000083, 1.00000036, 1)
GlobalObjectId_V1-2-3b6551b0f2848c54f911d6f91ca83d54-5886570361474258997-126319019|True|(0.00256000017, 0.0006400007, 0)|(0.902088046, 0.2971957, 0.2971956, -0.09791189)|(1.00000083, 1.00000036, 1)
GlobalObjectId_V1-2-3b6551b0f2848c54f911d6f91ca83d54-5886570361474258997-1481706251|True|(0.00256000017, 0.0006400007, 0)|(0.902088046, 0.2971957, 0.2971956, -0.09791189)|(1.00000083, 1.00000036, 1)
GlobalObjectId_V1-2-3b6551b0f2848c54f911d6f91ca83d54-5886570361474258997-1592385703|True|(0.00256000017, 0.0006400007, 0)|(0.902088046, 0.2971957, 0.2971956, -0.09791189)|(1.00000083, 1.00000036, 1)
GlobalObjectId_V1-2-3b6551b0f2848c54f911d6f91ca83d54-5886570361474258997-1661574985|True|(0.00256000017, 0.0006400007, 0)|(0.902088046, 0.2971957, 0.2971956, -0.09791189)|(1.00000083, 1.00000036, 1)
GlobalObjectId_V1-2-3b6551b0f2848c54f911d6f91ca83d54-5886570361474258997-1902647294|True|(0.00256000017, 0.0006400007, 0)|(0.902088046, 0.2971957, 0.2971956, -0.09791189)|(1.00000083, 1.00000036, 1)
GlobalObjectId_V1-2-3b6551b0f2848c54f911d6f91ca83d54-5886570361474258997-239339974|True|(0.00256000017, 0.0006400007, 0)|(0.902088046, 0.2971957, 0.2971956, -0.09791189)|(1.00000083, 1.00000036, 1)
GlobalObjectId_V1-2-3b6551b0f2848c54f911d6f91ca83d54-5886570361474258997-350417267|True|(0.00256000017, 0.0006400007, 0)|(0.902088046, 0.2971957, 0.2971956, -0.09791189)|(1.00000083, 1.00000036, 1)
GlobalObjectId_V1-2-3b6551b0f2848c54f911d6f91ca83d54-5886570361474258997-575299033|True|(0.00256000017, 0.0006400007, 0)|(0.902088046, 0.2971957, 0.2971956, -0.09791189)|(1.00000083, 1.00000036, 1)
GlobalObjectId_V1-2-3b6551b0f2848c54f911d6f91ca83d54-5886570361474258997-834271436|True|(0.00256000017, 0.0006400007, 0)|(0.902088046, 0.2971957, 0.2971956, -0.09791189)|(1.00000083, 1.00000036, 1)
GlobalObjectId_V1-2-3b6551b0f2848c54f911d6f91ca83d54-589181671-0|True|(53.0999756, 0.08, 783.1)|(0, 0.7071068, 0, 0.7071068)|(1, 1, 1)
GlobalObjectId_V1-2-3b6551b0f2848c54f911d6f91ca83d54-5892661447797134169-1120997898|{"MonoBehaviour":{"m_Enabled":true,"m_EditorHideFlags":0,"m_Name":"","m_EditorClassIdentifier":"Assembly-CSharp::IndianOceanAssets.ShooterSurvival.EnemyMovementController","eventMode":1,"moveSpeed":2.200000047683716,"patrolAcrossRoad":true,"moveAnimation":1,"targetPoint":{"instanceID":0},"hideWhileWaiting":false,"ambushEntrySide":0.0,"modelForwardYaw":0.0,"arrivalDistance":0.05000000074505806}}
GlobalObjectId_V1-2-3b6551b0f2848c54f911d6f91ca83d54-5892661447797134169-1378066733|{"MonoBehaviour":{"m_Enabled":true,"m_EditorHideFlags":0,"m_Name":"","m_EditorClassIdentifier":"Assembly-CSharp::IndianOceanAssets.ShooterSurvival.EnemyMovementController","eventMode":1,"moveSpeed":2.200000047683716,"patrolAcrossRoad":true,"moveAnimation":1,"targetPoint":{"instanceID":0},"hideWhileWaiting":false,"ambushEntrySide":0.0,"modelForwardYaw":0.0,"arrivalDistance":0.05000000074505806}}
GlobalObjectId_V1-2-3b6551b0f2848c54f911d6f91ca83d54-5892661447797134169-1387022782|{"MonoBehaviour":{"m_Enabled":true,"m_EditorHideFlags":0,"m_Name":"","m_EditorClassIdentifier":"Assembly-CSharp::IndianOceanAssets.ShooterSurvival.EnemyMovementController","eventMode":1,"moveSpeed":2.200000047683716,"patrolAcrossRoad":true,"moveAnimation":1,"targetPoint":{"instanceID":0},"hideWhileWaiting":false,"ambushEntrySide":0.0,"modelForwardYaw":0.0,"arrivalDistance":0.05000000074505806}}
GlobalObjectId_V1-2-3b6551b0f2848c54f911d6f91ca83d54-5892661447797134169-1556813190|{"MonoBehaviour":{"m_Enabled":true,"m_EditorHideFlags":0,"m_Name":"","m_EditorClassIdentifier":"Assembly-CSharp::IndianOceanAssets.ShooterSurvival.EnemyMovementController","eventMode":1,"moveSpeed":2.200000047683716,"patrolAcrossRoad":true,"moveAnimation":1,"targetPoint":{"instanceID":0},"hideWhileWaiting":false,"ambushEntrySide":0.0,"modelForwardYaw":0.0,"arrivalDistance":0.05000000074505806}}
GlobalObjectId_V1-2-3b6551b0f2848c54f911d6f91ca83d54-5892661447797134169-161863763|{"MonoBehaviour":{"m_Enabled":true,"m_EditorHideFlags":0,"m_Name":"","m_EditorClassIdentifier":"Assembly-CSharp::IndianOceanAssets.ShooterSurvival.EnemyMovementController","eventMode":1,"moveSpeed":2.200000047683716,"patrolAcrossRoad":true,"moveAnimation":1,"targetPoint":{"instanceID":0},"hideWhileWaiting":false,"ambushEntrySide":0.0,"modelForwardYaw":0.0,"arrivalDistance":0.05000000074505806}}
GlobalObjectId_V1-2-3b6551b0f2848c54f911d6f91ca83d54-5892661447797134169-305648292|{"MonoBehaviour":{"m_Enabled":true,"m_EditorHideFlags":0,"m_Name":"","m_EditorClassIdentifier":"Assembly-CSharp::IndianOceanAssets.ShooterSurvival.EnemyMovementController","eventMode":1,"moveSpeed":2.200000047683716,"patrolAcrossRoad":true,"moveAnimation":1,"targetPoint":{"instanceID":0},"hideWhileWaiting":false,"ambushEntrySide":0.0,"modelForwardYaw":0.0,"arrivalDistance":0.05000000074505806}}
GlobalObjectId_V1-2-3b6551b0f2848c54f911d6f91ca83d54-5892661447797134169-404936451|{"MonoBehaviour":{"m_Enabled":true,"m_EditorHideFlags":0,"m_Name":"","m_EditorClassIdentifier":"Assembly-CSharp::IndianOceanAssets.ShooterSurvival.EnemyMovementController","eventMode":1,"moveSpeed":2.200000047683716,"patrolAcrossRoad":true,"moveAnimation":1,"targetPoint":{"instanceID":0},"hideWhileWaiting":false,"ambushEntrySide":0.0,"modelForwardYaw":0.0,"arrivalDistance":0.05000000074505806}}
GlobalObjectId_V1-2-3b6551b0f2848c54f911d6f91ca83d54-5892661447797134169-501866861|{"MonoBehaviour":{"m_Enabled":true,"m_EditorHideFlags":0,"m_Name":"","m_EditorClassIdentifier":"Assembly-CSharp::IndianOceanAssets.ShooterSurvival.EnemyMovementController","eventMode":1,"moveSpeed":2.200000047683716,"patrolAcrossRoad":true,"moveAnimation":1,"targetPoint":{"instanceID":0},"hideWhileWaiting":false,"ambushEntrySide":0.0,"modelForwardYaw":0.0,"arrivalDistance":0.05000000074505806}}
GlobalObjectId_V1-2-3b6551b0f2848c54f911d6f91ca83d54-5892661447797134169-692789032|{"MonoBehaviour":{"m_Enabled":true,"m_EditorHideFlags":0,"m_Name":"","m_EditorClassIdentifier":"Assembly-CSharp::IndianOceanAssets.ShooterSurvival.EnemyMovementController","eventMode":1,"moveSpeed":2.200000047683716,"patrolAcrossRoad":true,"moveAnimation":1,"targetPoint":{"instanceID":0},"hideWhileWaiting":false,"ambushEntrySide":0.0,"modelForwardYaw":0.0,"arrivalDistance":0.05000000074505806}}
GlobalObjectId_V1-2-3b6551b0f2848c54f911d6f91ca83d54-5892661447797134169-892891150|{"MonoBehaviour":{"m_Enabled":true,"m_EditorHideFlags":0,"m_Name":"","m_EditorClassIdentifier":"Assembly-CSharp::IndianOceanAssets.ShooterSurvival.EnemyMovementController","eventMode":1,"moveSpeed":2.200000047683716,"patrolAcrossRoad":true,"moveAnimation":1,"targetPoint":{"instanceID":0},"hideWhileWaiting":false,"ambushEntrySide":0.0,"modelForwardYaw":0.0,"arrivalDistance":0.05000000074505806}}
GlobalObjectId_V1-2-3b6551b0f2848c54f911d6f91ca83d54-5911164102473069397-1229718731|True|(1.60932531E-10, 0.00143999979, -1.86517449E-17)|(-0.608287156, -4.422812E-08, -2.802861E-08, 0.793717)|(1, 1, 1)
GlobalObjectId_V1-2-3b6551b0f2848c54f911d6f91ca83d54-5911164102473069397-1268510627|True|(1.60932531E-10, 0.00143999979, -1.86517449E-17)|(-0.608287156, -4.422812E-08, -2.802861E-08, 0.793717)|(1, 1, 1)
GlobalObjectId_V1-2-3b6551b0f2848c54f911d6f91ca83d54-5911164102473069397-1298481983|True|(1.60932531E-10, 0.00143999979, -1.86517449E-17)|(-0.608287156, -4.422812E-08, -2.802861E-08, 0.793717)|(1, 1, 1)
GlobalObjectId_V1-2-3b6551b0f2848c54f911d6f91ca83d54-5911164102473069397-1473460188|True|(1.60932531E-10, 0.00143999979, -1.86517449E-17)|(-0.608287156, -4.422812E-08, -2.802861E-08, 0.793717)|(1, 1, 1)
GlobalObjectId_V1-2-3b6551b0f2848c54f911d6f91ca83d54-5911164102473069397-1740273041|True|(1.60932531E-10, 0.00143999979, -1.86517449E-17)|(-0.608287156, -4.422812E-08, -2.802861E-08, 0.793717)|(1, 1, 1)
GlobalObjectId_V1-2-3b6551b0f2848c54f911d6f91ca83d54-5911164102473069397-352986360|True|(1.60932531E-10, 0.00143999979, -1.86517449E-17)|(-0.608287156, -4.422812E-08, -2.802861E-08, 0.793717)|(1, 1, 1)
GlobalObjectId_V1-2-3b6551b0f2848c54f911d6f91ca83d54-5911164102473069397-375106697|True|(1.60932531E-10, 0.00143999979, -1.86517449E-17)|(-0.608287156, -4.422812E-08, -2.802861E-08, 0.793717)|(1, 1, 1)
GlobalObjectId_V1-2-3b6551b0f2848c54f911d6f91ca83d54-5911164102473069397-466313733|True|(1.60932531E-10, 0.00143999979, -1.86517449E-17)|(-0.608287156, -4.422812E-08, -2.802861E-08, 0.793717)|(1, 1, 1)
GlobalObjectId_V1-2-3b6551b0f2848c54f911d6f91ca83d54-5911164102473069397-769108169|True|(1.60932531E-10, 0.00143999979, -1.86517449E-17)|(-0.608287156, -4.422812E-08, -2.802861E-08, 0.793717)|(1, 1, 1)
GlobalObjectId_V1-2-3b6551b0f2848c54f911d6f91ca83d54-5911164102473069397-814571549|True|(1.60932531E-10, 0.00143999979, -1.86517449E-17)|(-0.608287156, -4.422812E-08, -2.802861E-08, 0.793717)|(1, 1, 1)
GlobalObjectId_V1-2-3b6551b0f2848c54f911d6f91ca83d54-591348007-0|True|(-7.1, 0.1, 0)|(0, 0, 0, 1)|(0.2, 0.2, 20)
GlobalObjectId_V1-2-3b6551b0f2848c54f911d6f91ca83d54-5933254686072949613-1025319220|True|(-0.004, 0.485, 0.002)|(0, -0.00305432151, 0, 0.999995351)|(0.89, 0.055, 0.63)
GlobalObjectId_V1-2-3b6551b0f2848c54f911d6f91ca83d54-5933254686072949613-1076637211|True|(-0.004, 0.485, 0.002)|(0, -0.00305432151, 0, 0.999995351)|(0.89, 0.055, 0.63)
GlobalObjectId_V1-2-3b6551b0f2848c54f911d6f91ca83d54-5933254686072949613-1123370063|True|(-0.004, 0.485, 0.002)|(0, -0.00305432151, 0, 0.999995351)|(0.89, 0.055, 0.63)
GlobalObjectId_V1-2-3b6551b0f2848c54f911d6f91ca83d54-5933254686072949613-1138517293|True|(-0.004, 0.485, 0.002)|(0, -0.00305432151, 0, 0.999995351)|(0.89, 0.055, 0.63)
GlobalObjectId_V1-2-3b6551b0f2848c54f911d6f91ca83d54-5933254686072949613-1145818399|True|(-0.004, 0.485, 0.002)|(0, -0.00305432151, 0, 0.999995351)|(0.89, 0.055, 0.63)
GlobalObjectId_V1-2-3b6551b0f2848c54f911d6f91ca83d54-5933254686072949613-1148386096|True|(-0.004, 0.485, 0.002)|(0, -0.00305432151, 0, 0.999995351)|(0.89, 0.055, 0.63)
GlobalObjectId_V1-2-3b6551b0f2848c54f911d6f91ca83d54-5933254686072949613-1157908847|True|(-0.004, 0.485, 0.002)|(0, -0.00305432151, 0, 0.999995351)|(0.89, 0.055, 0.63)
GlobalObjectId_V1-2-3b6551b0f2848c54f911d6f91ca83d54-5933254686072949613-117525737|True|(-0.004, 0.485, 0.002)|(0, -0.00305432151, 0, 0.999995351)|(0.89, 0.055, 0.63)
GlobalObjectId_V1-2-3b6551b0f2848c54f911d6f91ca83d54-5933254686072949613-1211572864|True|(-0.004, 0.485, 0.002)|(0, -0.00305432151, 0, 0.999995351)|(0.89, 0.055, 0.63)
GlobalObjectId_V1-2-3b6551b0f2848c54f911d6f91ca83d54-5933254686072949613-1261995047|True|(-0.004, 0.485, 0.002)|(0, -0.00305432151, 0, 0.999995351)|(0.89, 0.055, 0.63)
GlobalObjectId_V1-2-3b6551b0f2848c54f911d6f91ca83d54-5933254686072949613-1273560124|True|(-0.004, 0.485, 0.002)|(0, -0.00305432151, 0, 0.999995351)|(0.89, 0.055, 0.63)
GlobalObjectId_V1-2-3b6551b0f2848c54f911d6f91ca83d54-5933254686072949613-1341893445|True|(-0.004, 0.485, 0.002)|(0, -0.00305432151, 0, 0.999995351)|(0.89, 0.055, 0.63)
GlobalObjectId_V1-2-3b6551b0f2848c54f911d6f91ca83d54-5933254686072949613-1577023816|True|(-0.004, 0.485, 0.002)|(0, -0.00305432151, 0, 0.999995351)|(0.89, 0.055, 0.63)
GlobalObjectId_V1-2-3b6551b0f2848c54f911d6f91ca83d54-5933254686072949613-1609908011|True|(-0.004, 0.485, 0.002)|(0, -0.00305432151, 0, 0.999995351)|(0.89, 0.055, 0.63)
GlobalObjectId_V1-2-3b6551b0f2848c54f911d6f91ca83d54-5933254686072949613-1654698043|True|(-0.004, 0.485, 0.002)|(0, -0.00305432151, 0, 0.999995351)|(0.89, 0.055, 0.63)
GlobalObjectId_V1-2-3b6551b0f2848c54f911d6f91ca83d54-5933254686072949613-1725634851|True|(-0.004, 0.485, 0.002)|(0, -0.00305432151, 0, 0.999995351)|(0.89, 0.055, 0.63)
GlobalObjectId_V1-2-3b6551b0f2848c54f911d6f91ca83d54-5933254686072949613-178552251|True|(-0.004, 0.485, 0.002)|(0, -0.00305432151, 0, 0.999995351)|(0.89, 0.055, 0.63)
GlobalObjectId_V1-2-3b6551b0f2848c54f911d6f91ca83d54-5933254686072949613-1804972047|True|(-0.004, 0.485, 0.002)|(0, -0.00305432151, 0, 0.999995351)|(0.89, 0.055, 0.63)
GlobalObjectId_V1-2-3b6551b0f2848c54f911d6f91ca83d54-5933254686072949613-1819624870|True|(-0.004, 0.485, 0.002)|(0, -0.00305432151, 0, 0.999995351)|(0.89, 0.055, 0.63)
GlobalObjectId_V1-2-3b6551b0f2848c54f911d6f91ca83d54-5933254686072949613-1866442031|True|(-0.004, 0.485, 0.002)|(0, -0.00305432151, 0, 0.999995351)|(0.89, 0.055, 0.63)
GlobalObjectId_V1-2-3b6551b0f2848c54f911d6f91ca83d54-5933254686072949613-1970165663|True|(-0.004, 0.485, 0.002)|(0, -0.00305432151, 0, 0.999995351)|(0.89, 0.055, 0.63)
GlobalObjectId_V1-2-3b6551b0f2848c54f911d6f91ca83d54-5933254686072949613-2024084545|True|(-0.004, 0.485, 0.002)|(0, -0.00305432151, 0, 0.999995351)|(0.89, 0.055, 0.63)
GlobalObjectId_V1-2-3b6551b0f2848c54f911d6f91ca83d54-5933254686072949613-2026501014|True|(-0.004, 0.485, 0.002)|(0, -0.00305432151, 0, 0.999995351)|(0.89, 0.055, 0.63)
GlobalObjectId_V1-2-3b6551b0f2848c54f911d6f91ca83d54-5933254686072949613-2039403610|True|(-0.004, 0.485, 0.002)|(0, -0.00305432151, 0, 0.999995351)|(0.89, 0.055, 0.63)
GlobalObjectId_V1-2-3b6551b0f2848c54f911d6f91ca83d54-5933254686072949613-2040492614|True|(-0.004, 0.485, 0.002)|(0, -0.00305432151, 0, 0.999995351)|(0.89, 0.055, 0.63)
GlobalObjectId_V1-2-3b6551b0f2848c54f911d6f91ca83d54-5933254686072949613-2056561579|True|(-0.004, 0.485, 0.002)|(0, -0.00305432151, 0, 0.999995351)|(0.89, 0.055, 0.63)
GlobalObjectId_V1-2-3b6551b0f2848c54f911d6f91ca83d54-5933254686072949613-2059838410|True|(-0.004, 0.485, 0.002)|(0, -0.00305432151, 0, 0.999995351)|(0.89, 0.055, 0.63)
GlobalObjectId_V1-2-3b6551b0f2848c54f911d6f91ca83d54-5933254686072949613-220756394|True|(-0.004, 0.485, 0.002)|(0, -0.00305432151, 0, 0.999995351)|(0.89, 0.055, 0.63)
GlobalObjectId_V1-2-3b6551b0f2848c54f911d6f91ca83d54-5933254686072949613-241495691|True|(-0.004, 0.485, 0.002)|(0, -0.00305432151, 0, 0.999995351)|(0.89, 0.055, 0.63)
GlobalObjectId_V1-2-3b6551b0f2848c54f911d6f91ca83d54-5933254686072949613-243786568|True|(-0.004, 0.485, 0.002)|(0, -0.00305432151, 0, 0.999995351)|(0.89, 0.055, 0.63)
GlobalObjectId_V1-2-3b6551b0f2848c54f911d6f91ca83d54-5933254686072949613-27082819|True|(-0.004, 0.485, 0.002)|(0, -0.00305432151, 0, 0.999995351)|(0.89, 0.055, 0.63)
GlobalObjectId_V1-2-3b6551b0f2848c54f911d6f91ca83d54-5933254686072949613-287385670|True|(-0.004, 0.485, 0.002)|(0, -0.00305432151, 0, 0.999995351)|(0.89, 0.055, 0.63)
GlobalObjectId_V1-2-3b6551b0f2848c54f911d6f91ca83d54-5933254686072949613-308217777|True|(-0.004, 0.485, 0.002)|(0, -0.00305432151, 0, 0.999995351)|(0.89, 0.055, 0.63)
GlobalObjectId_V1-2-3b6551b0f2848c54f911d6f91ca83d54-5933254686072949613-31273311|True|(-0.004, 0.485, 0.002)|(0, -0.00305432151, 0, 0.999995351)|(0.89, 0.055, 0.63)
GlobalObjectId_V1-2-3b6551b0f2848c54f911d6f91ca83d54-5933254686072949613-343957928|True|(-0.004, 0.485, 0.002)|(0, -0.00305432151, 0, 0.999995351)|(0.89, 0.055, 0.63)
GlobalObjectId_V1-2-3b6551b0f2848c54f911d6f91ca83d54-5933254686072949613-396161643|True|(-0.004, 0.485, 0.002)|(0, -0.00305432151, 0, 0.999995351)|(0.89, 0.055, 0.63)
GlobalObjectId_V1-2-3b6551b0f2848c54f911d6f91ca83d54-5933254686072949613-426443221|True|(-0.004, 0.485, 0.002)|(0, -0.00305432151, 0, 0.999995351)|(0.89, 0.055, 0.63)
GlobalObjectId_V1-2-3b6551b0f2848c54f911d6f91ca83d54-5933254686072949613-458006385|True|(-0.004, 0.485, 0.002)|(0, -0.00305432151, 0, 0.999995351)|(0.89, 0.055, 0.63)
GlobalObjectId_V1-2-3b6551b0f2848c54f911d6f91ca83d54-5933254686072949613-502189609|True|(-0.004, 0.485, 0.002)|(0, -0.00305432151, 0, 0.999995351)|(0.89, 0.055, 0.63)
GlobalObjectId_V1-2-3b6551b0f2848c54f911d6f91ca83d54-5933254686072949613-502266823|True|(-0.004, 0.485, 0.002)|(0, -0.00305432151, 0, 0.999995351)|(0.89, 0.055, 0.63)
GlobalObjectId_V1-2-3b6551b0f2848c54f911d6f91ca83d54-5933254686072949613-593650449|True|(-0.004, 0.485, 0.002)|(0, -0.00305432151, 0, 0.999995351)|(0.89, 0.055, 0.63)
GlobalObjectId_V1-2-3b6551b0f2848c54f911d6f91ca83d54-5933254686072949613-600046749|True|(-0.004, 0.485, 0.002)|(0, -0.00305432151, 0, 0.999995351)|(0.89, 0.055, 0.63)
GlobalObjectId_V1-2-3b6551b0f2848c54f911d6f91ca83d54-5933254686072949613-656679930|True|(-0.004, 0.485, 0.002)|(0, -0.00305432151, 0, 0.999995351)|(0.89, 0.055, 0.63)
GlobalObjectId_V1-2-3b6551b0f2848c54f911d6f91ca83d54-5933254686072949613-680847915|True|(-0.004, 0.485, 0.002)|(0, -0.00305432151, 0, 0.999995351)|(0.89, 0.055, 0.63)
GlobalObjectId_V1-2-3b6551b0f2848c54f911d6f91ca83d54-5933254686072949613-731984814|True|(-0.004, 0.485, 0.002)|(0, -0.00305432151, 0, 0.999995351)|(0.89, 0.055, 0.63)
GlobalObjectId_V1-2-3b6551b0f2848c54f911d6f91ca83d54-5933254686072949613-754211584|True|(-0.004, 0.485, 0.002)|(0, -0.00305432151, 0, 0.999995351)|(0.89, 0.055, 0.63)
GlobalObjectId_V1-2-3b6551b0f2848c54f911d6f91ca83d54-5933254686072949613-859783628|True|(-0.004, 0.485, 0.002)|(0, -0.00305432151, 0, 0.999995351)|(0.89, 0.055, 0.63)
GlobalObjectId_V1-2-3b6551b0f2848c54f911d6f91ca83d54-5933254686072949613-878071367|True|(-0.004, 0.485, 0.002)|(0, -0.00305432151, 0, 0.999995351)|(0.89, 0.055, 0.63)
GlobalObjectId_V1-2-3b6551b0f2848c54f911d6f91ca83d54-5933254686072949613-956417833|True|(-0.004, 0.485, 0.002)|(0, -0.00305432151, 0, 0.999995351)|(0.89, 0.055, 0.63)
GlobalObjectId_V1-2-3b6551b0f2848c54f911d6f91ca83d54-5933254686072949613-975687593|True|(-0.004, 0.485, 0.002)|(0, -0.00305432151, 0, 0.999995351)|(0.89, 0.055, 0.63)
GlobalObjectId_V1-2-3b6551b0f2848c54f911d6f91ca83d54-5949137077937398207-1191518710|True|(0, 0, 0)|(-0.7071068, 0, 0, 0.7071067)|(100, 100, 100)
GlobalObjectId_V1-2-3b6551b0f2848c54f911d6f91ca83d54-5949137077937398207-1212367565|True|(0, 0, 0)|(-0.7071068, 0, 0, 0.7071067)|(100, 100, 100)
GlobalObjectId_V1-2-3b6551b0f2848c54f911d6f91ca83d54-5949137077937398207-143777058|True|(0, 0, 0)|(-0.7071068, 0, 0, 0.7071067)|(100, 100, 100)
GlobalObjectId_V1-2-3b6551b0f2848c54f911d6f91ca83d54-5949137077937398207-1542002196|True|(0, 0, 0)|(-0.7071068, 0, 0, 0.7071067)|(100, 100, 100)
GlobalObjectId_V1-2-3b6551b0f2848c54f911d6f91ca83d54-5949137077937398207-2024003042|True|(0, 0, 0)|(-0.7071068, 0, 0, 0.7071067)|(100, 100, 100)
GlobalObjectId_V1-2-3b6551b0f2848c54f911d6f91ca83d54-5949137077937398207-306864247|True|(0, 0, 0)|(-0.7071068, 0, 0, 0.7071067)|(100, 100, 100)
GlobalObjectId_V1-2-3b6551b0f2848c54f911d6f91ca83d54-5949137077937398207-309737671|True|(0, 0, 0)|(-0.7071068, 0, 0, 0.7071067)|(100, 100, 100)
GlobalObjectId_V1-2-3b6551b0f2848c54f911d6f91ca83d54-5949137077937398207-312149901|True|(0, 0, 0)|(-0.7071068, 0, 0, 0.7071067)|(100, 100, 100)
GlobalObjectId_V1-2-3b6551b0f2848c54f911d6f91ca83d54-5949137077937398207-857919492|True|(0, 0, 0)|(-0.7071068, 0, 0, 0.7071067)|(100, 100, 100)
GlobalObjectId_V1-2-3b6551b0f2848c54f911d6f91ca83d54-5949137077937398207-986728857|True|(0, 0, 0)|(-0.7071068, 0, 0, 0.7071067)|(100, 100, 100)
GlobalObjectId_V1-2-3b6551b0f2848c54f911d6f91ca83d54-59493386-0|True|(-7.1, 0.1, 0)|(0, 0, 0, 1)|(0.2, 0.2, 20)
GlobalObjectId_V1-2-3b6551b0f2848c54f911d6f91ca83d54-5984032150249749361-1167286018|True|(-1.5, 1.3, 0)|(0, 0, 0, 1)|(1, 1, 1)
GlobalObjectId_V1-2-3b6551b0f2848c54f911d6f91ca83d54-5984032150249749361-1180928524|True|(-1.5, 1.3, 0)|(0, 0, 0, 1)|(1, 1, 1)
GlobalObjectId_V1-2-3b6551b0f2848c54f911d6f91ca83d54-5984032150249749361-122956854|True|(-1.5, 1.3, 0)|(0, 0, 0, 1)|(1, 1, 1)
GlobalObjectId_V1-2-3b6551b0f2848c54f911d6f91ca83d54-5984032150249749361-1245624228|True|(-1.5, 1.3, 0)|(0, 0, 0, 1)|(1, 1, 1)
GlobalObjectId_V1-2-3b6551b0f2848c54f911d6f91ca83d54-5984032150249749361-1404068710|True|(-1.5, 1.3, 0)|(0, 0, 0, 1)|(1, 1, 1)
GlobalObjectId_V1-2-3b6551b0f2848c54f911d6f91ca83d54-5984032150249749361-1418330522|True|(-1.5, 1.3, 0)|(0, 0, 0, 1)|(1, 1, 1)
GlobalObjectId_V1-2-3b6551b0f2848c54f911d6f91ca83d54-5984032150249749361-1452177011|True|(-1.5, 1.3, 0)|(0, 0, 0, 1)|(1, 1, 1)
GlobalObjectId_V1-2-3b6551b0f2848c54f911d6f91ca83d54-5984032150249749361-1620194150|True|(-1.5, 1.3, 0)|(0, 0, 0, 1)|(1, 1, 1)
GlobalObjectId_V1-2-3b6551b0f2848c54f911d6f91ca83d54-5984032150249749361-1693543895|True|(-1.5, 1.3, 0)|(0, 0, 0, 1)|(1, 1, 1)
GlobalObjectId_V1-2-3b6551b0f2848c54f911d6f91ca83d54-5984032150249749361-1793401989|True|(-1.5, 1.3, 0)|(0, 0, 0, 1)|(1, 1, 1)
GlobalObjectId_V1-2-3b6551b0f2848c54f911d6f91ca83d54-5984032150249749361-2098923909|True|(-1.5, 1.3, 0)|(0, 0, 0, 1)|(1, 1, 1)
GlobalObjectId_V1-2-3b6551b0f2848c54f911d6f91ca83d54-5984032150249749361-299381512|True|(-1.5, 1.3, 0)|(0, 0, 0, 1)|(1, 1, 1)
GlobalObjectId_V1-2-3b6551b0f2848c54f911d6f91ca83d54-5984032150249749361-730290851|True|(-1.5, 1.3, 0)|(0, 0, 0, 1)|(1, 1, 1)
GlobalObjectId_V1-2-3b6551b0f2848c54f911d6f91ca83d54-5984032150249749361-828652953|True|(-1.5, 1.3, 0)|(0, 0, 0, 1)|(1, 1, 1)
GlobalObjectId_V1-2-3b6551b0f2848c54f911d6f91ca83d54-5984032150249749361-884722836|True|(-1.5, 1.3, 0)|(0, 0, 0, 1)|(1, 1, 1)
GlobalObjectId_V1-2-3b6551b0f2848c54f911d6f91ca83d54-6069695927071542018-1191518710|True|(-1.09895933E-10, 0.00157500128, 1.14713685E-16)|(-0.608287334, -2.627847E-07, -1.83793091E-07, 0.7937169)|(1, 1, 1)
GlobalObjectId_V1-2-3b6551b0f2848c54f911d6f91ca83d54-6069695927071542018-1212367565|True|(-1.09895933E-10, 0.00157500128, 1.14713685E-16)|(-0.608287334, -2.627847E-07, -1.83793091E-07, 0.7937169)|(1, 1, 1)
GlobalObjectId_V1-2-3b6551b0f2848c54f911d6f91ca83d54-6069695927071542018-143777058|True|(-1.09895933E-10, 0.00157500128, 1.14713685E-16)|(-0.608287334, -2.627847E-07, -1.83793091E-07, 0.7937169)|(1, 1, 1)
GlobalObjectId_V1-2-3b6551b0f2848c54f911d6f91ca83d54-6069695927071542018-1542002196|True|(-1.09895933E-10, 0.00157500128, 1.14713685E-16)|(-0.608287334, -2.627847E-07, -1.83793091E-07, 0.7937169)|(1, 1, 1)
GlobalObjectId_V1-2-3b6551b0f2848c54f911d6f91ca83d54-6069695927071542018-2024003042|True|(-1.09895933E-10, 0.00157500128, 1.14713685E-16)|(-0.608287334, -2.627847E-07, -1.83793091E-07, 0.7937169)|(1, 1, 1)
GlobalObjectId_V1-2-3b6551b0f2848c54f911d6f91ca83d54-6069695927071542018-306864247|True|(-1.09895933E-10, 0.00157500128, 1.14713685E-16)|(-0.608287334, -2.627847E-07, -1.83793091E-07, 0.7937169)|(1, 1, 1)
GlobalObjectId_V1-2-3b6551b0f2848c54f911d6f91ca83d54-6069695927071542018-309737671|True|(-1.09895933E-10, 0.00157500128, 1.14713685E-16)|(-0.608287334, -2.627847E-07, -1.83793091E-07, 0.7937169)|(1, 1, 1)
GlobalObjectId_V1-2-3b6551b0f2848c54f911d6f91ca83d54-6069695927071542018-312149901|True|(-1.09895933E-10, 0.00157500128, 1.14713685E-16)|(-0.608287334, -2.627847E-07, -1.83793091E-07, 0.7937169)|(1, 1, 1)
GlobalObjectId_V1-2-3b6551b0f2848c54f911d6f91ca83d54-6069695927071542018-857919492|True|(-1.09895933E-10, 0.00157500128, 1.14713685E-16)|(-0.608287334, -2.627847E-07, -1.83793091E-07, 0.7937169)|(1, 1, 1)
GlobalObjectId_V1-2-3b6551b0f2848c54f911d6f91ca83d54-6069695927071542018-986728857|True|(-1.09895933E-10, 0.00157500128, 1.14713685E-16)|(-0.608287334, -2.627847E-07, -1.83793091E-07, 0.7937169)|(1, 1, 1)
GlobalObjectId_V1-2-3b6551b0f2848c54f911d6f91ca83d54-6076398848649266367-1025319220|True|(0.006, 0.118, -0.004)|(9.900008E-06, 0.005672281, 0.00174530037, 0.9999824)|(0.89, 0.045, 0.625)
GlobalObjectId_V1-2-3b6551b0f2848c54f911d6f91ca83d54-6076398848649266367-1076637211|True|(0.006, 0.118, -0.004)|(9.900008E-06, 0.005672281, 0.00174530037, 0.9999824)|(0.89, 0.045, 0.625)
GlobalObjectId_V1-2-3b6551b0f2848c54f911d6f91ca83d54-6076398848649266367-1123370063|True|(0.006, 0.118, -0.004)|(9.900008E-06, 0.005672281, 0.00174530037, 0.9999824)|(0.89, 0.045, 0.625)
GlobalObjectId_V1-2-3b6551b0f2848c54f911d6f91ca83d54-6076398848649266367-1138517293|True|(0.006, 0.118, -0.004)|(9.900008E-06, 0.005672281, 0.00174530037, 0.9999824)|(0.89, 0.045, 0.625)
GlobalObjectId_V1-2-3b6551b0f2848c54f911d6f91ca83d54-6076398848649266367-1145818399|True|(0.006, 0.118, -0.004)|(9.900008E-06, 0.005672281, 0.00174530037, 0.9999824)|(0.89, 0.045, 0.625)
GlobalObjectId_V1-2-3b6551b0f2848c54f911d6f91ca83d54-6076398848649266367-1148386096|True|(0.006, 0.118, -0.004)|(9.900008E-06, 0.005672281, 0.00174530037, 0.9999824)|(0.89, 0.045, 0.625)
GlobalObjectId_V1-2-3b6551b0f2848c54f911d6f91ca83d54-6076398848649266367-1157908847|True|(0.006, 0.118, -0.004)|(9.900008E-06, 0.005672281, 0.00174530037, 0.9999824)|(0.89, 0.045, 0.625)
GlobalObjectId_V1-2-3b6551b0f2848c54f911d6f91ca83d54-6076398848649266367-117525737|True|(0.006, 0.118, -0.004)|(9.900008E-06, 0.005672281, 0.00174530037, 0.9999824)|(0.89, 0.045, 0.625)
GlobalObjectId_V1-2-3b6551b0f2848c54f911d6f91ca83d54-6076398848649266367-1211572864|True|(0.006, 0.118, -0.004)|(9.900008E-06, 0.005672281, 0.00174530037, 0.9999824)|(0.89, 0.045, 0.625)
GlobalObjectId_V1-2-3b6551b0f2848c54f911d6f91ca83d54-6076398848649266367-1261995047|True|(0.006, 0.118, -0.004)|(9.900008E-06, 0.005672281, 0.00174530037, 0.9999824)|(0.89, 0.045, 0.625)
GlobalObjectId_V1-2-3b6551b0f2848c54f911d6f91ca83d54-6076398848649266367-1273560124|True|(0.006, 0.118, -0.004)|(9.900008E-06, 0.005672281, 0.00174530037, 0.9999824)|(0.89, 0.045, 0.625)
GlobalObjectId_V1-2-3b6551b0f2848c54f911d6f91ca83d54-6076398848649266367-1341893445|True|(0.006, 0.118, -0.004)|(9.900008E-06, 0.005672281, 0.00174530037, 0.9999824)|(0.89, 0.045, 0.625)
GlobalObjectId_V1-2-3b6551b0f2848c54f911d6f91ca83d54-6076398848649266367-1577023816|True|(0.006, 0.118, -0.004)|(9.900008E-06, 0.005672281, 0.00174530037, 0.9999824)|(0.89, 0.045, 0.625)
GlobalObjectId_V1-2-3b6551b0f2848c54f911d6f91ca83d54-6076398848649266367-1609908011|True|(0.006, 0.118, -0.004)|(9.900008E-06, 0.005672281, 0.00174530037, 0.9999824)|(0.89, 0.045, 0.625)
GlobalObjectId_V1-2-3b6551b0f2848c54f911d6f91ca83d54-6076398848649266367-1654698043|True|(0.006, 0.118, -0.004)|(9.900008E-06, 0.005672281, 0.00174530037, 0.9999824)|(0.89, 0.045, 0.625)
GlobalObjectId_V1-2-3b6551b0f2848c54f911d6f91ca83d54-6076398848649266367-1725634851|True|(0.006, 0.118, -0.004)|(9.900008E-06, 0.005672281, 0.00174530037, 0.9999824)|(0.89, 0.045, 0.625)
GlobalObjectId_V1-2-3b6551b0f2848c54f911d6f91ca83d54-6076398848649266367-178552251|True|(0.006, 0.118, -0.004)|(9.900008E-06, 0.005672281, 0.00174530037, 0.9999824)|(0.89, 0.045, 0.625)
GlobalObjectId_V1-2-3b6551b0f2848c54f911d6f91ca83d54-6076398848649266367-1804972047|True|(0.006, 0.118, -0.004)|(9.900008E-06, 0.005672281, 0.00174530037, 0.9999824)|(0.89, 0.045, 0.625)
GlobalObjectId_V1-2-3b6551b0f2848c54f911d6f91ca83d54-6076398848649266367-1819624870|True|(0.006, 0.118, -0.004)|(9.900008E-06, 0.005672281, 0.00174530037, 0.9999824)|(0.89, 0.045, 0.625)
GlobalObjectId_V1-2-3b6551b0f2848c54f911d6f91ca83d54-6076398848649266367-1866442031|True|(0.006, 0.118, -0.004)|(9.900008E-06, 0.005672281, 0.00174530037, 0.9999824)|(0.89, 0.045, 0.625)
GlobalObjectId_V1-2-3b6551b0f2848c54f911d6f91ca83d54-6076398848649266367-1970165663|True|(0.006, 0.118, -0.004)|(9.900008E-06, 0.005672281, 0.00174530037, 0.9999824)|(0.89, 0.045, 0.625)
GlobalObjectId_V1-2-3b6551b0f2848c54f911d6f91ca83d54-6076398848649266367-2024084545|True|(0.006, 0.118, -0.004)|(9.900008E-06, 0.005672281, 0.00174530037, 0.9999824)|(0.89, 0.045, 0.625)
GlobalObjectId_V1-2-3b6551b0f2848c54f911d6f91ca83d54-6076398848649266367-2026501014|True|(0.006, 0.118, -0.004)|(9.900008E-06, 0.005672281, 0.00174530037, 0.9999824)|(0.89, 0.045, 0.625)
GlobalObjectId_V1-2-3b6551b0f2848c54f911d6f91ca83d54-6076398848649266367-2039403610|True|(0.006, 0.118, -0.004)|(9.900008E-06, 0.005672281, 0.00174530037, 0.9999824)|(0.89, 0.045, 0.625)
GlobalObjectId_V1-2-3b6551b0f2848c54f911d6f91ca83d54-6076398848649266367-2040492614|True|(0.006, 0.118, -0.004)|(9.900008E-06, 0.005672281, 0.00174530037, 0.9999824)|(0.89, 0.045, 0.625)
GlobalObjectId_V1-2-3b6551b0f2848c54f911d6f91ca83d54-6076398848649266367-2056561579|True|(0.006, 0.118, -0.004)|(9.900008E-06, 0.005672281, 0.00174530037, 0.9999824)|(0.89, 0.045, 0.625)
GlobalObjectId_V1-2-3b6551b0f2848c54f911d6f91ca83d54-6076398848649266367-2059838410|True|(0.006, 0.118, -0.004)|(9.900008E-06, 0.005672281, 0.00174530037, 0.9999824)|(0.89, 0.045, 0.625)
GlobalObjectId_V1-2-3b6551b0f2848c54f911d6f91ca83d54-6076398848649266367-220756394|True|(0.006, 0.118, -0.004)|(9.900008E-06, 0.005672281, 0.00174530037, 0.9999824)|(0.89, 0.045, 0.625)
GlobalObjectId_V1-2-3b6551b0f2848c54f911d6f91ca83d54-6076398848649266367-241495691|True|(0.006, 0.118, -0.004)|(9.900008E-06, 0.005672281, 0.00174530037, 0.9999824)|(0.89, 0.045, 0.625)
GlobalObjectId_V1-2-3b6551b0f2848c54f911d6f91ca83d54-6076398848649266367-243786568|True|(0.006, 0.118, -0.004)|(9.900008E-06, 0.005672281, 0.00174530037, 0.9999824)|(0.89, 0.045, 0.625)
GlobalObjectId_V1-2-3b6551b0f2848c54f911d6f91ca83d54-6076398848649266367-27082819|True|(0.006, 0.118, -0.004)|(9.900008E-06, 0.005672281, 0.00174530037, 0.9999824)|(0.89, 0.045, 0.625)
GlobalObjectId_V1-2-3b6551b0f2848c54f911d6f91ca83d54-6076398848649266367-287385670|True|(0.006, 0.118, -0.004)|(9.900008E-06, 0.005672281, 0.00174530037, 0.9999824)|(0.89, 0.045, 0.625)
GlobalObjectId_V1-2-3b6551b0f2848c54f911d6f91ca83d54-6076398848649266367-308217777|True|(0.006, 0.118, -0.004)|(9.900008E-06, 0.005672281, 0.00174530037, 0.9999824)|(0.89, 0.045, 0.625)
GlobalObjectId_V1-2-3b6551b0f2848c54f911d6f91ca83d54-6076398848649266367-31273311|True|(0.006, 0.118, -0.004)|(9.900008E-06, 0.005672281, 0.00174530037, 0.9999824)|(0.89, 0.045, 0.625)
GlobalObjectId_V1-2-3b6551b0f2848c54f911d6f91ca83d54-6076398848649266367-343957928|True|(0.006, 0.118, -0.004)|(9.900008E-06, 0.005672281, 0.00174530037, 0.9999824)|(0.89, 0.045, 0.625)
GlobalObjectId_V1-2-3b6551b0f2848c54f911d6f91ca83d54-6076398848649266367-396161643|True|(0.006, 0.118, -0.004)|(9.900008E-06, 0.005672281, 0.00174530037, 0.9999824)|(0.89, 0.045, 0.625)
GlobalObjectId_V1-2-3b6551b0f2848c54f911d6f91ca83d54-6076398848649266367-426443221|True|(0.006, 0.118, -0.004)|(9.900008E-06, 0.005672281, 0.00174530037, 0.9999824)|(0.89, 0.045, 0.625)
GlobalObjectId_V1-2-3b6551b0f2848c54f911d6f91ca83d54-6076398848649266367-458006385|True|(0.006, 0.118, -0.004)|(9.900008E-06, 0.005672281, 0.00174530037, 0.9999824)|(0.89, 0.045, 0.625)
GlobalObjectId_V1-2-3b6551b0f2848c54f911d6f91ca83d54-6076398848649266367-502189609|True|(0.006, 0.118, -0.004)|(9.900008E-06, 0.005672281, 0.00174530037, 0.9999824)|(0.89, 0.045, 0.625)
GlobalObjectId_V1-2-3b6551b0f2848c54f911d6f91ca83d54-6076398848649266367-502266823|True|(0.006, 0.118, -0.004)|(9.900008E-06, 0.005672281, 0.00174530037, 0.9999824)|(0.89, 0.045, 0.625)
GlobalObjectId_V1-2-3b6551b0f2848c54f911d6f91ca83d54-6076398848649266367-593650449|True|(0.006, 0.118, -0.004)|(9.900008E-06, 0.005672281, 0.00174530037, 0.9999824)|(0.89, 0.045, 0.625)
GlobalObjectId_V1-2-3b6551b0f2848c54f911d6f91ca83d54-6076398848649266367-600046749|True|(0.006, 0.118, -0.004)|(9.900008E-06, 0.005672281, 0.00174530037, 0.9999824)|(0.89, 0.045, 0.625)
GlobalObjectId_V1-2-3b6551b0f2848c54f911d6f91ca83d54-6076398848649266367-656679930|True|(0.006, 0.118, -0.004)|(9.900008E-06, 0.005672281, 0.00174530037, 0.9999824)|(0.89, 0.045, 0.625)
GlobalObjectId_V1-2-3b6551b0f2848c54f911d6f91ca83d54-6076398848649266367-680847915|True|(0.006, 0.118, -0.004)|(9.900008E-06, 0.005672281, 0.00174530037, 0.9999824)|(0.89, 0.045, 0.625)
GlobalObjectId_V1-2-3b6551b0f2848c54f911d6f91ca83d54-6076398848649266367-731984814|True|(0.006, 0.118, -0.004)|(9.900008E-06, 0.005672281, 0.00174530037, 0.9999824)|(0.89, 0.045, 0.625)
GlobalObjectId_V1-2-3b6551b0f2848c54f911d6f91ca83d54-6076398848649266367-754211584|True|(0.006, 0.118, -0.004)|(9.900008E-06, 0.005672281, 0.00174530037, 0.9999824)|(0.89, 0.045, 0.625)
GlobalObjectId_V1-2-3b6551b0f2848c54f911d6f91ca83d54-6076398848649266367-859783628|True|(0.006, 0.118, -0.004)|(9.900008E-06, 0.005672281, 0.00174530037, 0.9999824)|(0.89, 0.045, 0.625)
GlobalObjectId_V1-2-3b6551b0f2848c54f911d6f91ca83d54-6076398848649266367-878071367|True|(0.006, 0.118, -0.004)|(9.900008E-06, 0.005672281, 0.00174530037, 0.9999824)|(0.89, 0.045, 0.625)
GlobalObjectId_V1-2-3b6551b0f2848c54f911d6f91ca83d54-6076398848649266367-956417833|True|(0.006, 0.118, -0.004)|(9.900008E-06, 0.005672281, 0.00174530037, 0.9999824)|(0.89, 0.045, 0.625)
GlobalObjectId_V1-2-3b6551b0f2848c54f911d6f91ca83d54-6076398848649266367-975687593|True|(0.006, 0.118, -0.004)|(9.900008E-06, 0.005672281, 0.00174530037, 0.9999824)|(0.89, 0.045, 0.625)
GlobalObjectId_V1-2-3b6551b0f2848c54f911d6f91ca83d54-608099457-0|True|(-7.1, 0.1, 0)|(0, 0, 0, 1)|(0.2, 0.2, 20)
GlobalObjectId_V1-2-3b6551b0f2848c54f911d6f91ca83d54-609367932914333689-1191602872|True|(0, 0.0007999998, 0)|(0, 0, 0, 1)|(1, 1, 1)
GlobalObjectId_V1-2-3b6551b0f2848c54f911d6f91ca83d54-609367932914333689-1250511116|True|(0, 0.0007999998, 0)|(0, 0, 0, 1)|(1, 1, 1)
GlobalObjectId_V1-2-3b6551b0f2848c54f911d6f91ca83d54-609367932914333689-127729888|True|(0, 0.0007999998, 0)|(0, 0, 0, 1)|(1, 1, 1)
GlobalObjectId_V1-2-3b6551b0f2848c54f911d6f91ca83d54-609367932914333689-1897079065|True|(0, 0.0007999998, 0)|(0, 0, 0, 1)|(1, 1, 1)
GlobalObjectId_V1-2-3b6551b0f2848c54f911d6f91ca83d54-609367932914333689-2070896708|True|(0, 0.0007999998, 0)|(0, 0, 0, 1)|(1, 1, 1)
GlobalObjectId_V1-2-3b6551b0f2848c54f911d6f91ca83d54-609367932914333689-383792707|True|(0, 0.0007999998, 0)|(0, 0, 0, 1)|(1, 1, 1)
GlobalObjectId_V1-2-3b6551b0f2848c54f911d6f91ca83d54-609367932914333689-393103402|True|(0, 0.0007999998, 0)|(0, 0, 0, 1)|(1, 1, 1)
GlobalObjectId_V1-2-3b6551b0f2848c54f911d6f91ca83d54-609367932914333689-566916451|True|(0, 0.0007999998, 0)|(0, 0, 0, 1)|(1, 1, 1)
GlobalObjectId_V1-2-3b6551b0f2848c54f911d6f91ca83d54-609367932914333689-965188316|True|(0, 0.0007999998, 0)|(0, 0, 0, 1)|(1, 1, 1)
GlobalObjectId_V1-2-3b6551b0f2848c54f911d6f91ca83d54-609367932914333689-969570616|True|(0, 0.0007999998, 0)|(0, 0, 0, 1)|(1, 1, 1)
GlobalObjectId_V1-2-3b6551b0f2848c54f911d6f91ca83d54-6156322106948324901-1049486283|True|(0, 0, 0)|(-0.7071068, 0, 0, 0.7071067)|(100, 100, 100)
GlobalObjectId_V1-2-3b6551b0f2848c54f911d6f91ca83d54-6156322106948324901-126319019|True|(0, 0, 0)|(-0.7071068, 0, 0, 0.7071067)|(100, 100, 100)
GlobalObjectId_V1-2-3b6551b0f2848c54f911d6f91ca83d54-6156322106948324901-1481706251|True|(0, 0, 0)|(-0.7071068, 0, 0, 0.7071067)|(100, 100, 100)
GlobalObjectId_V1-2-3b6551b0f2848c54f911d6f91ca83d54-6156322106948324901-1592385703|True|(0, 0, 0)|(-0.7071068, 0, 0, 0.7071067)|(100, 100, 100)
GlobalObjectId_V1-2-3b6551b0f2848c54f911d6f91ca83d54-6156322106948324901-1661574985|True|(0, 0, 0)|(-0.7071068, 0, 0, 0.7071067)|(100, 100, 100)
GlobalObjectId_V1-2-3b6551b0f2848c54f911d6f91ca83d54-6156322106948324901-1902647294|True|(0, 0, 0)|(-0.7071068, 0, 0, 0.7071067)|(100, 100, 100)
GlobalObjectId_V1-2-3b6551b0f2848c54f911d6f91ca83d54-6156322106948324901-239339974|True|(0, 0, 0)|(-0.7071068, 0, 0, 0.7071067)|(100, 100, 100)
GlobalObjectId_V1-2-3b6551b0f2848c54f911d6f91ca83d54-6156322106948324901-350417267|True|(0, 0, 0)|(-0.7071068, 0, 0, 0.7071067)|(100, 100, 100)
GlobalObjectId_V1-2-3b6551b0f2848c54f911d6f91ca83d54-6156322106948324901-575299033|True|(0, 0, 0)|(-0.7071068, 0, 0, 0.7071067)|(100, 100, 100)
GlobalObjectId_V1-2-3b6551b0f2848c54f911d6f91ca83d54-6156322106948324901-834271436|True|(0, 0, 0)|(-0.7071068, 0, 0, 0.7071067)|(100, 100, 100)
GlobalObjectId_V1-2-3b6551b0f2848c54f911d6f91ca83d54-618024371-0|{"MonoBehaviour":{"m_Enabled":true,"m_EditorHideFlags":0,"m_Name":"","m_EditorClassIdentifier":"Assembly-CSharp::IndianOceanAssets.ShooterSurvival.EncounterPlacementController"}}
GlobalObjectId_V1-2-3b6551b0f2848c54f911d6f91ca83d54-6186499610233337172-1049486283|True|(1.11758706E-10, 0.00213466655, 9.31322554E-12)|(-0.0128043983, 0.112429693, -0.112429693, 0.9871956)|(1, 0.99999994, 0.99999994)
GlobalObjectId_V1-2-3b6551b0f2848c54f911d6f91ca83d54-6186499610233337172-126319019|True|(1.11758706E-10, 0.00213466655, 9.31322554E-12)|(-0.0128043983, 0.112429693, -0.112429693, 0.9871956)|(1, 0.99999994, 0.99999994)
GlobalObjectId_V1-2-3b6551b0f2848c54f911d6f91ca83d54-6186499610233337172-1481706251|True|(1.11758706E-10, 0.00213466655, 9.31322554E-12)|(-0.0128043983, 0.112429693, -0.112429693, 0.9871956)|(1, 0.99999994, 0.99999994)
GlobalObjectId_V1-2-3b6551b0f2848c54f911d6f91ca83d54-6186499610233337172-1592385703|True|(1.11758706E-10, 0.00213466655, 9.31322554E-12)|(-0.0128043983, 0.112429693, -0.112429693, 0.9871956)|(1, 0.99999994, 0.99999994)
GlobalObjectId_V1-2-3b6551b0f2848c54f911d6f91ca83d54-6186499610233337172-1661574985|True|(1.11758706E-10, 0.00213466655, 9.31322554E-12)|(-0.0128043983, 0.112429693, -0.112429693, 0.9871956)|(1, 0.99999994, 0.99999994)
GlobalObjectId_V1-2-3b6551b0f2848c54f911d6f91ca83d54-6186499610233337172-1902647294|True|(1.11758706E-10, 0.00213466655, 9.31322554E-12)|(-0.0128043983, 0.112429693, -0.112429693, 0.9871956)|(1, 0.99999994, 0.99999994)
GlobalObjectId_V1-2-3b6551b0f2848c54f911d6f91ca83d54-6186499610233337172-239339974|True|(1.11758706E-10, 0.00213466655, 9.31322554E-12)|(-0.0128043983, 0.112429693, -0.112429693, 0.9871956)|(1, 0.99999994, 0.99999994)
GlobalObjectId_V1-2-3b6551b0f2848c54f911d6f91ca83d54-6186499610233337172-350417267|True|(1.11758706E-10, 0.00213466655, 9.31322554E-12)|(-0.0128043983, 0.112429693, -0.112429693, 0.9871956)|(1, 0.99999994, 0.99999994)
GlobalObjectId_V1-2-3b6551b0f2848c54f911d6f91ca83d54-6186499610233337172-575299033|True|(1.11758706E-10, 0.00213466655, 9.31322554E-12)|(-0.0128043983, 0.112429693, -0.112429693, 0.9871956)|(1, 0.99999994, 0.99999994)
GlobalObjectId_V1-2-3b6551b0f2848c54f911d6f91ca83d54-6186499610233337172-834271436|True|(1.11758706E-10, 0.00213466655, 9.31322554E-12)|(-0.0128043983, 0.112429693, -0.112429693, 0.9871956)|(1, 0.99999994, 0.99999994)
GlobalObjectId_V1-2-3b6551b0f2848c54f911d6f91ca83d54-625423535744949289-1167286018|True|(2.05000019, 0, -0.092)|(0, 0, 0, 1)|(0.25, 0.18, 0.018)
GlobalObjectId_V1-2-3b6551b0f2848c54f911d6f91ca83d54-625423535744949289-1180928524|True|(2.05000019, 0, -0.092)|(0, 0, 0, 1)|(0.25, 0.18, 0.018)
GlobalObjectId_V1-2-3b6551b0f2848c54f911d6f91ca83d54-625423535744949289-122956854|True|(2.05000019, 0, -0.092)|(0, 0, 0, 1)|(0.25, 0.18, 0.018)
GlobalObjectId_V1-2-3b6551b0f2848c54f911d6f91ca83d54-625423535744949289-1245624228|True|(2.05000019, 0, -0.092)|(0, 0, 0, 1)|(0.25, 0.18, 0.018)
GlobalObjectId_V1-2-3b6551b0f2848c54f911d6f91ca83d54-625423535744949289-1404068710|True|(2.05000019, 0, -0.092)|(0, 0, 0, 1)|(0.25, 0.18, 0.018)
GlobalObjectId_V1-2-3b6551b0f2848c54f911d6f91ca83d54-625423535744949289-1418330522|True|(2.05000019, 0, -0.092)|(0, 0, 0, 1)|(0.25, 0.18, 0.018)
GlobalObjectId_V1-2-3b6551b0f2848c54f911d6f91ca83d54-625423535744949289-1452177011|True|(2.05000019, 0, -0.092)|(0, 0, 0, 1)|(0.25, 0.18, 0.018)
GlobalObjectId_V1-2-3b6551b0f2848c54f911d6f91ca83d54-625423535744949289-1620194150|True|(2.05000019, 0, -0.092)|(0, 0, 0, 1)|(0.25, 0.18, 0.018)
GlobalObjectId_V1-2-3b6551b0f2848c54f911d6f91ca83d54-625423535744949289-1693543895|True|(2.05000019, 0, -0.092)|(0, 0, 0, 1)|(0.25, 0.18, 0.018)
GlobalObjectId_V1-2-3b6551b0f2848c54f911d6f91ca83d54-625423535744949289-1793401989|True|(2.05000019, 0, -0.092)|(0, 0, 0, 1)|(0.25, 0.18, 0.018)
GlobalObjectId_V1-2-3b6551b0f2848c54f911d6f91ca83d54-625423535744949289-2098923909|True|(2.05000019, 0, -0.092)|(0, 0, 0, 1)|(0.25, 0.18, 0.018)
GlobalObjectId_V1-2-3b6551b0f2848c54f911d6f91ca83d54-625423535744949289-299381512|True|(2.05000019, 0, -0.092)|(0, 0, 0, 1)|(0.25, 0.18, 0.018)
GlobalObjectId_V1-2-3b6551b0f2848c54f911d6f91ca83d54-625423535744949289-730290851|True|(2.05000019, 0, -0.092)|(0, 0, 0, 1)|(0.25, 0.18, 0.018)
GlobalObjectId_V1-2-3b6551b0f2848c54f911d6f91ca83d54-625423535744949289-828652953|True|(2.05000019, 0, -0.092)|(0, 0, 0, 1)|(0.25, 0.18, 0.018)
GlobalObjectId_V1-2-3b6551b0f2848c54f911d6f91ca83d54-625423535744949289-884722836|True|(2.05000019, 0, -0.092)|(0, 0, 0, 1)|(0.25, 0.18, 0.018)
GlobalObjectId_V1-2-3b6551b0f2848c54f911d6f91ca83d54-625582426-0|True|(7.1, 0.1, 0)|(0, 0, 0, 1)|(0.2, 0.2, 20)
GlobalObjectId_V1-2-3b6551b0f2848c54f911d6f91ca83d54-625809352-0|True|(-7.1, 0.1, 0)|(0, 0, 0, 1)|(0.2, 0.2, 20)
GlobalObjectId_V1-2-3b6551b0f2848c54f911d6f91ca83d54-6269916151738314907-1120997898|True|(-0.01, 0.36, -1.56)|(0.6508453, 0, 0, 0.7592104)|(1, 1, 1)
GlobalObjectId_V1-2-3b6551b0f2848c54f911d6f91ca83d54-6269916151738314907-1378066733|True|(-0.01, 0.36, -1.56)|(0.6508453, 0, 0, 0.7592104)|(1, 1, 1)
GlobalObjectId_V1-2-3b6551b0f2848c54f911d6f91ca83d54-6269916151738314907-1387022782|True|(-0.01, 0.36, -1.56)|(0.6508453, 0, 0, 0.7592104)|(1, 1, 1)
GlobalObjectId_V1-2-3b6551b0f2848c54f911d6f91ca83d54-6269916151738314907-1556813190|True|(-0.01, 0.36, -1.56)|(0.6508453, 0, 0, 0.7592104)|(1, 1, 1)
GlobalObjectId_V1-2-3b6551b0f2848c54f911d6f91ca83d54-6269916151738314907-161863763|True|(-0.01, 0.36, -1.56)|(0.6508453, 0, 0, 0.7592104)|(1, 1, 1)
GlobalObjectId_V1-2-3b6551b0f2848c54f911d6f91ca83d54-6269916151738314907-305648292|True|(-0.01, 0.36, -1.56)|(0.6508453, 0, 0, 0.7592104)|(1, 1, 1)
GlobalObjectId_V1-2-3b6551b0f2848c54f911d6f91ca83d54-6269916151738314907-404936451|True|(-0.01, 0.36, -1.56)|(0.6508453, 0, 0, 0.7592104)|(1, 1, 1)
GlobalObjectId_V1-2-3b6551b0f2848c54f911d6f91ca83d54-6269916151738314907-501866861|True|(-0.01, 0.36, -1.56)|(0.6508453, 0, 0, 0.7592104)|(1, 1, 1)
GlobalObjectId_V1-2-3b6551b0f2848c54f911d6f91ca83d54-6269916151738314907-692789032|True|(-0.01, 0.36, -1.56)|(0.6508453, 0, 0, 0.7592104)|(1, 1, 1)
GlobalObjectId_V1-2-3b6551b0f2848c54f911d6f91ca83d54-6269916151738314907-892891150|True|(-0.01, 0.36, -1.56)|(0.6508453, 0, 0, 0.7592104)|(1, 1, 1)
GlobalObjectId_V1-2-3b6551b0f2848c54f911d6f91ca83d54-627094882-0|True|(-7.1, 0.1, 0)|(0, 0, 0, 1)|(0.2, 0.2, 20)
GlobalObjectId_V1-2-3b6551b0f2848c54f911d6f91ca83d54-628160879952554115-1120997898|True|(0, 0, 0)|(-0.7071068, 0, 0, 0.7071067)|(100, 100, 100)
GlobalObjectId_V1-2-3b6551b0f2848c54f911d6f91ca83d54-628160879952554115-1378066733|True|(0, 0, 0)|(-0.7071068, 0, 0, 0.7071067)|(100, 100, 100)
GlobalObjectId_V1-2-3b6551b0f2848c54f911d6f91ca83d54-628160879952554115-1387022782|True|(0, 0, 0)|(-0.7071068, 0, 0, 0.7071067)|(100, 100, 100)
GlobalObjectId_V1-2-3b6551b0f2848c54f911d6f91ca83d54-628160879952554115-1556813190|True|(0, 0, 0)|(-0.7071068, 0, 0, 0.7071067)|(100, 100, 100)
GlobalObjectId_V1-2-3b6551b0f2848c54f911d6f91ca83d54-628160879952554115-161863763|True|(0, 0, 0)|(-0.7071068, 0, 0, 0.7071067)|(100, 100, 100)
GlobalObjectId_V1-2-3b6551b0f2848c54f911d6f91ca83d54-628160879952554115-305648292|True|(0, 0, 0)|(-0.7071068, 0, 0, 0.7071067)|(100, 100, 100)
GlobalObjectId_V1-2-3b6551b0f2848c54f911d6f91ca83d54-628160879952554115-404936451|True|(0, 0, 0)|(-0.7071068, 0, 0, 0.7071067)|(100, 100, 100)
GlobalObjectId_V1-2-3b6551b0f2848c54f911d6f91ca83d54-628160879952554115-501866861|True|(0, 0, 0)|(-0.7071068, 0, 0, 0.7071067)|(100, 100, 100)
GlobalObjectId_V1-2-3b6551b0f2848c54f911d6f91ca83d54-628160879952554115-692789032|True|(0, 0, 0)|(-0.7071068, 0, 0, 0.7071067)|(100, 100, 100)
GlobalObjectId_V1-2-3b6551b0f2848c54f911d6f91ca83d54-628160879952554115-892891150|True|(0, 0, 0)|(-0.7071068, 0, 0, 0.7071067)|(100, 100, 100)
GlobalObjectId_V1-2-3b6551b0f2848c54f911d6f91ca83d54-628287349-0|False|(236.9, 0, 263.900024)|(0, 0, 0, 1)|(1, 1, 1)
GlobalObjectId_V1-2-3b6551b0f2848c54f911d6f91ca83d54-635758030-0|False|(240, 0, 197.299988)|(0, 0, 0, 1)|(1, 1, 1)
GlobalObjectId_V1-2-3b6551b0f2848c54f911d6f91ca83d54-6359595959197099524-1025319220|True|(0, -0.035, 0.001)|(0, 0, 0, 1)|(0.54, 0.918000042, 1)
GlobalObjectId_V1-2-3b6551b0f2848c54f911d6f91ca83d54-6359595959197099524-1076637211|True|(0, -0.035, 0.001)|(0, 0, 0, 1)|(0.54, 0.918000042, 1)
GlobalObjectId_V1-2-3b6551b0f2848c54f911d6f91ca83d54-6359595959197099524-1123370063|True|(0, -0.035, 0.001)|(0, 0, 0, 1)|(0.54, 0.918000042, 1)
GlobalObjectId_V1-2-3b6551b0f2848c54f911d6f91ca83d54-6359595959197099524-1138517293|True|(0, -0.035, 0.001)|(0, 0, 0, 1)|(0.54, 0.918000042, 1)
GlobalObjectId_V1-2-3b6551b0f2848c54f911d6f91ca83d54-6359595959197099524-1145818399|True|(0, -0.035, 0.001)|(0, 0, 0, 1)|(0.54, 0.918000042, 1)
GlobalObjectId_V1-2-3b6551b0f2848c54f911d6f91ca83d54-6359595959197099524-1148386096|True|(0, -0.035, 0.001)|(0, 0, 0, 1)|(0.54, 0.918000042, 1)
GlobalObjectId_V1-2-3b6551b0f2848c54f911d6f91ca83d54-6359595959197099524-1157908847|True|(0, -0.035, 0.001)|(0, 0, 0, 1)|(0.54, 0.918000042, 1)
GlobalObjectId_V1-2-3b6551b0f2848c54f911d6f91ca83d54-6359595959197099524-117525737|True|(0, -0.035, 0.001)|(0, 0, 0, 1)|(0.54, 0.918000042, 1)
GlobalObjectId_V1-2-3b6551b0f2848c54f911d6f91ca83d54-6359595959197099524-1211572864|True|(0, -0.035, 0.001)|(0, 0, 0, 1)|(0.54, 0.918000042, 1)
GlobalObjectId_V1-2-3b6551b0f2848c54f911d6f91ca83d54-6359595959197099524-1261995047|True|(0, -0.035, 0.001)|(0, 0, 0, 1)|(0.54, 0.918000042, 1)
GlobalObjectId_V1-2-3b6551b0f2848c54f911d6f91ca83d54-6359595959197099524-1273560124|True|(0, -0.035, 0.001)|(0, 0, 0, 1)|(0.54, 0.918000042, 1)
GlobalObjectId_V1-2-3b6551b0f2848c54f911d6f91ca83d54-6359595959197099524-1341893445|True|(0, -0.035, 0.001)|(0, 0, 0, 1)|(0.54, 0.918000042, 1)
GlobalObjectId_V1-2-3b6551b0f2848c54f911d6f91ca83d54-6359595959197099524-1577023816|True|(0, -0.035, 0.001)|(0, 0, 0, 1)|(0.54, 0.918000042, 1)
GlobalObjectId_V1-2-3b6551b0f2848c54f911d6f91ca83d54-6359595959197099524-1609908011|True|(0, -0.035, 0.001)|(0, 0, 0, 1)|(0.54, 0.918000042, 1)
GlobalObjectId_V1-2-3b6551b0f2848c54f911d6f91ca83d54-6359595959197099524-1654698043|True|(0, -0.035, 0.001)|(0, 0, 0, 1)|(0.54, 0.918000042, 1)
GlobalObjectId_V1-2-3b6551b0f2848c54f911d6f91ca83d54-6359595959197099524-1725634851|True|(0, -0.035, 0.001)|(0, 0, 0, 1)|(0.54, 0.918000042, 1)
GlobalObjectId_V1-2-3b6551b0f2848c54f911d6f91ca83d54-6359595959197099524-178552251|True|(0, -0.035, 0.001)|(0, 0, 0, 1)|(0.54, 0.918000042, 1)
GlobalObjectId_V1-2-3b6551b0f2848c54f911d6f91ca83d54-6359595959197099524-1804972047|True|(0, -0.035, 0.001)|(0, 0, 0, 1)|(0.54, 0.918000042, 1)
GlobalObjectId_V1-2-3b6551b0f2848c54f911d6f91ca83d54-6359595959197099524-1819624870|True|(0, -0.035, 0.001)|(0, 0, 0, 1)|(0.54, 0.918000042, 1)
GlobalObjectId_V1-2-3b6551b0f2848c54f911d6f91ca83d54-6359595959197099524-1866442031|True|(0, -0.035, 0.001)|(0, 0, 0, 1)|(0.54, 0.918000042, 1)
GlobalObjectId_V1-2-3b6551b0f2848c54f911d6f91ca83d54-6359595959197099524-1970165663|True|(0, -0.035, 0.001)|(0, 0, 0, 1)|(0.54, 0.918000042, 1)
GlobalObjectId_V1-2-3b6551b0f2848c54f911d6f91ca83d54-6359595959197099524-2024084545|True|(0, -0.035, 0.001)|(0, 0, 0, 1)|(0.54, 0.918000042, 1)
GlobalObjectId_V1-2-3b6551b0f2848c54f911d6f91ca83d54-6359595959197099524-2026501014|True|(0, -0.035, 0.001)|(0, 0, 0, 1)|(0.54, 0.918000042, 1)
GlobalObjectId_V1-2-3b6551b0f2848c54f911d6f91ca83d54-6359595959197099524-2039403610|True|(0, -0.035, 0.001)|(0, 0, 0, 1)|(0.54, 0.918000042, 1)
GlobalObjectId_V1-2-3b6551b0f2848c54f911d6f91ca83d54-6359595959197099524-2040492614|True|(0, -0.035, 0.001)|(0, 0, 0, 1)|(0.54, 0.918000042, 1)
GlobalObjectId_V1-2-3b6551b0f2848c54f911d6f91ca83d54-6359595959197099524-2056561579|True|(0, -0.035, 0.001)|(0, 0, 0, 1)|(0.54, 0.918000042, 1)
GlobalObjectId_V1-2-3b6551b0f2848c54f911d6f91ca83d54-6359595959197099524-2059838410|True|(0, -0.035, 0.001)|(0, 0, 0, 1)|(0.54, 0.918000042, 1)
GlobalObjectId_V1-2-3b6551b0f2848c54f911d6f91ca83d54-6359595959197099524-220756394|True|(0, -0.035, 0.001)|(0, 0, 0, 1)|(0.54, 0.918000042, 1)
GlobalObjectId_V1-2-3b6551b0f2848c54f911d6f91ca83d54-6359595959197099524-241495691|True|(0, -0.035, 0.001)|(0, 0, 0, 1)|(0.54, 0.918000042, 1)
GlobalObjectId_V1-2-3b6551b0f2848c54f911d6f91ca83d54-6359595959197099524-243786568|True|(0, -0.035, 0.001)|(0, 0, 0, 1)|(0.54, 0.918000042, 1)
GlobalObjectId_V1-2-3b6551b0f2848c54f911d6f91ca83d54-6359595959197099524-27082819|True|(0, -0.035, 0.001)|(0, 0, 0, 1)|(0.54, 0.918000042, 1)
GlobalObjectId_V1-2-3b6551b0f2848c54f911d6f91ca83d54-6359595959197099524-287385670|True|(0, -0.035, 0.001)|(0, 0, 0, 1)|(0.54, 0.918000042, 1)
GlobalObjectId_V1-2-3b6551b0f2848c54f911d6f91ca83d54-6359595959197099524-308217777|True|(0, -0.035, 0.001)|(0, 0, 0, 1)|(0.54, 0.918000042, 1)
GlobalObjectId_V1-2-3b6551b0f2848c54f911d6f91ca83d54-6359595959197099524-31273311|True|(0, -0.035, 0.001)|(0, 0, 0, 1)|(0.54, 0.918000042, 1)
GlobalObjectId_V1-2-3b6551b0f2848c54f911d6f91ca83d54-6359595959197099524-343957928|True|(0, -0.035, 0.001)|(0, 0, 0, 1)|(0.54, 0.918000042, 1)
GlobalObjectId_V1-2-3b6551b0f2848c54f911d6f91ca83d54-6359595959197099524-396161643|True|(0, -0.035, 0.001)|(0, 0, 0, 1)|(0.54, 0.918000042, 1)
GlobalObjectId_V1-2-3b6551b0f2848c54f911d6f91ca83d54-6359595959197099524-426443221|True|(0, -0.035, 0.001)|(0, 0, 0, 1)|(0.54, 0.918000042, 1)
GlobalObjectId_V1-2-3b6551b0f2848c54f911d6f91ca83d54-6359595959197099524-458006385|True|(0, -0.035, 0.001)|(0, 0, 0, 1)|(0.54, 0.918000042, 1)
GlobalObjectId_V1-2-3b6551b0f2848c54f911d6f91ca83d54-6359595959197099524-502189609|True|(0, -0.035, 0.001)|(0, 0, 0, 1)|(0.54, 0.918000042, 1)
GlobalObjectId_V1-2-3b6551b0f2848c54f911d6f91ca83d54-6359595959197099524-502266823|True|(0, -0.035, 0.001)|(0, 0, 0, 1)|(0.54, 0.918000042, 1)
GlobalObjectId_V1-2-3b6551b0f2848c54f911d6f91ca83d54-6359595959197099524-593650449|True|(0, -0.035, 0.001)|(0, 0, 0, 1)|(0.54, 0.918000042, 1)
GlobalObjectId_V1-2-3b6551b0f2848c54f911d6f91ca83d54-6359595959197099524-600046749|True|(0, -0.035, 0.001)|(0, 0, 0, 1)|(0.54, 0.918000042, 1)
GlobalObjectId_V1-2-3b6551b0f2848c54f911d6f91ca83d54-6359595959197099524-656679930|True|(0, -0.035, 0.001)|(0, 0, 0, 1)|(0.54, 0.918000042, 1)
GlobalObjectId_V1-2-3b6551b0f2848c54f911d6f91ca83d54-6359595959197099524-680847915|True|(0, -0.035, 0.001)|(0, 0, 0, 1)|(0.54, 0.918000042, 1)
GlobalObjectId_V1-2-3b6551b0f2848c54f911d6f91ca83d54-6359595959197099524-731984814|True|(0, -0.035, 0.001)|(0, 0, 0, 1)|(0.54, 0.918000042, 1)
GlobalObjectId_V1-2-3b6551b0f2848c54f911d6f91ca83d54-6359595959197099524-754211584|True|(0, -0.035, 0.001)|(0, 0, 0, 1)|(0.54, 0.918000042, 1)
GlobalObjectId_V1-2-3b6551b0f2848c54f911d6f91ca83d54-6359595959197099524-859783628|True|(0, -0.035, 0.001)|(0, 0, 0, 1)|(0.54, 0.918000042, 1)
GlobalObjectId_V1-2-3b6551b0f2848c54f911d6f91ca83d54-6359595959197099524-878071367|True|(0, -0.035, 0.001)|(0, 0, 0, 1)|(0.54, 0.918000042, 1)
GlobalObjectId_V1-2-3b6551b0f2848c54f911d6f91ca83d54-6359595959197099524-956417833|True|(0, -0.035, 0.001)|(0, 0, 0, 1)|(0.54, 0.918000042, 1)
GlobalObjectId_V1-2-3b6551b0f2848c54f911d6f91ca83d54-6359595959197099524-975687593|True|(0, -0.035, 0.001)|(0, 0, 0, 1)|(0.54, 0.918000042, 1)
GlobalObjectId_V1-2-3b6551b0f2848c54f911d6f91ca83d54-6377967741388083046-1049486283|True|(0, 0, 0)|(0, 0, 0, 1)|(1, 1, 1)
GlobalObjectId_V1-2-3b6551b0f2848c54f911d6f91ca83d54-6377967741388083046-126319019|True|(0, 0, 0)|(0, 0, 0, 1)|(1, 1, 1)
GlobalObjectId_V1-2-3b6551b0f2848c54f911d6f91ca83d54-6377967741388083046-1481706251|True|(0, 0, 0)|(0, 0, 0, 1)|(1, 1, 1)
GlobalObjectId_V1-2-3b6551b0f2848c54f911d6f91ca83d54-6377967741388083046-1592385703|True|(0, 0, 0)|(0, 0, 0, 1)|(1, 1, 1)
GlobalObjectId_V1-2-3b6551b0f2848c54f911d6f91ca83d54-6377967741388083046-1661574985|True|(0, 0, 0)|(0, 0, 0, 1)|(1, 1, 1)
GlobalObjectId_V1-2-3b6551b0f2848c54f911d6f91ca83d54-6377967741388083046-1902647294|True|(0, 0, 0)|(0, 0, 0, 1)|(1, 1, 1)
GlobalObjectId_V1-2-3b6551b0f2848c54f911d6f91ca83d54-6377967741388083046-239339974|True|(0, 0, 0)|(0, 0, 0, 1)|(1, 1, 1)
GlobalObjectId_V1-2-3b6551b0f2848c54f911d6f91ca83d54-6377967741388083046-350417267|True|(0, 0, 0)|(0, 0, 0, 1)|(1, 1, 1)
GlobalObjectId_V1-2-3b6551b0f2848c54f911d6f91ca83d54-6377967741388083046-575299033|True|(0, 0, 0)|(0, 0, 0, 1)|(1, 1, 1)
GlobalObjectId_V1-2-3b6551b0f2848c54f911d6f91ca83d54-6377967741388083046-834271436|True|(0, 0, 0)|(0, 0, 0, 1)|(1, 1, 1)
GlobalObjectId_V1-2-3b6551b0f2848c54f911d6f91ca83d54-638295993-0|True|(7.1, 0.1, 0)|(0, 0, 0, 1)|(0.2, 0.2, 20)
GlobalObjectId_V1-2-3b6551b0f2848c54f911d6f91ca83d54-6388642687855166300-1191602872|True|(0.00160000008, 0, 0)|(0.9871956, 0.112429716, 0.112429671, -0.0128043881)|(1.00000036, 1.00000012, 1)
GlobalObjectId_V1-2-3b6551b0f2848c54f911d6f91ca83d54-6388642687855166300-1250511116|True|(0.00160000008, 0, 0)|(0.9871956, 0.112429716, 0.112429671, -0.0128043881)|(1.00000036, 1.00000012, 1)
GlobalObjectId_V1-2-3b6551b0f2848c54f911d6f91ca83d54-6388642687855166300-127729888|True|(0.00160000008, 0, 0)|(0.9871956, 0.112429716, 0.112429671, -0.0128043881)|(1.00000036, 1.00000012, 1)
GlobalObjectId_V1-2-3b6551b0f2848c54f911d6f91ca83d54-6388642687855166300-1897079065|True|(0.00160000008, 0, 0)|(0.9871956, 0.112429716, 0.112429671, -0.0128043881)|(1.00000036, 1.00000012, 1)
GlobalObjectId_V1-2-3b6551b0f2848c54f911d6f91ca83d54-6388642687855166300-2070896708|True|(0.00160000008, 0, 0)|(0.9871956, 0.112429716, 0.112429671, -0.0128043881)|(1.00000036, 1.00000012, 1)
GlobalObjectId_V1-2-3b6551b0f2848c54f911d6f91ca83d54-6388642687855166300-383792707|True|(0.00160000008, 0, 0)|(0.9871956, 0.112429716, 0.112429671, -0.0128043881)|(1.00000036, 1.00000012, 1)
GlobalObjectId_V1-2-3b6551b0f2848c54f911d6f91ca83d54-6388642687855166300-393103402|True|(0.00160000008, 0, 0)|(0.9871956, 0.112429716, 0.112429671, -0.0128043881)|(1.00000036, 1.00000012, 1)
GlobalObjectId_V1-2-3b6551b0f2848c54f911d6f91ca83d54-6388642687855166300-566916451|True|(0.00160000008, 0, 0)|(0.9871956, 0.112429716, 0.112429671, -0.0128043881)|(1.00000036, 1.00000012, 1)
GlobalObjectId_V1-2-3b6551b0f2848c54f911d6f91ca83d54-6388642687855166300-965188316|True|(0.00160000008, 0, 0)|(0.9871956, 0.112429716, 0.112429671, -0.0128043881)|(1.00000036, 1.00000012, 1)
GlobalObjectId_V1-2-3b6551b0f2848c54f911d6f91ca83d54-6388642687855166300-969570616|True|(0.00160000008, 0, 0)|(0.9871956, 0.112429716, 0.112429671, -0.0128043881)|(1.00000036, 1.00000012, 1)
GlobalObjectId_V1-2-3b6551b0f2848c54f911d6f91ca83d54-641107819-0|True|(7.1, 0.1, 0)|(0, 0, 0, 1)|(0.2, 0.2, 20)
GlobalObjectId_V1-2-3b6551b0f2848c54f911d6f91ca83d54-644370181-0|True|(7.1, 0.1, 0)|(0, 0, 0, 1)|(0.2, 0.2, 20)
GlobalObjectId_V1-2-3b6551b0f2848c54f911d6f91ca83d54-651469988-0|True|(7.1, 0.1, 0)|(0, 0, 0, 1)|(0.2, 0.2, 20)
GlobalObjectId_V1-2-3b6551b0f2848c54f911d6f91ca83d54-65237809449909890-1120997898|True|(0, 0.0007999998, 0)|(0, 0, 0, 1)|(1, 1, 1)
GlobalObjectId_V1-2-3b6551b0f2848c54f911d6f91ca83d54-65237809449909890-1378066733|True|(0, 0.0007999998, 0)|(0, 0, 0, 1)|(1, 1, 1)
GlobalObjectId_V1-2-3b6551b0f2848c54f911d6f91ca83d54-65237809449909890-1387022782|True|(0, 0.0007999998, 0)|(0, 0, 0, 1)|(1, 1, 1)
GlobalObjectId_V1-2-3b6551b0f2848c54f911d6f91ca83d54-65237809449909890-1556813190|True|(0, 0.0007999998, 0)|(0, 0, 0, 1)|(1, 1, 1)
GlobalObjectId_V1-2-3b6551b0f2848c54f911d6f91ca83d54-65237809449909890-161863763|True|(0, 0.0007999998, 0)|(0, 0, 0, 1)|(1, 1, 1)
GlobalObjectId_V1-2-3b6551b0f2848c54f911d6f91ca83d54-65237809449909890-305648292|True|(0, 0.0007999998, 0)|(0, 0, 0, 1)|(1, 1, 1)
GlobalObjectId_V1-2-3b6551b0f2848c54f911d6f91ca83d54-65237809449909890-404936451|True|(0, 0.0007999998, 0)|(0, 0, 0, 1)|(1, 1, 1)
GlobalObjectId_V1-2-3b6551b0f2848c54f911d6f91ca83d54-65237809449909890-501866861|True|(0, 0.0007999998, 0)|(0, 0, 0, 1)|(1, 1, 1)
GlobalObjectId_V1-2-3b6551b0f2848c54f911d6f91ca83d54-65237809449909890-692789032|True|(0, 0.0007999998, 0)|(0, 0, 0, 1)|(1, 1, 1)
GlobalObjectId_V1-2-3b6551b0f2848c54f911d6f91ca83d54-65237809449909890-892891150|True|(0, 0.0007999998, 0)|(0, 0, 0, 1)|(1, 1, 1)
GlobalObjectId_V1-2-3b6551b0f2848c54f911d6f91ca83d54-6531499093414277420-1229718731|True|(0, 0.51, 0)|(0, 0, 0, 1)|(0.8, 0.06, 0.8)
GlobalObjectId_V1-2-3b6551b0f2848c54f911d6f91ca83d54-6531499093414277420-1268510627|True|(0, 0.51, 0)|(0, 0, 0, 1)|(0.8, 0.06, 0.8)
GlobalObjectId_V1-2-3b6551b0f2848c54f911d6f91ca83d54-6531499093414277420-1298481983|True|(0, 0.51, 0)|(0, 0, 0, 1)|(0.8, 0.06, 0.8)
GlobalObjectId_V1-2-3b6551b0f2848c54f911d6f91ca83d54-6531499093414277420-1473460188|True|(0, 0.51, 0)|(0, 0, 0, 1)|(0.8, 0.06, 0.8)
GlobalObjectId_V1-2-3b6551b0f2848c54f911d6f91ca83d54-6531499093414277420-1740273041|True|(0, 0.51, 0)|(0, 0, 0, 1)|(0.8, 0.06, 0.8)
GlobalObjectId_V1-2-3b6551b0f2848c54f911d6f91ca83d54-6531499093414277420-352986360|True|(0, 0.51, 0)|(0, 0, 0, 1)|(0.8, 0.06, 0.8)
GlobalObjectId_V1-2-3b6551b0f2848c54f911d6f91ca83d54-6531499093414277420-375106697|True|(0, 0.51, 0)|(0, 0, 0, 1)|(0.8, 0.06, 0.8)
GlobalObjectId_V1-2-3b6551b0f2848c54f911d6f91ca83d54-6531499093414277420-466313733|True|(0, 0.51, 0)|(0, 0, 0, 1)|(0.8, 0.06, 0.8)
GlobalObjectId_V1-2-3b6551b0f2848c54f911d6f91ca83d54-6531499093414277420-769108169|True|(0, 0.51, 0)|(0, 0, 0, 1)|(0.8, 0.06, 0.8)
GlobalObjectId_V1-2-3b6551b0f2848c54f911d6f91ca83d54-6531499093414277420-814571549|True|(0, 0.51, 0)|(0, 0, 0, 1)|(0.8, 0.06, 0.8)
GlobalObjectId_V1-2-3b6551b0f2848c54f911d6f91ca83d54-6598211052867065583-1025319220|True|(-0.237600014, -0.015, 0.001)|(0, 0, -0.0610485449, 0.998134851)|(0.4104, 1.0044, 1)
GlobalObjectId_V1-2-3b6551b0f2848c54f911d6f91ca83d54-6598211052867065583-1076637211|True|(-0.237600014, -0.015, 0.001)|(0, 0, -0.0610485449, 0.998134851)|(0.4104, 1.0044, 1)
GlobalObjectId_V1-2-3b6551b0f2848c54f911d6f91ca83d54-6598211052867065583-1123370063|True|(-0.237600014, -0.015, 0.001)|(0, 0, -0.0610485449, 0.998134851)|(0.4104, 1.0044, 1)
GlobalObjectId_V1-2-3b6551b0f2848c54f911d6f91ca83d54-6598211052867065583-1138517293|True|(-0.237600014, -0.015, 0.001)|(0, 0, -0.0610485449, 0.998134851)|(0.4104, 1.0044, 1)
GlobalObjectId_V1-2-3b6551b0f2848c54f911d6f91ca83d54-6598211052867065583-1145818399|True|(-0.237600014, -0.015, 0.001)|(0, 0, -0.0610485449, 0.998134851)|(0.4104, 1.0044, 1)
GlobalObjectId_V1-2-3b6551b0f2848c54f911d6f91ca83d54-6598211052867065583-1148386096|True|(-0.237600014, -0.015, 0.001)|(0, 0, -0.0610485449, 0.998134851)|(0.4104, 1.0044, 1)
GlobalObjectId_V1-2-3b6551b0f2848c54f911d6f91ca83d54-6598211052867065583-1157908847|True|(-0.237600014, -0.015, 0.001)|(0, 0, -0.0610485449, 0.998134851)|(0.4104, 1.0044, 1)
GlobalObjectId_V1-2-3b6551b0f2848c54f911d6f91ca83d54-6598211052867065583-117525737|True|(-0.237600014, -0.015, 0.001)|(0, 0, -0.0610485449, 0.998134851)|(0.4104, 1.0044, 1)
GlobalObjectId_V1-2-3b6551b0f2848c54f911d6f91ca83d54-6598211052867065583-1211572864|True|(-0.237600014, -0.015, 0.001)|(0, 0, -0.0610485449, 0.998134851)|(0.4104, 1.0044, 1)
GlobalObjectId_V1-2-3b6551b0f2848c54f911d6f91ca83d54-6598211052867065583-1261995047|True|(-0.237600014, -0.015, 0.001)|(0, 0, -0.0610485449, 0.998134851)|(0.4104, 1.0044, 1)
GlobalObjectId_V1-2-3b6551b0f2848c54f911d6f91ca83d54-6598211052867065583-1273560124|True|(-0.237600014, -0.015, 0.001)|(0, 0, -0.0610485449, 0.998134851)|(0.4104, 1.0044, 1)
GlobalObjectId_V1-2-3b6551b0f2848c54f911d6f91ca83d54-6598211052867065583-1341893445|True|(-0.237600014, -0.015, 0.001)|(0, 0, -0.0610485449, 0.998134851)|(0.4104, 1.0044, 1)
GlobalObjectId_V1-2-3b6551b0f2848c54f911d6f91ca83d54-6598211052867065583-1577023816|True|(-0.237600014, -0.015, 0.001)|(0, 0, -0.0610485449, 0.998134851)|(0.4104, 1.0044, 1)
GlobalObjectId_V1-2-3b6551b0f2848c54f911d6f91ca83d54-6598211052867065583-1609908011|True|(-0.237600014, -0.015, 0.001)|(0, 0, -0.0610485449, 0.998134851)|(0.4104, 1.0044, 1)
GlobalObjectId_V1-2-3b6551b0f2848c54f911d6f91ca83d54-6598211052867065583-1654698043|True|(-0.237600014, -0.015, 0.001)|(0, 0, -0.0610485449, 0.998134851)|(0.4104, 1.0044, 1)
GlobalObjectId_V1-2-3b6551b0f2848c54f911d6f91ca83d54-6598211052867065583-1725634851|True|(-0.237600014, -0.015, 0.001)|(0, 0, -0.0610485449, 0.998134851)|(0.4104, 1.0044, 1)
GlobalObjectId_V1-2-3b6551b0f2848c54f911d6f91ca83d54-6598211052867065583-178552251|True|(-0.237600014, -0.015, 0.001)|(0, 0, -0.0610485449, 0.998134851)|(0.4104, 1.0044, 1)
GlobalObjectId_V1-2-3b6551b0f2848c54f911d6f91ca83d54-6598211052867065583-1804972047|True|(-0.237600014, -0.015, 0.001)|(0, 0, -0.0610485449, 0.998134851)|(0.4104, 1.0044, 1)
GlobalObjectId_V1-2-3b6551b0f2848c54f911d6f91ca83d54-6598211052867065583-1819624870|True|(-0.237600014, -0.015, 0.001)|(0, 0, -0.0610485449, 0.998134851)|(0.4104, 1.0044, 1)
GlobalObjectId_V1-2-3b6551b0f2848c54f911d6f91ca83d54-6598211052867065583-1866442031|True|(-0.237600014, -0.015, 0.001)|(0, 0, -0.0610485449, 0.998134851)|(0.4104, 1.0044, 1)
GlobalObjectId_V1-2-3b6551b0f2848c54f911d6f91ca83d54-6598211052867065583-1970165663|True|(-0.237600014, -0.015, 0.001)|(0, 0, -0.0610485449, 0.998134851)|(0.4104, 1.0044, 1)
GlobalObjectId_V1-2-3b6551b0f2848c54f911d6f91ca83d54-6598211052867065583-2024084545|True|(-0.237600014, -0.015, 0.001)|(0, 0, -0.0610485449, 0.998134851)|(0.4104, 1.0044, 1)
GlobalObjectId_V1-2-3b6551b0f2848c54f911d6f91ca83d54-6598211052867065583-2026501014|True|(-0.237600014, -0.015, 0.001)|(0, 0, -0.0610485449, 0.998134851)|(0.4104, 1.0044, 1)
GlobalObjectId_V1-2-3b6551b0f2848c54f911d6f91ca83d54-6598211052867065583-2039403610|True|(-0.237600014, -0.015, 0.001)|(0, 0, -0.0610485449, 0.998134851)|(0.4104, 1.0044, 1)
GlobalObjectId_V1-2-3b6551b0f2848c54f911d6f91ca83d54-6598211052867065583-2040492614|True|(-0.237600014, -0.015, 0.001)|(0, 0, -0.0610485449, 0.998134851)|(0.4104, 1.0044, 1)
GlobalObjectId_V1-2-3b6551b0f2848c54f911d6f91ca83d54-6598211052867065583-2056561579|True|(-0.237600014, -0.015, 0.001)|(0, 0, -0.0610485449, 0.998134851)|(0.4104, 1.0044, 1)
GlobalObjectId_V1-2-3b6551b0f2848c54f911d6f91ca83d54-6598211052867065583-2059838410|True|(-0.237600014, -0.015, 0.001)|(0, 0, -0.0610485449, 0.998134851)|(0.4104, 1.0044, 1)
GlobalObjectId_V1-2-3b6551b0f2848c54f911d6f91ca83d54-6598211052867065583-220756394|True|(-0.237600014, -0.015, 0.001)|(0, 0, -0.0610485449, 0.998134851)|(0.4104, 1.0044, 1)
GlobalObjectId_V1-2-3b6551b0f2848c54f911d6f91ca83d54-6598211052867065583-241495691|True|(-0.237600014, -0.015, 0.001)|(0, 0, -0.0610485449, 0.998134851)|(0.4104, 1.0044, 1)
GlobalObjectId_V1-2-3b6551b0f2848c54f911d6f91ca83d54-6598211052867065583-243786568|True|(-0.237600014, -0.015, 0.001)|(0, 0, -0.0610485449, 0.998134851)|(0.4104, 1.0044, 1)
GlobalObjectId_V1-2-3b6551b0f2848c54f911d6f91ca83d54-6598211052867065583-27082819|True|(-0.237600014, -0.015, 0.001)|(0, 0, -0.0610485449, 0.998134851)|(0.4104, 1.0044, 1)
GlobalObjectId_V1-2-3b6551b0f2848c54f911d6f91ca83d54-6598211052867065583-287385670|True|(-0.237600014, -0.015, 0.001)|(0, 0, -0.0610485449, 0.998134851)|(0.4104, 1.0044, 1)
GlobalObjectId_V1-2-3b6551b0f2848c54f911d6f91ca83d54-6598211052867065583-308217777|True|(-0.237600014, -0.015, 0.001)|(0, 0, -0.0610485449, 0.998134851)|(0.4104, 1.0044, 1)
GlobalObjectId_V1-2-3b6551b0f2848c54f911d6f91ca83d54-6598211052867065583-31273311|True|(-0.237600014, -0.015, 0.001)|(0, 0, -0.0610485449, 0.998134851)|(0.4104, 1.0044, 1)
GlobalObjectId_V1-2-3b6551b0f2848c54f911d6f91ca83d54-6598211052867065583-343957928|True|(-0.237600014, -0.015, 0.001)|(0, 0, -0.0610485449, 0.998134851)|(0.4104, 1.0044, 1)
GlobalObjectId_V1-2-3b6551b0f2848c54f911d6f91ca83d54-6598211052867065583-396161643|True|(-0.237600014, -0.015, 0.001)|(0, 0, -0.0610485449, 0.998134851)|(0.4104, 1.0044, 1)
GlobalObjectId_V1-2-3b6551b0f2848c54f911d6f91ca83d54-6598211052867065583-426443221|True|(-0.237600014, -0.015, 0.001)|(0, 0, -0.0610485449, 0.998134851)|(0.4104, 1.0044, 1)
GlobalObjectId_V1-2-3b6551b0f2848c54f911d6f91ca83d54-6598211052867065583-458006385|True|(-0.237600014, -0.015, 0.001)|(0, 0, -0.0610485449, 0.998134851)|(0.4104, 1.0044, 1)
GlobalObjectId_V1-2-3b6551b0f2848c54f911d6f91ca83d54-6598211052867065583-502189609|True|(-0.237600014, -0.015, 0.001)|(0, 0, -0.0610485449, 0.998134851)|(0.4104, 1.0044, 1)
GlobalObjectId_V1-2-3b6551b0f2848c54f911d6f91ca83d54-6598211052867065583-502266823|True|(-0.237600014, -0.015, 0.001)|(0, 0, -0.0610485449, 0.998134851)|(0.4104, 1.0044, 1)
GlobalObjectId_V1-2-3b6551b0f2848c54f911d6f91ca83d54-6598211052867065583-593650449|True|(-0.237600014, -0.015, 0.001)|(0, 0, -0.0610485449, 0.998134851)|(0.4104, 1.0044, 1)
GlobalObjectId_V1-2-3b6551b0f2848c54f911d6f91ca83d54-6598211052867065583-600046749|True|(-0.237600014, -0.015, 0.001)|(0, 0, -0.0610485449, 0.998134851)|(0.4104, 1.0044, 1)
GlobalObjectId_V1-2-3b6551b0f2848c54f911d6f91ca83d54-6598211052867065583-656679930|True|(-0.237600014, -0.015, 0.001)|(0, 0, -0.0610485449, 0.998134851)|(0.4104, 1.0044, 1)
GlobalObjectId_V1-2-3b6551b0f2848c54f911d6f91ca83d54-6598211052867065583-680847915|True|(-0.237600014, -0.015, 0.001)|(0, 0, -0.0610485449, 0.998134851)|(0.4104, 1.0044, 1)
GlobalObjectId_V1-2-3b6551b0f2848c54f911d6f91ca83d54-6598211052867065583-731984814|True|(-0.237600014, -0.015, 0.001)|(0, 0, -0.0610485449, 0.998134851)|(0.4104, 1.0044, 1)
GlobalObjectId_V1-2-3b6551b0f2848c54f911d6f91ca83d54-6598211052867065583-754211584|True|(-0.237600014, -0.015, 0.001)|(0, 0, -0.0610485449, 0.998134851)|(0.4104, 1.0044, 1)
GlobalObjectId_V1-2-3b6551b0f2848c54f911d6f91ca83d54-6598211052867065583-859783628|True|(-0.237600014, -0.015, 0.001)|(0, 0, -0.0610485449, 0.998134851)|(0.4104, 1.0044, 1)
GlobalObjectId_V1-2-3b6551b0f2848c54f911d6f91ca83d54-6598211052867065583-878071367|True|(-0.237600014, -0.015, 0.001)|(0, 0, -0.0610485449, 0.998134851)|(0.4104, 1.0044, 1)
GlobalObjectId_V1-2-3b6551b0f2848c54f911d6f91ca83d54-6598211052867065583-956417833|True|(-0.237600014, -0.015, 0.001)|(0, 0, -0.0610485449, 0.998134851)|(0.4104, 1.0044, 1)
GlobalObjectId_V1-2-3b6551b0f2848c54f911d6f91ca83d54-6598211052867065583-975687593|True|(-0.237600014, -0.015, 0.001)|(0, 0, -0.0610485449, 0.998134851)|(0.4104, 1.0044, 1)
GlobalObjectId_V1-2-3b6551b0f2848c54f911d6f91ca83d54-6606890749143539872-1025319220|True|(0, 0.005, 0)|(0, 0.317304641, 0, 0.948323667)|(1, 1, 1)
GlobalObjectId_V1-2-3b6551b0f2848c54f911d6f91ca83d54-6606890749143539872-1076637211|True|(0, 0.005, 0)|(0, 0.317304641, 0, 0.948323667)|(1, 1, 1)
GlobalObjectId_V1-2-3b6551b0f2848c54f911d6f91ca83d54-6606890749143539872-1123370063|True|(0, 0.005, 0)|(0, 0.317304641, 0, 0.948323667)|(1, 1, 1)
GlobalObjectId_V1-2-3b6551b0f2848c54f911d6f91ca83d54-6606890749143539872-1138517293|True|(0, 0.005, 0)|(0, 0.317304641, 0, 0.948323667)|(1, 1, 1)
GlobalObjectId_V1-2-3b6551b0f2848c54f911d6f91ca83d54-6606890749143539872-1145818399|True|(0, 0.005, 0)|(0, 0.317304641, 0, 0.948323667)|(1, 1, 1)
GlobalObjectId_V1-2-3b6551b0f2848c54f911d6f91ca83d54-6606890749143539872-1148386096|True|(0, 0.005, 0)|(0, 0.317304641, 0, 0.948323667)|(1, 1, 1)
GlobalObjectId_V1-2-3b6551b0f2848c54f911d6f91ca83d54-6606890749143539872-1157908847|True|(0, 0.005, 0)|(0, 0.317304641, 0, 0.948323667)|(1, 1, 1)
GlobalObjectId_V1-2-3b6551b0f2848c54f911d6f91ca83d54-6606890749143539872-117525737|True|(0, 0.005, 0)|(0, 0.317304641, 0, 0.948323667)|(1, 1, 1)
GlobalObjectId_V1-2-3b6551b0f2848c54f911d6f91ca83d54-6606890749143539872-1211572864|True|(0, 0.005, 0)|(0, 0.317304641, 0, 0.948323667)|(1, 1, 1)
GlobalObjectId_V1-2-3b6551b0f2848c54f911d6f91ca83d54-6606890749143539872-1261995047|True|(0, 0.005, 0)|(0, 0.317304641, 0, 0.948323667)|(1, 1, 1)
GlobalObjectId_V1-2-3b6551b0f2848c54f911d6f91ca83d54-6606890749143539872-1273560124|True|(0, 0.005, 0)|(0, 0.317304641, 0, 0.948323667)|(1, 1, 1)
GlobalObjectId_V1-2-3b6551b0f2848c54f911d6f91ca83d54-6606890749143539872-1341893445|True|(0, 0.005, 0)|(0, 0.317304641, 0, 0.948323667)|(1, 1, 1)
GlobalObjectId_V1-2-3b6551b0f2848c54f911d6f91ca83d54-6606890749143539872-1577023816|True|(0, 0.005, 0)|(0, 0.317304641, 0, 0.948323667)|(1, 1, 1)
GlobalObjectId_V1-2-3b6551b0f2848c54f911d6f91ca83d54-6606890749143539872-1609908011|True|(0, 0.005, 0)|(0, 0.317304641, 0, 0.948323667)|(1, 1, 1)
GlobalObjectId_V1-2-3b6551b0f2848c54f911d6f91ca83d54-6606890749143539872-1654698043|True|(0, 0.005, 0)|(0, 0.317304641, 0, 0.948323667)|(1, 1, 1)
GlobalObjectId_V1-2-3b6551b0f2848c54f911d6f91ca83d54-6606890749143539872-1725634851|True|(0, 0.005, 0)|(0, 0.317304641, 0, 0.948323667)|(1, 1, 1)
GlobalObjectId_V1-2-3b6551b0f2848c54f911d6f91ca83d54-6606890749143539872-178552251|True|(0, 0.005, 0)|(0, 0.317304641, 0, 0.948323667)|(1, 1, 1)
GlobalObjectId_V1-2-3b6551b0f2848c54f911d6f91ca83d54-6606890749143539872-1804972047|True|(0, 0.005, 0)|(0, 0.317304641, 0, 0.948323667)|(1, 1, 1)
GlobalObjectId_V1-2-3b6551b0f2848c54f911d6f91ca83d54-6606890749143539872-1819624870|True|(0, 0.005, 0)|(0, 0.317304641, 0, 0.948323667)|(1, 1, 1)
GlobalObjectId_V1-2-3b6551b0f2848c54f911d6f91ca83d54-6606890749143539872-1866442031|True|(0, 0.005, 0)|(0, 0.317304641, 0, 0.948323667)|(1, 1, 1)
GlobalObjectId_V1-2-3b6551b0f2848c54f911d6f91ca83d54-6606890749143539872-1970165663|True|(0, 0.005, 0)|(0, 0.317304641, 0, 0.948323667)|(1, 1, 1)
GlobalObjectId_V1-2-3b6551b0f2848c54f911d6f91ca83d54-6606890749143539872-2024084545|True|(0, 0.005, 0)|(0, 0.317304641, 0, 0.948323667)|(1, 1, 1)
GlobalObjectId_V1-2-3b6551b0f2848c54f911d6f91ca83d54-6606890749143539872-2026501014|True|(0, 0.005, 0)|(0, 0.317304641, 0, 0.948323667)|(1, 1, 1)
GlobalObjectId_V1-2-3b6551b0f2848c54f911d6f91ca83d54-6606890749143539872-2039403610|True|(0, 0.005, 0)|(0, 0.317304641, 0, 0.948323667)|(1, 1, 1)
GlobalObjectId_V1-2-3b6551b0f2848c54f911d6f91ca83d54-6606890749143539872-2040492614|True|(0, 0.005, 0)|(0, 0.317304641, 0, 0.948323667)|(1, 1, 1)
GlobalObjectId_V1-2-3b6551b0f2848c54f911d6f91ca83d54-6606890749143539872-2056561579|True|(0, 0.005, 0)|(0, 0.317304641, 0, 0.948323667)|(1, 1, 1)
GlobalObjectId_V1-2-3b6551b0f2848c54f911d6f91ca83d54-6606890749143539872-2059838410|True|(0, 0.005, 0)|(0, 0.317304641, 0, 0.948323667)|(1, 1, 1)
GlobalObjectId_V1-2-3b6551b0f2848c54f911d6f91ca83d54-6606890749143539872-220756394|True|(0, 0.005, 0)|(0, 0.317304641, 0, 0.948323667)|(1, 1, 1)
GlobalObjectId_V1-2-3b6551b0f2848c54f911d6f91ca83d54-6606890749143539872-241495691|True|(0, 0.005, 0)|(0, 0.317304641, 0, 0.948323667)|(1, 1, 1)
GlobalObjectId_V1-2-3b6551b0f2848c54f911d6f91ca83d54-6606890749143539872-243786568|True|(0, 0.005, 0)|(0, 0.317304641, 0, 0.948323667)|(1, 1, 1)
GlobalObjectId_V1-2-3b6551b0f2848c54f911d6f91ca83d54-6606890749143539872-27082819|True|(0, 0.005, 0)|(0, 0.317304641, 0, 0.948323667)|(1, 1, 1)
GlobalObjectId_V1-2-3b6551b0f2848c54f911d6f91ca83d54-6606890749143539872-287385670|True|(0, 0.005, 0)|(0, 0.317304641, 0, 0.948323667)|(1, 1, 1)
GlobalObjectId_V1-2-3b6551b0f2848c54f911d6f91ca83d54-6606890749143539872-308217777|True|(0, 0.005, 0)|(0, 0.317304641, 0, 0.948323667)|(1, 1, 1)
GlobalObjectId_V1-2-3b6551b0f2848c54f911d6f91ca83d54-6606890749143539872-31273311|True|(0, 0.005, 0)|(0, 0.317304641, 0, 0.948323667)|(1, 1, 1)
GlobalObjectId_V1-2-3b6551b0f2848c54f911d6f91ca83d54-6606890749143539872-343957928|True|(0, 0.005, 0)|(0, 0.317304641, 0, 0.948323667)|(1, 1, 1)
GlobalObjectId_V1-2-3b6551b0f2848c54f911d6f91ca83d54-6606890749143539872-396161643|True|(0, 0.005, 0)|(0, 0.317304641, 0, 0.948323667)|(1, 1, 1)
GlobalObjectId_V1-2-3b6551b0f2848c54f911d6f91ca83d54-6606890749143539872-426443221|True|(0, 0.005, 0)|(0, 0.317304641, 0, 0.948323667)|(1, 1, 1)
GlobalObjectId_V1-2-3b6551b0f2848c54f911d6f91ca83d54-6606890749143539872-458006385|True|(0, 0.005, 0)|(0, 0.317304641, 0, 0.948323667)|(1, 1, 1)
GlobalObjectId_V1-2-3b6551b0f2848c54f911d6f91ca83d54-6606890749143539872-502189609|True|(0, 0.005, 0)|(0, 0.317304641, 0, 0.948323667)|(1, 1, 1)
GlobalObjectId_V1-2-3b6551b0f2848c54f911d6f91ca83d54-6606890749143539872-502266823|True|(0, 0.005, 0)|(0, 0.317304641, 0, 0.948323667)|(1, 1, 1)
GlobalObjectId_V1-2-3b6551b0f2848c54f911d6f91ca83d54-6606890749143539872-593650449|True|(0, 0.005, 0)|(0, 0.317304641, 0, 0.948323667)|(1, 1, 1)
GlobalObjectId_V1-2-3b6551b0f2848c54f911d6f91ca83d54-6606890749143539872-600046749|True|(0, 0.005, 0)|(0, 0.317304641, 0, 0.948323667)|(1, 1, 1)
GlobalObjectId_V1-2-3b6551b0f2848c54f911d6f91ca83d54-6606890749143539872-656679930|True|(0, 0.005, 0)|(0, 0.317304641, 0, 0.948323667)|(1, 1, 1)
GlobalObjectId_V1-2-3b6551b0f2848c54f911d6f91ca83d54-6606890749143539872-680847915|True|(0, 0.005, 0)|(0, 0.317304641, 0, 0.948323667)|(1, 1, 1)
GlobalObjectId_V1-2-3b6551b0f2848c54f911d6f91ca83d54-6606890749143539872-731984814|True|(0, 0.005, 0)|(0, 0.317304641, 0, 0.948323667)|(1, 1, 1)
GlobalObjectId_V1-2-3b6551b0f2848c54f911d6f91ca83d54-6606890749143539872-754211584|True|(0, 0.005, 0)|(0, 0.317304641, 0, 0.948323667)|(1, 1, 1)
GlobalObjectId_V1-2-3b6551b0f2848c54f911d6f91ca83d54-6606890749143539872-859783628|True|(0, 0.005, 0)|(0, 0.317304641, 0, 0.948323667)|(1, 1, 1)
GlobalObjectId_V1-2-3b6551b0f2848c54f911d6f91ca83d54-6606890749143539872-878071367|True|(0, 0.005, 0)|(0, 0.317304641, 0, 0.948323667)|(1, 1, 1)
GlobalObjectId_V1-2-3b6551b0f2848c54f911d6f91ca83d54-6606890749143539872-956417833|True|(0, 0.005, 0)|(0, 0.317304641, 0, 0.948323667)|(1, 1, 1)
GlobalObjectId_V1-2-3b6551b0f2848c54f911d6f91ca83d54-6606890749143539872-975687593|True|(0, 0.005, 0)|(0, 0.317304641, 0, 0.948323667)|(1, 1, 1)
GlobalObjectId_V1-2-3b6551b0f2848c54f911d6f91ca83d54-661641573-0|True|(-7.1, 0.1, 0)|(0, 0, 0, 1)|(0.2, 0.2, 20)
GlobalObjectId_V1-2-3b6551b0f2848c54f911d6f91ca83d54-662085181-0|True|(7.1, 0.1, 0)|(0, 0, 0, 1)|(0.2, 0.2, 20)
GlobalObjectId_V1-2-3b6551b0f2848c54f911d6f91ca83d54-6680168765317730459-1229718731|{"MonoBehaviour":{"m_Enabled":true,"m_EditorHideFlags":0,"m_Name":"","m_EditorClassIdentifier":"Assembly-CSharp::IndianOceanAssets.ShooterSurvival.EnemyMovementController","eventMode":4,"moveSpeed":2.200000047683716,"patrolAcrossRoad":false,"moveAnimation":0,"targetPoint":{"instanceID":0},"hideWhileWaiting":false,"ambushEntrySide":0.0,"modelForwardYaw":0.0,"arrivalDistance":0.05000000074505806}}
GlobalObjectId_V1-2-3b6551b0f2848c54f911d6f91ca83d54-6680168765317730459-1268510627|{"MonoBehaviour":{"m_Enabled":true,"m_EditorHideFlags":0,"m_Name":"","m_EditorClassIdentifier":"Assembly-CSharp::IndianOceanAssets.ShooterSurvival.EnemyMovementController","eventMode":4,"moveSpeed":2.200000047683716,"patrolAcrossRoad":false,"moveAnimation":0,"targetPoint":{"instanceID":0},"hideWhileWaiting":false,"ambushEntrySide":0.0,"modelForwardYaw":0.0,"arrivalDistance":0.05000000074505806}}
GlobalObjectId_V1-2-3b6551b0f2848c54f911d6f91ca83d54-6680168765317730459-1298481983|{"MonoBehaviour":{"m_Enabled":true,"m_EditorHideFlags":0,"m_Name":"","m_EditorClassIdentifier":"Assembly-CSharp::IndianOceanAssets.ShooterSurvival.EnemyMovementController","eventMode":4,"moveSpeed":2.200000047683716,"patrolAcrossRoad":false,"moveAnimation":0,"targetPoint":{"instanceID":0},"hideWhileWaiting":false,"ambushEntrySide":0.0,"modelForwardYaw":0.0,"arrivalDistance":0.05000000074505806}}
GlobalObjectId_V1-2-3b6551b0f2848c54f911d6f91ca83d54-6680168765317730459-1473460188|{"MonoBehaviour":{"m_Enabled":true,"m_EditorHideFlags":0,"m_Name":"","m_EditorClassIdentifier":"Assembly-CSharp::IndianOceanAssets.ShooterSurvival.EnemyMovementController","eventMode":4,"moveSpeed":2.200000047683716,"patrolAcrossRoad":false,"moveAnimation":0,"targetPoint":{"instanceID":0},"hideWhileWaiting":false,"ambushEntrySide":0.0,"modelForwardYaw":0.0,"arrivalDistance":0.05000000074505806}}
GlobalObjectId_V1-2-3b6551b0f2848c54f911d6f91ca83d54-6680168765317730459-1740273041|{"MonoBehaviour":{"m_Enabled":true,"m_EditorHideFlags":0,"m_Name":"","m_EditorClassIdentifier":"Assembly-CSharp::IndianOceanAssets.ShooterSurvival.EnemyMovementController","eventMode":4,"moveSpeed":2.200000047683716,"patrolAcrossRoad":false,"moveAnimation":0,"targetPoint":{"instanceID":0},"hideWhileWaiting":false,"ambushEntrySide":0.0,"modelForwardYaw":0.0,"arrivalDistance":0.05000000074505806}}
GlobalObjectId_V1-2-3b6551b0f2848c54f911d6f91ca83d54-6680168765317730459-352986360|{"MonoBehaviour":{"m_Enabled":true,"m_EditorHideFlags":0,"m_Name":"","m_EditorClassIdentifier":"Assembly-CSharp::IndianOceanAssets.ShooterSurvival.EnemyMovementController","eventMode":4,"moveSpeed":2.200000047683716,"patrolAcrossRoad":false,"moveAnimation":0,"targetPoint":{"instanceID":0},"hideWhileWaiting":false,"ambushEntrySide":0.0,"modelForwardYaw":0.0,"arrivalDistance":0.05000000074505806}}
GlobalObjectId_V1-2-3b6551b0f2848c54f911d6f91ca83d54-6680168765317730459-375106697|{"MonoBehaviour":{"m_Enabled":true,"m_EditorHideFlags":0,"m_Name":"","m_EditorClassIdentifier":"Assembly-CSharp::IndianOceanAssets.ShooterSurvival.EnemyMovementController","eventMode":4,"moveSpeed":2.200000047683716,"patrolAcrossRoad":false,"moveAnimation":0,"targetPoint":{"instanceID":0},"hideWhileWaiting":false,"ambushEntrySide":0.0,"modelForwardYaw":0.0,"arrivalDistance":0.05000000074505806}}
GlobalObjectId_V1-2-3b6551b0f2848c54f911d6f91ca83d54-6680168765317730459-466313733|{"MonoBehaviour":{"m_Enabled":true,"m_EditorHideFlags":0,"m_Name":"","m_EditorClassIdentifier":"Assembly-CSharp::IndianOceanAssets.ShooterSurvival.EnemyMovementController","eventMode":4,"moveSpeed":2.200000047683716,"patrolAcrossRoad":false,"moveAnimation":0,"targetPoint":{"instanceID":0},"hideWhileWaiting":false,"ambushEntrySide":0.0,"modelForwardYaw":0.0,"arrivalDistance":0.05000000074505806}}
GlobalObjectId_V1-2-3b6551b0f2848c54f911d6f91ca83d54-6680168765317730459-769108169|{"MonoBehaviour":{"m_Enabled":true,"m_EditorHideFlags":0,"m_Name":"","m_EditorClassIdentifier":"Assembly-CSharp::IndianOceanAssets.ShooterSurvival.EnemyMovementController","eventMode":4,"moveSpeed":2.200000047683716,"patrolAcrossRoad":false,"moveAnimation":0,"targetPoint":{"instanceID":0},"hideWhileWaiting":false,"ambushEntrySide":0.0,"modelForwardYaw":0.0,"arrivalDistance":0.05000000074505806}}
GlobalObjectId_V1-2-3b6551b0f2848c54f911d6f91ca83d54-6680168765317730459-814571549|{"MonoBehaviour":{"m_Enabled":true,"m_EditorHideFlags":0,"m_Name":"","m_EditorClassIdentifier":"Assembly-CSharp::IndianOceanAssets.ShooterSurvival.EnemyMovementController","eventMode":4,"moveSpeed":2.200000047683716,"patrolAcrossRoad":false,"moveAnimation":0,"targetPoint":{"instanceID":0},"hideWhileWaiting":false,"ambushEntrySide":0.0,"modelForwardYaw":0.0,"arrivalDistance":0.05000000074505806}}
GlobalObjectId_V1-2-3b6551b0f2848c54f911d6f91ca83d54-6701877440358788256-1191518710|True|(0, 0, 4.65656472E-11)|(0.7071068, 0, 0, 0.7071067)|(1, 1, 1)
GlobalObjectId_V1-2-3b6551b0f2848c54f911d6f91ca83d54-6701877440358788256-1212367565|True|(0, 0, 4.65656472E-11)|(0.7071068, 0, 0, 0.7071067)|(1, 1, 1)
GlobalObjectId_V1-2-3b6551b0f2848c54f911d6f91ca83d54-6701877440358788256-143777058|True|(0, 0, 4.65656472E-11)|(0.7071068, 0, 0, 0.7071067)|(1, 1, 1)
GlobalObjectId_V1-2-3b6551b0f2848c54f911d6f91ca83d54-6701877440358788256-1542002196|True|(0, 0, 4.65656472E-11)|(0.7071068, 0, 0, 0.7071067)|(1, 1, 1)
GlobalObjectId_V1-2-3b6551b0f2848c54f911d6f91ca83d54-6701877440358788256-2024003042|True|(0, 0, 4.65656472E-11)|(0.7071068, 0, 0, 0.7071067)|(1, 1, 1)
GlobalObjectId_V1-2-3b6551b0f2848c54f911d6f91ca83d54-6701877440358788256-306864247|True|(0, 0, 4.65656472E-11)|(0.7071068, 0, 0, 0.7071067)|(1, 1, 1)
GlobalObjectId_V1-2-3b6551b0f2848c54f911d6f91ca83d54-6701877440358788256-309737671|True|(0, 0, 4.65656472E-11)|(0.7071068, 0, 0, 0.7071067)|(1, 1, 1)
GlobalObjectId_V1-2-3b6551b0f2848c54f911d6f91ca83d54-6701877440358788256-312149901|True|(0, 0, 4.65656472E-11)|(0.7071068, 0, 0, 0.7071067)|(1, 1, 1)
GlobalObjectId_V1-2-3b6551b0f2848c54f911d6f91ca83d54-6701877440358788256-857919492|True|(0, 0, 4.65656472E-11)|(0.7071068, 0, 0, 0.7071067)|(1, 1, 1)
GlobalObjectId_V1-2-3b6551b0f2848c54f911d6f91ca83d54-6701877440358788256-986728857|True|(0, 0, 4.65656472E-11)|(0.7071068, 0, 0, 0.7071067)|(1, 1, 1)
GlobalObjectId_V1-2-3b6551b0f2848c54f911d6f91ca83d54-671008716-0|True|(-7.1, 0.1, 0)|(0, 0, 0, 1)|(0.2, 0.2, 20)
GlobalObjectId_V1-2-3b6551b0f2848c54f911d6f91ca83d54-6723951810786731160-1025319220|True|(0, 0, 0)|(0.7071068, 0, 0, 0.7071068)|(1.2744, 1.2744, 1)
GlobalObjectId_V1-2-3b6551b0f2848c54f911d6f91ca83d54-6723951810786731160-1076637211|True|(0, 0, 0)|(0.7071068, 0, 0, 0.7071068)|(1.2744, 1.2744, 1)
GlobalObjectId_V1-2-3b6551b0f2848c54f911d6f91ca83d54-6723951810786731160-1123370063|True|(0, 0, 0)|(0.7071068, 0, 0, 0.7071068)|(1.2744, 1.2744, 1)
GlobalObjectId_V1-2-3b6551b0f2848c54f911d6f91ca83d54-6723951810786731160-1138517293|True|(0, 0, 0)|(0.7071068, 0, 0, 0.7071068)|(1.2744, 1.2744, 1)
GlobalObjectId_V1-2-3b6551b0f2848c54f911d6f91ca83d54-6723951810786731160-1145818399|True|(0, 0, 0)|(0.7071068, 0, 0, 0.7071068)|(1.2744, 1.2744, 1)
GlobalObjectId_V1-2-3b6551b0f2848c54f911d6f91ca83d54-6723951810786731160-1148386096|True|(0, 0, 0)|(0.7071068, 0, 0, 0.7071068)|(1.2744, 1.2744, 1)
GlobalObjectId_V1-2-3b6551b0f2848c54f911d6f91ca83d54-6723951810786731160-1157908847|True|(0, 0, 0)|(0.7071068, 0, 0, 0.7071068)|(1.2744, 1.2744, 1)
GlobalObjectId_V1-2-3b6551b0f2848c54f911d6f91ca83d54-6723951810786731160-117525737|True|(0, 0, 0)|(0.7071068, 0, 0, 0.7071068)|(1.2744, 1.2744, 1)
GlobalObjectId_V1-2-3b6551b0f2848c54f911d6f91ca83d54-6723951810786731160-1211572864|True|(0, 0, 0)|(0.7071068, 0, 0, 0.7071068)|(1.2744, 1.2744, 1)
GlobalObjectId_V1-2-3b6551b0f2848c54f911d6f91ca83d54-6723951810786731160-1261995047|True|(0, 0, 0)|(0.7071068, 0, 0, 0.7071068)|(1.2744, 1.2744, 1)
GlobalObjectId_V1-2-3b6551b0f2848c54f911d6f91ca83d54-6723951810786731160-1273560124|True|(0, 0, 0)|(0.7071068, 0, 0, 0.7071068)|(1.2744, 1.2744, 1)
GlobalObjectId_V1-2-3b6551b0f2848c54f911d6f91ca83d54-6723951810786731160-1341893445|True|(0, 0, 0)|(0.7071068, 0, 0, 0.7071068)|(1.2744, 1.2744, 1)
GlobalObjectId_V1-2-3b6551b0f2848c54f911d6f91ca83d54-6723951810786731160-1577023816|True|(0, 0, 0)|(0.7071068, 0, 0, 0.7071068)|(1.2744, 1.2744, 1)
GlobalObjectId_V1-2-3b6551b0f2848c54f911d6f91ca83d54-6723951810786731160-1609908011|True|(0, 0, 0)|(0.7071068, 0, 0, 0.7071068)|(1.2744, 1.2744, 1)
GlobalObjectId_V1-2-3b6551b0f2848c54f911d6f91ca83d54-6723951810786731160-1654698043|True|(0, 0, 0)|(0.7071068, 0, 0, 0.7071068)|(1.2744, 1.2744, 1)
GlobalObjectId_V1-2-3b6551b0f2848c54f911d6f91ca83d54-6723951810786731160-1725634851|True|(0, 0, 0)|(0.7071068, 0, 0, 0.7071068)|(1.2744, 1.2744, 1)
GlobalObjectId_V1-2-3b6551b0f2848c54f911d6f91ca83d54-6723951810786731160-178552251|True|(0, 0, 0)|(0.7071068, 0, 0, 0.7071068)|(1.2744, 1.2744, 1)
GlobalObjectId_V1-2-3b6551b0f2848c54f911d6f91ca83d54-6723951810786731160-1804972047|True|(0, 0, 0)|(0.7071068, 0, 0, 0.7071068)|(1.2744, 1.2744, 1)
GlobalObjectId_V1-2-3b6551b0f2848c54f911d6f91ca83d54-6723951810786731160-1819624870|True|(0, 0, 0)|(0.7071068, 0, 0, 0.7071068)|(1.2744, 1.2744, 1)
GlobalObjectId_V1-2-3b6551b0f2848c54f911d6f91ca83d54-6723951810786731160-1866442031|True|(0, 0, 0)|(0.7071068, 0, 0, 0.7071068)|(1.2744, 1.2744, 1)
GlobalObjectId_V1-2-3b6551b0f2848c54f911d6f91ca83d54-6723951810786731160-1970165663|True|(0, 0, 0)|(0.7071068, 0, 0, 0.7071068)|(1.2744, 1.2744, 1)
GlobalObjectId_V1-2-3b6551b0f2848c54f911d6f91ca83d54-6723951810786731160-2024084545|True|(0, 0, 0)|(0.7071068, 0, 0, 0.7071068)|(1.2744, 1.2744, 1)
GlobalObjectId_V1-2-3b6551b0f2848c54f911d6f91ca83d54-6723951810786731160-2026501014|True|(0, 0, 0)|(0.7071068, 0, 0, 0.7071068)|(1.2744, 1.2744, 1)
GlobalObjectId_V1-2-3b6551b0f2848c54f911d6f91ca83d54-6723951810786731160-2039403610|True|(0, 0, 0)|(0.7071068, 0, 0, 0.7071068)|(1.2744, 1.2744, 1)
GlobalObjectId_V1-2-3b6551b0f2848c54f911d6f91ca83d54-6723951810786731160-2040492614|True|(0, 0, 0)|(0.7071068, 0, 0, 0.7071068)|(1.2744, 1.2744, 1)
GlobalObjectId_V1-2-3b6551b0f2848c54f911d6f91ca83d54-6723951810786731160-2056561579|True|(0, 0, 0)|(0.7071068, 0, 0, 0.7071068)|(1.2744, 1.2744, 1)
GlobalObjectId_V1-2-3b6551b0f2848c54f911d6f91ca83d54-6723951810786731160-2059838410|True|(0, 0, 0)|(0.7071068, 0, 0, 0.7071068)|(1.2744, 1.2744, 1)
GlobalObjectId_V1-2-3b6551b0f2848c54f911d6f91ca83d54-6723951810786731160-220756394|True|(0, 0, 0)|(0.7071068, 0, 0, 0.7071068)|(1.2744, 1.2744, 1)
GlobalObjectId_V1-2-3b6551b0f2848c54f911d6f91ca83d54-6723951810786731160-241495691|True|(0, 0, 0)|(0.7071068, 0, 0, 0.7071068)|(1.2744, 1.2744, 1)
GlobalObjectId_V1-2-3b6551b0f2848c54f911d6f91ca83d54-6723951810786731160-243786568|True|(0, 0, 0)|(0.7071068, 0, 0, 0.7071068)|(1.2744, 1.2744, 1)
GlobalObjectId_V1-2-3b6551b0f2848c54f911d6f91ca83d54-6723951810786731160-27082819|True|(0, 0, 0)|(0.7071068, 0, 0, 0.7071068)|(1.2744, 1.2744, 1)
GlobalObjectId_V1-2-3b6551b0f2848c54f911d6f91ca83d54-6723951810786731160-287385670|True|(0, 0, 0)|(0.7071068, 0, 0, 0.7071068)|(1.2744, 1.2744, 1)
GlobalObjectId_V1-2-3b6551b0f2848c54f911d6f91ca83d54-6723951810786731160-308217777|True|(0, 0, 0)|(0.7071068, 0, 0, 0.7071068)|(1.2744, 1.2744, 1)
GlobalObjectId_V1-2-3b6551b0f2848c54f911d6f91ca83d54-6723951810786731160-31273311|True|(0, 0, 0)|(0.7071068, 0, 0, 0.7071068)|(1.2744, 1.2744, 1)
GlobalObjectId_V1-2-3b6551b0f2848c54f911d6f91ca83d54-6723951810786731160-343957928|True|(0, 0, 0)|(0.7071068, 0, 0, 0.7071068)|(1.2744, 1.2744, 1)
GlobalObjectId_V1-2-3b6551b0f2848c54f911d6f91ca83d54-6723951810786731160-396161643|True|(0, 0, 0)|(0.7071068, 0, 0, 0.7071068)|(1.2744, 1.2744, 1)
GlobalObjectId_V1-2-3b6551b0f2848c54f911d6f91ca83d54-6723951810786731160-426443221|True|(0, 0, 0)|(0.7071068, 0, 0, 0.7071068)|(1.2744, 1.2744, 1)
GlobalObjectId_V1-2-3b6551b0f2848c54f911d6f91ca83d54-6723951810786731160-458006385|True|(0, 0, 0)|(0.7071068, 0, 0, 0.7071068)|(1.2744, 1.2744, 1)
GlobalObjectId_V1-2-3b6551b0f2848c54f911d6f91ca83d54-6723951810786731160-502189609|True|(0, 0, 0)|(0.7071068, 0, 0, 0.7071068)|(1.2744, 1.2744, 1)
GlobalObjectId_V1-2-3b6551b0f2848c54f911d6f91ca83d54-6723951810786731160-502266823|True|(0, 0, 0)|(0.7071068, 0, 0, 0.7071068)|(1.2744, 1.2744, 1)
GlobalObjectId_V1-2-3b6551b0f2848c54f911d6f91ca83d54-6723951810786731160-593650449|True|(0, 0, 0)|(0.7071068, 0, 0, 0.7071068)|(1.2744, 1.2744, 1)
GlobalObjectId_V1-2-3b6551b0f2848c54f911d6f91ca83d54-6723951810786731160-600046749|True|(0, 0, 0)|(0.7071068, 0, 0, 0.7071068)|(1.2744, 1.2744, 1)
GlobalObjectId_V1-2-3b6551b0f2848c54f911d6f91ca83d54-6723951810786731160-656679930|True|(0, 0, 0)|(0.7071068, 0, 0, 0.7071068)|(1.2744, 1.2744, 1)
GlobalObjectId_V1-2-3b6551b0f2848c54f911d6f91ca83d54-6723951810786731160-680847915|True|(0, 0, 0)|(0.7071068, 0, 0, 0.7071068)|(1.2744, 1.2744, 1)
GlobalObjectId_V1-2-3b6551b0f2848c54f911d6f91ca83d54-6723951810786731160-731984814|True|(0, 0, 0)|(0.7071068, 0, 0, 0.7071068)|(1.2744, 1.2744, 1)
GlobalObjectId_V1-2-3b6551b0f2848c54f911d6f91ca83d54-6723951810786731160-754211584|True|(0, 0, 0)|(0.7071068, 0, 0, 0.7071068)|(1.2744, 1.2744, 1)
GlobalObjectId_V1-2-3b6551b0f2848c54f911d6f91ca83d54-6723951810786731160-859783628|True|(0, 0, 0)|(0.7071068, 0, 0, 0.7071068)|(1.2744, 1.2744, 1)
GlobalObjectId_V1-2-3b6551b0f2848c54f911d6f91ca83d54-6723951810786731160-878071367|True|(0, 0, 0)|(0.7071068, 0, 0, 0.7071068)|(1.2744, 1.2744, 1)
GlobalObjectId_V1-2-3b6551b0f2848c54f911d6f91ca83d54-6723951810786731160-956417833|True|(0, 0, 0)|(0.7071068, 0, 0, 0.7071068)|(1.2744, 1.2744, 1)
GlobalObjectId_V1-2-3b6551b0f2848c54f911d6f91ca83d54-6723951810786731160-975687593|True|(0, 0, 0)|(0.7071068, 0, 0, 0.7071068)|(1.2744, 1.2744, 1)
GlobalObjectId_V1-2-3b6551b0f2848c54f911d6f91ca83d54-687567447-0|True|(-7.1, 0.1, 0)|(0, 0, 0, 1)|(0.2, 0.2, 20)
GlobalObjectId_V1-2-3b6551b0f2848c54f911d6f91ca83d54-68908838-0|False|(240, 0, 263.900024)|(0, 0, 0, 1)|(1, 1, 1)
GlobalObjectId_V1-2-3b6551b0f2848c54f911d6f91ca83d54-6921052980374445262-1120997898|True|(0, 0.00111999991, 0)|(0, 0, 0, 1)|(1, 1, 1)
GlobalObjectId_V1-2-3b6551b0f2848c54f911d6f91ca83d54-6921052980374445262-1378066733|True|(0, 0.00111999991, 0)|(0, 0, 0, 1)|(1, 1, 1)
GlobalObjectId_V1-2-3b6551b0f2848c54f911d6f91ca83d54-6921052980374445262-1387022782|True|(0, 0.00111999991, 0)|(0, 0, 0, 1)|(1, 1, 1)
GlobalObjectId_V1-2-3b6551b0f2848c54f911d6f91ca83d54-6921052980374445262-1556813190|True|(0, 0.00111999991, 0)|(0, 0, 0, 1)|(1, 1, 1)
GlobalObjectId_V1-2-3b6551b0f2848c54f911d6f91ca83d54-6921052980374445262-161863763|True|(0, 0.00111999991, 0)|(0, 0, 0, 1)|(1, 1, 1)
GlobalObjectId_V1-2-3b6551b0f2848c54f911d6f91ca83d54-6921052980374445262-305648292|True|(0, 0.00111999991, 0)|(0, 0, 0, 1)|(1, 1, 1)
GlobalObjectId_V1-2-3b6551b0f2848c54f911d6f91ca83d54-6921052980374445262-404936451|True|(0, 0.00111999991, 0)|(0, 0, 0, 1)|(1, 1, 1)
GlobalObjectId_V1-2-3b6551b0f2848c54f911d6f91ca83d54-6921052980374445262-501866861|True|(0, 0.00111999991, 0)|(0, 0, 0, 1)|(1, 1, 1)
GlobalObjectId_V1-2-3b6551b0f2848c54f911d6f91ca83d54-6921052980374445262-692789032|True|(0, 0.00111999991, 0)|(0, 0, 0, 1)|(1, 1, 1)
GlobalObjectId_V1-2-3b6551b0f2848c54f911d6f91ca83d54-6921052980374445262-892891150|True|(0, 0.00111999991, 0)|(0, 0, 0, 1)|(1, 1, 1)
GlobalObjectId_V1-2-3b6551b0f2848c54f911d6f91ca83d54-6932976640156443900-1049486283|True|(0, 0, 0)|(-0.7071068, 0, 0, 0.7071067)|(100, 100, 100)
GlobalObjectId_V1-2-3b6551b0f2848c54f911d6f91ca83d54-6932976640156443900-126319019|True|(0, 0, 0)|(-0.7071068, 0, 0, 0.7071067)|(100, 100, 100)
GlobalObjectId_V1-2-3b6551b0f2848c54f911d6f91ca83d54-6932976640156443900-1481706251|True|(0, 0, 0)|(-0.7071068, 0, 0, 0.7071067)|(100, 100, 100)
GlobalObjectId_V1-2-3b6551b0f2848c54f911d6f91ca83d54-6932976640156443900-1592385703|True|(0, 0, 0)|(-0.7071068, 0, 0, 0.7071067)|(100, 100, 100)
GlobalObjectId_V1-2-3b6551b0f2848c54f911d6f91ca83d54-6932976640156443900-1661574985|True|(0, 0, 0)|(-0.7071068, 0, 0, 0.7071067)|(100, 100, 100)
GlobalObjectId_V1-2-3b6551b0f2848c54f911d6f91ca83d54-6932976640156443900-1902647294|True|(0, 0, 0)|(-0.7071068, 0, 0, 0.7071067)|(100, 100, 100)
GlobalObjectId_V1-2-3b6551b0f2848c54f911d6f91ca83d54-6932976640156443900-239339974|True|(0, 0, 0)|(-0.7071068, 0, 0, 0.7071067)|(100, 100, 100)
GlobalObjectId_V1-2-3b6551b0f2848c54f911d6f91ca83d54-6932976640156443900-350417267|True|(0, 0, 0)|(-0.7071068, 0, 0, 0.7071067)|(100, 100, 100)
GlobalObjectId_V1-2-3b6551b0f2848c54f911d6f91ca83d54-6932976640156443900-575299033|True|(0, 0, 0)|(-0.7071068, 0, 0, 0.7071067)|(100, 100, 100)
GlobalObjectId_V1-2-3b6551b0f2848c54f911d6f91ca83d54-6932976640156443900-834271436|True|(0, 0, 0)|(-0.7071068, 0, 0, 0.7071067)|(100, 100, 100)
GlobalObjectId_V1-2-3b6551b0f2848c54f911d6f91ca83d54-6937669935770998182-1191518710|True|(7.45058043E-11, 0.00233479147, 8.381903E-11)|(-0.0128043434, 0.112429664, -0.112430051, 0.987195551)|(0.9999999, 1, 1)
GlobalObjectId_V1-2-3b6551b0f2848c54f911d6f91ca83d54-6937669935770998182-1212367565|True|(7.45058043E-11, 0.00233479147, 8.381903E-11)|(-0.0128043434, 0.112429664, -0.112430051, 0.987195551)|(0.9999999, 1, 1)
GlobalObjectId_V1-2-3b6551b0f2848c54f911d6f91ca83d54-6937669935770998182-143777058|True|(7.45058043E-11, 0.00233479147, 8.381903E-11)|(-0.0128043434, 0.112429664, -0.112430051, 0.987195551)|(0.9999999, 1, 1)
GlobalObjectId_V1-2-3b6551b0f2848c54f911d6f91ca83d54-6937669935770998182-1542002196|True|(7.45058043E-11, 0.00233479147, 8.381903E-11)|(-0.0128043434, 0.112429664, -0.112430051, 0.987195551)|(0.9999999, 1, 1)
GlobalObjectId_V1-2-3b6551b0f2848c54f911d6f91ca83d54-6937669935770998182-2024003042|True|(7.45058043E-11, 0.00233479147, 8.381903E-11)|(-0.0128043434, 0.112429664, -0.112430051, 0.987195551)|(0.9999999, 1, 1)
GlobalObjectId_V1-2-3b6551b0f2848c54f911d6f91ca83d54-6937669935770998182-306864247|True|(7.45058043E-11, 0.00233479147, 8.381903E-11)|(-0.0128043434, 0.112429664, -0.112430051, 0.987195551)|(0.9999999, 1, 1)
GlobalObjectId_V1-2-3b6551b0f2848c54f911d6f91ca83d54-6937669935770998182-309737671|True|(7.45058043E-11, 0.00233479147, 8.381903E-11)|(-0.0128043434, 0.112429664, -0.112430051, 0.987195551)|(0.9999999, 1, 1)
GlobalObjectId_V1-2-3b6551b0f2848c54f911d6f91ca83d54-6937669935770998182-312149901|True|(7.45058043E-11, 0.00233479147, 8.381903E-11)|(-0.0128043434, 0.112429664, -0.112430051, 0.987195551)|(0.9999999, 1, 1)
GlobalObjectId_V1-2-3b6551b0f2848c54f911d6f91ca83d54-6937669935770998182-857919492|True|(7.45058043E-11, 0.00233479147, 8.381903E-11)|(-0.0128043434, 0.112429664, -0.112430051, 0.987195551)|(0.9999999, 1, 1)
GlobalObjectId_V1-2-3b6551b0f2848c54f911d6f91ca83d54-6937669935770998182-986728857|True|(7.45058043E-11, 0.00233479147, 8.381903E-11)|(-0.0128043434, 0.112429664, -0.112430051, 0.987195551)|(0.9999999, 1, 1)
GlobalObjectId_V1-2-3b6551b0f2848c54f911d6f91ca83d54-694932189-0|True|(7.1, 0.1, 0)|(0, 0, 0, 1)|(0.2, 0.2, 20)
GlobalObjectId_V1-2-3b6551b0f2848c54f911d6f91ca83d54-7036512523121159152-1049486283|True|(-1.60932531E-10, 0.00143999979, -1.86517449E-17)|(-0.608287156, 4.422812E-08, 2.802861E-08, 0.793717)|(1, 1, 1)
GlobalObjectId_V1-2-3b6551b0f2848c54f911d6f91ca83d54-7036512523121159152-126319019|True|(-1.60932531E-10, 0.00143999979, -1.86517449E-17)|(-0.608287156, 4.422812E-08, 2.802861E-08, 0.793717)|(1, 1, 1)
GlobalObjectId_V1-2-3b6551b0f2848c54f911d6f91ca83d54-7036512523121159152-1481706251|True|(-1.60932531E-10, 0.00143999979, -1.86517449E-17)|(-0.608287156, 4.422812E-08, 2.802861E-08, 0.793717)|(1, 1, 1)
GlobalObjectId_V1-2-3b6551b0f2848c54f911d6f91ca83d54-7036512523121159152-1592385703|True|(-1.60932531E-10, 0.00143999979, -1.86517449E-17)|(-0.608287156, 4.422812E-08, 2.802861E-08, 0.793717)|(1, 1, 1)
GlobalObjectId_V1-2-3b6551b0f2848c54f911d6f91ca83d54-7036512523121159152-1661574985|True|(-1.60932531E-10, 0.00143999979, -1.86517449E-17)|(-0.608287156, 4.422812E-08, 2.802861E-08, 0.793717)|(1, 1, 1)
GlobalObjectId_V1-2-3b6551b0f2848c54f911d6f91ca83d54-7036512523121159152-1902647294|True|(-1.60932531E-10, 0.00143999979, -1.86517449E-17)|(-0.608287156, 4.422812E-08, 2.802861E-08, 0.793717)|(1, 1, 1)
GlobalObjectId_V1-2-3b6551b0f2848c54f911d6f91ca83d54-7036512523121159152-239339974|True|(-1.60932531E-10, 0.00143999979, -1.86517449E-17)|(-0.608287156, 4.422812E-08, 2.802861E-08, 0.793717)|(1, 1, 1)
GlobalObjectId_V1-2-3b6551b0f2848c54f911d6f91ca83d54-7036512523121159152-350417267|True|(-1.60932531E-10, 0.00143999979, -1.86517449E-17)|(-0.608287156, 4.422812E-08, 2.802861E-08, 0.793717)|(1, 1, 1)
GlobalObjectId_V1-2-3b6551b0f2848c54f911d6f91ca83d54-7036512523121159152-575299033|True|(-1.60932531E-10, 0.00143999979, -1.86517449E-17)|(-0.608287156, 4.422812E-08, 2.802861E-08, 0.793717)|(1, 1, 1)
GlobalObjectId_V1-2-3b6551b0f2848c54f911d6f91ca83d54-7036512523121159152-834271436|True|(-1.60932531E-10, 0.00143999979, -1.86517449E-17)|(-0.608287156, 4.422812E-08, 2.802861E-08, 0.793717)|(1, 1, 1)
GlobalObjectId_V1-2-3b6551b0f2848c54f911d6f91ca83d54-7049400373395410227-1229718731|True|(0, 0.0007999998, 0)|(0, 0, 0, 1)|(1, 1, 1)
GlobalObjectId_V1-2-3b6551b0f2848c54f911d6f91ca83d54-7049400373395410227-1268510627|True|(0, 0.0007999998, 0)|(0, 0, 0, 1)|(1, 1, 1)
GlobalObjectId_V1-2-3b6551b0f2848c54f911d6f91ca83d54-7049400373395410227-1298481983|True|(0, 0.0007999998, 0)|(0, 0, 0, 1)|(1, 1, 1)
GlobalObjectId_V1-2-3b6551b0f2848c54f911d6f91ca83d54-7049400373395410227-1473460188|True|(0, 0.0007999998, 0)|(0, 0, 0, 1)|(1, 1, 1)
GlobalObjectId_V1-2-3b6551b0f2848c54f911d6f91ca83d54-7049400373395410227-1740273041|True|(0, 0.0007999998, 0)|(0, 0, 0, 1)|(1, 1, 1)
GlobalObjectId_V1-2-3b6551b0f2848c54f911d6f91ca83d54-7049400373395410227-352986360|True|(0, 0.0007999998, 0)|(0, 0, 0, 1)|(1, 1, 1)
GlobalObjectId_V1-2-3b6551b0f2848c54f911d6f91ca83d54-7049400373395410227-375106697|True|(0, 0.0007999998, 0)|(0, 0, 0, 1)|(1, 1, 1)
GlobalObjectId_V1-2-3b6551b0f2848c54f911d6f91ca83d54-7049400373395410227-466313733|True|(0, 0.0007999998, 0)|(0, 0, 0, 1)|(1, 1, 1)
GlobalObjectId_V1-2-3b6551b0f2848c54f911d6f91ca83d54-7049400373395410227-769108169|True|(0, 0.0007999998, 0)|(0, 0, 0, 1)|(1, 1, 1)
GlobalObjectId_V1-2-3b6551b0f2848c54f911d6f91ca83d54-7049400373395410227-814571549|True|(0, 0.0007999998, 0)|(0, 0, 0, 1)|(1, 1, 1)
GlobalObjectId_V1-2-3b6551b0f2848c54f911d6f91ca83d54-7092721297930153602-1025319220|True|(0, 0.625, 0)|(0, 0, 0, 1)|(1, 1, 1)
GlobalObjectId_V1-2-3b6551b0f2848c54f911d6f91ca83d54-7092721297930153602-1076637211|True|(0, 0.625, 0)|(0, 0, 0, 1)|(1, 1, 1)
GlobalObjectId_V1-2-3b6551b0f2848c54f911d6f91ca83d54-7092721297930153602-1123370063|True|(0, 0.625, 0)|(0, 0, 0, 1)|(1, 1, 1)
GlobalObjectId_V1-2-3b6551b0f2848c54f911d6f91ca83d54-7092721297930153602-1138517293|True|(0, 0.625, 0)|(0, 0, 0, 1)|(1, 1, 1)
GlobalObjectId_V1-2-3b6551b0f2848c54f911d6f91ca83d54-7092721297930153602-1145818399|True|(0, 0.625, 0)|(0, 0, 0, 1)|(1, 1, 1)
GlobalObjectId_V1-2-3b6551b0f2848c54f911d6f91ca83d54-7092721297930153602-1148386096|True|(0, 0.625, 0)|(0, 0, 0, 1)|(1, 1, 1)
GlobalObjectId_V1-2-3b6551b0f2848c54f911d6f91ca83d54-7092721297930153602-1157908847|True|(0, 0.625, 0)|(0, 0, 0, 1)|(1, 1, 1)
GlobalObjectId_V1-2-3b6551b0f2848c54f911d6f91ca83d54-7092721297930153602-117525737|True|(0, 0.625, 0)|(0, 0, 0, 1)|(1, 1, 1)
GlobalObjectId_V1-2-3b6551b0f2848c54f911d6f91ca83d54-7092721297930153602-1211572864|True|(0, 0.625, 0)|(0, 0, 0, 1)|(1, 1, 1)
GlobalObjectId_V1-2-3b6551b0f2848c54f911d6f91ca83d54-7092721297930153602-1261995047|True|(0, 0.625, 0)|(0, 0, 0, 1)|(1, 1, 1)
GlobalObjectId_V1-2-3b6551b0f2848c54f911d6f91ca83d54-7092721297930153602-1273560124|True|(0, 0.625, 0)|(0, 0, 0, 1)|(1, 1, 1)
GlobalObjectId_V1-2-3b6551b0f2848c54f911d6f91ca83d54-7092721297930153602-1341893445|True|(0, 0.625, 0)|(0, 0, 0, 1)|(1, 1, 1)
GlobalObjectId_V1-2-3b6551b0f2848c54f911d6f91ca83d54-7092721297930153602-1577023816|True|(0, 0.625, 0)|(0, 0, 0, 1)|(1, 1, 1)
GlobalObjectId_V1-2-3b6551b0f2848c54f911d6f91ca83d54-7092721297930153602-1609908011|True|(0, 0.625, 0)|(0, 0, 0, 1)|(1, 1, 1)
GlobalObjectId_V1-2-3b6551b0f2848c54f911d6f91ca83d54-7092721297930153602-1654698043|True|(0, 0.625, 0)|(0, 0, 0, 1)|(1, 1, 1)
GlobalObjectId_V1-2-3b6551b0f2848c54f911d6f91ca83d54-7092721297930153602-1725634851|True|(0, 0.625, 0)|(0, 0, 0, 1)|(1, 1, 1)
GlobalObjectId_V1-2-3b6551b0f2848c54f911d6f91ca83d54-7092721297930153602-178552251|True|(0, 0.625, 0)|(0, 0, 0, 1)|(1, 1, 1)
GlobalObjectId_V1-2-3b6551b0f2848c54f911d6f91ca83d54-7092721297930153602-1804972047|True|(0, 0.625, 0)|(0, 0, 0, 1)|(1, 1, 1)
GlobalObjectId_V1-2-3b6551b0f2848c54f911d6f91ca83d54-7092721297930153602-1819624870|True|(0, 0.625, 0)|(0, 0, 0, 1)|(1, 1, 1)
GlobalObjectId_V1-2-3b6551b0f2848c54f911d6f91ca83d54-7092721297930153602-1866442031|True|(0, 0.625, 0)|(0, 0, 0, 1)|(1, 1, 1)
GlobalObjectId_V1-2-3b6551b0f2848c54f911d6f91ca83d54-7092721297930153602-1970165663|True|(0, 0.625, 0)|(0, 0, 0, 1)|(1, 1, 1)
GlobalObjectId_V1-2-3b6551b0f2848c54f911d6f91ca83d54-7092721297930153602-2024084545|True|(0, 0.625, 0)|(0, 0, 0, 1)|(1, 1, 1)
GlobalObjectId_V1-2-3b6551b0f2848c54f911d6f91ca83d54-7092721297930153602-2026501014|True|(0, 0.625, 0)|(0, 0, 0, 1)|(1, 1, 1)
GlobalObjectId_V1-2-3b6551b0f2848c54f911d6f91ca83d54-7092721297930153602-2039403610|True|(0, 0.625, 0)|(0, 0, 0, 1)|(1, 1, 1)
GlobalObjectId_V1-2-3b6551b0f2848c54f911d6f91ca83d54-7092721297930153602-2040492614|True|(0, 0.625, 0)|(0, 0, 0, 1)|(1, 1, 1)
GlobalObjectId_V1-2-3b6551b0f2848c54f911d6f91ca83d54-7092721297930153602-2056561579|True|(0, 0.625, 0)|(0, 0, 0, 1)|(1, 1, 1)
GlobalObjectId_V1-2-3b6551b0f2848c54f911d6f91ca83d54-7092721297930153602-2059838410|True|(0, 0.625, 0)|(0, 0, 0, 1)|(1, 1, 1)
GlobalObjectId_V1-2-3b6551b0f2848c54f911d6f91ca83d54-7092721297930153602-220756394|True|(0, 0.625, 0)|(0, 0, 0, 1)|(1, 1, 1)
GlobalObjectId_V1-2-3b6551b0f2848c54f911d6f91ca83d54-7092721297930153602-241495691|True|(0, 0.625, 0)|(0, 0, 0, 1)|(1, 1, 1)
GlobalObjectId_V1-2-3b6551b0f2848c54f911d6f91ca83d54-7092721297930153602-243786568|True|(0, 0.625, 0)|(0, 0, 0, 1)|(1, 1, 1)
GlobalObjectId_V1-2-3b6551b0f2848c54f911d6f91ca83d54-7092721297930153602-27082819|True|(0, 0.625, 0)|(0, 0, 0, 1)|(1, 1, 1)
GlobalObjectId_V1-2-3b6551b0f2848c54f911d6f91ca83d54-7092721297930153602-287385670|True|(0, 0.625, 0)|(0, 0, 0, 1)|(1, 1, 1)
GlobalObjectId_V1-2-3b6551b0f2848c54f911d6f91ca83d54-7092721297930153602-308217777|True|(0, 0.625, 0)|(0, 0, 0, 1)|(1, 1, 1)
GlobalObjectId_V1-2-3b6551b0f2848c54f911d6f91ca83d54-7092721297930153602-31273311|True|(0, 0.625, 0)|(0, 0, 0, 1)|(1, 1, 1)
GlobalObjectId_V1-2-3b6551b0f2848c54f911d6f91ca83d54-7092721297930153602-343957928|True|(0, 0.625, 0)|(0, 0, 0, 1)|(1, 1, 1)
GlobalObjectId_V1-2-3b6551b0f2848c54f911d6f91ca83d54-7092721297930153602-396161643|True|(0, 0.625, 0)|(0, 0, 0, 1)|(1, 1, 1)
GlobalObjectId_V1-2-3b6551b0f2848c54f911d6f91ca83d54-7092721297930153602-426443221|True|(0, 0.625, 0)|(0, 0, 0, 1)|(1, 1, 1)
GlobalObjectId_V1-2-3b6551b0f2848c54f911d6f91ca83d54-7092721297930153602-458006385|True|(0, 0.625, 0)|(0, 0, 0, 1)|(1, 1, 1)
GlobalObjectId_V1-2-3b6551b0f2848c54f911d6f91ca83d54-7092721297930153602-502189609|True|(0, 0.625, 0)|(0, 0, 0, 1)|(1, 1, 1)
GlobalObjectId_V1-2-3b6551b0f2848c54f911d6f91ca83d54-7092721297930153602-502266823|True|(0, 0.625, 0)|(0, 0, 0, 1)|(1, 1, 1)
GlobalObjectId_V1-2-3b6551b0f2848c54f911d6f91ca83d54-7092721297930153602-593650449|True|(0, 0.625, 0)|(0, 0, 0, 1)|(1, 1, 1)
GlobalObjectId_V1-2-3b6551b0f2848c54f911d6f91ca83d54-7092721297930153602-600046749|True|(0, 0.625, 0)|(0, 0, 0, 1)|(1, 1, 1)
GlobalObjectId_V1-2-3b6551b0f2848c54f911d6f91ca83d54-7092721297930153602-656679930|True|(0, 0.625, 0)|(0, 0, 0, 1)|(1, 1, 1)
GlobalObjectId_V1-2-3b6551b0f2848c54f911d6f91ca83d54-7092721297930153602-680847915|True|(0, 0.625, 0)|(0, 0, 0, 1)|(1, 1, 1)
GlobalObjectId_V1-2-3b6551b0f2848c54f911d6f91ca83d54-7092721297930153602-731984814|True|(0, 0.625, 0)|(0, 0, 0, 1)|(1, 1, 1)
GlobalObjectId_V1-2-3b6551b0f2848c54f911d6f91ca83d54-7092721297930153602-754211584|True|(0, 0.625, 0)|(0, 0, 0, 1)|(1, 1, 1)
GlobalObjectId_V1-2-3b6551b0f2848c54f911d6f91ca83d54-7092721297930153602-859783628|True|(0, 0.625, 0)|(0, 0, 0, 1)|(1, 1, 1)
GlobalObjectId_V1-2-3b6551b0f2848c54f911d6f91ca83d54-7092721297930153602-878071367|True|(0, 0.625, 0)|(0, 0, 0, 1)|(1, 1, 1)
GlobalObjectId_V1-2-3b6551b0f2848c54f911d6f91ca83d54-7092721297930153602-956417833|True|(0, 0.625, 0)|(0, 0, 0, 1)|(1, 1, 1)
GlobalObjectId_V1-2-3b6551b0f2848c54f911d6f91ca83d54-7092721297930153602-975687593|True|(0, 0.625, 0)|(0, 0, 0, 1)|(1, 1, 1)
GlobalObjectId_V1-2-3b6551b0f2848c54f911d6f91ca83d54-712682796-0|True|(-7.1, 0.1, 0)|(0, 0, 0, 1)|(0.2, 0.2, 20)
GlobalObjectId_V1-2-3b6551b0f2848c54f911d6f91ca83d54-715563622-0|True|(7.1, 0.1, 0)|(0, 0, 0, 1)|(0.2, 0.2, 20)
GlobalObjectId_V1-2-3b6551b0f2848c54f911d6f91ca83d54-7178897465000636216-1229718731|True|(0, 0.0048, 0)|(0, 0, 0, 1)|(1, 1, 1)
GlobalObjectId_V1-2-3b6551b0f2848c54f911d6f91ca83d54-7178897465000636216-1268510627|True|(0, 0.0048, 0)|(0, 0, 0, 1)|(1, 1, 1)
GlobalObjectId_V1-2-3b6551b0f2848c54f911d6f91ca83d54-7178897465000636216-1298481983|True|(0, 0.0048, 0)|(0, 0, 0, 1)|(1, 1, 1)
GlobalObjectId_V1-2-3b6551b0f2848c54f911d6f91ca83d54-7178897465000636216-1473460188|True|(0, 0.0048, 0)|(0, 0, 0, 1)|(1, 1, 1)
GlobalObjectId_V1-2-3b6551b0f2848c54f911d6f91ca83d54-7178897465000636216-1740273041|True|(0, 0.0048, 0)|(0, 0, 0, 1)|(1, 1, 1)
GlobalObjectId_V1-2-3b6551b0f2848c54f911d6f91ca83d54-7178897465000636216-352986360|True|(0, 0.0048, 0)|(0, 0, 0, 1)|(1, 1, 1)
GlobalObjectId_V1-2-3b6551b0f2848c54f911d6f91ca83d54-7178897465000636216-375106697|True|(0, 0.0048, 0)|(0, 0, 0, 1)|(1, 1, 1)
GlobalObjectId_V1-2-3b6551b0f2848c54f911d6f91ca83d54-7178897465000636216-466313733|True|(0, 0.0048, 0)|(0, 0, 0, 1)|(1, 1, 1)
GlobalObjectId_V1-2-3b6551b0f2848c54f911d6f91ca83d54-7178897465000636216-769108169|True|(0, 0.0048, 0)|(0, 0, 0, 1)|(1, 1, 1)
GlobalObjectId_V1-2-3b6551b0f2848c54f911d6f91ca83d54-7178897465000636216-814571549|True|(0, 0.0048, 0)|(0, 0, 0, 1)|(1, 1, 1)
GlobalObjectId_V1-2-3b6551b0f2848c54f911d6f91ca83d54-7196138270663887951-1229718731|True|(0, 0.04000002, -0.12)|(0, 0, 0, 1)|(1, 1, 1)
GlobalObjectId_V1-2-3b6551b0f2848c54f911d6f91ca83d54-7196138270663887951-1268510627|True|(0, 0.04000002, -0.12)|(0, 0, 0, 1)|(1, 1, 1)
GlobalObjectId_V1-2-3b6551b0f2848c54f911d6f91ca83d54-7196138270663887951-1298481983|True|(0, 0.04000002, -0.12)|(0, 0, 0, 1)|(1, 1, 1)
GlobalObjectId_V1-2-3b6551b0f2848c54f911d6f91ca83d54-7196138270663887951-1473460188|True|(0, 0.04000002, -0.12)|(0, 0, 0, 1)|(1, 1, 1)
GlobalObjectId_V1-2-3b6551b0f2848c54f911d6f91ca83d54-7196138270663887951-1740273041|True|(0, 0.04000002, -0.12)|(0, 0, 0, 1)|(1, 1, 1)
GlobalObjectId_V1-2-3b6551b0f2848c54f911d6f91ca83d54-7196138270663887951-352986360|True|(0, 0.04000002, -0.12)|(0, 0, 0, 1)|(1, 1, 1)
GlobalObjectId_V1-2-3b6551b0f2848c54f911d6f91ca83d54-7196138270663887951-375106697|True|(0, 0.04000002, -0.12)|(0, 0, 0, 1)|(1, 1, 1)
GlobalObjectId_V1-2-3b6551b0f2848c54f911d6f91ca83d54-7196138270663887951-466313733|True|(0, 0.04000002, -0.12)|(0, 0, 0, 1)|(1, 1, 1)
GlobalObjectId_V1-2-3b6551b0f2848c54f911d6f91ca83d54-7196138270663887951-769108169|True|(0, 0.04000002, -0.12)|(0, 0, 0, 1)|(1, 1, 1)
GlobalObjectId_V1-2-3b6551b0f2848c54f911d6f91ca83d54-7196138270663887951-814571549|True|(0, 0.04000002, -0.12)|(0, 0, 0, 1)|(1, 1, 1)
GlobalObjectId_V1-2-3b6551b0f2848c54f911d6f91ca83d54-720850370623084018-1191602872|True|(0, 0.0048, 0)|(0, 0, 0, 1)|(1, 1, 1)
GlobalObjectId_V1-2-3b6551b0f2848c54f911d6f91ca83d54-720850370623084018-1250511116|True|(0, 0.0048, 0)|(0, 0, 0, 1)|(1, 1, 1)
GlobalObjectId_V1-2-3b6551b0f2848c54f911d6f91ca83d54-720850370623084018-127729888|True|(0, 0.0048, 0)|(0, 0, 0, 1)|(1, 1, 1)
GlobalObjectId_V1-2-3b6551b0f2848c54f911d6f91ca83d54-720850370623084018-1897079065|True|(0, 0.0048, 0)|(0, 0, 0, 1)|(1, 1, 1)
GlobalObjectId_V1-2-3b6551b0f2848c54f911d6f91ca83d54-720850370623084018-2070896708|True|(0, 0.0048, 0)|(0, 0, 0, 1)|(1, 1, 1)
GlobalObjectId_V1-2-3b6551b0f2848c54f911d6f91ca83d54-720850370623084018-383792707|True|(0, 0.0048, 0)|(0, 0, 0, 1)|(1, 1, 1)
GlobalObjectId_V1-2-3b6551b0f2848c54f911d6f91ca83d54-720850370623084018-393103402|True|(0, 0.0048, 0)|(0, 0, 0, 1)|(1, 1, 1)
GlobalObjectId_V1-2-3b6551b0f2848c54f911d6f91ca83d54-720850370623084018-566916451|True|(0, 0.0048, 0)|(0, 0, 0, 1)|(1, 1, 1)
GlobalObjectId_V1-2-3b6551b0f2848c54f911d6f91ca83d54-720850370623084018-965188316|True|(0, 0.0048, 0)|(0, 0, 0, 1)|(1, 1, 1)
GlobalObjectId_V1-2-3b6551b0f2848c54f911d6f91ca83d54-720850370623084018-969570616|True|(0, 0.0048, 0)|(0, 0, 0, 1)|(1, 1, 1)
GlobalObjectId_V1-2-3b6551b0f2848c54f911d6f91ca83d54-7218177410531948743-1191518710|True|(0.0028, 0.0007000005, 0)|(0.9020881, 0.297195524, 0.297195584, -0.09791182)|(1, 1, 1)
GlobalObjectId_V1-2-3b6551b0f2848c54f911d6f91ca83d54-7218177410531948743-1212367565|True|(0.0028, 0.0007000005, 0)|(0.9020881, 0.297195524, 0.297195584, -0.09791182)|(1, 1, 1)
GlobalObjectId_V1-2-3b6551b0f2848c54f911d6f91ca83d54-7218177410531948743-143777058|True|(0.0028, 0.0007000005, 0)|(0.9020881, 0.297195524, 0.297195584, -0.09791182)|(1, 1, 1)
GlobalObjectId_V1-2-3b6551b0f2848c54f911d6f91ca83d54-7218177410531948743-1542002196|True|(0.0028, 0.0007000005, 0)|(0.9020881, 0.297195524, 0.297195584, -0.09791182)|(1, 1, 1)
GlobalObjectId_V1-2-3b6551b0f2848c54f911d6f91ca83d54-7218177410531948743-2024003042|True|(0.0028, 0.0007000005, 0)|(0.9020881, 0.297195524, 0.297195584, -0.09791182)|(1, 1, 1)
GlobalObjectId_V1-2-3b6551b0f2848c54f911d6f91ca83d54-7218177410531948743-306864247|True|(0.0028, 0.0007000005, 0)|(0.9020881, 0.297195524, 0.297195584, -0.09791182)|(1, 1, 1)
GlobalObjectId_V1-2-3b6551b0f2848c54f911d6f91ca83d54-7218177410531948743-309737671|True|(0.0028, 0.0007000005, 0)|(0.9020881, 0.297195524, 0.297195584, -0.09791182)|(1, 1, 1)
GlobalObjectId_V1-2-3b6551b0f2848c54f911d6f91ca83d54-7218177410531948743-312149901|True|(0.0028, 0.0007000005, 0)|(0.9020881, 0.297195524, 0.297195584, -0.09791182)|(1, 1, 1)
GlobalObjectId_V1-2-3b6551b0f2848c54f911d6f91ca83d54-7218177410531948743-857919492|True|(0.0028, 0.0007000005, 0)|(0.9020881, 0.297195524, 0.297195584, -0.09791182)|(1, 1, 1)
GlobalObjectId_V1-2-3b6551b0f2848c54f911d6f91ca83d54-7218177410531948743-986728857|True|(0.0028, 0.0007000005, 0)|(0.9020881, 0.297195524, 0.297195584, -0.09791182)|(1, 1, 1)
GlobalObjectId_V1-2-3b6551b0f2848c54f911d6f91ca83d54-7218365854853323149-1191602872|True|(-0.00160000008, 0, 0)|(0.9871956, -0.112429716, -0.112429671, -0.0128043881)|(1.00000036, 1.00000012, 1)
GlobalObjectId_V1-2-3b6551b0f2848c54f911d6f91ca83d54-7218365854853323149-1250511116|True|(-0.00160000008, 0, 0)|(0.9871956, -0.112429716, -0.112429671, -0.0128043881)|(1.00000036, 1.00000012, 1)
GlobalObjectId_V1-2-3b6551b0f2848c54f911d6f91ca83d54-7218365854853323149-127729888|True|(-0.00160000008, 0, 0)|(0.9871956, -0.112429716, -0.112429671, -0.0128043881)|(1.00000036, 1.00000012, 1)
GlobalObjectId_V1-2-3b6551b0f2848c54f911d6f91ca83d54-7218365854853323149-1897079065|True|(-0.00160000008, 0, 0)|(0.9871956, -0.112429716, -0.112429671, -0.0128043881)|(1.00000036, 1.00000012, 1)
GlobalObjectId_V1-2-3b6551b0f2848c54f911d6f91ca83d54-7218365854853323149-2070896708|True|(-0.00160000008, 0, 0)|(0.9871956, -0.112429716, -0.112429671, -0.0128043881)|(1.00000036, 1.00000012, 1)
GlobalObjectId_V1-2-3b6551b0f2848c54f911d6f91ca83d54-7218365854853323149-383792707|True|(-0.00160000008, 0, 0)|(0.9871956, -0.112429716, -0.112429671, -0.0128043881)|(1.00000036, 1.00000012, 1)
GlobalObjectId_V1-2-3b6551b0f2848c54f911d6f91ca83d54-7218365854853323149-393103402|True|(-0.00160000008, 0, 0)|(0.9871956, -0.112429716, -0.112429671, -0.0128043881)|(1.00000036, 1.00000012, 1)
GlobalObjectId_V1-2-3b6551b0f2848c54f911d6f91ca83d54-7218365854853323149-566916451|True|(-0.00160000008, 0, 0)|(0.9871956, -0.112429716, -0.112429671, -0.0128043881)|(1.00000036, 1.00000012, 1)
GlobalObjectId_V1-2-3b6551b0f2848c54f911d6f91ca83d54-7218365854853323149-965188316|True|(-0.00160000008, 0, 0)|(0.9871956, -0.112429716, -0.112429671, -0.0128043881)|(1.00000036, 1.00000012, 1)
GlobalObjectId_V1-2-3b6551b0f2848c54f911d6f91ca83d54-7218365854853323149-969570616|True|(-0.00160000008, 0, 0)|(0.9871956, -0.112429716, -0.112429671, -0.0128043881)|(1.00000036, 1.00000012, 1)
GlobalObjectId_V1-2-3b6551b0f2848c54f911d6f91ca83d54-7271361073044670845-1191518710|{"MonoBehaviour":{"m_Enabled":true,"m_EditorHideFlags":0,"m_Name":"","m_EditorClassIdentifier":"Assembly-CSharp::IndianOceanAssets.ShooterSurvival.EnemyMovementController","eventMode":4,"moveSpeed":2.200000047683716,"patrolAcrossRoad":false,"moveAnimation":0,"targetPoint":{"instanceID":0},"hideWhileWaiting":false,"ambushEntrySide":0.0,"modelForwardYaw":0.0,"arrivalDistance":0.05000000074505806}}
GlobalObjectId_V1-2-3b6551b0f2848c54f911d6f91ca83d54-7271361073044670845-1212367565|{"MonoBehaviour":{"m_Enabled":true,"m_EditorHideFlags":0,"m_Name":"","m_EditorClassIdentifier":"Assembly-CSharp::IndianOceanAssets.ShooterSurvival.EnemyMovementController","eventMode":4,"moveSpeed":2.200000047683716,"patrolAcrossRoad":false,"moveAnimation":0,"targetPoint":{"instanceID":0},"hideWhileWaiting":false,"ambushEntrySide":0.0,"modelForwardYaw":0.0,"arrivalDistance":0.05000000074505806}}
GlobalObjectId_V1-2-3b6551b0f2848c54f911d6f91ca83d54-7271361073044670845-143777058|{"MonoBehaviour":{"m_Enabled":true,"m_EditorHideFlags":0,"m_Name":"","m_EditorClassIdentifier":"Assembly-CSharp::IndianOceanAssets.ShooterSurvival.EnemyMovementController","eventMode":4,"moveSpeed":2.200000047683716,"patrolAcrossRoad":false,"moveAnimation":0,"targetPoint":{"instanceID":0},"hideWhileWaiting":false,"ambushEntrySide":0.0,"modelForwardYaw":0.0,"arrivalDistance":0.05000000074505806}}
GlobalObjectId_V1-2-3b6551b0f2848c54f911d6f91ca83d54-7271361073044670845-1542002196|{"MonoBehaviour":{"m_Enabled":true,"m_EditorHideFlags":0,"m_Name":"","m_EditorClassIdentifier":"Assembly-CSharp::IndianOceanAssets.ShooterSurvival.EnemyMovementController","eventMode":4,"moveSpeed":2.200000047683716,"patrolAcrossRoad":false,"moveAnimation":0,"targetPoint":{"instanceID":0},"hideWhileWaiting":false,"ambushEntrySide":0.0,"modelForwardYaw":0.0,"arrivalDistance":0.05000000074505806}}
GlobalObjectId_V1-2-3b6551b0f2848c54f911d6f91ca83d54-7271361073044670845-2024003042|{"MonoBehaviour":{"m_Enabled":true,"m_EditorHideFlags":0,"m_Name":"","m_EditorClassIdentifier":"Assembly-CSharp::IndianOceanAssets.ShooterSurvival.EnemyMovementController","eventMode":4,"moveSpeed":2.200000047683716,"patrolAcrossRoad":false,"moveAnimation":0,"targetPoint":{"instanceID":0},"hideWhileWaiting":false,"ambushEntrySide":0.0,"modelForwardYaw":0.0,"arrivalDistance":0.05000000074505806}}
GlobalObjectId_V1-2-3b6551b0f2848c54f911d6f91ca83d54-7271361073044670845-306864247|{"MonoBehaviour":{"m_Enabled":true,"m_EditorHideFlags":0,"m_Name":"","m_EditorClassIdentifier":"Assembly-CSharp::IndianOceanAssets.ShooterSurvival.EnemyMovementController","eventMode":4,"moveSpeed":2.200000047683716,"patrolAcrossRoad":false,"moveAnimation":0,"targetPoint":{"instanceID":0},"hideWhileWaiting":false,"ambushEntrySide":0.0,"modelForwardYaw":0.0,"arrivalDistance":0.05000000074505806}}
GlobalObjectId_V1-2-3b6551b0f2848c54f911d6f91ca83d54-7271361073044670845-309737671|{"MonoBehaviour":{"m_Enabled":true,"m_EditorHideFlags":0,"m_Name":"","m_EditorClassIdentifier":"Assembly-CSharp::IndianOceanAssets.ShooterSurvival.EnemyMovementController","eventMode":4,"moveSpeed":2.200000047683716,"patrolAcrossRoad":false,"moveAnimation":0,"targetPoint":{"instanceID":0},"hideWhileWaiting":false,"ambushEntrySide":0.0,"modelForwardYaw":0.0,"arrivalDistance":0.05000000074505806}}
GlobalObjectId_V1-2-3b6551b0f2848c54f911d6f91ca83d54-7271361073044670845-312149901|{"MonoBehaviour":{"m_Enabled":true,"m_EditorHideFlags":0,"m_Name":"","m_EditorClassIdentifier":"Assembly-CSharp::IndianOceanAssets.ShooterSurvival.EnemyMovementController","eventMode":4,"moveSpeed":2.200000047683716,"patrolAcrossRoad":false,"moveAnimation":0,"targetPoint":{"instanceID":0},"hideWhileWaiting":false,"ambushEntrySide":0.0,"modelForwardYaw":0.0,"arrivalDistance":0.05000000074505806}}
GlobalObjectId_V1-2-3b6551b0f2848c54f911d6f91ca83d54-7271361073044670845-857919492|{"MonoBehaviour":{"m_Enabled":true,"m_EditorHideFlags":0,"m_Name":"","m_EditorClassIdentifier":"Assembly-CSharp::IndianOceanAssets.ShooterSurvival.EnemyMovementController","eventMode":4,"moveSpeed":2.200000047683716,"patrolAcrossRoad":false,"moveAnimation":0,"targetPoint":{"instanceID":0},"hideWhileWaiting":false,"ambushEntrySide":0.0,"modelForwardYaw":0.0,"arrivalDistance":0.05000000074505806}}
GlobalObjectId_V1-2-3b6551b0f2848c54f911d6f91ca83d54-7271361073044670845-986728857|{"MonoBehaviour":{"m_Enabled":true,"m_EditorHideFlags":0,"m_Name":"","m_EditorClassIdentifier":"Assembly-CSharp::IndianOceanAssets.ShooterSurvival.EnemyMovementController","eventMode":4,"moveSpeed":2.200000047683716,"patrolAcrossRoad":false,"moveAnimation":0,"targetPoint":{"instanceID":0},"hideWhileWaiting":false,"ambushEntrySide":0.0,"modelForwardYaw":0.0,"arrivalDistance":0.05000000074505806}}
GlobalObjectId_V1-2-3b6551b0f2848c54f911d6f91ca83d54-7277535066234673465-1191518710|True|(3.79513948E-10, 0.00322338077, -1.49011609E-10)|(0.186180249, -0.5005813, 0.500581443, 0.6813029)|(1, 1, 1.00000012)
GlobalObjectId_V1-2-3b6551b0f2848c54f911d6f91ca83d54-7277535066234673465-1212367565|True|(3.79513948E-10, 0.00322338077, -1.49011609E-10)|(0.186180249, -0.5005813, 0.500581443, 0.6813029)|(1, 1, 1.00000012)
GlobalObjectId_V1-2-3b6551b0f2848c54f911d6f91ca83d54-7277535066234673465-143777058|True|(3.79513948E-10, 0.00322338077, -1.49011609E-10)|(0.186180249, -0.5005813, 0.500581443, 0.6813029)|(1, 1, 1.00000012)
GlobalObjectId_V1-2-3b6551b0f2848c54f911d6f91ca83d54-7277535066234673465-1542002196|True|(3.79513948E-10, 0.00322338077, -1.49011609E-10)|(0.186180249, -0.5005813, 0.500581443, 0.6813029)|(1, 1, 1.00000012)
GlobalObjectId_V1-2-3b6551b0f2848c54f911d6f91ca83d54-7277535066234673465-2024003042|True|(3.79513948E-10, 0.00322338077, -1.49011609E-10)|(0.186180249, -0.5005813, 0.500581443, 0.6813029)|(1, 1, 1.00000012)
GlobalObjectId_V1-2-3b6551b0f2848c54f911d6f91ca83d54-7277535066234673465-306864247|True|(3.79513948E-10, 0.00322338077, -1.49011609E-10)|(0.186180249, -0.5005813, 0.500581443, 0.6813029)|(1, 1, 1.00000012)
GlobalObjectId_V1-2-3b6551b0f2848c54f911d6f91ca83d54-7277535066234673465-309737671|True|(3.79513948E-10, 0.00322338077, -1.49011609E-10)|(0.186180249, -0.5005813, 0.500581443, 0.6813029)|(1, 1, 1.00000012)
GlobalObjectId_V1-2-3b6551b0f2848c54f911d6f91ca83d54-7277535066234673465-312149901|True|(3.79513948E-10, 0.00322338077, -1.49011609E-10)|(0.186180249, -0.5005813, 0.500581443, 0.6813029)|(1, 1, 1.00000012)
GlobalObjectId_V1-2-3b6551b0f2848c54f911d6f91ca83d54-7277535066234673465-857919492|True|(3.79513948E-10, 0.00322338077, -1.49011609E-10)|(0.186180249, -0.5005813, 0.500581443, 0.6813029)|(1, 1, 1.00000012)
GlobalObjectId_V1-2-3b6551b0f2848c54f911d6f91ca83d54-7277535066234673465-986728857|True|(3.79513948E-10, 0.00322338077, -1.49011609E-10)|(0.186180249, -0.5005813, 0.500581443, 0.6813029)|(1, 1, 1.00000012)
GlobalObjectId_V1-2-3b6551b0f2848c54f911d6f91ca83d54-7278906809660688107-1120997898|True|(4.47034826E-10, 0.002452908, -5.96046434E-10)|(-0.249386564, 0.2983644, -0.298364371, 0.871644258)|(0.9999999, 1, 1.00000024)
GlobalObjectId_V1-2-3b6551b0f2848c54f911d6f91ca83d54-7278906809660688107-1378066733|True|(4.47034826E-10, 0.002452908, -5.96046434E-10)|(-0.249386564, 0.2983644, -0.298364371, 0.871644258)|(0.9999999, 1, 1.00000024)
GlobalObjectId_V1-2-3b6551b0f2848c54f911d6f91ca83d54-7278906809660688107-1387022782|True|(4.47034826E-10, 0.002452908, -5.96046434E-10)|(-0.249386564, 0.2983644, -0.298364371, 0.871644258)|(0.9999999, 1, 1.00000024)
GlobalObjectId_V1-2-3b6551b0f2848c54f911d6f91ca83d54-7278906809660688107-1556813190|True|(4.47034826E-10, 0.002452908, -5.96046434E-10)|(-0.249386564, 0.2983644, -0.298364371, 0.871644258)|(0.9999999, 1, 1.00000024)
GlobalObjectId_V1-2-3b6551b0f2848c54f911d6f91ca83d54-7278906809660688107-161863763|True|(4.47034826E-10, 0.002452908, -5.96046434E-10)|(-0.249386564, 0.2983644, -0.298364371, 0.871644258)|(0.9999999, 1, 1.00000024)
GlobalObjectId_V1-2-3b6551b0f2848c54f911d6f91ca83d54-7278906809660688107-305648292|True|(4.47034826E-10, 0.002452908, -5.96046434E-10)|(-0.249386564, 0.2983644, -0.298364371, 0.871644258)|(0.9999999, 1, 1.00000024)
GlobalObjectId_V1-2-3b6551b0f2848c54f911d6f91ca83d54-7278906809660688107-404936451|True|(4.47034826E-10, 0.002452908, -5.96046434E-10)|(-0.249386564, 0.2983644, -0.298364371, 0.871644258)|(0.9999999, 1, 1.00000024)
GlobalObjectId_V1-2-3b6551b0f2848c54f911d6f91ca83d54-7278906809660688107-501866861|True|(4.47034826E-10, 0.002452908, -5.96046434E-10)|(-0.249386564, 0.2983644, -0.298364371, 0.871644258)|(0.9999999, 1, 1.00000024)
GlobalObjectId_V1-2-3b6551b0f2848c54f911d6f91ca83d54-7278906809660688107-692789032|True|(4.47034826E-10, 0.002452908, -5.96046434E-10)|(-0.249386564, 0.2983644, -0.298364371, 0.871644258)|(0.9999999, 1, 1.00000024)
GlobalObjectId_V1-2-3b6551b0f2848c54f911d6f91ca83d54-7278906809660688107-892891150|True|(4.47034826E-10, 0.002452908, -5.96046434E-10)|(-0.249386564, 0.2983644, -0.298364371, 0.871644258)|(0.9999999, 1, 1.00000024)
GlobalObjectId_V1-2-3b6551b0f2848c54f911d6f91ca83d54-7316650918168351085-1229718731|True|(0, 0.85, 0)|(0, 1, 0, 0)|(1, 1, 1)
GlobalObjectId_V1-2-3b6551b0f2848c54f911d6f91ca83d54-7316650918168351085-1268510627|True|(0, 0.85, 0)|(0, 1, 0, 0)|(1, 1, 1)
GlobalObjectId_V1-2-3b6551b0f2848c54f911d6f91ca83d54-7316650918168351085-1298481983|True|(0, 0.85, 0)|(0, 1, 0, 0)|(1, 1, 1)
GlobalObjectId_V1-2-3b6551b0f2848c54f911d6f91ca83d54-7316650918168351085-1473460188|True|(0, 0.85, 0)|(0, 1, 0, 0)|(1, 1, 1)
GlobalObjectId_V1-2-3b6551b0f2848c54f911d6f91ca83d54-7316650918168351085-1740273041|True|(0, 0.85, 0)|(0, 1, 0, 0)|(1, 1, 1)
GlobalObjectId_V1-2-3b6551b0f2848c54f911d6f91ca83d54-7316650918168351085-352986360|True|(0, 0.85, 0)|(0, 1, 0, 0)|(1, 1, 1)
GlobalObjectId_V1-2-3b6551b0f2848c54f911d6f91ca83d54-7316650918168351085-375106697|True|(0, 0.85, 0)|(0, 1, 0, 0)|(1, 1, 1)
GlobalObjectId_V1-2-3b6551b0f2848c54f911d6f91ca83d54-7316650918168351085-466313733|True|(0, 0.85, 0)|(0, 1, 0, 0)|(1, 1, 1)
GlobalObjectId_V1-2-3b6551b0f2848c54f911d6f91ca83d54-7316650918168351085-769108169|True|(0, 0.85, 0)|(0, 1, 0, 0)|(1, 1, 1)
GlobalObjectId_V1-2-3b6551b0f2848c54f911d6f91ca83d54-7316650918168351085-814571549|True|(0, 0.85, 0)|(0, 1, 0, 0)|(1, 1, 1)
GlobalObjectId_V1-2-3b6551b0f2848c54f911d6f91ca83d54-7400874163813660325-1120997898|True|(-5.96046434E-10, 0.00228805584, 1.49011609E-10)|(0.2706802, -0.1562837, 0.3944082, 0.8641469)|(0.99999994, 1, 1.00000012)
GlobalObjectId_V1-2-3b6551b0f2848c54f911d6f91ca83d54-7400874163813660325-1378066733|True|(-5.96046434E-10, 0.00228805584, 1.49011609E-10)|(0.2706802, -0.1562837, 0.3944082, 0.8641469)|(0.99999994, 1, 1.00000012)
GlobalObjectId_V1-2-3b6551b0f2848c54f911d6f91ca83d54-7400874163813660325-1387022782|True|(-5.96046434E-10, 0.00228805584, 1.49011609E-10)|(0.2706802, -0.1562837, 0.3944082, 0.8641469)|(0.99999994, 1, 1.00000012)
GlobalObjectId_V1-2-3b6551b0f2848c54f911d6f91ca83d54-7400874163813660325-1556813190|True|(-5.96046434E-10, 0.00228805584, 1.49011609E-10)|(0.2706802, -0.1562837, 0.3944082, 0.8641469)|(0.99999994, 1, 1.00000012)
GlobalObjectId_V1-2-3b6551b0f2848c54f911d6f91ca83d54-7400874163813660325-161863763|True|(-5.96046434E-10, 0.00228805584, 1.49011609E-10)|(0.2706802, -0.1562837, 0.3944082, 0.8641469)|(0.99999994, 1, 1.00000012)
GlobalObjectId_V1-2-3b6551b0f2848c54f911d6f91ca83d54-7400874163813660325-305648292|True|(-5.96046434E-10, 0.00228805584, 1.49011609E-10)|(0.2706802, -0.1562837, 0.3944082, 0.8641469)|(0.99999994, 1, 1.00000012)
GlobalObjectId_V1-2-3b6551b0f2848c54f911d6f91ca83d54-7400874163813660325-404936451|True|(-5.96046434E-10, 0.00228805584, 1.49011609E-10)|(0.2706802, -0.1562837, 0.3944082, 0.8641469)|(0.99999994, 1, 1.00000012)
GlobalObjectId_V1-2-3b6551b0f2848c54f911d6f91ca83d54-7400874163813660325-501866861|True|(-5.96046434E-10, 0.00228805584, 1.49011609E-10)|(0.2706802, -0.1562837, 0.3944082, 0.8641469)|(0.99999994, 1, 1.00000012)
GlobalObjectId_V1-2-3b6551b0f2848c54f911d6f91ca83d54-7400874163813660325-692789032|True|(-5.96046434E-10, 0.00228805584, 1.49011609E-10)|(0.2706802, -0.1562837, 0.3944082, 0.8641469)|(0.99999994, 1, 1.00000012)
GlobalObjectId_V1-2-3b6551b0f2848c54f911d6f91ca83d54-7400874163813660325-892891150|True|(-5.96046434E-10, 0.00228805584, 1.49011609E-10)|(0.2706802, -0.1562837, 0.3944082, 0.8641469)|(0.99999994, 1, 1.00000012)
GlobalObjectId_V1-2-3b6551b0f2848c54f911d6f91ca83d54-74080080-0|True|(-100, 0.08, 530.1)|(0, 0, 0, 1)|(1, 1, 1)
GlobalObjectId_V1-2-3b6551b0f2848c54f911d6f91ca83d54-741338564-0|True|(-7.1, 0.1, 0)|(0, 0, 0, 1)|(0.2, 0.2, 20)
GlobalObjectId_V1-2-3b6551b0f2848c54f911d6f91ca83d54-7427216669226107213-1049486283|True|(0, 0, 0)|(-0.7071068, 0, 0, 0.7071067)|(100, 100, 100)
GlobalObjectId_V1-2-3b6551b0f2848c54f911d6f91ca83d54-7427216669226107213-126319019|True|(0, 0, 0)|(-0.7071068, 0, 0, 0.7071067)|(100, 100, 100)
GlobalObjectId_V1-2-3b6551b0f2848c54f911d6f91ca83d54-7427216669226107213-1481706251|True|(0, 0, 0)|(-0.7071068, 0, 0, 0.7071067)|(100, 100, 100)
GlobalObjectId_V1-2-3b6551b0f2848c54f911d6f91ca83d54-7427216669226107213-1592385703|True|(0, 0, 0)|(-0.7071068, 0, 0, 0.7071067)|(100, 100, 100)
GlobalObjectId_V1-2-3b6551b0f2848c54f911d6f91ca83d54-7427216669226107213-1661574985|True|(0, 0, 0)|(-0.7071068, 0, 0, 0.7071067)|(100, 100, 100)
GlobalObjectId_V1-2-3b6551b0f2848c54f911d6f91ca83d54-7427216669226107213-1902647294|True|(0, 0, 0)|(-0.7071068, 0, 0, 0.7071067)|(100, 100, 100)
GlobalObjectId_V1-2-3b6551b0f2848c54f911d6f91ca83d54-7427216669226107213-239339974|True|(0, 0, 0)|(-0.7071068, 0, 0, 0.7071067)|(100, 100, 100)
GlobalObjectId_V1-2-3b6551b0f2848c54f911d6f91ca83d54-7427216669226107213-350417267|True|(0, 0, 0)|(-0.7071068, 0, 0, 0.7071067)|(100, 100, 100)
GlobalObjectId_V1-2-3b6551b0f2848c54f911d6f91ca83d54-7427216669226107213-575299033|True|(0, 0, 0)|(-0.7071068, 0, 0, 0.7071067)|(100, 100, 100)
GlobalObjectId_V1-2-3b6551b0f2848c54f911d6f91ca83d54-7427216669226107213-834271436|True|(0, 0, 0)|(-0.7071068, 0, 0, 0.7071067)|(100, 100, 100)
GlobalObjectId_V1-2-3b6551b0f2848c54f911d6f91ca83d54-74705945071726492-1167286018|True|(-1.5, 0.15, 0)|(0, 0, 0, 1)|(0.35, 0.3, 3.5)
GlobalObjectId_V1-2-3b6551b0f2848c54f911d6f91ca83d54-74705945071726492-1180928524|True|(-1.5, 0.15, 0)|(0, 0, 0, 1)|(0.35, 0.3, 3.5)
GlobalObjectId_V1-2-3b6551b0f2848c54f911d6f91ca83d54-74705945071726492-122956854|True|(-1.5, 0.15, 0)|(0, 0, 0, 1)|(0.35, 0.3, 3.5)
GlobalObjectId_V1-2-3b6551b0f2848c54f911d6f91ca83d54-74705945071726492-1245624228|True|(-1.5, 0.15, 0)|(0, 0, 0, 1)|(0.35, 0.3, 3.5)
GlobalObjectId_V1-2-3b6551b0f2848c54f911d6f91ca83d54-74705945071726492-1404068710|True|(-1.5, 0.15, 0)|(0, 0, 0, 1)|(0.35, 0.3, 3.5)
GlobalObjectId_V1-2-3b6551b0f2848c54f911d6f91ca83d54-74705945071726492-1418330522|True|(-1.5, 0.15, 0)|(0, 0, 0, 1)|(0.35, 0.3, 3.5)
GlobalObjectId_V1-2-3b6551b0f2848c54f911d6f91ca83d54-74705945071726492-1452177011|True|(-1.5, 0.15, 0)|(0, 0, 0, 1)|(0.35, 0.3, 3.5)
GlobalObjectId_V1-2-3b6551b0f2848c54f911d6f91ca83d54-74705945071726492-1620194150|True|(-1.5, 0.15, 0)|(0, 0, 0, 1)|(0.35, 0.3, 3.5)
GlobalObjectId_V1-2-3b6551b0f2848c54f911d6f91ca83d54-74705945071726492-1693543895|True|(-1.5, 0.15, 0)|(0, 0, 0, 1)|(0.35, 0.3, 3.5)
GlobalObjectId_V1-2-3b6551b0f2848c54f911d6f91ca83d54-74705945071726492-1793401989|True|(-1.5, 0.15, 0)|(0, 0, 0, 1)|(0.35, 0.3, 3.5)
GlobalObjectId_V1-2-3b6551b0f2848c54f911d6f91ca83d54-74705945071726492-2098923909|True|(-1.5, 0.15, 0)|(0, 0, 0, 1)|(0.35, 0.3, 3.5)
GlobalObjectId_V1-2-3b6551b0f2848c54f911d6f91ca83d54-74705945071726492-299381512|True|(-1.5, 0.15, 0)|(0, 0, 0, 1)|(0.35, 0.3, 3.5)
GlobalObjectId_V1-2-3b6551b0f2848c54f911d6f91ca83d54-74705945071726492-730290851|True|(-1.5, 0.15, 0)|(0, 0, 0, 1)|(0.35, 0.3, 3.5)
GlobalObjectId_V1-2-3b6551b0f2848c54f911d6f91ca83d54-74705945071726492-828652953|True|(-1.5, 0.15, 0)|(0, 0, 0, 1)|(0.35, 0.3, 3.5)
GlobalObjectId_V1-2-3b6551b0f2848c54f911d6f91ca83d54-74705945071726492-884722836|True|(-1.5, 0.15, 0)|(0, 0, 0, 1)|(0.35, 0.3, 3.5)
GlobalObjectId_V1-2-3b6551b0f2848c54f911d6f91ca83d54-748312757-0|False|(243.1, 0, 197.299988)|(0, 0, 0, 1)|(1, 1, 1)
GlobalObjectId_V1-2-3b6551b0f2848c54f911d6f91ca83d54-7507117788698631725-1025319220|True|(0, 0.008, 0)|(0, 0.09584575, 0, 0.9953962)|(1, 1, 1)
GlobalObjectId_V1-2-3b6551b0f2848c54f911d6f91ca83d54-7507117788698631725-1076637211|True|(0, 0.008, 0)|(0, 0.09584575, 0, 0.9953962)|(1, 1, 1)
GlobalObjectId_V1-2-3b6551b0f2848c54f911d6f91ca83d54-7507117788698631725-1123370063|True|(0, 0.008, 0)|(0, 0.09584575, 0, 0.9953962)|(1, 1, 1)
GlobalObjectId_V1-2-3b6551b0f2848c54f911d6f91ca83d54-7507117788698631725-1138517293|True|(0, 0.008, 0)|(0, 0.09584575, 0, 0.9953962)|(1, 1, 1)
GlobalObjectId_V1-2-3b6551b0f2848c54f911d6f91ca83d54-7507117788698631725-1145818399|True|(0, 0.008, 0)|(0, 0.09584575, 0, 0.9953962)|(1, 1, 1)
GlobalObjectId_V1-2-3b6551b0f2848c54f911d6f91ca83d54-7507117788698631725-1148386096|True|(0, 0.008, 0)|(0, 0.09584575, 0, 0.9953962)|(1, 1, 1)
GlobalObjectId_V1-2-3b6551b0f2848c54f911d6f91ca83d54-7507117788698631725-1157908847|True|(0, 0.008, 0)|(0, 0.09584575, 0, 0.9953962)|(1, 1, 1)
GlobalObjectId_V1-2-3b6551b0f2848c54f911d6f91ca83d54-7507117788698631725-117525737|True|(0, 0.008, 0)|(0, 0.09584575, 0, 0.9953962)|(1, 1, 1)
GlobalObjectId_V1-2-3b6551b0f2848c54f911d6f91ca83d54-7507117788698631725-1211572864|True|(0, 0.008, 0)|(0, 0.09584575, 0, 0.9953962)|(1, 1, 1)
GlobalObjectId_V1-2-3b6551b0f2848c54f911d6f91ca83d54-7507117788698631725-1261995047|True|(0, 0.008, 0)|(0, 0.09584575, 0, 0.9953962)|(1, 1, 1)
GlobalObjectId_V1-2-3b6551b0f2848c54f911d6f91ca83d54-7507117788698631725-1273560124|True|(0, 0.008, 0)|(0, 0.09584575, 0, 0.9953962)|(1, 1, 1)
GlobalObjectId_V1-2-3b6551b0f2848c54f911d6f91ca83d54-7507117788698631725-1341893445|True|(0, 0.008, 0)|(0, 0.09584575, 0, 0.9953962)|(1, 1, 1)
GlobalObjectId_V1-2-3b6551b0f2848c54f911d6f91ca83d54-7507117788698631725-1577023816|True|(0, 0.008, 0)|(0, 0.09584575, 0, 0.9953962)|(1, 1, 1)
GlobalObjectId_V1-2-3b6551b0f2848c54f911d6f91ca83d54-7507117788698631725-1609908011|True|(0, 0.008, 0)|(0, 0.09584575, 0, 0.9953962)|(1, 1, 1)
GlobalObjectId_V1-2-3b6551b0f2848c54f911d6f91ca83d54-7507117788698631725-1654698043|True|(0, 0.008, 0)|(0, 0.09584575, 0, 0.9953962)|(1, 1, 1)
GlobalObjectId_V1-2-3b6551b0f2848c54f911d6f91ca83d54-7507117788698631725-1725634851|True|(0, 0.008, 0)|(0, 0.09584575, 0, 0.9953962)|(1, 1, 1)
GlobalObjectId_V1-2-3b6551b0f2848c54f911d6f91ca83d54-7507117788698631725-178552251|True|(0, 0.008, 0)|(0, 0.09584575, 0, 0.9953962)|(1, 1, 1)
GlobalObjectId_V1-2-3b6551b0f2848c54f911d6f91ca83d54-7507117788698631725-1804972047|True|(0, 0.008, 0)|(0, 0.09584575, 0, 0.9953962)|(1, 1, 1)
GlobalObjectId_V1-2-3b6551b0f2848c54f911d6f91ca83d54-7507117788698631725-1819624870|True|(0, 0.008, 0)|(0, 0.09584575, 0, 0.9953962)|(1, 1, 1)
GlobalObjectId_V1-2-3b6551b0f2848c54f911d6f91ca83d54-7507117788698631725-1866442031|True|(0, 0.008, 0)|(0, 0.09584575, 0, 0.9953962)|(1, 1, 1)
GlobalObjectId_V1-2-3b6551b0f2848c54f911d6f91ca83d54-7507117788698631725-1970165663|True|(0, 0.008, 0)|(0, 0.09584575, 0, 0.9953962)|(1, 1, 1)
GlobalObjectId_V1-2-3b6551b0f2848c54f911d6f91ca83d54-7507117788698631725-2024084545|True|(0, 0.008, 0)|(0, 0.09584575, 0, 0.9953962)|(1, 1, 1)
GlobalObjectId_V1-2-3b6551b0f2848c54f911d6f91ca83d54-7507117788698631725-2026501014|True|(0, 0.008, 0)|(0, 0.09584575, 0, 0.9953962)|(1, 1, 1)
GlobalObjectId_V1-2-3b6551b0f2848c54f911d6f91ca83d54-7507117788698631725-2039403610|True|(0, 0.008, 0)|(0, 0.09584575, 0, 0.9953962)|(1, 1, 1)
GlobalObjectId_V1-2-3b6551b0f2848c54f911d6f91ca83d54-7507117788698631725-2040492614|True|(0, 0.008, 0)|(0, 0.09584575, 0, 0.9953962)|(1, 1, 1)
GlobalObjectId_V1-2-3b6551b0f2848c54f911d6f91ca83d54-7507117788698631725-2056561579|True|(0, 0.008, 0)|(0, 0.09584575, 0, 0.9953962)|(1, 1, 1)
GlobalObjectId_V1-2-3b6551b0f2848c54f911d6f91ca83d54-7507117788698631725-2059838410|True|(0, 0.008, 0)|(0, 0.09584575, 0, 0.9953962)|(1, 1, 1)
GlobalObjectId_V1-2-3b6551b0f2848c54f911d6f91ca83d54-7507117788698631725-220756394|True|(0, 0.008, 0)|(0, 0.09584575, 0, 0.9953962)|(1, 1, 1)
GlobalObjectId_V1-2-3b6551b0f2848c54f911d6f91ca83d54-7507117788698631725-241495691|True|(0, 0.008, 0)|(0, 0.09584575, 0, 0.9953962)|(1, 1, 1)
GlobalObjectId_V1-2-3b6551b0f2848c54f911d6f91ca83d54-7507117788698631725-243786568|True|(0, 0.008, 0)|(0, 0.09584575, 0, 0.9953962)|(1, 1, 1)
GlobalObjectId_V1-2-3b6551b0f2848c54f911d6f91ca83d54-7507117788698631725-27082819|True|(0, 0.008, 0)|(0, 0.09584575, 0, 0.9953962)|(1, 1, 1)
GlobalObjectId_V1-2-3b6551b0f2848c54f911d6f91ca83d54-7507117788698631725-287385670|True|(0, 0.008, 0)|(0, 0.09584575, 0, 0.9953962)|(1, 1, 1)
GlobalObjectId_V1-2-3b6551b0f2848c54f911d6f91ca83d54-7507117788698631725-308217777|True|(0, 0.008, 0)|(0, 0.09584575, 0, 0.9953962)|(1, 1, 1)
GlobalObjectId_V1-2-3b6551b0f2848c54f911d6f91ca83d54-7507117788698631725-31273311|True|(0, 0.008, 0)|(0, 0.09584575, 0, 0.9953962)|(1, 1, 1)
GlobalObjectId_V1-2-3b6551b0f2848c54f911d6f91ca83d54-7507117788698631725-343957928|True|(0, 0.008, 0)|(0, 0.09584575, 0, 0.9953962)|(1, 1, 1)
GlobalObjectId_V1-2-3b6551b0f2848c54f911d6f91ca83d54-7507117788698631725-396161643|True|(0, 0.008, 0)|(0, 0.09584575, 0, 0.9953962)|(1, 1, 1)
GlobalObjectId_V1-2-3b6551b0f2848c54f911d6f91ca83d54-7507117788698631725-426443221|True|(0, 0.008, 0)|(0, 0.09584575, 0, 0.9953962)|(1, 1, 1)
GlobalObjectId_V1-2-3b6551b0f2848c54f911d6f91ca83d54-7507117788698631725-458006385|True|(0, 0.008, 0)|(0, 0.09584575, 0, 0.9953962)|(1, 1, 1)
GlobalObjectId_V1-2-3b6551b0f2848c54f911d6f91ca83d54-7507117788698631725-502189609|True|(0, 0.008, 0)|(0, 0.09584575, 0, 0.9953962)|(1, 1, 1)
GlobalObjectId_V1-2-3b6551b0f2848c54f911d6f91ca83d54-7507117788698631725-502266823|True|(0, 0.008, 0)|(0, 0.09584575, 0, 0.9953962)|(1, 1, 1)
GlobalObjectId_V1-2-3b6551b0f2848c54f911d6f91ca83d54-7507117788698631725-593650449|True|(0, 0.008, 0)|(0, 0.09584575, 0, 0.9953962)|(1, 1, 1)
GlobalObjectId_V1-2-3b6551b0f2848c54f911d6f91ca83d54-7507117788698631725-600046749|True|(0, 0.008, 0)|(0, 0.09584575, 0, 0.9953962)|(1, 1, 1)
GlobalObjectId_V1-2-3b6551b0f2848c54f911d6f91ca83d54-7507117788698631725-656679930|True|(0, 0.008, 0)|(0, 0.09584575, 0, 0.9953962)|(1, 1, 1)
GlobalObjectId_V1-2-3b6551b0f2848c54f911d6f91ca83d54-7507117788698631725-680847915|True|(0, 0.008, 0)|(0, 0.09584575, 0, 0.9953962)|(1, 1, 1)
GlobalObjectId_V1-2-3b6551b0f2848c54f911d6f91ca83d54-7507117788698631725-731984814|True|(0, 0.008, 0)|(0, 0.09584575, 0, 0.9953962)|(1, 1, 1)
GlobalObjectId_V1-2-3b6551b0f2848c54f911d6f91ca83d54-7507117788698631725-754211584|True|(0, 0.008, 0)|(0, 0.09584575, 0, 0.9953962)|(1, 1, 1)
GlobalObjectId_V1-2-3b6551b0f2848c54f911d6f91ca83d54-7507117788698631725-859783628|True|(0, 0.008, 0)|(0, 0.09584575, 0, 0.9953962)|(1, 1, 1)
GlobalObjectId_V1-2-3b6551b0f2848c54f911d6f91ca83d54-7507117788698631725-878071367|True|(0, 0.008, 0)|(0, 0.09584575, 0, 0.9953962)|(1, 1, 1)
GlobalObjectId_V1-2-3b6551b0f2848c54f911d6f91ca83d54-7507117788698631725-956417833|True|(0, 0.008, 0)|(0, 0.09584575, 0, 0.9953962)|(1, 1, 1)
GlobalObjectId_V1-2-3b6551b0f2848c54f911d6f91ca83d54-7507117788698631725-975687593|True|(0, 0.008, 0)|(0, 0.09584575, 0, 0.9953962)|(1, 1, 1)
GlobalObjectId_V1-2-3b6551b0f2848c54f911d6f91ca83d54-7538050047918689362-1049486283|True|(0, 0, 4.065526E-11)|(0.7071068, 0, 0, 0.7071067)|(1, 1, 1)
GlobalObjectId_V1-2-3b6551b0f2848c54f911d6f91ca83d54-7538050047918689362-126319019|True|(0, 0, 4.065526E-11)|(0.7071068, 0, 0, 0.7071067)|(1, 1, 1)
GlobalObjectId_V1-2-3b6551b0f2848c54f911d6f91ca83d54-7538050047918689362-1481706251|True|(0, 0, 4.065526E-11)|(0.7071068, 0, 0, 0.7071067)|(1, 1, 1)
GlobalObjectId_V1-2-3b6551b0f2848c54f911d6f91ca83d54-7538050047918689362-1592385703|True|(0, 0, 4.065526E-11)|(0.7071068, 0, 0, 0.7071067)|(1, 1, 1)
GlobalObjectId_V1-2-3b6551b0f2848c54f911d6f91ca83d54-7538050047918689362-1661574985|True|(0, 0, 4.065526E-11)|(0.7071068, 0, 0, 0.7071067)|(1, 1, 1)
GlobalObjectId_V1-2-3b6551b0f2848c54f911d6f91ca83d54-7538050047918689362-1902647294|True|(0, 0, 4.065526E-11)|(0.7071068, 0, 0, 0.7071067)|(1, 1, 1)
GlobalObjectId_V1-2-3b6551b0f2848c54f911d6f91ca83d54-7538050047918689362-239339974|True|(0, 0, 4.065526E-11)|(0.7071068, 0, 0, 0.7071067)|(1, 1, 1)
GlobalObjectId_V1-2-3b6551b0f2848c54f911d6f91ca83d54-7538050047918689362-350417267|True|(0, 0, 4.065526E-11)|(0.7071068, 0, 0, 0.7071067)|(1, 1, 1)
GlobalObjectId_V1-2-3b6551b0f2848c54f911d6f91ca83d54-7538050047918689362-575299033|True|(0, 0, 4.065526E-11)|(0.7071068, 0, 0, 0.7071067)|(1, 1, 1)
GlobalObjectId_V1-2-3b6551b0f2848c54f911d6f91ca83d54-7538050047918689362-834271436|True|(0, 0, 4.065526E-11)|(0.7071068, 0, 0, 0.7071067)|(1, 1, 1)
GlobalObjectId_V1-2-3b6551b0f2848c54f911d6f91ca83d54-7538929693740783029-1191602872|True|(0, 0.00111999991, 0)|(0, 0, 0, 1)|(1, 1, 1)
GlobalObjectId_V1-2-3b6551b0f2848c54f911d6f91ca83d54-7538929693740783029-1250511116|True|(0, 0.00111999991, 0)|(0, 0, 0, 1)|(1, 1, 1)
GlobalObjectId_V1-2-3b6551b0f2848c54f911d6f91ca83d54-7538929693740783029-127729888|True|(0, 0.00111999991, 0)|(0, 0, 0, 1)|(1, 1, 1)
GlobalObjectId_V1-2-3b6551b0f2848c54f911d6f91ca83d54-7538929693740783029-1897079065|True|(0, 0.00111999991, 0)|(0, 0, 0, 1)|(1, 1, 1)
GlobalObjectId_V1-2-3b6551b0f2848c54f911d6f91ca83d54-7538929693740783029-2070896708|True|(0, 0.00111999991, 0)|(0, 0, 0, 1)|(1, 1, 1)
GlobalObjectId_V1-2-3b6551b0f2848c54f911d6f91ca83d54-7538929693740783029-383792707|True|(0, 0.00111999991, 0)|(0, 0, 0, 1)|(1, 1, 1)
GlobalObjectId_V1-2-3b6551b0f2848c54f911d6f91ca83d54-7538929693740783029-393103402|True|(0, 0.00111999991, 0)|(0, 0, 0, 1)|(1, 1, 1)
GlobalObjectId_V1-2-3b6551b0f2848c54f911d6f91ca83d54-7538929693740783029-566916451|True|(0, 0.00111999991, 0)|(0, 0, 0, 1)|(1, 1, 1)
GlobalObjectId_V1-2-3b6551b0f2848c54f911d6f91ca83d54-7538929693740783029-965188316|True|(0, 0.00111999991, 0)|(0, 0, 0, 1)|(1, 1, 1)
GlobalObjectId_V1-2-3b6551b0f2848c54f911d6f91ca83d54-7538929693740783029-969570616|True|(0, 0.00111999991, 0)|(0, 0, 0, 1)|(1, 1, 1)
GlobalObjectId_V1-2-3b6551b0f2848c54f911d6f91ca83d54-7545520115879513771-1025319220|True|(0, 0.64, 0)|(-0.7071068, 0, 0, 0.7071068)|(1, 1, 1)
GlobalObjectId_V1-2-3b6551b0f2848c54f911d6f91ca83d54-7545520115879513771-1076637211|True|(0, 0.64, 0)|(-0.7071068, 0, 0, 0.7071068)|(1, 1, 1)
GlobalObjectId_V1-2-3b6551b0f2848c54f911d6f91ca83d54-7545520115879513771-1123370063|True|(0, 0.64, 0)|(-0.7071068, 0, 0, 0.7071068)|(1, 1, 1)
GlobalObjectId_V1-2-3b6551b0f2848c54f911d6f91ca83d54-7545520115879513771-1138517293|True|(0, 0.64, 0)|(-0.7071068, 0, 0, 0.7071068)|(1, 1, 1)
GlobalObjectId_V1-2-3b6551b0f2848c54f911d6f91ca83d54-7545520115879513771-1145818399|True|(0, 0.64, 0)|(-0.7071068, 0, 0, 0.7071068)|(1, 1, 1)
GlobalObjectId_V1-2-3b6551b0f2848c54f911d6f91ca83d54-7545520115879513771-1148386096|True|(0, 0.64, 0)|(-0.7071068, 0, 0, 0.7071068)|(1, 1, 1)
GlobalObjectId_V1-2-3b6551b0f2848c54f911d6f91ca83d54-7545520115879513771-1157908847|True|(0, 0.64, 0)|(-0.7071068, 0, 0, 0.7071068)|(1, 1, 1)
GlobalObjectId_V1-2-3b6551b0f2848c54f911d6f91ca83d54-7545520115879513771-117525737|True|(0, 0.64, 0)|(-0.7071068, 0, 0, 0.7071068)|(1, 1, 1)
GlobalObjectId_V1-2-3b6551b0f2848c54f911d6f91ca83d54-7545520115879513771-1211572864|True|(0, 0.64, 0)|(-0.7071068, 0, 0, 0.7071068)|(1, 1, 1)
GlobalObjectId_V1-2-3b6551b0f2848c54f911d6f91ca83d54-7545520115879513771-1261995047|True|(0, 0.64, 0)|(-0.7071068, 0, 0, 0.7071068)|(1, 1, 1)
GlobalObjectId_V1-2-3b6551b0f2848c54f911d6f91ca83d54-7545520115879513771-1273560124|True|(0, 0.64, 0)|(-0.7071068, 0, 0, 0.7071068)|(1, 1, 1)
GlobalObjectId_V1-2-3b6551b0f2848c54f911d6f91ca83d54-7545520115879513771-1341893445|True|(0, 0.64, 0)|(-0.7071068, 0, 0, 0.7071068)|(1, 1, 1)
GlobalObjectId_V1-2-3b6551b0f2848c54f911d6f91ca83d54-7545520115879513771-1577023816|True|(0, 0.64, 0)|(-0.7071068, 0, 0, 0.7071068)|(1, 1, 1)
GlobalObjectId_V1-2-3b6551b0f2848c54f911d6f91ca83d54-7545520115879513771-1609908011|True|(0, 0.64, 0)|(-0.7071068, 0, 0, 0.7071068)|(1, 1, 1)
GlobalObjectId_V1-2-3b6551b0f2848c54f911d6f91ca83d54-7545520115879513771-1654698043|True|(0, 0.64, 0)|(-0.7071068, 0, 0, 0.7071068)|(1, 1, 1)
GlobalObjectId_V1-2-3b6551b0f2848c54f911d6f91ca83d54-7545520115879513771-1725634851|True|(0, 0.64, 0)|(-0.7071068, 0, 0, 0.7071068)|(1, 1, 1)
GlobalObjectId_V1-2-3b6551b0f2848c54f911d6f91ca83d54-7545520115879513771-178552251|True|(0, 0.64, 0)|(-0.7071068, 0, 0, 0.7071068)|(1, 1, 1)
GlobalObjectId_V1-2-3b6551b0f2848c54f911d6f91ca83d54-7545520115879513771-1804972047|True|(0, 0.64, 0)|(-0.7071068, 0, 0, 0.7071068)|(1, 1, 1)
GlobalObjectId_V1-2-3b6551b0f2848c54f911d6f91ca83d54-7545520115879513771-1819624870|True|(0, 0.64, 0)|(-0.7071068, 0, 0, 0.7071068)|(1, 1, 1)
GlobalObjectId_V1-2-3b6551b0f2848c54f911d6f91ca83d54-7545520115879513771-1866442031|True|(0, 0.64, 0)|(-0.7071068, 0, 0, 0.7071068)|(1, 1, 1)
GlobalObjectId_V1-2-3b6551b0f2848c54f911d6f91ca83d54-7545520115879513771-1970165663|True|(0, 0.64, 0)|(-0.7071068, 0, 0, 0.7071068)|(1, 1, 1)
GlobalObjectId_V1-2-3b6551b0f2848c54f911d6f91ca83d54-7545520115879513771-2024084545|True|(0, 0.64, 0)|(-0.7071068, 0, 0, 0.7071068)|(1, 1, 1)
GlobalObjectId_V1-2-3b6551b0f2848c54f911d6f91ca83d54-7545520115879513771-2026501014|True|(0, 0.64, 0)|(-0.7071068, 0, 0, 0.7071068)|(1, 1, 1)
GlobalObjectId_V1-2-3b6551b0f2848c54f911d6f91ca83d54-7545520115879513771-2039403610|True|(0, 0.64, 0)|(-0.7071068, 0, 0, 0.7071068)|(1, 1, 1)
GlobalObjectId_V1-2-3b6551b0f2848c54f911d6f91ca83d54-7545520115879513771-2040492614|True|(0, 0.64, 0)|(-0.7071068, 0, 0, 0.7071068)|(1, 1, 1)
GlobalObjectId_V1-2-3b6551b0f2848c54f911d6f91ca83d54-7545520115879513771-2056561579|True|(0, 0.64, 0)|(-0.7071068, 0, 0, 0.7071068)|(1, 1, 1)
GlobalObjectId_V1-2-3b6551b0f2848c54f911d6f91ca83d54-7545520115879513771-2059838410|True|(0, 0.64, 0)|(-0.7071068, 0, 0, 0.7071068)|(1, 1, 1)
GlobalObjectId_V1-2-3b6551b0f2848c54f911d6f91ca83d54-7545520115879513771-220756394|True|(0, 0.64, 0)|(-0.7071068, 0, 0, 0.7071068)|(1, 1, 1)
GlobalObjectId_V1-2-3b6551b0f2848c54f911d6f91ca83d54-7545520115879513771-241495691|True|(0, 0.64, 0)|(-0.7071068, 0, 0, 0.7071068)|(1, 1, 1)
GlobalObjectId_V1-2-3b6551b0f2848c54f911d6f91ca83d54-7545520115879513771-243786568|True|(0, 0.64, 0)|(-0.7071068, 0, 0, 0.7071068)|(1, 1, 1)
GlobalObjectId_V1-2-3b6551b0f2848c54f911d6f91ca83d54-7545520115879513771-27082819|True|(0, 0.64, 0)|(-0.7071068, 0, 0, 0.7071068)|(1, 1, 1)
GlobalObjectId_V1-2-3b6551b0f2848c54f911d6f91ca83d54-7545520115879513771-287385670|True|(0, 0.64, 0)|(-0.7071068, 0, 0, 0.7071068)|(1, 1, 1)
GlobalObjectId_V1-2-3b6551b0f2848c54f911d6f91ca83d54-7545520115879513771-308217777|True|(0, 0.64, 0)|(-0.7071068, 0, 0, 0.7071068)|(1, 1, 1)
GlobalObjectId_V1-2-3b6551b0f2848c54f911d6f91ca83d54-7545520115879513771-31273311|True|(0, 0.64, 0)|(-0.7071068, 0, 0, 0.7071068)|(1, 1, 1)
GlobalObjectId_V1-2-3b6551b0f2848c54f911d6f91ca83d54-7545520115879513771-343957928|True|(0, 0.64, 0)|(-0.7071068, 0, 0, 0.7071068)|(1, 1, 1)
GlobalObjectId_V1-2-3b6551b0f2848c54f911d6f91ca83d54-7545520115879513771-396161643|True|(0, 0.64, 0)|(-0.7071068, 0, 0, 0.7071068)|(1, 1, 1)
GlobalObjectId_V1-2-3b6551b0f2848c54f911d6f91ca83d54-7545520115879513771-426443221|True|(0, 0.64, 0)|(-0.7071068, 0, 0, 0.7071068)|(1, 1, 1)
GlobalObjectId_V1-2-3b6551b0f2848c54f911d6f91ca83d54-7545520115879513771-458006385|True|(0, 0.64, 0)|(-0.7071068, 0, 0, 0.7071068)|(1, 1, 1)
GlobalObjectId_V1-2-3b6551b0f2848c54f911d6f91ca83d54-7545520115879513771-502189609|True|(0, 0.64, 0)|(-0.7071068, 0, 0, 0.7071068)|(1, 1, 1)
GlobalObjectId_V1-2-3b6551b0f2848c54f911d6f91ca83d54-7545520115879513771-502266823|True|(0, 0.64, 0)|(-0.7071068, 0, 0, 0.7071068)|(1, 1, 1)
GlobalObjectId_V1-2-3b6551b0f2848c54f911d6f91ca83d54-7545520115879513771-593650449|True|(0, 0.64, 0)|(-0.7071068, 0, 0, 0.7071068)|(1, 1, 1)
GlobalObjectId_V1-2-3b6551b0f2848c54f911d6f91ca83d54-7545520115879513771-600046749|True|(0, 0.64, 0)|(-0.7071068, 0, 0, 0.7071068)|(1, 1, 1)
GlobalObjectId_V1-2-3b6551b0f2848c54f911d6f91ca83d54-7545520115879513771-656679930|True|(0, 0.64, 0)|(-0.7071068, 0, 0, 0.7071068)|(1, 1, 1)
GlobalObjectId_V1-2-3b6551b0f2848c54f911d6f91ca83d54-7545520115879513771-680847915|True|(0, 0.64, 0)|(-0.7071068, 0, 0, 0.7071068)|(1, 1, 1)
GlobalObjectId_V1-2-3b6551b0f2848c54f911d6f91ca83d54-7545520115879513771-731984814|True|(0, 0.64, 0)|(-0.7071068, 0, 0, 0.7071068)|(1, 1, 1)
GlobalObjectId_V1-2-3b6551b0f2848c54f911d6f91ca83d54-7545520115879513771-754211584|True|(0, 0.64, 0)|(-0.7071068, 0, 0, 0.7071068)|(1, 1, 1)
GlobalObjectId_V1-2-3b6551b0f2848c54f911d6f91ca83d54-7545520115879513771-859783628|True|(0, 0.64, 0)|(-0.7071068, 0, 0, 0.7071068)|(1, 1, 1)
GlobalObjectId_V1-2-3b6551b0f2848c54f911d6f91ca83d54-7545520115879513771-878071367|True|(0, 0.64, 0)|(-0.7071068, 0, 0, 0.7071068)|(1, 1, 1)
GlobalObjectId_V1-2-3b6551b0f2848c54f911d6f91ca83d54-7545520115879513771-956417833|True|(0, 0.64, 0)|(-0.7071068, 0, 0, 0.7071068)|(1, 1, 1)
GlobalObjectId_V1-2-3b6551b0f2848c54f911d6f91ca83d54-7545520115879513771-975687593|True|(0, 0.64, 0)|(-0.7071068, 0, 0, 0.7071068)|(1, 1, 1)
GlobalObjectId_V1-2-3b6551b0f2848c54f911d6f91ca83d54-755649012-0|True|(7.1, 0.1, 0)|(0, 0, 0, 1)|(0.2, 0.2, 20)
GlobalObjectId_V1-2-3b6551b0f2848c54f911d6f91ca83d54-758075156-0|True|(-7.1, 0.1, 0)|(0, 0, 0, 1)|(0.2, 0.2, 20)
GlobalObjectId_V1-2-3b6551b0f2848c54f911d6f91ca83d54-7679925637952659266-1229718731|True|(0, 0.00127999962, 0)|(0, 0, 0, 1)|(1, 1, 1)
GlobalObjectId_V1-2-3b6551b0f2848c54f911d6f91ca83d54-7679925637952659266-1268510627|True|(0, 0.00127999962, 0)|(0, 0, 0, 1)|(1, 1, 1)
GlobalObjectId_V1-2-3b6551b0f2848c54f911d6f91ca83d54-7679925637952659266-1298481983|True|(0, 0.00127999962, 0)|(0, 0, 0, 1)|(1, 1, 1)
GlobalObjectId_V1-2-3b6551b0f2848c54f911d6f91ca83d54-7679925637952659266-1473460188|True|(0, 0.00127999962, 0)|(0, 0, 0, 1)|(1, 1, 1)
GlobalObjectId_V1-2-3b6551b0f2848c54f911d6f91ca83d54-7679925637952659266-1740273041|True|(0, 0.00127999962, 0)|(0, 0, 0, 1)|(1, 1, 1)
GlobalObjectId_V1-2-3b6551b0f2848c54f911d6f91ca83d54-7679925637952659266-352986360|True|(0, 0.00127999962, 0)|(0, 0, 0, 1)|(1, 1, 1)
GlobalObjectId_V1-2-3b6551b0f2848c54f911d6f91ca83d54-7679925637952659266-375106697|True|(0, 0.00127999962, 0)|(0, 0, 0, 1)|(1, 1, 1)
GlobalObjectId_V1-2-3b6551b0f2848c54f911d6f91ca83d54-7679925637952659266-466313733|True|(0, 0.00127999962, 0)|(0, 0, 0, 1)|(1, 1, 1)
GlobalObjectId_V1-2-3b6551b0f2848c54f911d6f91ca83d54-7679925637952659266-769108169|True|(0, 0.00127999962, 0)|(0, 0, 0, 1)|(1, 1, 1)
GlobalObjectId_V1-2-3b6551b0f2848c54f911d6f91ca83d54-7679925637952659266-814571549|True|(0, 0.00127999962, 0)|(0, 0, 0, 1)|(1, 1, 1)
GlobalObjectId_V1-2-3b6551b0f2848c54f911d6f91ca83d54-768382771231124818-1120997898|True|(0, 0.0012800002, 0)|(0, 0, 0, 1)|(1, 1, 1)
GlobalObjectId_V1-2-3b6551b0f2848c54f911d6f91ca83d54-768382771231124818-1378066733|True|(0, 0.0012800002, 0)|(0, 0, 0, 1)|(1, 1, 1)
GlobalObjectId_V1-2-3b6551b0f2848c54f911d6f91ca83d54-768382771231124818-1387022782|True|(0, 0.0012800002, 0)|(0, 0, 0, 1)|(1, 1, 1)
GlobalObjectId_V1-2-3b6551b0f2848c54f911d6f91ca83d54-768382771231124818-1556813190|True|(0, 0.0012800002, 0)|(0, 0, 0, 1)|(1, 1, 1)
GlobalObjectId_V1-2-3b6551b0f2848c54f911d6f91ca83d54-768382771231124818-161863763|True|(0, 0.0012800002, 0)|(0, 0, 0, 1)|(1, 1, 1)
GlobalObjectId_V1-2-3b6551b0f2848c54f911d6f91ca83d54-768382771231124818-305648292|True|(0, 0.0012800002, 0)|(0, 0, 0, 1)|(1, 1, 1)
GlobalObjectId_V1-2-3b6551b0f2848c54f911d6f91ca83d54-768382771231124818-404936451|True|(0, 0.0012800002, 0)|(0, 0, 0, 1)|(1, 1, 1)
GlobalObjectId_V1-2-3b6551b0f2848c54f911d6f91ca83d54-768382771231124818-501866861|True|(0, 0.0012800002, 0)|(0, 0, 0, 1)|(1, 1, 1)
GlobalObjectId_V1-2-3b6551b0f2848c54f911d6f91ca83d54-768382771231124818-692789032|True|(0, 0.0012800002, 0)|(0, 0, 0, 1)|(1, 1, 1)
GlobalObjectId_V1-2-3b6551b0f2848c54f911d6f91ca83d54-768382771231124818-892891150|True|(0, 0.0012800002, 0)|(0, 0, 0, 1)|(1, 1, 1)
GlobalObjectId_V1-2-3b6551b0f2848c54f911d6f91ca83d54-7699229797462749740-1120997898|True|(0, 0.85, 0)|(0, 1, 0, 0)|(1, 1, 1)
GlobalObjectId_V1-2-3b6551b0f2848c54f911d6f91ca83d54-7699229797462749740-1378066733|True|(0, 0.85, 0)|(0, 1, 0, 0)|(1, 1, 1)
GlobalObjectId_V1-2-3b6551b0f2848c54f911d6f91ca83d54-7699229797462749740-1387022782|True|(0, 0.85, 0)|(0, 1, 0, 0)|(1, 1, 1)
GlobalObjectId_V1-2-3b6551b0f2848c54f911d6f91ca83d54-7699229797462749740-1556813190|True|(0, 0.85, 0)|(0, 1, 0, 0)|(1, 1, 1)
GlobalObjectId_V1-2-3b6551b0f2848c54f911d6f91ca83d54-7699229797462749740-161863763|True|(0, 0.85, 0)|(0, 1, 0, 0)|(1, 1, 1)
GlobalObjectId_V1-2-3b6551b0f2848c54f911d6f91ca83d54-7699229797462749740-305648292|True|(0, 0.85, 0)|(0, 1, 0, 0)|(1, 1, 1)
GlobalObjectId_V1-2-3b6551b0f2848c54f911d6f91ca83d54-7699229797462749740-404936451|True|(0, 0.85, 0)|(0, 1, 0, 0)|(1, 1, 1)
GlobalObjectId_V1-2-3b6551b0f2848c54f911d6f91ca83d54-7699229797462749740-501866861|True|(0, 0.85, 0)|(0, 1, 0, 0)|(1, 1, 1)
GlobalObjectId_V1-2-3b6551b0f2848c54f911d6f91ca83d54-7699229797462749740-692789032|True|(0, 0.85, 0)|(0, 1, 0, 0)|(1, 1, 1)
GlobalObjectId_V1-2-3b6551b0f2848c54f911d6f91ca83d54-7699229797462749740-892891150|True|(0, 0.85, 0)|(0, 1, 0, 0)|(1, 1, 1)
GlobalObjectId_V1-2-3b6551b0f2848c54f911d6f91ca83d54-7708230292779060354-100269653|True|(4.5, 0.04, 3)|(0, 0, 0, 1)|(9, 0.025, 0.35)
GlobalObjectId_V1-2-3b6551b0f2848c54f911d6f91ca83d54-7708230292779060354-1079601489|True|(4.5, 0.04, 3)|(0, 0, 0, 1)|(9, 0.025, 0.35)
GlobalObjectId_V1-2-3b6551b0f2848c54f911d6f91ca83d54-7708230292779060354-1103207620|True|(4.5, 0.04, 3)|(0, 0, 0, 1)|(9, 0.025, 0.35)
GlobalObjectId_V1-2-3b6551b0f2848c54f911d6f91ca83d54-7708230292779060354-1669086103|True|(4.5, 0.04, 3)|(0, 0, 0, 1)|(9, 0.025, 0.35)
GlobalObjectId_V1-2-3b6551b0f2848c54f911d6f91ca83d54-7708230292779060354-226928331|True|(4.5, 0.04, 3)|(0, 0, 0, 1)|(9, 0.025, 0.35)
GlobalObjectId_V1-2-3b6551b0f2848c54f911d6f91ca83d54-7708230292779060354-258455658|True|(4.5, 0.04, 3)|(0, 0, 0, 1)|(9, 0.025, 0.35)
GlobalObjectId_V1-2-3b6551b0f2848c54f911d6f91ca83d54-7708230292779060354-697005088|True|(4.5, 0.04, 3)|(0, 0, 0, 1)|(9, 0.025, 0.35)
GlobalObjectId_V1-2-3b6551b0f2848c54f911d6f91ca83d54-7708230292779060354-748434077|True|(4.5, 0.04, 3)|(0, 0, 0, 1)|(9, 0.025, 0.35)
GlobalObjectId_V1-2-3b6551b0f2848c54f911d6f91ca83d54-7708230292779060354-885528315|True|(4.5, 0.04, 3)|(0, 0, 0, 1)|(9, 0.025, 0.35)
GlobalObjectId_V1-2-3b6551b0f2848c54f911d6f91ca83d54-7708230292779060354-992990990|True|(4.5, 0.04, 3)|(0, 0, 0, 1)|(9, 0.025, 0.35)
GlobalObjectId_V1-2-3b6551b0f2848c54f911d6f91ca83d54-771473779-0|True|(7.1, 0.1, 0)|(0, 0, 0, 1)|(0.2, 0.2, 20)
GlobalObjectId_V1-2-3b6551b0f2848c54f911d6f91ca83d54-7753682556600458979-1229718731|True|(0, 0.0012800002, 0)|(0, 0, 0, 1)|(1, 1, 1)
GlobalObjectId_V1-2-3b6551b0f2848c54f911d6f91ca83d54-7753682556600458979-1268510627|True|(0, 0.0012800002, 0)|(0, 0, 0, 1)|(1, 1, 1)
GlobalObjectId_V1-2-3b6551b0f2848c54f911d6f91ca83d54-7753682556600458979-1298481983|True|(0, 0.0012800002, 0)|(0, 0, 0, 1)|(1, 1, 1)
GlobalObjectId_V1-2-3b6551b0f2848c54f911d6f91ca83d54-7753682556600458979-1473460188|True|(0, 0.0012800002, 0)|(0, 0, 0, 1)|(1, 1, 1)
GlobalObjectId_V1-2-3b6551b0f2848c54f911d6f91ca83d54-7753682556600458979-1740273041|True|(0, 0.0012800002, 0)|(0, 0, 0, 1)|(1, 1, 1)
GlobalObjectId_V1-2-3b6551b0f2848c54f911d6f91ca83d54-7753682556600458979-352986360|True|(0, 0.0012800002, 0)|(0, 0, 0, 1)|(1, 1, 1)
GlobalObjectId_V1-2-3b6551b0f2848c54f911d6f91ca83d54-7753682556600458979-375106697|True|(0, 0.0012800002, 0)|(0, 0, 0, 1)|(1, 1, 1)
GlobalObjectId_V1-2-3b6551b0f2848c54f911d6f91ca83d54-7753682556600458979-466313733|True|(0, 0.0012800002, 0)|(0, 0, 0, 1)|(1, 1, 1)
GlobalObjectId_V1-2-3b6551b0f2848c54f911d6f91ca83d54-7753682556600458979-769108169|True|(0, 0.0012800002, 0)|(0, 0, 0, 1)|(1, 1, 1)
GlobalObjectId_V1-2-3b6551b0f2848c54f911d6f91ca83d54-7753682556600458979-814571549|True|(0, 0.0012800002, 0)|(0, 0, 0, 1)|(1, 1, 1)
GlobalObjectId_V1-2-3b6551b0f2848c54f911d6f91ca83d54-7836232673707659510-1120997898|True|(-0.00160000008, 0, 0)|(0.9871956, -0.112429716, -0.112429671, -0.0128043881)|(1.00000036, 1.00000012, 1)
GlobalObjectId_V1-2-3b6551b0f2848c54f911d6f91ca83d54-7836232673707659510-1378066733|True|(-0.00160000008, 0, 0)|(0.9871956, -0.112429716, -0.112429671, -0.0128043881)|(1.00000036, 1.00000012, 1)
GlobalObjectId_V1-2-3b6551b0f2848c54f911d6f91ca83d54-7836232673707659510-1387022782|True|(-0.00160000008, 0, 0)|(0.9871956, -0.112429716, -0.112429671, -0.0128043881)|(1.00000036, 1.00000012, 1)
GlobalObjectId_V1-2-3b6551b0f2848c54f911d6f91ca83d54-7836232673707659510-1556813190|True|(-0.00160000008, 0, 0)|(0.9871956, -0.112429716, -0.112429671, -0.0128043881)|(1.00000036, 1.00000012, 1)
GlobalObjectId_V1-2-3b6551b0f2848c54f911d6f91ca83d54-7836232673707659510-161863763|True|(-0.00160000008, 0, 0)|(0.9871956, -0.112429716, -0.112429671, -0.0128043881)|(1.00000036, 1.00000012, 1)
GlobalObjectId_V1-2-3b6551b0f2848c54f911d6f91ca83d54-7836232673707659510-305648292|True|(-0.00160000008, 0, 0)|(0.9871956, -0.112429716, -0.112429671, -0.0128043881)|(1.00000036, 1.00000012, 1)
GlobalObjectId_V1-2-3b6551b0f2848c54f911d6f91ca83d54-7836232673707659510-404936451|True|(-0.00160000008, 0, 0)|(0.9871956, -0.112429716, -0.112429671, -0.0128043881)|(1.00000036, 1.00000012, 1)
GlobalObjectId_V1-2-3b6551b0f2848c54f911d6f91ca83d54-7836232673707659510-501866861|True|(-0.00160000008, 0, 0)|(0.9871956, -0.112429716, -0.112429671, -0.0128043881)|(1.00000036, 1.00000012, 1)
GlobalObjectId_V1-2-3b6551b0f2848c54f911d6f91ca83d54-7836232673707659510-692789032|True|(-0.00160000008, 0, 0)|(0.9871956, -0.112429716, -0.112429671, -0.0128043881)|(1.00000036, 1.00000012, 1)
GlobalObjectId_V1-2-3b6551b0f2848c54f911d6f91ca83d54-7836232673707659510-892891150|True|(-0.00160000008, 0, 0)|(0.9871956, -0.112429716, -0.112429671, -0.0128043881)|(1.00000036, 1.00000012, 1)
GlobalObjectId_V1-2-3b6551b0f2848c54f911d6f91ca83d54-7862798195440693140-1191518710|True|(0, 0, 0)|(0, 0, 0, 1)|(1, 1, 1)
GlobalObjectId_V1-2-3b6551b0f2848c54f911d6f91ca83d54-7862798195440693140-1212367565|True|(0, 0, 0)|(0, 0, 0, 1)|(1, 1, 1)
GlobalObjectId_V1-2-3b6551b0f2848c54f911d6f91ca83d54-7862798195440693140-143777058|True|(0, 0, 0)|(0, 0, 0, 1)|(1, 1, 1)
GlobalObjectId_V1-2-3b6551b0f2848c54f911d6f91ca83d54-7862798195440693140-1542002196|True|(0, 0, 0)|(0, 0, 0, 1)|(1, 1, 1)
GlobalObjectId_V1-2-3b6551b0f2848c54f911d6f91ca83d54-7862798195440693140-2024003042|True|(0, 0, 0)|(0, 0, 0, 1)|(1, 1, 1)
GlobalObjectId_V1-2-3b6551b0f2848c54f911d6f91ca83d54-7862798195440693140-306864247|True|(0, 0, 0)|(0, 0, 0, 1)|(1, 1, 1)
GlobalObjectId_V1-2-3b6551b0f2848c54f911d6f91ca83d54-7862798195440693140-309737671|True|(0, 0, 0)|(0, 0, 0, 1)|(1, 1, 1)
GlobalObjectId_V1-2-3b6551b0f2848c54f911d6f91ca83d54-7862798195440693140-312149901|True|(0, 0, 0)|(0, 0, 0, 1)|(1, 1, 1)
GlobalObjectId_V1-2-3b6551b0f2848c54f911d6f91ca83d54-7862798195440693140-857919492|True|(0, 0, 0)|(0, 0, 0, 1)|(1, 1, 1)
GlobalObjectId_V1-2-3b6551b0f2848c54f911d6f91ca83d54-7862798195440693140-986728857|True|(0, 0, 0)|(0, 0, 0, 1)|(1, 1, 1)
GlobalObjectId_V1-2-3b6551b0f2848c54f911d6f91ca83d54-788437141-0|True|(-7.1, 0.1, 0)|(0, 0, 0, 1)|(0.2, 0.2, 20)
GlobalObjectId_V1-2-3b6551b0f2848c54f911d6f91ca83d54-7895077004742987664-1191602872|True|(9.080395E-11, 0.00127930276, -2.79396766E-11)|(-0.0729187, 0.22309351, -0.223093584, 0.9461191)|(0.99999994, 1, 1)
GlobalObjectId_V1-2-3b6551b0f2848c54f911d6f91ca83d54-7895077004742987664-1250511116|True|(9.080395E-11, 0.00127930276, -2.79396766E-11)|(-0.0729187, 0.22309351, -0.223093584, 0.9461191)|(0.99999994, 1, 1)
GlobalObjectId_V1-2-3b6551b0f2848c54f911d6f91ca83d54-7895077004742987664-127729888|True|(9.080395E-11, 0.00127930276, -2.79396766E-11)|(-0.0729187, 0.22309351, -0.223093584, 0.9461191)|(0.99999994, 1, 1)
GlobalObjectId_V1-2-3b6551b0f2848c54f911d6f91ca83d54-7895077004742987664-1897079065|True|(9.080395E-11, 0.00127930276, -2.79396766E-11)|(-0.0729187, 0.22309351, -0.223093584, 0.9461191)|(0.99999994, 1, 1)
GlobalObjectId_V1-2-3b6551b0f2848c54f911d6f91ca83d54-7895077004742987664-2070896708|True|(9.080395E-11, 0.00127930276, -2.79396766E-11)|(-0.0729187, 0.22309351, -0.223093584, 0.9461191)|(0.99999994, 1, 1)
GlobalObjectId_V1-2-3b6551b0f2848c54f911d6f91ca83d54-7895077004742987664-383792707|True|(9.080395E-11, 0.00127930276, -2.79396766E-11)|(-0.0729187, 0.22309351, -0.223093584, 0.9461191)|(0.99999994, 1, 1)
GlobalObjectId_V1-2-3b6551b0f2848c54f911d6f91ca83d54-7895077004742987664-393103402|True|(9.080395E-11, 0.00127930276, -2.79396766E-11)|(-0.0729187, 0.22309351, -0.223093584, 0.9461191)|(0.99999994, 1, 1)
GlobalObjectId_V1-2-3b6551b0f2848c54f911d6f91ca83d54-7895077004742987664-566916451|True|(9.080395E-11, 0.00127930276, -2.79396766E-11)|(-0.0729187, 0.22309351, -0.223093584, 0.9461191)|(0.99999994, 1, 1)
GlobalObjectId_V1-2-3b6551b0f2848c54f911d6f91ca83d54-7895077004742987664-965188316|True|(9.080395E-11, 0.00127930276, -2.79396766E-11)|(-0.0729187, 0.22309351, -0.223093584, 0.9461191)|(0.99999994, 1, 1)
GlobalObjectId_V1-2-3b6551b0f2848c54f911d6f91ca83d54-7895077004742987664-969570616|True|(9.080395E-11, 0.00127930276, -2.79396766E-11)|(-0.0729187, 0.22309351, -0.223093584, 0.9461191)|(0.99999994, 1, 1)
GlobalObjectId_V1-2-3b6551b0f2848c54f911d6f91ca83d54-7901544632725012564-1025319220|True|(0, 1.13260007, -0.035)|(0.00126513245, -0.988406241, 0.151827246, -0.000293173478)|(1, 1, 1)
GlobalObjectId_V1-2-3b6551b0f2848c54f911d6f91ca83d54-7901544632725012564-1076637211|True|(0, 1.13260007, -0.035)|(0.00126513245, -0.988406241, 0.151827246, -0.000293173478)|(1, 1, 1)
GlobalObjectId_V1-2-3b6551b0f2848c54f911d6f91ca83d54-7901544632725012564-1123370063|True|(0, 1.13260007, -0.035)|(0.108252652, -0.699116051, 0.106463484, 0.698701441)|(1, 1, 1)
GlobalObjectId_V1-2-3b6551b0f2848c54f911d6f91ca83d54-7901544632725012564-1138517293|True|(0, 1.13260007, -0.035)|(0.00126513245, -0.988406241, 0.151827246, -0.000293173478)|(1, 1, 1)
GlobalObjectId_V1-2-3b6551b0f2848c54f911d6f91ca83d54-7901544632725012564-1145818399|True|(0, 1.13260007, -0.035)|(0.106463484, 0.698701441, -0.108252652, 0.699116051)|(1, 1, 1)
GlobalObjectId_V1-2-3b6551b0f2848c54f911d6f91ca83d54-7901544632725012564-1148386096|True|(0, 1.13260007, -0.035)|(0.00126513245, -0.988406241, 0.151827246, -0.000293173478)|(1, 1, 1)
GlobalObjectId_V1-2-3b6551b0f2848c54f911d6f91ca83d54-7901544632725012564-1157908847|True|(0, 1.13260007, -0.035)|(0.00126513245, -0.988406241, 0.151827246, -0.000293173478)|(1, 1, 1)
GlobalObjectId_V1-2-3b6551b0f2848c54f911d6f91ca83d54-7901544632725012564-117525737|True|(0, 1.13260007, -0.035)|(0.00126513245, -0.988406241, 0.151827246, -0.000293173478)|(1, 1, 1)
GlobalObjectId_V1-2-3b6551b0f2848c54f911d6f91ca83d54-7901544632725012564-1211572864|True|(0, 1.13260007, -0.035)|(0.108252652, -0.699116051, 0.106463484, 0.698701441)|(1, 1, 1)
GlobalObjectId_V1-2-3b6551b0f2848c54f911d6f91ca83d54-7901544632725012564-1261995047|True|(0, 1.13260007, -0.035)|(0.00126513245, -0.988406241, 0.151827246, -0.000293173478)|(1, 1, 1)
GlobalObjectId_V1-2-3b6551b0f2848c54f911d6f91ca83d54-7901544632725012564-1273560124|True|(0, 1.13260007, -0.035)|(0.106463484, 0.698701441, -0.108252652, 0.699116051)|(1, 1, 1)
GlobalObjectId_V1-2-3b6551b0f2848c54f911d6f91ca83d54-7901544632725012564-1341893445|True|(0, 1.13260007, -0.035)|(0.00126513245, -0.988406241, 0.151827246, -0.000293173478)|(1, 1, 1)
GlobalObjectId_V1-2-3b6551b0f2848c54f911d6f91ca83d54-7901544632725012564-1577023816|True|(0, 1.13260007, -0.035)|(0.00126513245, -0.988406241, 0.151827246, -0.000293173478)|(1, 1, 1)
GlobalObjectId_V1-2-3b6551b0f2848c54f911d6f91ca83d54-7901544632725012564-1609908011|True|(0, 1.13260007, -0.035)|(0.106463484, 0.698701441, -0.108252652, 0.699116051)|(1, 1, 1)
GlobalObjectId_V1-2-3b6551b0f2848c54f911d6f91ca83d54-7901544632725012564-1654698043|True|(0, 1.13260007, -0.035)|(0.108252652, -0.699116051, 0.106463484, 0.698701441)|(1, 1, 1)
GlobalObjectId_V1-2-3b6551b0f2848c54f911d6f91ca83d54-7901544632725012564-1725634851|True|(0, 1.13260007, -0.035)|(0.108252652, -0.699116051, 0.106463484, 0.698701441)|(1, 1, 1)
GlobalObjectId_V1-2-3b6551b0f2848c54f911d6f91ca83d54-7901544632725012564-178552251|True|(0, 1.13260007, -0.035)|(0.00126513245, -0.988406241, 0.151827246, -0.000293173478)|(1, 1, 1)
GlobalObjectId_V1-2-3b6551b0f2848c54f911d6f91ca83d54-7901544632725012564-1804972047|True|(0, 1.13260007, -0.035)|(0.108252652, -0.699116051, 0.106463484, 0.698701441)|(1, 1, 1)
GlobalObjectId_V1-2-3b6551b0f2848c54f911d6f91ca83d54-7901544632725012564-1819624870|True|(0, 1.13260007, -0.035)|(0.00126513245, -0.988406241, 0.151827246, -0.000293173478)|(1, 1, 1)
GlobalObjectId_V1-2-3b6551b0f2848c54f911d6f91ca83d54-7901544632725012564-1866442031|True|(0, 1.13260007, -0.035)|(0.106463484, 0.698701441, -0.108252652, 0.699116051)|(1, 1, 1)
GlobalObjectId_V1-2-3b6551b0f2848c54f911d6f91ca83d54-7901544632725012564-1970165663|True|(0, 1.13260007, -0.035)|(0.106463484, 0.698701441, -0.108252652, 0.699116051)|(1, 1, 1)
GlobalObjectId_V1-2-3b6551b0f2848c54f911d6f91ca83d54-7901544632725012564-2024084545|True|(0, 1.13260007, -0.035)|(0.106463484, 0.698701441, -0.108252652, 0.699116051)|(1, 1, 1)
GlobalObjectId_V1-2-3b6551b0f2848c54f911d6f91ca83d54-7901544632725012564-2026501014|True|(0, 1.13260007, -0.035)|(0.00126513245, -0.988406241, 0.151827246, -0.000293173478)|(1, 1, 1)
GlobalObjectId_V1-2-3b6551b0f2848c54f911d6f91ca83d54-7901544632725012564-2039403610|True|(0, 1.13260007, -0.035)|(0.106463484, 0.698701441, -0.108252652, 0.699116051)|(1, 1, 1)
GlobalObjectId_V1-2-3b6551b0f2848c54f911d6f91ca83d54-7901544632725012564-2040492614|True|(0, 1.13260007, -0.035)|(0.00126513245, -0.988406241, 0.151827246, -0.000293173478)|(1, 1, 1)
GlobalObjectId_V1-2-3b6551b0f2848c54f911d6f91ca83d54-7901544632725012564-2056561579|True|(0, 1.13260007, -0.035)|(0.00126513245, -0.988406241, 0.151827246, -0.000293173478)|(1, 1, 1)
GlobalObjectId_V1-2-3b6551b0f2848c54f911d6f91ca83d54-7901544632725012564-2059838410|True|(0, 1.13260007, -0.035)|(0.00126513245, -0.988406241, 0.151827246, -0.000293173478)|(1, 1, 1)
GlobalObjectId_V1-2-3b6551b0f2848c54f911d6f91ca83d54-7901544632725012564-220756394|True|(0, 1.13260007, -0.035)|(0.00126513245, -0.988406241, 0.151827246, -0.000293173478)|(1, 1, 1)
GlobalObjectId_V1-2-3b6551b0f2848c54f911d6f91ca83d54-7901544632725012564-241495691|True|(0, 1.13260007, -0.035)|(0.108252652, -0.699116051, 0.106463484, 0.698701441)|(1, 1, 1)
GlobalObjectId_V1-2-3b6551b0f2848c54f911d6f91ca83d54-7901544632725012564-243786568|True|(0, 1.13260007, -0.035)|(0.00126513245, -0.988406241, 0.151827246, -0.000293173478)|(1, 1, 1)
GlobalObjectId_V1-2-3b6551b0f2848c54f911d6f91ca83d54-7901544632725012564-27082819|True|(0, 1.13260007, -0.035)|(0.108252652, -0.699116051, 0.106463484, 0.698701441)|(1, 1, 1)
GlobalObjectId_V1-2-3b6551b0f2848c54f911d6f91ca83d54-7901544632725012564-287385670|True|(0, 1.13260007, -0.035)|(0.00126513245, -0.988406241, 0.151827246, -0.000293173478)|(1, 1, 1)
GlobalObjectId_V1-2-3b6551b0f2848c54f911d6f91ca83d54-7901544632725012564-308217777|True|(0, 1.13260007, -0.035)|(0.108252652, -0.699116051, 0.106463484, 0.698701441)|(1, 1, 1)
GlobalObjectId_V1-2-3b6551b0f2848c54f911d6f91ca83d54-7901544632725012564-31273311|True|(0, 1.13260007, -0.035)|(0.106463484, 0.698701441, -0.108252652, 0.699116051)|(1, 1, 1)
GlobalObjectId_V1-2-3b6551b0f2848c54f911d6f91ca83d54-7901544632725012564-343957928|True|(0, 1.13260007, -0.035)|(0.106463484, 0.698701441, -0.108252652, 0.699116051)|(1, 1, 1)
GlobalObjectId_V1-2-3b6551b0f2848c54f911d6f91ca83d54-7901544632725012564-396161643|True|(0, 1.13260007, -0.035)|(0.00126513245, -0.988406241, 0.151827246, -0.000293173478)|(1, 1, 1)
GlobalObjectId_V1-2-3b6551b0f2848c54f911d6f91ca83d54-7901544632725012564-426443221|True|(0, 1.13260007, -0.035)|(0.106463484, 0.698701441, -0.108252652, 0.699116051)|(1, 1, 1)
GlobalObjectId_V1-2-3b6551b0f2848c54f911d6f91ca83d54-7901544632725012564-458006385|True|(0, 1.13260007, -0.035)|(0.00126513245, -0.988406241, 0.151827246, -0.000293173478)|(1, 1, 1)
GlobalObjectId_V1-2-3b6551b0f2848c54f911d6f91ca83d54-7901544632725012564-502189609|True|(0, 1.13260007, -0.035)|(0.00126513245, -0.988406241, 0.151827246, -0.000293173478)|(1, 1, 1)
GlobalObjectId_V1-2-3b6551b0f2848c54f911d6f91ca83d54-7901544632725012564-502266823|True|(0, 1.13260007, -0.035)|(0.108252652, -0.699116051, 0.106463484, 0.698701441)|(1, 1, 1)
GlobalObjectId_V1-2-3b6551b0f2848c54f911d6f91ca83d54-7901544632725012564-593650449|True|(0, 1.13260007, -0.035)|(0.00126513245, -0.988406241, 0.151827246, -0.000293173478)|(1, 1, 1)
GlobalObjectId_V1-2-3b6551b0f2848c54f911d6f91ca83d54-7901544632725012564-600046749|True|(0, 1.13260007, -0.035)|(0.108252652, -0.699116051, 0.106463484, 0.698701441)|(1, 1, 1)
GlobalObjectId_V1-2-3b6551b0f2848c54f911d6f91ca83d54-7901544632725012564-656679930|True|(0, 1.13260007, -0.035)|(0.00126513245, -0.988406241, 0.151827246, -0.000293173478)|(1, 1, 1)
GlobalObjectId_V1-2-3b6551b0f2848c54f911d6f91ca83d54-7901544632725012564-680847915|True|(0, 1.13260007, -0.035)|(0.00126513245, -0.988406241, 0.151827246, -0.000293173478)|(1, 1, 1)
GlobalObjectId_V1-2-3b6551b0f2848c54f911d6f91ca83d54-7901544632725012564-731984814|True|(0, 1.13260007, -0.035)|(0.00126513245, -0.988406241, 0.151827246, -0.000293173478)|(1, 1, 1)
GlobalObjectId_V1-2-3b6551b0f2848c54f911d6f91ca83d54-7901544632725012564-754211584|True|(0, 1.13260007, -0.035)|(0.106463484, 0.698701441, -0.108252652, 0.699116051)|(1, 1, 1)
GlobalObjectId_V1-2-3b6551b0f2848c54f911d6f91ca83d54-7901544632725012564-859783628|True|(0, 1.13260007, -0.035)|(0.00126513245, -0.988406241, 0.151827246, -0.000293173478)|(1, 1, 1)
GlobalObjectId_V1-2-3b6551b0f2848c54f911d6f91ca83d54-7901544632725012564-878071367|True|(0, 1.13260007, -0.035)|(0.00126513245, -0.988406241, 0.151827246, -0.000293173478)|(1, 1, 1)
GlobalObjectId_V1-2-3b6551b0f2848c54f911d6f91ca83d54-7901544632725012564-956417833|True|(0, 1.13260007, -0.035)|(0.106463484, 0.698701441, -0.108252652, 0.699116051)|(1, 1, 1)
GlobalObjectId_V1-2-3b6551b0f2848c54f911d6f91ca83d54-7901544632725012564-975687593|True|(0, 1.13260007, -0.035)|(0.00126513245, -0.988406241, 0.151827246, -0.000293173478)|(1, 1, 1)
GlobalObjectId_V1-2-3b6551b0f2848c54f911d6f91ca83d54-7917025419143655940-1025319220|True|(0, -0.02, -0.001)|(0, 0, 0, 1)|(1.3824, 0.9072, 1)
GlobalObjectId_V1-2-3b6551b0f2848c54f911d6f91ca83d54-7917025419143655940-1076637211|True|(0, -0.02, -0.001)|(0, 0, 0, 1)|(1.3824, 0.9072, 1)
GlobalObjectId_V1-2-3b6551b0f2848c54f911d6f91ca83d54-7917025419143655940-1123370063|True|(0, -0.02, -0.001)|(0, 0, 0, 1)|(1.3824, 0.9072, 1)
GlobalObjectId_V1-2-3b6551b0f2848c54f911d6f91ca83d54-7917025419143655940-1138517293|True|(0, -0.02, -0.001)|(0, 0, 0, 1)|(1.3824, 0.9072, 1)
GlobalObjectId_V1-2-3b6551b0f2848c54f911d6f91ca83d54-7917025419143655940-1145818399|True|(0, -0.02, -0.001)|(0, 0, 0, 1)|(1.3824, 0.9072, 1)
GlobalObjectId_V1-2-3b6551b0f2848c54f911d6f91ca83d54-7917025419143655940-1148386096|True|(0, -0.02, -0.001)|(0, 0, 0, 1)|(1.3824, 0.9072, 1)
GlobalObjectId_V1-2-3b6551b0f2848c54f911d6f91ca83d54-7917025419143655940-1157908847|True|(0, -0.02, -0.001)|(0, 0, 0, 1)|(1.3824, 0.9072, 1)
GlobalObjectId_V1-2-3b6551b0f2848c54f911d6f91ca83d54-7917025419143655940-117525737|True|(0, -0.02, -0.001)|(0, 0, 0, 1)|(1.3824, 0.9072, 1)
GlobalObjectId_V1-2-3b6551b0f2848c54f911d6f91ca83d54-7917025419143655940-1211572864|True|(0, -0.02, -0.001)|(0, 0, 0, 1)|(1.3824, 0.9072, 1)
GlobalObjectId_V1-2-3b6551b0f2848c54f911d6f91ca83d54-7917025419143655940-1261995047|True|(0, -0.02, -0.001)|(0, 0, 0, 1)|(1.3824, 0.9072, 1)
GlobalObjectId_V1-2-3b6551b0f2848c54f911d6f91ca83d54-7917025419143655940-1273560124|True|(0, -0.02, -0.001)|(0, 0, 0, 1)|(1.3824, 0.9072, 1)
GlobalObjectId_V1-2-3b6551b0f2848c54f911d6f91ca83d54-7917025419143655940-1341893445|True|(0, -0.02, -0.001)|(0, 0, 0, 1)|(1.3824, 0.9072, 1)
GlobalObjectId_V1-2-3b6551b0f2848c54f911d6f91ca83d54-7917025419143655940-1577023816|True|(0, -0.02, -0.001)|(0, 0, 0, 1)|(1.3824, 0.9072, 1)
GlobalObjectId_V1-2-3b6551b0f2848c54f911d6f91ca83d54-7917025419143655940-1609908011|True|(0, -0.02, -0.001)|(0, 0, 0, 1)|(1.3824, 0.9072, 1)
GlobalObjectId_V1-2-3b6551b0f2848c54f911d6f91ca83d54-7917025419143655940-1654698043|True|(0, -0.02, -0.001)|(0, 0, 0, 1)|(1.3824, 0.9072, 1)
GlobalObjectId_V1-2-3b6551b0f2848c54f911d6f91ca83d54-7917025419143655940-1725634851|True|(0, -0.02, -0.001)|(0, 0, 0, 1)|(1.3824, 0.9072, 1)
GlobalObjectId_V1-2-3b6551b0f2848c54f911d6f91ca83d54-7917025419143655940-178552251|True|(0, -0.02, -0.001)|(0, 0, 0, 1)|(1.3824, 0.9072, 1)
GlobalObjectId_V1-2-3b6551b0f2848c54f911d6f91ca83d54-7917025419143655940-1804972047|True|(0, -0.02, -0.001)|(0, 0, 0, 1)|(1.3824, 0.9072, 1)
GlobalObjectId_V1-2-3b6551b0f2848c54f911d6f91ca83d54-7917025419143655940-1819624870|True|(0, -0.02, -0.001)|(0, 0, 0, 1)|(1.3824, 0.9072, 1)
GlobalObjectId_V1-2-3b6551b0f2848c54f911d6f91ca83d54-7917025419143655940-1866442031|True|(0, -0.02, -0.001)|(0, 0, 0, 1)|(1.3824, 0.9072, 1)
GlobalObjectId_V1-2-3b6551b0f2848c54f911d6f91ca83d54-7917025419143655940-1970165663|True|(0, -0.02, -0.001)|(0, 0, 0, 1)|(1.3824, 0.9072, 1)
GlobalObjectId_V1-2-3b6551b0f2848c54f911d6f91ca83d54-7917025419143655940-2024084545|True|(0, -0.02, -0.001)|(0, 0, 0, 1)|(1.3824, 0.9072, 1)
GlobalObjectId_V1-2-3b6551b0f2848c54f911d6f91ca83d54-7917025419143655940-2026501014|True|(0, -0.02, -0.001)|(0, 0, 0, 1)|(1.3824, 0.9072, 1)
GlobalObjectId_V1-2-3b6551b0f2848c54f911d6f91ca83d54-7917025419143655940-2039403610|True|(0, -0.02, -0.001)|(0, 0, 0, 1)|(1.3824, 0.9072, 1)
GlobalObjectId_V1-2-3b6551b0f2848c54f911d6f91ca83d54-7917025419143655940-2040492614|True|(0, -0.02, -0.001)|(0, 0, 0, 1)|(1.3824, 0.9072, 1)
GlobalObjectId_V1-2-3b6551b0f2848c54f911d6f91ca83d54-7917025419143655940-2056561579|True|(0, -0.02, -0.001)|(0, 0, 0, 1)|(1.3824, 0.9072, 1)
GlobalObjectId_V1-2-3b6551b0f2848c54f911d6f91ca83d54-7917025419143655940-2059838410|True|(0, -0.02, -0.001)|(0, 0, 0, 1)|(1.3824, 0.9072, 1)
GlobalObjectId_V1-2-3b6551b0f2848c54f911d6f91ca83d54-7917025419143655940-220756394|True|(0, -0.02, -0.001)|(0, 0, 0, 1)|(1.3824, 0.9072, 1)
GlobalObjectId_V1-2-3b6551b0f2848c54f911d6f91ca83d54-7917025419143655940-241495691|True|(0, -0.02, -0.001)|(0, 0, 0, 1)|(1.3824, 0.9072, 1)
GlobalObjectId_V1-2-3b6551b0f2848c54f911d6f91ca83d54-7917025419143655940-243786568|True|(0, -0.02, -0.001)|(0, 0, 0, 1)|(1.3824, 0.9072, 1)
GlobalObjectId_V1-2-3b6551b0f2848c54f911d6f91ca83d54-7917025419143655940-27082819|True|(0, -0.02, -0.001)|(0, 0, 0, 1)|(1.3824, 0.9072, 1)
GlobalObjectId_V1-2-3b6551b0f2848c54f911d6f91ca83d54-7917025419143655940-287385670|True|(0, -0.02, -0.001)|(0, 0, 0, 1)|(1.3824, 0.9072, 1)
GlobalObjectId_V1-2-3b6551b0f2848c54f911d6f91ca83d54-7917025419143655940-308217777|True|(0, -0.02, -0.001)|(0, 0, 0, 1)|(1.3824, 0.9072, 1)
GlobalObjectId_V1-2-3b6551b0f2848c54f911d6f91ca83d54-7917025419143655940-31273311|True|(0, -0.02, -0.001)|(0, 0, 0, 1)|(1.3824, 0.9072, 1)
GlobalObjectId_V1-2-3b6551b0f2848c54f911d6f91ca83d54-7917025419143655940-343957928|True|(0, -0.02, -0.001)|(0, 0, 0, 1)|(1.3824, 0.9072, 1)
GlobalObjectId_V1-2-3b6551b0f2848c54f911d6f91ca83d54-7917025419143655940-396161643|True|(0, -0.02, -0.001)|(0, 0, 0, 1)|(1.3824, 0.9072, 1)
GlobalObjectId_V1-2-3b6551b0f2848c54f911d6f91ca83d54-7917025419143655940-426443221|True|(0, -0.02, -0.001)|(0, 0, 0, 1)|(1.3824, 0.9072, 1)
GlobalObjectId_V1-2-3b6551b0f2848c54f911d6f91ca83d54-7917025419143655940-458006385|True|(0, -0.02, -0.001)|(0, 0, 0, 1)|(1.3824, 0.9072, 1)
GlobalObjectId_V1-2-3b6551b0f2848c54f911d6f91ca83d54-7917025419143655940-502189609|True|(0, -0.02, -0.001)|(0, 0, 0, 1)|(1.3824, 0.9072, 1)
GlobalObjectId_V1-2-3b6551b0f2848c54f911d6f91ca83d54-7917025419143655940-502266823|True|(0, -0.02, -0.001)|(0, 0, 0, 1)|(1.3824, 0.9072, 1)
GlobalObjectId_V1-2-3b6551b0f2848c54f911d6f91ca83d54-7917025419143655940-593650449|True|(0, -0.02, -0.001)|(0, 0, 0, 1)|(1.3824, 0.9072, 1)
GlobalObjectId_V1-2-3b6551b0f2848c54f911d6f91ca83d54-7917025419143655940-600046749|True|(0, -0.02, -0.001)|(0, 0, 0, 1)|(1.3824, 0.9072, 1)
GlobalObjectId_V1-2-3b6551b0f2848c54f911d6f91ca83d54-7917025419143655940-656679930|True|(0, -0.02, -0.001)|(0, 0, 0, 1)|(1.3824, 0.9072, 1)
GlobalObjectId_V1-2-3b6551b0f2848c54f911d6f91ca83d54-7917025419143655940-680847915|True|(0, -0.02, -0.001)|(0, 0, 0, 1)|(1.3824, 0.9072, 1)
GlobalObjectId_V1-2-3b6551b0f2848c54f911d6f91ca83d54-7917025419143655940-731984814|True|(0, -0.02, -0.001)|(0, 0, 0, 1)|(1.3824, 0.9072, 1)
GlobalObjectId_V1-2-3b6551b0f2848c54f911d6f91ca83d54-7917025419143655940-754211584|True|(0, -0.02, -0.001)|(0, 0, 0, 1)|(1.3824, 0.9072, 1)
GlobalObjectId_V1-2-3b6551b0f2848c54f911d6f91ca83d54-7917025419143655940-859783628|True|(0, -0.02, -0.001)|(0, 0, 0, 1)|(1.3824, 0.9072, 1)
GlobalObjectId_V1-2-3b6551b0f2848c54f911d6f91ca83d54-7917025419143655940-878071367|True|(0, -0.02, -0.001)|(0, 0, 0, 1)|(1.3824, 0.9072, 1)
GlobalObjectId_V1-2-3b6551b0f2848c54f911d6f91ca83d54-7917025419143655940-956417833|True|(0, -0.02, -0.001)|(0, 0, 0, 1)|(1.3824, 0.9072, 1)
GlobalObjectId_V1-2-3b6551b0f2848c54f911d6f91ca83d54-7917025419143655940-975687593|True|(0, -0.02, -0.001)|(0, 0, 0, 1)|(1.3824, 0.9072, 1)
GlobalObjectId_V1-2-3b6551b0f2848c54f911d6f91ca83d54-7937033927477854174-1191602872|True|(-5.96046434E-10, 0.00228805584, 1.49011609E-10)|(0.244617343, -0.1185306, 0.328197926, 0.9046541)|(0.9999999, 1, 1)
GlobalObjectId_V1-2-3b6551b0f2848c54f911d6f91ca83d54-7937033927477854174-1250511116|True|(-5.96046434E-10, 0.00228805584, 1.49011609E-10)|(0.244617343, -0.1185306, 0.328197926, 0.9046541)|(0.9999999, 1, 1)
GlobalObjectId_V1-2-3b6551b0f2848c54f911d6f91ca83d54-7937033927477854174-127729888|True|(-5.96046434E-10, 0.00228805584, 1.49011609E-10)|(0.244617343, -0.1185306, 0.328197926, 0.9046541)|(0.9999999, 1, 1)
GlobalObjectId_V1-2-3b6551b0f2848c54f911d6f91ca83d54-7937033927477854174-1897079065|True|(-5.96046434E-10, 0.00228805584, 1.49011609E-10)|(0.244617343, -0.1185306, 0.328197926, 0.9046541)|(0.9999999, 1, 1)
GlobalObjectId_V1-2-3b6551b0f2848c54f911d6f91ca83d54-7937033927477854174-2070896708|True|(-5.96046434E-10, 0.00228805584, 1.49011609E-10)|(0.244617343, -0.1185306, 0.328197926, 0.9046541)|(0.9999999, 1, 1)
GlobalObjectId_V1-2-3b6551b0f2848c54f911d6f91ca83d54-7937033927477854174-383792707|True|(-5.96046434E-10, 0.00228805584, 1.49011609E-10)|(0.244617343, -0.1185306, 0.328197926, 0.9046541)|(0.9999999, 1, 1)
GlobalObjectId_V1-2-3b6551b0f2848c54f911d6f91ca83d54-7937033927477854174-393103402|True|(-5.96046434E-10, 0.00228805584, 1.49011609E-10)|(0.244617343, -0.1185306, 0.328197926, 0.9046541)|(0.9999999, 1, 1)
GlobalObjectId_V1-2-3b6551b0f2848c54f911d6f91ca83d54-7937033927477854174-566916451|True|(-5.96046434E-10, 0.00228805584, 1.49011609E-10)|(0.244617343, -0.1185306, 0.328197926, 0.9046541)|(0.9999999, 1, 1)
GlobalObjectId_V1-2-3b6551b0f2848c54f911d6f91ca83d54-7937033927477854174-965188316|True|(-5.96046434E-10, 0.00228805584, 1.49011609E-10)|(0.244617343, -0.1185306, 0.328197926, 0.9046541)|(0.9999999, 1, 1)
GlobalObjectId_V1-2-3b6551b0f2848c54f911d6f91ca83d54-7937033927477854174-969570616|True|(-5.96046434E-10, 0.00228805584, 1.49011609E-10)|(0.244617343, -0.1185306, 0.328197926, 0.9046541)|(0.9999999, 1, 1)
GlobalObjectId_V1-2-3b6551b0f2848c54f911d6f91ca83d54-794231523-0|True|(7.1, 0.1, 0)|(0, 0, 0, 1)|(0.2, 0.2, 20)
GlobalObjectId_V1-2-3b6551b0f2848c54f911d6f91ca83d54-7962817760280901173-1120997898|True|(0, 0, 0)|(-0.7071068, 0, 0, 0.7071067)|(100, 100, 100)
GlobalObjectId_V1-2-3b6551b0f2848c54f911d6f91ca83d54-7962817760280901173-1378066733|True|(0, 0, 0)|(-0.7071068, 0, 0, 0.7071067)|(100, 100, 100)
GlobalObjectId_V1-2-3b6551b0f2848c54f911d6f91ca83d54-7962817760280901173-1387022782|True|(0, 0, 0)|(-0.7071068, 0, 0, 0.7071067)|(100, 100, 100)
GlobalObjectId_V1-2-3b6551b0f2848c54f911d6f91ca83d54-7962817760280901173-1556813190|True|(0, 0, 0)|(-0.7071068, 0, 0, 0.7071067)|(100, 100, 100)
GlobalObjectId_V1-2-3b6551b0f2848c54f911d6f91ca83d54-7962817760280901173-161863763|True|(0, 0, 0)|(-0.7071068, 0, 0, 0.7071067)|(100, 100, 100)
GlobalObjectId_V1-2-3b6551b0f2848c54f911d6f91ca83d54-7962817760280901173-305648292|True|(0, 0, 0)|(-0.7071068, 0, 0, 0.7071067)|(100, 100, 100)
GlobalObjectId_V1-2-3b6551b0f2848c54f911d6f91ca83d54-7962817760280901173-404936451|True|(0, 0, 0)|(-0.7071068, 0, 0, 0.7071067)|(100, 100, 100)
GlobalObjectId_V1-2-3b6551b0f2848c54f911d6f91ca83d54-7962817760280901173-501866861|True|(0, 0, 0)|(-0.7071068, 0, 0, 0.7071067)|(100, 100, 100)
GlobalObjectId_V1-2-3b6551b0f2848c54f911d6f91ca83d54-7962817760280901173-692789032|True|(0, 0, 0)|(-0.7071068, 0, 0, 0.7071067)|(100, 100, 100)
GlobalObjectId_V1-2-3b6551b0f2848c54f911d6f91ca83d54-7962817760280901173-892891150|True|(0, 0, 0)|(-0.7071068, 0, 0, 0.7071067)|(100, 100, 100)
GlobalObjectId_V1-2-3b6551b0f2848c54f911d6f91ca83d54-802311988-0|True|(243.700012, 0.08, 229.299988)|(0, 0, 0, 1)|(1, 1, 1)
GlobalObjectId_V1-2-3b6551b0f2848c54f911d6f91ca83d54-8068963988709436290-1167286018|True|(-1.5, 2, 0)|(0, 0, 0, 1)|(0.32, 0.34, 0.12)
GlobalObjectId_V1-2-3b6551b0f2848c54f911d6f91ca83d54-8068963988709436290-1180928524|True|(-1.5, 2, 0)|(0, 0, 0, 1)|(0.32, 0.34, 0.12)
GlobalObjectId_V1-2-3b6551b0f2848c54f911d6f91ca83d54-8068963988709436290-122956854|True|(-1.5, 2, 0)|(0, 0, 0, 1)|(0.32, 0.34, 0.12)
GlobalObjectId_V1-2-3b6551b0f2848c54f911d6f91ca83d54-8068963988709436290-1245624228|True|(-1.5, 2, 0)|(0, 0, 0, 1)|(0.32, 0.34, 0.12)
GlobalObjectId_V1-2-3b6551b0f2848c54f911d6f91ca83d54-8068963988709436290-1404068710|True|(-1.5, 2, 0)|(0, 0, 0, 1)|(0.32, 0.34, 0.12)
GlobalObjectId_V1-2-3b6551b0f2848c54f911d6f91ca83d54-8068963988709436290-1418330522|True|(-1.5, 2, 0)|(0, 0, 0, 1)|(0.32, 0.34, 0.12)
GlobalObjectId_V1-2-3b6551b0f2848c54f911d6f91ca83d54-8068963988709436290-1452177011|True|(-1.5, 2, 0)|(0, 0, 0, 1)|(0.32, 0.34, 0.12)
GlobalObjectId_V1-2-3b6551b0f2848c54f911d6f91ca83d54-8068963988709436290-1620194150|True|(-1.5, 2, 0)|(0, 0, 0, 1)|(0.32, 0.34, 0.12)
GlobalObjectId_V1-2-3b6551b0f2848c54f911d6f91ca83d54-8068963988709436290-1693543895|True|(-1.5, 2, 0)|(0, 0, 0, 1)|(0.32, 0.34, 0.12)
GlobalObjectId_V1-2-3b6551b0f2848c54f911d6f91ca83d54-8068963988709436290-1793401989|True|(-1.5, 2, 0)|(0, 0, 0, 1)|(0.32, 0.34, 0.12)
GlobalObjectId_V1-2-3b6551b0f2848c54f911d6f91ca83d54-8068963988709436290-2098923909|True|(-1.5, 2, 0)|(0, 0, 0, 1)|(0.32, 0.34, 0.12)
GlobalObjectId_V1-2-3b6551b0f2848c54f911d6f91ca83d54-8068963988709436290-299381512|True|(-1.5, 2, 0)|(0, 0, 0, 1)|(0.32, 0.34, 0.12)
GlobalObjectId_V1-2-3b6551b0f2848c54f911d6f91ca83d54-8068963988709436290-730290851|True|(-1.5, 2, 0)|(0, 0, 0, 1)|(0.32, 0.34, 0.12)
GlobalObjectId_V1-2-3b6551b0f2848c54f911d6f91ca83d54-8068963988709436290-828652953|True|(-1.5, 2, 0)|(0, 0, 0, 1)|(0.32, 0.34, 0.12)
GlobalObjectId_V1-2-3b6551b0f2848c54f911d6f91ca83d54-8068963988709436290-884722836|True|(-1.5, 2, 0)|(0, 0, 0, 1)|(0.32, 0.34, 0.12)
GlobalObjectId_V1-2-3b6551b0f2848c54f911d6f91ca83d54-8083202365328583569-1229718731|True|(-3.11993043E-10, 0.00255706115, 1.816079E-10)|(-0.398141146, -0.0123794591, 0.0123794479, 0.9171571)|(1, 1.00000012, 1.00000012)
GlobalObjectId_V1-2-3b6551b0f2848c54f911d6f91ca83d54-8083202365328583569-1268510627|True|(-3.11993043E-10, 0.00255706115, 1.816079E-10)|(-0.398141146, -0.0123794591, 0.0123794479, 0.9171571)|(1, 1.00000012, 1.00000012)
GlobalObjectId_V1-2-3b6551b0f2848c54f911d6f91ca83d54-8083202365328583569-1298481983|True|(-3.11993043E-10, 0.00255706115, 1.816079E-10)|(-0.398141146, -0.0123794591, 0.0123794479, 0.9171571)|(1, 1.00000012, 1.00000012)
GlobalObjectId_V1-2-3b6551b0f2848c54f911d6f91ca83d54-8083202365328583569-1473460188|True|(-3.11993043E-10, 0.00255706115, 1.816079E-10)|(-0.398141146, -0.0123794591, 0.0123794479, 0.9171571)|(1, 1.00000012, 1.00000012)
GlobalObjectId_V1-2-3b6551b0f2848c54f911d6f91ca83d54-8083202365328583569-1740273041|True|(-3.11993043E-10, 0.00255706115, 1.816079E-10)|(-0.398141146, -0.0123794591, 0.0123794479, 0.9171571)|(1, 1.00000012, 1.00000012)
GlobalObjectId_V1-2-3b6551b0f2848c54f911d6f91ca83d54-8083202365328583569-352986360|True|(-3.11993043E-10, 0.00255706115, 1.816079E-10)|(-0.398141146, -0.0123794591, 0.0123794479, 0.9171571)|(1, 1.00000012, 1.00000012)
GlobalObjectId_V1-2-3b6551b0f2848c54f911d6f91ca83d54-8083202365328583569-375106697|True|(-3.11993043E-10, 0.00255706115, 1.816079E-10)|(-0.398141146, -0.0123794591, 0.0123794479, 0.9171571)|(1, 1.00000012, 1.00000012)
GlobalObjectId_V1-2-3b6551b0f2848c54f911d6f91ca83d54-8083202365328583569-466313733|True|(-3.11993043E-10, 0.00255706115, 1.816079E-10)|(-0.398141146, -0.0123794591, 0.0123794479, 0.9171571)|(1, 1.00000012, 1.00000012)
GlobalObjectId_V1-2-3b6551b0f2848c54f911d6f91ca83d54-8083202365328583569-769108169|True|(-3.11993043E-10, 0.00255706115, 1.816079E-10)|(-0.398141146, -0.0123794591, 0.0123794479, 0.9171571)|(1, 1.00000012, 1.00000012)
GlobalObjectId_V1-2-3b6551b0f2848c54f911d6f91ca83d54-8083202365328583569-814571549|True|(-3.11993043E-10, 0.00255706115, 1.816079E-10)|(-0.398141146, -0.0123794591, 0.0123794479, 0.9171571)|(1, 1.00000012, 1.00000012)
GlobalObjectId_V1-2-3b6551b0f2848c54f911d6f91ca83d54-810653112-0|True|(210, 0, 780)|(0, 0.7071068, 0, 0.7071068)|(1, 1, 1)
GlobalObjectId_V1-2-3b6551b0f2848c54f911d6f91ca83d54-814217417752730094-1049486283|True|(-0.00256000017, 0.0006400007, 0)|(0.902088046, -0.2971957, -0.2971956, -0.09791189)|(1.00000083, 1.00000036, 1)
GlobalObjectId_V1-2-3b6551b0f2848c54f911d6f91ca83d54-814217417752730094-126319019|True|(-0.00256000017, 0.0006400007, 0)|(0.902088046, -0.2971957, -0.2971956, -0.09791189)|(1.00000083, 1.00000036, 1)
GlobalObjectId_V1-2-3b6551b0f2848c54f911d6f91ca83d54-814217417752730094-1481706251|True|(-0.00256000017, 0.0006400007, 0)|(0.902088046, -0.2971957, -0.2971956, -0.09791189)|(1.00000083, 1.00000036, 1)
GlobalObjectId_V1-2-3b6551b0f2848c54f911d6f91ca83d54-814217417752730094-1592385703|True|(-0.00256000017, 0.0006400007, 0)|(0.902088046, -0.2971957, -0.2971956, -0.09791189)|(1.00000083, 1.00000036, 1)
GlobalObjectId_V1-2-3b6551b0f2848c54f911d6f91ca83d54-814217417752730094-1661574985|True|(-0.00256000017, 0.0006400007, 0)|(0.902088046, -0.2971957, -0.2971956, -0.09791189)|(1.00000083, 1.00000036, 1)
GlobalObjectId_V1-2-3b6551b0f2848c54f911d6f91ca83d54-814217417752730094-1902647294|True|(-0.00256000017, 0.0006400007, 0)|(0.902088046, -0.2971957, -0.2971956, -0.09791189)|(1.00000083, 1.00000036, 1)
GlobalObjectId_V1-2-3b6551b0f2848c54f911d6f91ca83d54-814217417752730094-239339974|True|(-0.00256000017, 0.0006400007, 0)|(0.902088046, -0.2971957, -0.2971956, -0.09791189)|(1.00000083, 1.00000036, 1)
GlobalObjectId_V1-2-3b6551b0f2848c54f911d6f91ca83d54-814217417752730094-350417267|True|(-0.00256000017, 0.0006400007, 0)|(0.902088046, -0.2971957, -0.2971956, -0.09791189)|(1.00000083, 1.00000036, 1)
GlobalObjectId_V1-2-3b6551b0f2848c54f911d6f91ca83d54-814217417752730094-575299033|True|(-0.00256000017, 0.0006400007, 0)|(0.902088046, -0.2971957, -0.2971956, -0.09791189)|(1.00000083, 1.00000036, 1)
GlobalObjectId_V1-2-3b6551b0f2848c54f911d6f91ca83d54-814217417752730094-834271436|True|(-0.00256000017, 0.0006400007, 0)|(0.902088046, -0.2971957, -0.2971956, -0.09791189)|(1.00000083, 1.00000036, 1)
GlobalObjectId_V1-2-3b6551b0f2848c54f911d6f91ca83d54-8142415976401291887-1229718731|True|(0.00256000017, 0.0006400007, 0)|(0.902088046, 0.2971957, 0.2971956, -0.09791189)|(1.00000083, 1.00000036, 1)
GlobalObjectId_V1-2-3b6551b0f2848c54f911d6f91ca83d54-8142415976401291887-1268510627|True|(0.00256000017, 0.0006400007, 0)|(0.902088046, 0.2971957, 0.2971956, -0.09791189)|(1.00000083, 1.00000036, 1)
GlobalObjectId_V1-2-3b6551b0f2848c54f911d6f91ca83d54-8142415976401291887-1298481983|True|(0.00256000017, 0.0006400007, 0)|(0.902088046, 0.2971957, 0.2971956, -0.09791189)|(1.00000083, 1.00000036, 1)
GlobalObjectId_V1-2-3b6551b0f2848c54f911d6f91ca83d54-8142415976401291887-1473460188|True|(0.00256000017, 0.0006400007, 0)|(0.902088046, 0.2971957, 0.2971956, -0.09791189)|(1.00000083, 1.00000036, 1)
GlobalObjectId_V1-2-3b6551b0f2848c54f911d6f91ca83d54-8142415976401291887-1740273041|True|(0.00256000017, 0.0006400007, 0)|(0.902088046, 0.2971957, 0.2971956, -0.09791189)|(1.00000083, 1.00000036, 1)
GlobalObjectId_V1-2-3b6551b0f2848c54f911d6f91ca83d54-8142415976401291887-352986360|True|(0.00256000017, 0.0006400007, 0)|(0.902088046, 0.2971957, 0.2971956, -0.09791189)|(1.00000083, 1.00000036, 1)
GlobalObjectId_V1-2-3b6551b0f2848c54f911d6f91ca83d54-8142415976401291887-375106697|True|(0.00256000017, 0.0006400007, 0)|(0.902088046, 0.2971957, 0.2971956, -0.09791189)|(1.00000083, 1.00000036, 1)
GlobalObjectId_V1-2-3b6551b0f2848c54f911d6f91ca83d54-8142415976401291887-466313733|True|(0.00256000017, 0.0006400007, 0)|(0.902088046, 0.2971957, 0.2971956, -0.09791189)|(1.00000083, 1.00000036, 1)
GlobalObjectId_V1-2-3b6551b0f2848c54f911d6f91ca83d54-8142415976401291887-769108169|True|(0.00256000017, 0.0006400007, 0)|(0.902088046, 0.2971957, 0.2971956, -0.09791189)|(1.00000083, 1.00000036, 1)
GlobalObjectId_V1-2-3b6551b0f2848c54f911d6f91ca83d54-8142415976401291887-814571549|True|(0.00256000017, 0.0006400007, 0)|(0.902088046, 0.2971957, 0.2971956, -0.09791189)|(1.00000083, 1.00000036, 1)
GlobalObjectId_V1-2-3b6551b0f2848c54f911d6f91ca83d54-820248715-0|True|(-100, 0.08, 663.300049)|(0, 0, 0, 1)|(1, 1, 1)
GlobalObjectId_V1-2-3b6551b0f2848c54f911d6f91ca83d54-8234049561363111180-1049486283|True|(0, 0, 0)|(0, 0, 0, 1)|(0.28, 0.28, 0.28)
GlobalObjectId_V1-2-3b6551b0f2848c54f911d6f91ca83d54-8234049561363111180-126319019|True|(0, 0, 0)|(0, 0, 0, 1)|(0.28, 0.28, 0.28)
GlobalObjectId_V1-2-3b6551b0f2848c54f911d6f91ca83d54-8234049561363111180-1481706251|True|(0, 0, 0)|(0, 0, 0, 1)|(0.28, 0.28, 0.28)
GlobalObjectId_V1-2-3b6551b0f2848c54f911d6f91ca83d54-8234049561363111180-1592385703|True|(0, 0, 0)|(0, 0, 0, 1)|(0.28, 0.28, 0.28)
GlobalObjectId_V1-2-3b6551b0f2848c54f911d6f91ca83d54-8234049561363111180-1661574985|True|(0, 0, 0)|(0, 0, 0, 1)|(0.28, 0.28, 0.28)
GlobalObjectId_V1-2-3b6551b0f2848c54f911d6f91ca83d54-8234049561363111180-1902647294|True|(0, 0, 0)|(0, 0, 0, 1)|(0.28, 0.28, 0.28)
GlobalObjectId_V1-2-3b6551b0f2848c54f911d6f91ca83d54-8234049561363111180-239339974|True|(0, 0, 0)|(0, 0, 0, 1)|(0.28, 0.28, 0.28)
GlobalObjectId_V1-2-3b6551b0f2848c54f911d6f91ca83d54-8234049561363111180-350417267|True|(0, 0, 0)|(0, 0, 0, 1)|(0.28, 0.28, 0.28)
GlobalObjectId_V1-2-3b6551b0f2848c54f911d6f91ca83d54-8234049561363111180-575299033|True|(0, 0, 0)|(0, 0, 0, 1)|(0.28, 0.28, 0.28)
GlobalObjectId_V1-2-3b6551b0f2848c54f911d6f91ca83d54-8234049561363111180-834271436|True|(0, 0, 0)|(0, 0, 0, 1)|(0.28, 0.28, 0.28)
GlobalObjectId_V1-2-3b6551b0f2848c54f911d6f91ca83d54-825753525-0|True|(-7.1, 0.1, 0)|(0, 0, 0, 1)|(0.2, 0.2, 20)
GlobalObjectId_V1-2-3b6551b0f2848c54f911d6f91ca83d54-8290835810420623386-100269653|{"MonoBehaviour":{"m_Enabled":true,"m_EditorHideFlags":0,"m_Name":"","m_EditorClassIdentifier":"Assembly-CSharp::HighwayHazard","visual":{"instanceID":0},"barrierArm":{"instanceID":0},"signal":{"instanceID":0},"warning":{"instanceID":0},"laneIndex":0,"breakHealth":0.0,"warningSeconds":2.0,"cycleSeconds":5.5,"crossingDistance":9.0}}
GlobalObjectId_V1-2-3b6551b0f2848c54f911d6f91ca83d54-8290835810420623386-1079601489|{"MonoBehaviour":{"m_Enabled":true,"m_EditorHideFlags":0,"m_Name":"","m_EditorClassIdentifier":"Assembly-CSharp::HighwayHazard","visual":{"instanceID":0},"barrierArm":{"instanceID":0},"signal":{"instanceID":0},"warning":{"instanceID":0},"laneIndex":0,"breakHealth":0.0,"warningSeconds":2.0,"cycleSeconds":5.5,"crossingDistance":9.0}}
GlobalObjectId_V1-2-3b6551b0f2848c54f911d6f91ca83d54-8290835810420623386-1103207620|{"MonoBehaviour":{"m_Enabled":true,"m_EditorHideFlags":0,"m_Name":"","m_EditorClassIdentifier":"Assembly-CSharp::HighwayHazard","visual":{"instanceID":0},"barrierArm":{"instanceID":0},"signal":{"instanceID":0},"warning":{"instanceID":0},"laneIndex":0,"breakHealth":0.0,"warningSeconds":2.0,"cycleSeconds":5.5,"crossingDistance":9.0}}
GlobalObjectId_V1-2-3b6551b0f2848c54f911d6f91ca83d54-8290835810420623386-1669086103|{"MonoBehaviour":{"m_Enabled":true,"m_EditorHideFlags":0,"m_Name":"","m_EditorClassIdentifier":"Assembly-CSharp::HighwayHazard","visual":{"instanceID":0},"barrierArm":{"instanceID":0},"signal":{"instanceID":0},"warning":{"instanceID":0},"laneIndex":0,"breakHealth":0.0,"warningSeconds":2.0,"cycleSeconds":5.5,"crossingDistance":9.0}}
GlobalObjectId_V1-2-3b6551b0f2848c54f911d6f91ca83d54-8290835810420623386-226928331|{"MonoBehaviour":{"m_Enabled":true,"m_EditorHideFlags":0,"m_Name":"","m_EditorClassIdentifier":"Assembly-CSharp::HighwayHazard","visual":{"instanceID":0},"barrierArm":{"instanceID":0},"signal":{"instanceID":0},"warning":{"instanceID":0},"laneIndex":0,"breakHealth":0.0,"warningSeconds":2.0,"cycleSeconds":5.5,"crossingDistance":9.0}}
GlobalObjectId_V1-2-3b6551b0f2848c54f911d6f91ca83d54-8290835810420623386-258455658|{"MonoBehaviour":{"m_Enabled":true,"m_EditorHideFlags":0,"m_Name":"","m_EditorClassIdentifier":"Assembly-CSharp::HighwayHazard","visual":{"instanceID":0},"barrierArm":{"instanceID":0},"signal":{"instanceID":0},"warning":{"instanceID":0},"laneIndex":0,"breakHealth":0.0,"warningSeconds":2.0,"cycleSeconds":5.5,"crossingDistance":9.0}}
GlobalObjectId_V1-2-3b6551b0f2848c54f911d6f91ca83d54-8290835810420623386-697005088|{"MonoBehaviour":{"m_Enabled":true,"m_EditorHideFlags":0,"m_Name":"","m_EditorClassIdentifier":"Assembly-CSharp::HighwayHazard","visual":{"instanceID":0},"barrierArm":{"instanceID":0},"signal":{"instanceID":0},"warning":{"instanceID":0},"laneIndex":0,"breakHealth":0.0,"warningSeconds":2.0,"cycleSeconds":5.5,"crossingDistance":9.0}}
GlobalObjectId_V1-2-3b6551b0f2848c54f911d6f91ca83d54-8290835810420623386-748434077|{"MonoBehaviour":{"m_Enabled":true,"m_EditorHideFlags":0,"m_Name":"","m_EditorClassIdentifier":"Assembly-CSharp::HighwayHazard","visual":{"instanceID":0},"barrierArm":{"instanceID":0},"signal":{"instanceID":0},"warning":{"instanceID":0},"laneIndex":0,"breakHealth":0.0,"warningSeconds":2.0,"cycleSeconds":5.5,"crossingDistance":9.0}}
GlobalObjectId_V1-2-3b6551b0f2848c54f911d6f91ca83d54-8290835810420623386-885528315|{"MonoBehaviour":{"m_Enabled":true,"m_EditorHideFlags":0,"m_Name":"","m_EditorClassIdentifier":"Assembly-CSharp::HighwayHazard","visual":{"instanceID":0},"barrierArm":{"instanceID":0},"signal":{"instanceID":0},"warning":{"instanceID":0},"laneIndex":0,"breakHealth":0.0,"warningSeconds":2.0,"cycleSeconds":5.5,"crossingDistance":9.0}}
GlobalObjectId_V1-2-3b6551b0f2848c54f911d6f91ca83d54-8290835810420623386-992990990|{"MonoBehaviour":{"m_Enabled":true,"m_EditorHideFlags":0,"m_Name":"","m_EditorClassIdentifier":"Assembly-CSharp::HighwayHazard","visual":{"instanceID":0},"barrierArm":{"instanceID":0},"signal":{"instanceID":0},"warning":{"instanceID":0},"laneIndex":0,"breakHealth":0.0,"warningSeconds":2.0,"cycleSeconds":5.5,"crossingDistance":9.0}}
GlobalObjectId_V1-2-3b6551b0f2848c54f911d6f91ca83d54-8306411019961098511-1049486283|True|(1.60932531E-10, 0.00143999979, -1.86517449E-17)|(-0.608287156, -4.422812E-08, -2.802861E-08, 0.793717)|(1, 1, 1)
GlobalObjectId_V1-2-3b6551b0f2848c54f911d6f91ca83d54-8306411019961098511-126319019|True|(1.60932531E-10, 0.00143999979, -1.86517449E-17)|(-0.608287156, -4.422812E-08, -2.802861E-08, 0.793717)|(1, 1, 1)
GlobalObjectId_V1-2-3b6551b0f2848c54f911d6f91ca83d54-8306411019961098511-1481706251|True|(1.60932531E-10, 0.00143999979, -1.86517449E-17)|(-0.608287156, -4.422812E-08, -2.802861E-08, 0.793717)|(1, 1, 1)
GlobalObjectId_V1-2-3b6551b0f2848c54f911d6f91ca83d54-8306411019961098511-1592385703|True|(1.60932531E-10, 0.00143999979, -1.86517449E-17)|(-0.608287156, -4.422812E-08, -2.802861E-08, 0.793717)|(1, 1, 1)
GlobalObjectId_V1-2-3b6551b0f2848c54f911d6f91ca83d54-8306411019961098511-1661574985|True|(1.60932531E-10, 0.00143999979, -1.86517449E-17)|(-0.608287156, -4.422812E-08, -2.802861E-08, 0.793717)|(1, 1, 1)
GlobalObjectId_V1-2-3b6551b0f2848c54f911d6f91ca83d54-8306411019961098511-1902647294|True|(1.60932531E-10, 0.00143999979, -1.86517449E-17)|(-0.608287156, -4.422812E-08, -2.802861E-08, 0.793717)|(1, 1, 1)
GlobalObjectId_V1-2-3b6551b0f2848c54f911d6f91ca83d54-8306411019961098511-239339974|True|(1.60932531E-10, 0.00143999979, -1.86517449E-17)|(-0.608287156, -4.422812E-08, -2.802861E-08, 0.793717)|(1, 1, 1)
GlobalObjectId_V1-2-3b6551b0f2848c54f911d6f91ca83d54-8306411019961098511-350417267|True|(1.60932531E-10, 0.00143999979, -1.86517449E-17)|(-0.608287156, -4.422812E-08, -2.802861E-08, 0.793717)|(1, 1, 1)
GlobalObjectId_V1-2-3b6551b0f2848c54f911d6f91ca83d54-8306411019961098511-575299033|True|(1.60932531E-10, 0.00143999979, -1.86517449E-17)|(-0.608287156, -4.422812E-08, -2.802861E-08, 0.793717)|(1, 1, 1)
GlobalObjectId_V1-2-3b6551b0f2848c54f911d6f91ca83d54-8306411019961098511-834271436|True|(1.60932531E-10, 0.00143999979, -1.86517449E-17)|(-0.608287156, -4.422812E-08, -2.802861E-08, 0.793717)|(1, 1, 1)
GlobalObjectId_V1-2-3b6551b0f2848c54f911d6f91ca83d54-83081655-0|True|(-7.1, 0.1, 0)|(0, 0, 0, 1)|(0.2, 0.2, 20)
GlobalObjectId_V1-2-3b6551b0f2848c54f911d6f91ca83d54-830882035479273938-1167286018|{"MonoBehaviour":{"m_Enabled":true,"m_EditorHideFlags":0,"m_Name":"","m_EditorClassIdentifier":"Assembly-CSharp::HighwayHazard","visual":{"instanceID":0},"barrierArm":{"instanceID":0},"signal":{"instanceID":0},"warning":{"instanceID":0},"laneIndex":2,"breakHealth":0.0,"warningSeconds":0.0,"cycleSeconds":7.0,"crossingDistance":0.0}}
GlobalObjectId_V1-2-3b6551b0f2848c54f911d6f91ca83d54-830882035479273938-1180928524|{"MonoBehaviour":{"m_Enabled":true,"m_EditorHideFlags":0,"m_Name":"","m_EditorClassIdentifier":"Assembly-CSharp::HighwayHazard","visual":{"instanceID":0},"barrierArm":{"instanceID":0},"signal":{"instanceID":0},"warning":{"instanceID":0},"laneIndex":2,"breakHealth":0.0,"warningSeconds":0.0,"cycleSeconds":7.0,"crossingDistance":0.0}}
GlobalObjectId_V1-2-3b6551b0f2848c54f911d6f91ca83d54-830882035479273938-122956854|{"MonoBehaviour":{"m_Enabled":true,"m_EditorHideFlags":0,"m_Name":"","m_EditorClassIdentifier":"Assembly-CSharp::HighwayHazard","visual":{"instanceID":0},"barrierArm":{"instanceID":0},"signal":{"instanceID":0},"warning":{"instanceID":0},"laneIndex":2,"breakHealth":0.0,"warningSeconds":0.0,"cycleSeconds":7.0,"crossingDistance":0.0}}
GlobalObjectId_V1-2-3b6551b0f2848c54f911d6f91ca83d54-830882035479273938-1245624228|{"MonoBehaviour":{"m_Enabled":true,"m_EditorHideFlags":0,"m_Name":"","m_EditorClassIdentifier":"Assembly-CSharp::HighwayHazard","visual":{"instanceID":0},"barrierArm":{"instanceID":0},"signal":{"instanceID":0},"warning":{"instanceID":0},"laneIndex":1,"breakHealth":0.0,"warningSeconds":0.0,"cycleSeconds":7.0,"crossingDistance":0.0}}
GlobalObjectId_V1-2-3b6551b0f2848c54f911d6f91ca83d54-830882035479273938-1404068710|{"MonoBehaviour":{"m_Enabled":true,"m_EditorHideFlags":0,"m_Name":"","m_EditorClassIdentifier":"Assembly-CSharp::HighwayHazard","visual":{"instanceID":0},"barrierArm":{"instanceID":0},"signal":{"instanceID":0},"warning":{"instanceID":0},"laneIndex":0,"breakHealth":0.0,"warningSeconds":0.0,"cycleSeconds":7.0,"crossingDistance":0.0}}
GlobalObjectId_V1-2-3b6551b0f2848c54f911d6f91ca83d54-830882035479273938-1418330522|{"MonoBehaviour":{"m_Enabled":true,"m_EditorHideFlags":0,"m_Name":"","m_EditorClassIdentifier":"Assembly-CSharp::HighwayHazard","visual":{"instanceID":0},"barrierArm":{"instanceID":0},"signal":{"instanceID":0},"warning":{"instanceID":0},"laneIndex":1,"breakHealth":0.0,"warningSeconds":0.0,"cycleSeconds":7.0,"crossingDistance":0.0}}
GlobalObjectId_V1-2-3b6551b0f2848c54f911d6f91ca83d54-830882035479273938-1452177011|{"MonoBehaviour":{"m_Enabled":true,"m_EditorHideFlags":0,"m_Name":"","m_EditorClassIdentifier":"Assembly-CSharp::HighwayHazard","visual":{"instanceID":0},"barrierArm":{"instanceID":0},"signal":{"instanceID":0},"warning":{"instanceID":0},"laneIndex":0,"breakHealth":0.0,"warningSeconds":0.0,"cycleSeconds":7.0,"crossingDistance":0.0}}
GlobalObjectId_V1-2-3b6551b0f2848c54f911d6f91ca83d54-830882035479273938-1620194150|{"MonoBehaviour":{"m_Enabled":true,"m_EditorHideFlags":0,"m_Name":"","m_EditorClassIdentifier":"Assembly-CSharp::HighwayHazard","visual":{"instanceID":0},"barrierArm":{"instanceID":0},"signal":{"instanceID":0},"warning":{"instanceID":0},"laneIndex":2,"breakHealth":0.0,"warningSeconds":0.0,"cycleSeconds":7.0,"crossingDistance":0.0}}
GlobalObjectId_V1-2-3b6551b0f2848c54f911d6f91ca83d54-830882035479273938-1693543895|{"MonoBehaviour":{"m_Enabled":true,"m_EditorHideFlags":0,"m_Name":"","m_EditorClassIdentifier":"Assembly-CSharp::HighwayHazard","visual":{"instanceID":0},"barrierArm":{"instanceID":0},"signal":{"instanceID":0},"warning":{"instanceID":0},"laneIndex":1,"breakHealth":0.0,"warningSeconds":0.0,"cycleSeconds":7.0,"crossingDistance":0.0}}
GlobalObjectId_V1-2-3b6551b0f2848c54f911d6f91ca83d54-830882035479273938-1793401989|{"MonoBehaviour":{"m_Enabled":true,"m_EditorHideFlags":0,"m_Name":"","m_EditorClassIdentifier":"Assembly-CSharp::HighwayHazard","visual":{"instanceID":0},"barrierArm":{"instanceID":0},"signal":{"instanceID":0},"warning":{"instanceID":0},"laneIndex":0,"breakHealth":0.0,"warningSeconds":0.0,"cycleSeconds":7.0,"crossingDistance":0.0}}
GlobalObjectId_V1-2-3b6551b0f2848c54f911d6f91ca83d54-830882035479273938-2098923909|{"MonoBehaviour":{"m_Enabled":true,"m_EditorHideFlags":0,"m_Name":"","m_EditorClassIdentifier":"Assembly-CSharp::HighwayHazard","visual":{"instanceID":0},"barrierArm":{"instanceID":0},"signal":{"instanceID":0},"warning":{"instanceID":0},"laneIndex":1,"breakHealth":0.0,"warningSeconds":0.0,"cycleSeconds":7.0,"crossingDistance":0.0}}
GlobalObjectId_V1-2-3b6551b0f2848c54f911d6f91ca83d54-830882035479273938-299381512|{"MonoBehaviour":{"m_Enabled":true,"m_EditorHideFlags":0,"m_Name":"","m_EditorClassIdentifier":"Assembly-CSharp::HighwayHazard","visual":{"instanceID":0},"barrierArm":{"instanceID":0},"signal":{"instanceID":0},"warning":{"instanceID":0},"laneIndex":2,"breakHealth":0.0,"warningSeconds":0.0,"cycleSeconds":7.0,"crossingDistance":0.0}}
GlobalObjectId_V1-2-3b6551b0f2848c54f911d6f91ca83d54-830882035479273938-730290851|{"MonoBehaviour":{"m_Enabled":true,"m_EditorHideFlags":0,"m_Name":"","m_EditorClassIdentifier":"Assembly-CSharp::HighwayHazard","visual":{"instanceID":0},"barrierArm":{"instanceID":0},"signal":{"instanceID":0},"warning":{"instanceID":0},"laneIndex":0,"breakHealth":0.0,"warningSeconds":0.0,"cycleSeconds":7.0,"crossingDistance":0.0}}
GlobalObjectId_V1-2-3b6551b0f2848c54f911d6f91ca83d54-830882035479273938-828652953|{"MonoBehaviour":{"m_Enabled":true,"m_EditorHideFlags":0,"m_Name":"","m_EditorClassIdentifier":"Assembly-CSharp::HighwayHazard","visual":{"instanceID":0},"barrierArm":{"instanceID":0},"signal":{"instanceID":0},"warning":{"instanceID":0},"laneIndex":0,"breakHealth":0.0,"warningSeconds":0.0,"cycleSeconds":7.0,"crossingDistance":0.0}}
GlobalObjectId_V1-2-3b6551b0f2848c54f911d6f91ca83d54-830882035479273938-884722836|{"MonoBehaviour":{"m_Enabled":true,"m_EditorHideFlags":0,"m_Name":"","m_EditorClassIdentifier":"Assembly-CSharp::HighwayHazard","visual":{"instanceID":0},"barrierArm":{"instanceID":0},"signal":{"instanceID":0},"warning":{"instanceID":0},"laneIndex":1,"breakHealth":0.0,"warningSeconds":0.0,"cycleSeconds":7.0,"crossingDistance":0.0}}
GlobalObjectId_V1-2-3b6551b0f2848c54f911d6f91ca83d54-83103444-0|True|(237.5, 0.08, 295.900024)|(0, 0, 0, 1)|(1, 1, 1)
GlobalObjectId_V1-2-3b6551b0f2848c54f911d6f91ca83d54-8314790866029174388-1229718731|True|(0, 0, 0)|(0, 0, 0, 1)|(0.7, 0.5, 0.7)
GlobalObjectId_V1-2-3b6551b0f2848c54f911d6f91ca83d54-8314790866029174388-1268510627|True|(0, 0, 0)|(0, 0, 0, 1)|(0.7, 0.5, 0.7)
GlobalObjectId_V1-2-3b6551b0f2848c54f911d6f91ca83d54-8314790866029174388-1298481983|True|(0, 0, 0)|(0, 0, 0, 1)|(0.7, 0.5, 0.7)
GlobalObjectId_V1-2-3b6551b0f2848c54f911d6f91ca83d54-8314790866029174388-1473460188|True|(0, 0, 0)|(0, 0, 0, 1)|(0.7, 0.5, 0.7)
GlobalObjectId_V1-2-3b6551b0f2848c54f911d6f91ca83d54-8314790866029174388-1740273041|True|(0, 0, 0)|(0, 0, 0, 1)|(0.7, 0.5, 0.7)
GlobalObjectId_V1-2-3b6551b0f2848c54f911d6f91ca83d54-8314790866029174388-352986360|True|(0, 0, 0)|(0, 0, 0, 1)|(0.7, 0.5, 0.7)
GlobalObjectId_V1-2-3b6551b0f2848c54f911d6f91ca83d54-8314790866029174388-375106697|True|(0, 0, 0)|(0, 0, 0, 1)|(0.7, 0.5, 0.7)
GlobalObjectId_V1-2-3b6551b0f2848c54f911d6f91ca83d54-8314790866029174388-466313733|True|(0, 0, 0)|(0, 0, 0, 1)|(0.7, 0.5, 0.7)
GlobalObjectId_V1-2-3b6551b0f2848c54f911d6f91ca83d54-8314790866029174388-769108169|True|(0, 0, 0)|(0, 0, 0, 1)|(0.7, 0.5, 0.7)
GlobalObjectId_V1-2-3b6551b0f2848c54f911d6f91ca83d54-8314790866029174388-814571549|True|(0, 0, 0)|(0, 0, 0, 1)|(0.7, 0.5, 0.7)
GlobalObjectId_V1-2-3b6551b0f2848c54f911d6f91ca83d54-839875795698035955-1120997898|True|(0, 0.00127999962, 0)|(0, 0, 0, 1)|(1, 1, 1)
GlobalObjectId_V1-2-3b6551b0f2848c54f911d6f91ca83d54-839875795698035955-1378066733|True|(0, 0.00127999962, 0)|(0, 0, 0, 1)|(1, 1, 1)
GlobalObjectId_V1-2-3b6551b0f2848c54f911d6f91ca83d54-839875795698035955-1387022782|True|(0, 0.00127999962, 0)|(0, 0, 0, 1)|(1, 1, 1)
GlobalObjectId_V1-2-3b6551b0f2848c54f911d6f91ca83d54-839875795698035955-1556813190|True|(0, 0.00127999962, 0)|(0, 0, 0, 1)|(1, 1, 1)
GlobalObjectId_V1-2-3b6551b0f2848c54f911d6f91ca83d54-839875795698035955-161863763|True|(0, 0.00127999962, 0)|(0, 0, 0, 1)|(1, 1, 1)
GlobalObjectId_V1-2-3b6551b0f2848c54f911d6f91ca83d54-839875795698035955-305648292|True|(0, 0.00127999962, 0)|(0, 0, 0, 1)|(1, 1, 1)
GlobalObjectId_V1-2-3b6551b0f2848c54f911d6f91ca83d54-839875795698035955-404936451|True|(0, 0.00127999962, 0)|(0, 0, 0, 1)|(1, 1, 1)
GlobalObjectId_V1-2-3b6551b0f2848c54f911d6f91ca83d54-839875795698035955-501866861|True|(0, 0.00127999962, 0)|(0, 0, 0, 1)|(1, 1, 1)
GlobalObjectId_V1-2-3b6551b0f2848c54f911d6f91ca83d54-839875795698035955-692789032|True|(0, 0.00127999962, 0)|(0, 0, 0, 1)|(1, 1, 1)
GlobalObjectId_V1-2-3b6551b0f2848c54f911d6f91ca83d54-839875795698035955-892891150|True|(0, 0.00127999962, 0)|(0, 0, 0, 1)|(1, 1, 1)
GlobalObjectId_V1-2-3b6551b0f2848c54f911d6f91ca83d54-8400405316123338510-1229718731|True|(1.11758706E-10, 0.00213466655, 9.31322554E-12)|(-0.0128043983, 0.112429693, -0.112429693, 0.9871956)|(1, 0.99999994, 0.99999994)
GlobalObjectId_V1-2-3b6551b0f2848c54f911d6f91ca83d54-8400405316123338510-1268510627|True|(1.11758706E-10, 0.00213466655, 9.31322554E-12)|(-0.0128043983, 0.112429693, -0.112429693, 0.9871956)|(1, 0.99999994, 0.99999994)
GlobalObjectId_V1-2-3b6551b0f2848c54f911d6f91ca83d54-8400405316123338510-1298481983|True|(1.11758706E-10, 0.00213466655, 9.31322554E-12)|(-0.0128043983, 0.112429693, -0.112429693, 0.9871956)|(1, 0.99999994, 0.99999994)
GlobalObjectId_V1-2-3b6551b0f2848c54f911d6f91ca83d54-8400405316123338510-1473460188|True|(1.11758706E-10, 0.00213466655, 9.31322554E-12)|(-0.0128043983, 0.112429693, -0.112429693, 0.9871956)|(1, 0.99999994, 0.99999994)
GlobalObjectId_V1-2-3b6551b0f2848c54f911d6f91ca83d54-8400405316123338510-1740273041|True|(1.11758706E-10, 0.00213466655, 9.31322554E-12)|(-0.0128043983, 0.112429693, -0.112429693, 0.9871956)|(1, 0.99999994, 0.99999994)
GlobalObjectId_V1-2-3b6551b0f2848c54f911d6f91ca83d54-8400405316123338510-352986360|True|(1.11758706E-10, 0.00213466655, 9.31322554E-12)|(-0.0128043983, 0.112429693, -0.112429693, 0.9871956)|(1, 0.99999994, 0.99999994)
GlobalObjectId_V1-2-3b6551b0f2848c54f911d6f91ca83d54-8400405316123338510-375106697|True|(1.11758706E-10, 0.00213466655, 9.31322554E-12)|(-0.0128043983, 0.112429693, -0.112429693, 0.9871956)|(1, 0.99999994, 0.99999994)
GlobalObjectId_V1-2-3b6551b0f2848c54f911d6f91ca83d54-8400405316123338510-466313733|True|(1.11758706E-10, 0.00213466655, 9.31322554E-12)|(-0.0128043983, 0.112429693, -0.112429693, 0.9871956)|(1, 0.99999994, 0.99999994)
GlobalObjectId_V1-2-3b6551b0f2848c54f911d6f91ca83d54-8400405316123338510-769108169|True|(1.11758706E-10, 0.00213466655, 9.31322554E-12)|(-0.0128043983, 0.112429693, -0.112429693, 0.9871956)|(1, 0.99999994, 0.99999994)
GlobalObjectId_V1-2-3b6551b0f2848c54f911d6f91ca83d54-8400405316123338510-814571549|True|(1.11758706E-10, 0.00213466655, 9.31322554E-12)|(-0.0128043983, 0.112429693, -0.112429693, 0.9871956)|(1, 0.99999994, 0.99999994)
GlobalObjectId_V1-2-3b6551b0f2848c54f911d6f91ca83d54-8416773702488558885-1120997898|True|(5.96046434E-10, 0.00228805584, 1.49011609E-10)|(0.139624164, -0.0550052933, -0.0348009244, 0.988063)|(1, 0.99999994, 1.00000012)
GlobalObjectId_V1-2-3b6551b0f2848c54f911d6f91ca83d54-8416773702488558885-1378066733|True|(5.96046434E-10, 0.00228805584, 1.49011609E-10)|(0.139624164, -0.0550052933, -0.0348009244, 0.988063)|(1, 0.99999994, 1.00000012)
GlobalObjectId_V1-2-3b6551b0f2848c54f911d6f91ca83d54-8416773702488558885-1387022782|True|(5.96046434E-10, 0.00228805584, 1.49011609E-10)|(0.139624164, -0.0550052933, -0.0348009244, 0.988063)|(1, 0.99999994, 1.00000012)
GlobalObjectId_V1-2-3b6551b0f2848c54f911d6f91ca83d54-8416773702488558885-1556813190|True|(5.96046434E-10, 0.00228805584, 1.49011609E-10)|(0.139624164, -0.0550052933, -0.0348009244, 0.988063)|(1, 0.99999994, 1.00000012)
GlobalObjectId_V1-2-3b6551b0f2848c54f911d6f91ca83d54-8416773702488558885-161863763|True|(5.96046434E-10, 0.00228805584, 1.49011609E-10)|(0.139624164, -0.0550052933, -0.0348009244, 0.988063)|(1, 0.99999994, 1.00000012)
GlobalObjectId_V1-2-3b6551b0f2848c54f911d6f91ca83d54-8416773702488558885-305648292|True|(5.96046434E-10, 0.00228805584, 1.49011609E-10)|(0.139624164, -0.0550052933, -0.0348009244, 0.988063)|(1, 0.99999994, 1.00000012)
GlobalObjectId_V1-2-3b6551b0f2848c54f911d6f91ca83d54-8416773702488558885-404936451|True|(5.96046434E-10, 0.00228805584, 1.49011609E-10)|(0.139624164, -0.0550052933, -0.0348009244, 0.988063)|(1, 0.99999994, 1.00000012)
GlobalObjectId_V1-2-3b6551b0f2848c54f911d6f91ca83d54-8416773702488558885-501866861|True|(5.96046434E-10, 0.00228805584, 1.49011609E-10)|(0.139624164, -0.0550052933, -0.0348009244, 0.988063)|(1, 0.99999994, 1.00000012)
GlobalObjectId_V1-2-3b6551b0f2848c54f911d6f91ca83d54-8416773702488558885-692789032|True|(5.96046434E-10, 0.00228805584, 1.49011609E-10)|(0.139624164, -0.0550052933, -0.0348009244, 0.988063)|(1, 0.99999994, 1.00000012)
GlobalObjectId_V1-2-3b6551b0f2848c54f911d6f91ca83d54-8416773702488558885-892891150|True|(5.96046434E-10, 0.00228805584, 1.49011609E-10)|(0.139624164, -0.0550052933, -0.0348009244, 0.988063)|(1, 0.99999994, 1.00000012)
GlobalObjectId_V1-2-3b6551b0f2848c54f911d6f91ca83d54-8432764242584764315-1191518710|True|(0, 0.0008750003, 0)|(0, 0, 0, 1)|(1, 1, 1)
GlobalObjectId_V1-2-3b6551b0f2848c54f911d6f91ca83d54-8432764242584764315-1212367565|True|(0, 0.0008750003, 0)|(0, 0, 0, 1)|(1, 1, 1)
GlobalObjectId_V1-2-3b6551b0f2848c54f911d6f91ca83d54-8432764242584764315-143777058|True|(0, 0.0008750003, 0)|(0, 0, 0, 1)|(1, 1, 1)
GlobalObjectId_V1-2-3b6551b0f2848c54f911d6f91ca83d54-8432764242584764315-1542002196|True|(0, 0.0008750003, 0)|(0, 0, 0, 1)|(1, 1, 1)
GlobalObjectId_V1-2-3b6551b0f2848c54f911d6f91ca83d54-8432764242584764315-2024003042|True|(0, 0.0008750003, 0)|(0, 0, 0, 1)|(1, 1, 1)
GlobalObjectId_V1-2-3b6551b0f2848c54f911d6f91ca83d54-8432764242584764315-306864247|True|(0, 0.0008750003, 0)|(0, 0, 0, 1)|(1, 1, 1)
GlobalObjectId_V1-2-3b6551b0f2848c54f911d6f91ca83d54-8432764242584764315-309737671|True|(0, 0.0008750003, 0)|(0, 0, 0, 1)|(1, 1, 1)
GlobalObjectId_V1-2-3b6551b0f2848c54f911d6f91ca83d54-8432764242584764315-312149901|True|(0, 0.0008750003, 0)|(0, 0, 0, 1)|(1, 1, 1)
GlobalObjectId_V1-2-3b6551b0f2848c54f911d6f91ca83d54-8432764242584764315-857919492|True|(0, 0.0008750003, 0)|(0, 0, 0, 1)|(1, 1, 1)
GlobalObjectId_V1-2-3b6551b0f2848c54f911d6f91ca83d54-8432764242584764315-986728857|True|(0, 0.0008750003, 0)|(0, 0, 0, 1)|(1, 1, 1)
GlobalObjectId_V1-2-3b6551b0f2848c54f911d6f91ca83d54-844907261-0|True|(-7.1, 0.1, 0)|(0, 0, 0, 1)|(0.2, 0.2, 20)
GlobalObjectId_V1-2-3b6551b0f2848c54f911d6f91ca83d54-845179700-0|True|(-7.1, 0.1, 0)|(0, 0, 0, 1)|(0.2, 0.2, 20)
GlobalObjectId_V1-2-3b6551b0f2848c54f911d6f91ca83d54-845679728-0|True|(-7.1, 0.1, 0)|(0, 0, 0, 1)|(0.2, 0.2, 20)
GlobalObjectId_V1-2-3b6551b0f2848c54f911d6f91ca83d54-846839581-0|True|(7.1, 0.1, 0)|(0, 0, 0, 1)|(0.2, 0.2, 20)
GlobalObjectId_V1-2-3b6551b0f2848c54f911d6f91ca83d54-8485790751458293321-1025319220|True|(0.237600014, 0.015, 0.002)|(0, 0, 0.0610485449, 0.998134851)|(0.4104, 1.0044, 1)
GlobalObjectId_V1-2-3b6551b0f2848c54f911d6f91ca83d54-8485790751458293321-1076637211|True|(0.237600014, 0.015, 0.002)|(0, 0, 0.0610485449, 0.998134851)|(0.4104, 1.0044, 1)
GlobalObjectId_V1-2-3b6551b0f2848c54f911d6f91ca83d54-8485790751458293321-1123370063|True|(0.237600014, 0.015, 0.002)|(0, 0, 0.0610485449, 0.998134851)|(0.4104, 1.0044, 1)
GlobalObjectId_V1-2-3b6551b0f2848c54f911d6f91ca83d54-8485790751458293321-1138517293|True|(0.237600014, 0.015, 0.002)|(0, 0, 0.0610485449, 0.998134851)|(0.4104, 1.0044, 1)
GlobalObjectId_V1-2-3b6551b0f2848c54f911d6f91ca83d54-8485790751458293321-1145818399|True|(0.237600014, 0.015, 0.002)|(0, 0, 0.0610485449, 0.998134851)|(0.4104, 1.0044, 1)
GlobalObjectId_V1-2-3b6551b0f2848c54f911d6f91ca83d54-8485790751458293321-1148386096|True|(0.237600014, 0.015, 0.002)|(0, 0, 0.0610485449, 0.998134851)|(0.4104, 1.0044, 1)
GlobalObjectId_V1-2-3b6551b0f2848c54f911d6f91ca83d54-8485790751458293321-1157908847|True|(0.237600014, 0.015, 0.002)|(0, 0, 0.0610485449, 0.998134851)|(0.4104, 1.0044, 1)
GlobalObjectId_V1-2-3b6551b0f2848c54f911d6f91ca83d54-8485790751458293321-117525737|True|(0.237600014, 0.015, 0.002)|(0, 0, 0.0610485449, 0.998134851)|(0.4104, 1.0044, 1)
GlobalObjectId_V1-2-3b6551b0f2848c54f911d6f91ca83d54-8485790751458293321-1211572864|True|(0.237600014, 0.015, 0.002)|(0, 0, 0.0610485449, 0.998134851)|(0.4104, 1.0044, 1)
GlobalObjectId_V1-2-3b6551b0f2848c54f911d6f91ca83d54-8485790751458293321-1261995047|True|(0.237600014, 0.015, 0.002)|(0, 0, 0.0610485449, 0.998134851)|(0.4104, 1.0044, 1)
GlobalObjectId_V1-2-3b6551b0f2848c54f911d6f91ca83d54-8485790751458293321-1273560124|True|(0.237600014, 0.015, 0.002)|(0, 0, 0.0610485449, 0.998134851)|(0.4104, 1.0044, 1)
GlobalObjectId_V1-2-3b6551b0f2848c54f911d6f91ca83d54-8485790751458293321-1341893445|True|(0.237600014, 0.015, 0.002)|(0, 0, 0.0610485449, 0.998134851)|(0.4104, 1.0044, 1)
GlobalObjectId_V1-2-3b6551b0f2848c54f911d6f91ca83d54-8485790751458293321-1577023816|True|(0.237600014, 0.015, 0.002)|(0, 0, 0.0610485449, 0.998134851)|(0.4104, 1.0044, 1)
GlobalObjectId_V1-2-3b6551b0f2848c54f911d6f91ca83d54-8485790751458293321-1609908011|True|(0.237600014, 0.015, 0.002)|(0, 0, 0.0610485449, 0.998134851)|(0.4104, 1.0044, 1)
GlobalObjectId_V1-2-3b6551b0f2848c54f911d6f91ca83d54-8485790751458293321-1654698043|True|(0.237600014, 0.015, 0.002)|(0, 0, 0.0610485449, 0.998134851)|(0.4104, 1.0044, 1)
GlobalObjectId_V1-2-3b6551b0f2848c54f911d6f91ca83d54-8485790751458293321-1725634851|True|(0.237600014, 0.015, 0.002)|(0, 0, 0.0610485449, 0.998134851)|(0.4104, 1.0044, 1)
GlobalObjectId_V1-2-3b6551b0f2848c54f911d6f91ca83d54-8485790751458293321-178552251|True|(0.237600014, 0.015, 0.002)|(0, 0, 0.0610485449, 0.998134851)|(0.4104, 1.0044, 1)
GlobalObjectId_V1-2-3b6551b0f2848c54f911d6f91ca83d54-8485790751458293321-1804972047|True|(0.237600014, 0.015, 0.002)|(0, 0, 0.0610485449, 0.998134851)|(0.4104, 1.0044, 1)
GlobalObjectId_V1-2-3b6551b0f2848c54f911d6f91ca83d54-8485790751458293321-1819624870|True|(0.237600014, 0.015, 0.002)|(0, 0, 0.0610485449, 0.998134851)|(0.4104, 1.0044, 1)
GlobalObjectId_V1-2-3b6551b0f2848c54f911d6f91ca83d54-8485790751458293321-1866442031|True|(0.237600014, 0.015, 0.002)|(0, 0, 0.0610485449, 0.998134851)|(0.4104, 1.0044, 1)
GlobalObjectId_V1-2-3b6551b0f2848c54f911d6f91ca83d54-8485790751458293321-1970165663|True|(0.237600014, 0.015, 0.002)|(0, 0, 0.0610485449, 0.998134851)|(0.4104, 1.0044, 1)
GlobalObjectId_V1-2-3b6551b0f2848c54f911d6f91ca83d54-8485790751458293321-2024084545|True|(0.237600014, 0.015, 0.002)|(0, 0, 0.0610485449, 0.998134851)|(0.4104, 1.0044, 1)
GlobalObjectId_V1-2-3b6551b0f2848c54f911d6f91ca83d54-8485790751458293321-2026501014|True|(0.237600014, 0.015, 0.002)|(0, 0, 0.0610485449, 0.998134851)|(0.4104, 1.0044, 1)
GlobalObjectId_V1-2-3b6551b0f2848c54f911d6f91ca83d54-8485790751458293321-2039403610|True|(0.237600014, 0.015, 0.002)|(0, 0, 0.0610485449, 0.998134851)|(0.4104, 1.0044, 1)
GlobalObjectId_V1-2-3b6551b0f2848c54f911d6f91ca83d54-8485790751458293321-2040492614|True|(0.237600014, 0.015, 0.002)|(0, 0, 0.0610485449, 0.998134851)|(0.4104, 1.0044, 1)
GlobalObjectId_V1-2-3b6551b0f2848c54f911d6f91ca83d54-8485790751458293321-2056561579|True|(0.237600014, 0.015, 0.002)|(0, 0, 0.0610485449, 0.998134851)|(0.4104, 1.0044, 1)
GlobalObjectId_V1-2-3b6551b0f2848c54f911d6f91ca83d54-8485790751458293321-2059838410|True|(0.237600014, 0.015, 0.002)|(0, 0, 0.0610485449, 0.998134851)|(0.4104, 1.0044, 1)
GlobalObjectId_V1-2-3b6551b0f2848c54f911d6f91ca83d54-8485790751458293321-220756394|True|(0.237600014, 0.015, 0.002)|(0, 0, 0.0610485449, 0.998134851)|(0.4104, 1.0044, 1)
GlobalObjectId_V1-2-3b6551b0f2848c54f911d6f91ca83d54-8485790751458293321-241495691|True|(0.237600014, 0.015, 0.002)|(0, 0, 0.0610485449, 0.998134851)|(0.4104, 1.0044, 1)
GlobalObjectId_V1-2-3b6551b0f2848c54f911d6f91ca83d54-8485790751458293321-243786568|True|(0.237600014, 0.015, 0.002)|(0, 0, 0.0610485449, 0.998134851)|(0.4104, 1.0044, 1)
GlobalObjectId_V1-2-3b6551b0f2848c54f911d6f91ca83d54-8485790751458293321-27082819|True|(0.237600014, 0.015, 0.002)|(0, 0, 0.0610485449, 0.998134851)|(0.4104, 1.0044, 1)
GlobalObjectId_V1-2-3b6551b0f2848c54f911d6f91ca83d54-8485790751458293321-287385670|True|(0.237600014, 0.015, 0.002)|(0, 0, 0.0610485449, 0.998134851)|(0.4104, 1.0044, 1)
GlobalObjectId_V1-2-3b6551b0f2848c54f911d6f91ca83d54-8485790751458293321-308217777|True|(0.237600014, 0.015, 0.002)|(0, 0, 0.0610485449, 0.998134851)|(0.4104, 1.0044, 1)
GlobalObjectId_V1-2-3b6551b0f2848c54f911d6f91ca83d54-8485790751458293321-31273311|True|(0.237600014, 0.015, 0.002)|(0, 0, 0.0610485449, 0.998134851)|(0.4104, 1.0044, 1)
GlobalObjectId_V1-2-3b6551b0f2848c54f911d6f91ca83d54-8485790751458293321-343957928|True|(0.237600014, 0.015, 0.002)|(0, 0, 0.0610485449, 0.998134851)|(0.4104, 1.0044, 1)
GlobalObjectId_V1-2-3b6551b0f2848c54f911d6f91ca83d54-8485790751458293321-396161643|True|(0.237600014, 0.015, 0.002)|(0, 0, 0.0610485449, 0.998134851)|(0.4104, 1.0044, 1)
GlobalObjectId_V1-2-3b6551b0f2848c54f911d6f91ca83d54-8485790751458293321-426443221|True|(0.237600014, 0.015, 0.002)|(0, 0, 0.0610485449, 0.998134851)|(0.4104, 1.0044, 1)
GlobalObjectId_V1-2-3b6551b0f2848c54f911d6f91ca83d54-8485790751458293321-458006385|True|(0.237600014, 0.015, 0.002)|(0, 0, 0.0610485449, 0.998134851)|(0.4104, 1.0044, 1)
GlobalObjectId_V1-2-3b6551b0f2848c54f911d6f91ca83d54-8485790751458293321-502189609|True|(0.237600014, 0.015, 0.002)|(0, 0, 0.0610485449, 0.998134851)|(0.4104, 1.0044, 1)
GlobalObjectId_V1-2-3b6551b0f2848c54f911d6f91ca83d54-8485790751458293321-502266823|True|(0.237600014, 0.015, 0.002)|(0, 0, 0.0610485449, 0.998134851)|(0.4104, 1.0044, 1)
GlobalObjectId_V1-2-3b6551b0f2848c54f911d6f91ca83d54-8485790751458293321-593650449|True|(0.237600014, 0.015, 0.002)|(0, 0, 0.0610485449, 0.998134851)|(0.4104, 1.0044, 1)
GlobalObjectId_V1-2-3b6551b0f2848c54f911d6f91ca83d54-8485790751458293321-600046749|True|(0.237600014, 0.015, 0.002)|(0, 0, 0.0610485449, 0.998134851)|(0.4104, 1.0044, 1)
GlobalObjectId_V1-2-3b6551b0f2848c54f911d6f91ca83d54-8485790751458293321-656679930|True|(0.237600014, 0.015, 0.002)|(0, 0, 0.0610485449, 0.998134851)|(0.4104, 1.0044, 1)
GlobalObjectId_V1-2-3b6551b0f2848c54f911d6f91ca83d54-8485790751458293321-680847915|True|(0.237600014, 0.015, 0.002)|(0, 0, 0.0610485449, 0.998134851)|(0.4104, 1.0044, 1)
GlobalObjectId_V1-2-3b6551b0f2848c54f911d6f91ca83d54-8485790751458293321-731984814|True|(0.237600014, 0.015, 0.002)|(0, 0, 0.0610485449, 0.998134851)|(0.4104, 1.0044, 1)
GlobalObjectId_V1-2-3b6551b0f2848c54f911d6f91ca83d54-8485790751458293321-754211584|True|(0.237600014, 0.015, 0.002)|(0, 0, 0.0610485449, 0.998134851)|(0.4104, 1.0044, 1)
GlobalObjectId_V1-2-3b6551b0f2848c54f911d6f91ca83d54-8485790751458293321-859783628|True|(0.237600014, 0.015, 0.002)|(0, 0, 0.0610485449, 0.998134851)|(0.4104, 1.0044, 1)
GlobalObjectId_V1-2-3b6551b0f2848c54f911d6f91ca83d54-8485790751458293321-878071367|True|(0.237600014, 0.015, 0.002)|(0, 0, 0.0610485449, 0.998134851)|(0.4104, 1.0044, 1)
GlobalObjectId_V1-2-3b6551b0f2848c54f911d6f91ca83d54-8485790751458293321-956417833|True|(0.237600014, 0.015, 0.002)|(0, 0, 0.0610485449, 0.998134851)|(0.4104, 1.0044, 1)
GlobalObjectId_V1-2-3b6551b0f2848c54f911d6f91ca83d54-8485790751458293321-975687593|True|(0.237600014, 0.015, 0.002)|(0, 0, 0.0610485449, 0.998134851)|(0.4104, 1.0044, 1)
GlobalObjectId_V1-2-3b6551b0f2848c54f911d6f91ca83d54-851271996-0|True|(7.1, 0.1, 0)|(0, 0, 0, 1)|(0.2, 0.2, 20)
GlobalObjectId_V1-2-3b6551b0f2848c54f911d6f91ca83d54-85168178881154108-1191518710|True|(-2.98023217E-10, 0.00250256155, 0)|(-0.161972508, -0.195602387, 0.3629521, 0.8965324)|(1, 1, 0.99999994)
GlobalObjectId_V1-2-3b6551b0f2848c54f911d6f91ca83d54-85168178881154108-1212367565|True|(-2.98023217E-10, 0.00250256155, 0)|(-0.161972508, -0.195602387, 0.3629521, 0.8965324)|(1, 1, 0.99999994)
GlobalObjectId_V1-2-3b6551b0f2848c54f911d6f91ca83d54-85168178881154108-143777058|True|(-2.98023217E-10, 0.00250256155, 0)|(-0.161972508, -0.195602387, 0.3629521, 0.8965324)|(1, 1, 0.99999994)
GlobalObjectId_V1-2-3b6551b0f2848c54f911d6f91ca83d54-85168178881154108-1542002196|True|(-2.98023217E-10, 0.00250256155, 0)|(-0.161972508, -0.195602387, 0.3629521, 0.8965324)|(1, 1, 0.99999994)
GlobalObjectId_V1-2-3b6551b0f2848c54f911d6f91ca83d54-85168178881154108-2024003042|True|(-2.98023217E-10, 0.00250256155, 0)|(-0.161972508, -0.195602387, 0.3629521, 0.8965324)|(1, 1, 0.99999994)
GlobalObjectId_V1-2-3b6551b0f2848c54f911d6f91ca83d54-85168178881154108-306864247|True|(-2.98023217E-10, 0.00250256155, 0)|(-0.161972508, -0.195602387, 0.3629521, 0.8965324)|(1, 1, 0.99999994)
GlobalObjectId_V1-2-3b6551b0f2848c54f911d6f91ca83d54-85168178881154108-309737671|True|(-2.98023217E-10, 0.00250256155, 0)|(-0.161972508, -0.195602387, 0.3629521, 0.8965324)|(1, 1, 0.99999994)
GlobalObjectId_V1-2-3b6551b0f2848c54f911d6f91ca83d54-85168178881154108-312149901|True|(-2.98023217E-10, 0.00250256155, 0)|(-0.161972508, -0.195602387, 0.3629521, 0.8965324)|(1, 1, 0.99999994)
GlobalObjectId_V1-2-3b6551b0f2848c54f911d6f91ca83d54-85168178881154108-857919492|True|(-2.98023217E-10, 0.00250256155, 0)|(-0.161972508, -0.195602387, 0.3629521, 0.8965324)|(1, 1, 0.99999994)
GlobalObjectId_V1-2-3b6551b0f2848c54f911d6f91ca83d54-85168178881154108-986728857|True|(-2.98023217E-10, 0.00250256155, 0)|(-0.161972508, -0.195602387, 0.3629521, 0.8965324)|(1, 1, 0.99999994)
GlobalObjectId_V1-2-3b6551b0f2848c54f911d6f91ca83d54-8517921579765969336-1025319220|True|(-0.36, 0.445, -0.318)|(0, 0, 0.06975647, 0.9975641)|(0.075, 0.022, 0.025)
GlobalObjectId_V1-2-3b6551b0f2848c54f911d6f91ca83d54-8517921579765969336-1076637211|True|(-0.36, 0.445, -0.318)|(0, 0, 0.06975647, 0.9975641)|(0.075, 0.022, 0.025)
GlobalObjectId_V1-2-3b6551b0f2848c54f911d6f91ca83d54-8517921579765969336-1123370063|True|(-0.36, 0.445, -0.318)|(0, 0, 0.06975647, 0.9975641)|(0.075, 0.022, 0.025)
GlobalObjectId_V1-2-3b6551b0f2848c54f911d6f91ca83d54-8517921579765969336-1138517293|True|(-0.36, 0.445, -0.318)|(0, 0, 0.06975647, 0.9975641)|(0.075, 0.022, 0.025)
GlobalObjectId_V1-2-3b6551b0f2848c54f911d6f91ca83d54-8517921579765969336-1145818399|True|(-0.36, 0.445, -0.318)|(0, 0, 0.06975647, 0.9975641)|(0.075, 0.022, 0.025)
GlobalObjectId_V1-2-3b6551b0f2848c54f911d6f91ca83d54-8517921579765969336-1148386096|True|(-0.36, 0.445, -0.318)|(0, 0, 0.06975647, 0.9975641)|(0.075, 0.022, 0.025)
GlobalObjectId_V1-2-3b6551b0f2848c54f911d6f91ca83d54-8517921579765969336-1157908847|True|(-0.36, 0.445, -0.318)|(0, 0, 0.06975647, 0.9975641)|(0.075, 0.022, 0.025)
GlobalObjectId_V1-2-3b6551b0f2848c54f911d6f91ca83d54-8517921579765969336-117525737|True|(-0.36, 0.445, -0.318)|(0, 0, 0.06975647, 0.9975641)|(0.075, 0.022, 0.025)
GlobalObjectId_V1-2-3b6551b0f2848c54f911d6f91ca83d54-8517921579765969336-1211572864|True|(-0.36, 0.445, -0.318)|(0, 0, 0.06975647, 0.9975641)|(0.075, 0.022, 0.025)
GlobalObjectId_V1-2-3b6551b0f2848c54f911d6f91ca83d54-8517921579765969336-1261995047|True|(-0.36, 0.445, -0.318)|(0, 0, 0.06975647, 0.9975641)|(0.075, 0.022, 0.025)
GlobalObjectId_V1-2-3b6551b0f2848c54f911d6f91ca83d54-8517921579765969336-1273560124|True|(-0.36, 0.445, -0.318)|(0, 0, 0.06975647, 0.9975641)|(0.075, 0.022, 0.025)
GlobalObjectId_V1-2-3b6551b0f2848c54f911d6f91ca83d54-8517921579765969336-1341893445|True|(-0.36, 0.445, -0.318)|(0, 0, 0.06975647, 0.9975641)|(0.075, 0.022, 0.025)
GlobalObjectId_V1-2-3b6551b0f2848c54f911d6f91ca83d54-8517921579765969336-1577023816|True|(-0.36, 0.445, -0.318)|(0, 0, 0.06975647, 0.9975641)|(0.075, 0.022, 0.025)
GlobalObjectId_V1-2-3b6551b0f2848c54f911d6f91ca83d54-8517921579765969336-1609908011|True|(-0.36, 0.445, -0.318)|(0, 0, 0.06975647, 0.9975641)|(0.075, 0.022, 0.025)
GlobalObjectId_V1-2-3b6551b0f2848c54f911d6f91ca83d54-8517921579765969336-1654698043|True|(-0.36, 0.445, -0.318)|(0, 0, 0.06975647, 0.9975641)|(0.075, 0.022, 0.025)
GlobalObjectId_V1-2-3b6551b0f2848c54f911d6f91ca83d54-8517921579765969336-1725634851|True|(-0.36, 0.445, -0.318)|(0, 0, 0.06975647, 0.9975641)|(0.075, 0.022, 0.025)
GlobalObjectId_V1-2-3b6551b0f2848c54f911d6f91ca83d54-8517921579765969336-178552251|True|(-0.36, 0.445, -0.318)|(0, 0, 0.06975647, 0.9975641)|(0.075, 0.022, 0.025)
GlobalObjectId_V1-2-3b6551b0f2848c54f911d6f91ca83d54-8517921579765969336-1804972047|True|(-0.36, 0.445, -0.318)|(0, 0, 0.06975647, 0.9975641)|(0.075, 0.022, 0.025)
GlobalObjectId_V1-2-3b6551b0f2848c54f911d6f91ca83d54-8517921579765969336-1819624870|True|(-0.36, 0.445, -0.318)|(0, 0, 0.06975647, 0.9975641)|(0.075, 0.022, 0.025)
GlobalObjectId_V1-2-3b6551b0f2848c54f911d6f91ca83d54-8517921579765969336-1866442031|True|(-0.36, 0.445, -0.318)|(0, 0, 0.06975647, 0.9975641)|(0.075, 0.022, 0.025)
GlobalObjectId_V1-2-3b6551b0f2848c54f911d6f91ca83d54-8517921579765969336-1970165663|True|(-0.36, 0.445, -0.318)|(0, 0, 0.06975647, 0.9975641)|(0.075, 0.022, 0.025)
GlobalObjectId_V1-2-3b6551b0f2848c54f911d6f91ca83d54-8517921579765969336-2024084545|True|(-0.36, 0.445, -0.318)|(0, 0, 0.06975647, 0.9975641)|(0.075, 0.022, 0.025)
GlobalObjectId_V1-2-3b6551b0f2848c54f911d6f91ca83d54-8517921579765969336-2026501014|True|(-0.36, 0.445, -0.318)|(0, 0, 0.06975647, 0.9975641)|(0.075, 0.022, 0.025)
GlobalObjectId_V1-2-3b6551b0f2848c54f911d6f91ca83d54-8517921579765969336-2039403610|True|(-0.36, 0.445, -0.318)|(0, 0, 0.06975647, 0.9975641)|(0.075, 0.022, 0.025)
GlobalObjectId_V1-2-3b6551b0f2848c54f911d6f91ca83d54-8517921579765969336-2040492614|True|(-0.36, 0.445, -0.318)|(0, 0, 0.06975647, 0.9975641)|(0.075, 0.022, 0.025)
GlobalObjectId_V1-2-3b6551b0f2848c54f911d6f91ca83d54-8517921579765969336-2056561579|True|(-0.36, 0.445, -0.318)|(0, 0, 0.06975647, 0.9975641)|(0.075, 0.022, 0.025)
GlobalObjectId_V1-2-3b6551b0f2848c54f911d6f91ca83d54-8517921579765969336-2059838410|True|(-0.36, 0.445, -0.318)|(0, 0, 0.06975647, 0.9975641)|(0.075, 0.022, 0.025)
GlobalObjectId_V1-2-3b6551b0f2848c54f911d6f91ca83d54-8517921579765969336-220756394|True|(-0.36, 0.445, -0.318)|(0, 0, 0.06975647, 0.9975641)|(0.075, 0.022, 0.025)
GlobalObjectId_V1-2-3b6551b0f2848c54f911d6f91ca83d54-8517921579765969336-241495691|True|(-0.36, 0.445, -0.318)|(0, 0, 0.06975647, 0.9975641)|(0.075, 0.022, 0.025)
GlobalObjectId_V1-2-3b6551b0f2848c54f911d6f91ca83d54-8517921579765969336-243786568|True|(-0.36, 0.445, -0.318)|(0, 0, 0.06975647, 0.9975641)|(0.075, 0.022, 0.025)
GlobalObjectId_V1-2-3b6551b0f2848c54f911d6f91ca83d54-8517921579765969336-27082819|True|(-0.36, 0.445, -0.318)|(0, 0, 0.06975647, 0.9975641)|(0.075, 0.022, 0.025)
GlobalObjectId_V1-2-3b6551b0f2848c54f911d6f91ca83d54-8517921579765969336-287385670|True|(-0.36, 0.445, -0.318)|(0, 0, 0.06975647, 0.9975641)|(0.075, 0.022, 0.025)
GlobalObjectId_V1-2-3b6551b0f2848c54f911d6f91ca83d54-8517921579765969336-308217777|True|(-0.36, 0.445, -0.318)|(0, 0, 0.06975647, 0.9975641)|(0.075, 0.022, 0.025)
GlobalObjectId_V1-2-3b6551b0f2848c54f911d6f91ca83d54-8517921579765969336-31273311|True|(-0.36, 0.445, -0.318)|(0, 0, 0.06975647, 0.9975641)|(0.075, 0.022, 0.025)
GlobalObjectId_V1-2-3b6551b0f2848c54f911d6f91ca83d54-8517921579765969336-343957928|True|(-0.36, 0.445, -0.318)|(0, 0, 0.06975647, 0.9975641)|(0.075, 0.022, 0.025)
GlobalObjectId_V1-2-3b6551b0f2848c54f911d6f91ca83d54-8517921579765969336-396161643|True|(-0.36, 0.445, -0.318)|(0, 0, 0.06975647, 0.9975641)|(0.075, 0.022, 0.025)
GlobalObjectId_V1-2-3b6551b0f2848c54f911d6f91ca83d54-8517921579765969336-426443221|True|(-0.36, 0.445, -0.318)|(0, 0, 0.06975647, 0.9975641)|(0.075, 0.022, 0.025)
GlobalObjectId_V1-2-3b6551b0f2848c54f911d6f91ca83d54-8517921579765969336-458006385|True|(-0.36, 0.445, -0.318)|(0, 0, 0.06975647, 0.9975641)|(0.075, 0.022, 0.025)
GlobalObjectId_V1-2-3b6551b0f2848c54f911d6f91ca83d54-8517921579765969336-502189609|True|(-0.36, 0.445, -0.318)|(0, 0, 0.06975647, 0.9975641)|(0.075, 0.022, 0.025)
GlobalObjectId_V1-2-3b6551b0f2848c54f911d6f91ca83d54-8517921579765969336-502266823|True|(-0.36, 0.445, -0.318)|(0, 0, 0.06975647, 0.9975641)|(0.075, 0.022, 0.025)
GlobalObjectId_V1-2-3b6551b0f2848c54f911d6f91ca83d54-8517921579765969336-593650449|True|(-0.36, 0.445, -0.318)|(0, 0, 0.06975647, 0.9975641)|(0.075, 0.022, 0.025)
GlobalObjectId_V1-2-3b6551b0f2848c54f911d6f91ca83d54-8517921579765969336-600046749|True|(-0.36, 0.445, -0.318)|(0, 0, 0.06975647, 0.9975641)|(0.075, 0.022, 0.025)
GlobalObjectId_V1-2-3b6551b0f2848c54f911d6f91ca83d54-8517921579765969336-656679930|True|(-0.36, 0.445, -0.318)|(0, 0, 0.06975647, 0.9975641)|(0.075, 0.022, 0.025)
GlobalObjectId_V1-2-3b6551b0f2848c54f911d6f91ca83d54-8517921579765969336-680847915|True|(-0.36, 0.445, -0.318)|(0, 0, 0.06975647, 0.9975641)|(0.075, 0.022, 0.025)
GlobalObjectId_V1-2-3b6551b0f2848c54f911d6f91ca83d54-8517921579765969336-731984814|True|(-0.36, 0.445, -0.318)|(0, 0, 0.06975647, 0.9975641)|(0.075, 0.022, 0.025)
GlobalObjectId_V1-2-3b6551b0f2848c54f911d6f91ca83d54-8517921579765969336-754211584|True|(-0.36, 0.445, -0.318)|(0, 0, 0.06975647, 0.9975641)|(0.075, 0.022, 0.025)
GlobalObjectId_V1-2-3b6551b0f2848c54f911d6f91ca83d54-8517921579765969336-859783628|True|(-0.36, 0.445, -0.318)|(0, 0, 0.06975647, 0.9975641)|(0.075, 0.022, 0.025)
GlobalObjectId_V1-2-3b6551b0f2848c54f911d6f91ca83d54-8517921579765969336-878071367|True|(-0.36, 0.445, -0.318)|(0, 0, 0.06975647, 0.9975641)|(0.075, 0.022, 0.025)
GlobalObjectId_V1-2-3b6551b0f2848c54f911d6f91ca83d54-8517921579765969336-956417833|True|(-0.36, 0.445, -0.318)|(0, 0, 0.06975647, 0.9975641)|(0.075, 0.022, 0.025)
GlobalObjectId_V1-2-3b6551b0f2848c54f911d6f91ca83d54-8517921579765969336-975687593|True|(-0.36, 0.445, -0.318)|(0, 0, 0.06975647, 0.9975641)|(0.075, 0.022, 0.025)
GlobalObjectId_V1-2-3b6551b0f2848c54f911d6f91ca83d54-858302524-0|True|(0, 0.08, -368.7)|(0, 0, 0, 1)|(1, 1, 1)
GlobalObjectId_V1-2-3b6551b0f2848c54f911d6f91ca83d54-8607261906036366736-1191518710|True|(0, 0.00525000039, 0)|(0, 0, 0, 1)|(1, 1, 1)
GlobalObjectId_V1-2-3b6551b0f2848c54f911d6f91ca83d54-8607261906036366736-1212367565|True|(0, 0.00525000039, 0)|(0, 0, 0, 1)|(1, 1, 1)
GlobalObjectId_V1-2-3b6551b0f2848c54f911d6f91ca83d54-8607261906036366736-143777058|True|(0, 0.00525000039, 0)|(0, 0, 0, 1)|(1, 1, 1)
GlobalObjectId_V1-2-3b6551b0f2848c54f911d6f91ca83d54-8607261906036366736-1542002196|True|(0, 0.00525000039, 0)|(0, 0, 0, 1)|(1, 1, 1)
GlobalObjectId_V1-2-3b6551b0f2848c54f911d6f91ca83d54-8607261906036366736-2024003042|True|(0, 0.00525000039, 0)|(0, 0, 0, 1)|(1, 1, 1)
GlobalObjectId_V1-2-3b6551b0f2848c54f911d6f91ca83d54-8607261906036366736-306864247|True|(0, 0.00525000039, 0)|(0, 0, 0, 1)|(1, 1, 1)
GlobalObjectId_V1-2-3b6551b0f2848c54f911d6f91ca83d54-8607261906036366736-309737671|True|(0, 0.00525000039, 0)|(0, 0, 0, 1)|(1, 1, 1)
GlobalObjectId_V1-2-3b6551b0f2848c54f911d6f91ca83d54-8607261906036366736-312149901|True|(0, 0.00525000039, 0)|(0, 0, 0, 1)|(1, 1, 1)
GlobalObjectId_V1-2-3b6551b0f2848c54f911d6f91ca83d54-8607261906036366736-857919492|True|(0, 0.00525000039, 0)|(0, 0, 0, 1)|(1, 1, 1)
GlobalObjectId_V1-2-3b6551b0f2848c54f911d6f91ca83d54-8607261906036366736-986728857|True|(0, 0.00525000039, 0)|(0, 0, 0, 1)|(1, 1, 1)
GlobalObjectId_V1-2-3b6551b0f2848c54f911d6f91ca83d54-866065667-0|True|(146.300049, 0.08, 443.1)|(0, -0.7071068, 0, 0.7071068)|(1, 1, 1)
GlobalObjectId_V1-2-3b6551b0f2848c54f911d6f91ca83d54-8666935-0|True|(7.1, 0.1, 0)|(0, 0, 0, 1)|(0.2, 0.2, 20)
GlobalObjectId_V1-2-3b6551b0f2848c54f911d6f91ca83d54-867302567-0|True|(7.1, 0.1, 0)|(0, 0, 0, 1)|(0.2, 0.2, 20)
GlobalObjectId_V1-2-3b6551b0f2848c54f911d6f91ca83d54-8708119811609659796-1025319220|True|(0.21, 0.51, -0.342)|(0, 0, 0.0436193869, 0.999048233)|(0.08, 0.02, 0.028)
GlobalObjectId_V1-2-3b6551b0f2848c54f911d6f91ca83d54-8708119811609659796-1076637211|True|(0.21, 0.51, -0.342)|(0, 0, 0.0436193869, 0.999048233)|(0.08, 0.02, 0.028)
GlobalObjectId_V1-2-3b6551b0f2848c54f911d6f91ca83d54-8708119811609659796-1123370063|True|(0.21, 0.51, -0.342)|(0, 0, 0.0436193869, 0.999048233)|(0.08, 0.02, 0.028)
GlobalObjectId_V1-2-3b6551b0f2848c54f911d6f91ca83d54-8708119811609659796-1138517293|True|(0.21, 0.51, -0.342)|(0, 0, 0.0436193869, 0.999048233)|(0.08, 0.02, 0.028)
GlobalObjectId_V1-2-3b6551b0f2848c54f911d6f91ca83d54-8708119811609659796-1145818399|True|(0.21, 0.51, -0.342)|(0, 0, 0.0436193869, 0.999048233)|(0.08, 0.02, 0.028)
GlobalObjectId_V1-2-3b6551b0f2848c54f911d6f91ca83d54-8708119811609659796-1148386096|True|(0.21, 0.51, -0.342)|(0, 0, 0.0436193869, 0.999048233)|(0.08, 0.02, 0.028)
GlobalObjectId_V1-2-3b6551b0f2848c54f911d6f91ca83d54-8708119811609659796-1157908847|True|(0.21, 0.51, -0.342)|(0, 0, 0.0436193869, 0.999048233)|(0.08, 0.02, 0.028)
GlobalObjectId_V1-2-3b6551b0f2848c54f911d6f91ca83d54-8708119811609659796-117525737|True|(0.21, 0.51, -0.342)|(0, 0, 0.0436193869, 0.999048233)|(0.08, 0.02, 0.028)
GlobalObjectId_V1-2-3b6551b0f2848c54f911d6f91ca83d54-8708119811609659796-1211572864|True|(0.21, 0.51, -0.342)|(0, 0, 0.0436193869, 0.999048233)|(0.08, 0.02, 0.028)
GlobalObjectId_V1-2-3b6551b0f2848c54f911d6f91ca83d54-8708119811609659796-1261995047|True|(0.21, 0.51, -0.342)|(0, 0, 0.0436193869, 0.999048233)|(0.08, 0.02, 0.028)
GlobalObjectId_V1-2-3b6551b0f2848c54f911d6f91ca83d54-8708119811609659796-1273560124|True|(0.21, 0.51, -0.342)|(0, 0, 0.0436193869, 0.999048233)|(0.08, 0.02, 0.028)
GlobalObjectId_V1-2-3b6551b0f2848c54f911d6f91ca83d54-8708119811609659796-1341893445|True|(0.21, 0.51, -0.342)|(0, 0, 0.0436193869, 0.999048233)|(0.08, 0.02, 0.028)
GlobalObjectId_V1-2-3b6551b0f2848c54f911d6f91ca83d54-8708119811609659796-1577023816|True|(0.21, 0.51, -0.342)|(0, 0, 0.0436193869, 0.999048233)|(0.08, 0.02, 0.028)
GlobalObjectId_V1-2-3b6551b0f2848c54f911d6f91ca83d54-8708119811609659796-1609908011|True|(0.21, 0.51, -0.342)|(0, 0, 0.0436193869, 0.999048233)|(0.08, 0.02, 0.028)
GlobalObjectId_V1-2-3b6551b0f2848c54f911d6f91ca83d54-8708119811609659796-1654698043|True|(0.21, 0.51, -0.342)|(0, 0, 0.0436193869, 0.999048233)|(0.08, 0.02, 0.028)
GlobalObjectId_V1-2-3b6551b0f2848c54f911d6f91ca83d54-8708119811609659796-1725634851|True|(0.21, 0.51, -0.342)|(0, 0, 0.0436193869, 0.999048233)|(0.08, 0.02, 0.028)
GlobalObjectId_V1-2-3b6551b0f2848c54f911d6f91ca83d54-8708119811609659796-178552251|True|(0.21, 0.51, -0.342)|(0, 0, 0.0436193869, 0.999048233)|(0.08, 0.02, 0.028)
GlobalObjectId_V1-2-3b6551b0f2848c54f911d6f91ca83d54-8708119811609659796-1804972047|True|(0.21, 0.51, -0.342)|(0, 0, 0.0436193869, 0.999048233)|(0.08, 0.02, 0.028)
GlobalObjectId_V1-2-3b6551b0f2848c54f911d6f91ca83d54-8708119811609659796-1819624870|True|(0.21, 0.51, -0.342)|(0, 0, 0.0436193869, 0.999048233)|(0.08, 0.02, 0.028)
GlobalObjectId_V1-2-3b6551b0f2848c54f911d6f91ca83d54-8708119811609659796-1866442031|True|(0.21, 0.51, -0.342)|(0, 0, 0.0436193869, 0.999048233)|(0.08, 0.02, 0.028)
GlobalObjectId_V1-2-3b6551b0f2848c54f911d6f91ca83d54-8708119811609659796-1970165663|True|(0.21, 0.51, -0.342)|(0, 0, 0.0436193869, 0.999048233)|(0.08, 0.02, 0.028)
GlobalObjectId_V1-2-3b6551b0f2848c54f911d6f91ca83d54-8708119811609659796-2024084545|True|(0.21, 0.51, -0.342)|(0, 0, 0.0436193869, 0.999048233)|(0.08, 0.02, 0.028)
GlobalObjectId_V1-2-3b6551b0f2848c54f911d6f91ca83d54-8708119811609659796-2026501014|True|(0.21, 0.51, -0.342)|(0, 0, 0.0436193869, 0.999048233)|(0.08, 0.02, 0.028)
GlobalObjectId_V1-2-3b6551b0f2848c54f911d6f91ca83d54-8708119811609659796-2039403610|True|(0.21, 0.51, -0.342)|(0, 0, 0.0436193869, 0.999048233)|(0.08, 0.02, 0.028)
GlobalObjectId_V1-2-3b6551b0f2848c54f911d6f91ca83d54-8708119811609659796-2040492614|True|(0.21, 0.51, -0.342)|(0, 0, 0.0436193869, 0.999048233)|(0.08, 0.02, 0.028)
GlobalObjectId_V1-2-3b6551b0f2848c54f911d6f91ca83d54-8708119811609659796-2056561579|True|(0.21, 0.51, -0.342)|(0, 0, 0.0436193869, 0.999048233)|(0.08, 0.02, 0.028)
GlobalObjectId_V1-2-3b6551b0f2848c54f911d6f91ca83d54-8708119811609659796-2059838410|True|(0.21, 0.51, -0.342)|(0, 0, 0.0436193869, 0.999048233)|(0.08, 0.02, 0.028)
GlobalObjectId_V1-2-3b6551b0f2848c54f911d6f91ca83d54-8708119811609659796-220756394|True|(0.21, 0.51, -0.342)|(0, 0, 0.0436193869, 0.999048233)|(0.08, 0.02, 0.028)
GlobalObjectId_V1-2-3b6551b0f2848c54f911d6f91ca83d54-8708119811609659796-241495691|True|(0.21, 0.51, -0.342)|(0, 0, 0.0436193869, 0.999048233)|(0.08, 0.02, 0.028)
GlobalObjectId_V1-2-3b6551b0f2848c54f911d6f91ca83d54-8708119811609659796-243786568|True|(0.21, 0.51, -0.342)|(0, 0, 0.0436193869, 0.999048233)|(0.08, 0.02, 0.028)
GlobalObjectId_V1-2-3b6551b0f2848c54f911d6f91ca83d54-8708119811609659796-27082819|True|(0.21, 0.51, -0.342)|(0, 0, 0.0436193869, 0.999048233)|(0.08, 0.02, 0.028)
GlobalObjectId_V1-2-3b6551b0f2848c54f911d6f91ca83d54-8708119811609659796-287385670|True|(0.21, 0.51, -0.342)|(0, 0, 0.0436193869, 0.999048233)|(0.08, 0.02, 0.028)
GlobalObjectId_V1-2-3b6551b0f2848c54f911d6f91ca83d54-8708119811609659796-308217777|True|(0.21, 0.51, -0.342)|(0, 0, 0.0436193869, 0.999048233)|(0.08, 0.02, 0.028)
GlobalObjectId_V1-2-3b6551b0f2848c54f911d6f91ca83d54-8708119811609659796-31273311|True|(0.21, 0.51, -0.342)|(0, 0, 0.0436193869, 0.999048233)|(0.08, 0.02, 0.028)
GlobalObjectId_V1-2-3b6551b0f2848c54f911d6f91ca83d54-8708119811609659796-343957928|True|(0.21, 0.51, -0.342)|(0, 0, 0.0436193869, 0.999048233)|(0.08, 0.02, 0.028)
GlobalObjectId_V1-2-3b6551b0f2848c54f911d6f91ca83d54-8708119811609659796-396161643|True|(0.21, 0.51, -0.342)|(0, 0, 0.0436193869, 0.999048233)|(0.08, 0.02, 0.028)
GlobalObjectId_V1-2-3b6551b0f2848c54f911d6f91ca83d54-8708119811609659796-426443221|True|(0.21, 0.51, -0.342)|(0, 0, 0.0436193869, 0.999048233)|(0.08, 0.02, 0.028)
GlobalObjectId_V1-2-3b6551b0f2848c54f911d6f91ca83d54-8708119811609659796-458006385|True|(0.21, 0.51, -0.342)|(0, 0, 0.0436193869, 0.999048233)|(0.08, 0.02, 0.028)
GlobalObjectId_V1-2-3b6551b0f2848c54f911d6f91ca83d54-8708119811609659796-502189609|True|(0.21, 0.51, -0.342)|(0, 0, 0.0436193869, 0.999048233)|(0.08, 0.02, 0.028)
GlobalObjectId_V1-2-3b6551b0f2848c54f911d6f91ca83d54-8708119811609659796-502266823|True|(0.21, 0.51, -0.342)|(0, 0, 0.0436193869, 0.999048233)|(0.08, 0.02, 0.028)
GlobalObjectId_V1-2-3b6551b0f2848c54f911d6f91ca83d54-8708119811609659796-593650449|True|(0.21, 0.51, -0.342)|(0, 0, 0.0436193869, 0.999048233)|(0.08, 0.02, 0.028)
GlobalObjectId_V1-2-3b6551b0f2848c54f911d6f91ca83d54-8708119811609659796-600046749|True|(0.21, 0.51, -0.342)|(0, 0, 0.0436193869, 0.999048233)|(0.08, 0.02, 0.028)
GlobalObjectId_V1-2-3b6551b0f2848c54f911d6f91ca83d54-8708119811609659796-656679930|True|(0.21, 0.51, -0.342)|(0, 0, 0.0436193869, 0.999048233)|(0.08, 0.02, 0.028)
GlobalObjectId_V1-2-3b6551b0f2848c54f911d6f91ca83d54-8708119811609659796-680847915|True|(0.21, 0.51, -0.342)|(0, 0, 0.0436193869, 0.999048233)|(0.08, 0.02, 0.028)
GlobalObjectId_V1-2-3b6551b0f2848c54f911d6f91ca83d54-8708119811609659796-731984814|True|(0.21, 0.51, -0.342)|(0, 0, 0.0436193869, 0.999048233)|(0.08, 0.02, 0.028)
GlobalObjectId_V1-2-3b6551b0f2848c54f911d6f91ca83d54-8708119811609659796-754211584|True|(0.21, 0.51, -0.342)|(0, 0, 0.0436193869, 0.999048233)|(0.08, 0.02, 0.028)
GlobalObjectId_V1-2-3b6551b0f2848c54f911d6f91ca83d54-8708119811609659796-859783628|True|(0.21, 0.51, -0.342)|(0, 0, 0.0436193869, 0.999048233)|(0.08, 0.02, 0.028)
GlobalObjectId_V1-2-3b6551b0f2848c54f911d6f91ca83d54-8708119811609659796-878071367|True|(0.21, 0.51, -0.342)|(0, 0, 0.0436193869, 0.999048233)|(0.08, 0.02, 0.028)
GlobalObjectId_V1-2-3b6551b0f2848c54f911d6f91ca83d54-8708119811609659796-956417833|True|(0.21, 0.51, -0.342)|(0, 0, 0.0436193869, 0.999048233)|(0.08, 0.02, 0.028)
GlobalObjectId_V1-2-3b6551b0f2848c54f911d6f91ca83d54-8708119811609659796-975687593|True|(0.21, 0.51, -0.342)|(0, 0, 0.0436193869, 0.999048233)|(0.08, 0.02, 0.028)
GlobalObjectId_V1-2-3b6551b0f2848c54f911d6f91ca83d54-871817931700206204-1025319220|True|(2.98023224E-08, 0.15, 0)|(0, 0, 0, 1)|(1, 1, 1)
GlobalObjectId_V1-2-3b6551b0f2848c54f911d6f91ca83d54-871817931700206204-1076637211|True|(2.98023224E-08, 0.15, 0)|(0, 0, 0, 1)|(1, 1, 1)
GlobalObjectId_V1-2-3b6551b0f2848c54f911d6f91ca83d54-871817931700206204-1123370063|True|(2.98023224E-08, 0.15, 0)|(0, 0, 0, 1)|(1, 1, 1)
GlobalObjectId_V1-2-3b6551b0f2848c54f911d6f91ca83d54-871817931700206204-1138517293|True|(2.98023224E-08, 0.15, 0)|(0, 0, 0, 1)|(1, 1, 1)
GlobalObjectId_V1-2-3b6551b0f2848c54f911d6f91ca83d54-871817931700206204-1145818399|True|(2.98023224E-08, 0.15, 0)|(0, 0, 0, 1)|(1, 1, 1)
GlobalObjectId_V1-2-3b6551b0f2848c54f911d6f91ca83d54-871817931700206204-1148386096|True|(2.98023224E-08, 0.15, 0)|(0, 0, 0, 1)|(1, 1, 1)
GlobalObjectId_V1-2-3b6551b0f2848c54f911d6f91ca83d54-871817931700206204-1157908847|True|(2.98023224E-08, 0.15, 0)|(0, 0, 0, 1)|(1, 1, 1)
GlobalObjectId_V1-2-3b6551b0f2848c54f911d6f91ca83d54-871817931700206204-117525737|True|(2.98023224E-08, 0.15, 0)|(0, 0, 0, 1)|(1, 1, 1)
GlobalObjectId_V1-2-3b6551b0f2848c54f911d6f91ca83d54-871817931700206204-1211572864|True|(2.98023224E-08, 0.15, 0)|(0, 0, 0, 1)|(1, 1, 1)
GlobalObjectId_V1-2-3b6551b0f2848c54f911d6f91ca83d54-871817931700206204-1261995047|True|(2.98023224E-08, 0.15, 0)|(0, 0, 0, 1)|(1, 1, 1)
GlobalObjectId_V1-2-3b6551b0f2848c54f911d6f91ca83d54-871817931700206204-1273560124|True|(2.98023224E-08, 0.15, 0)|(0, 0, 0, 1)|(1, 1, 1)
GlobalObjectId_V1-2-3b6551b0f2848c54f911d6f91ca83d54-871817931700206204-1341893445|True|(2.98023224E-08, 0.15, 0)|(0, 0, 0, 1)|(1, 1, 1)
GlobalObjectId_V1-2-3b6551b0f2848c54f911d6f91ca83d54-871817931700206204-1577023816|True|(2.98023224E-08, 0.15, 0)|(0, 0, 0, 1)|(1, 1, 1)
GlobalObjectId_V1-2-3b6551b0f2848c54f911d6f91ca83d54-871817931700206204-1609908011|True|(2.98023224E-08, 0.15, 0)|(0, 0, 0, 1)|(1, 1, 1)
GlobalObjectId_V1-2-3b6551b0f2848c54f911d6f91ca83d54-871817931700206204-1654698043|True|(2.98023224E-08, 0.15, 0)|(0, 0, 0, 1)|(1, 1, 1)
GlobalObjectId_V1-2-3b6551b0f2848c54f911d6f91ca83d54-871817931700206204-1725634851|True|(2.98023224E-08, 0.15, 0)|(0, 0, 0, 1)|(1, 1, 1)
GlobalObjectId_V1-2-3b6551b0f2848c54f911d6f91ca83d54-871817931700206204-178552251|True|(2.98023224E-08, 0.15, 0)|(0, 0, 0, 1)|(1, 1, 1)
GlobalObjectId_V1-2-3b6551b0f2848c54f911d6f91ca83d54-871817931700206204-1804972047|True|(2.98023224E-08, 0.15, 0)|(0, 0, 0, 1)|(1, 1, 1)
GlobalObjectId_V1-2-3b6551b0f2848c54f911d6f91ca83d54-871817931700206204-1819624870|True|(2.98023224E-08, 0.15, 0)|(0, 0, 0, 1)|(1, 1, 1)
GlobalObjectId_V1-2-3b6551b0f2848c54f911d6f91ca83d54-871817931700206204-1866442031|True|(2.98023224E-08, 0.15, 0)|(0, 0, 0, 1)|(1, 1, 1)
GlobalObjectId_V1-2-3b6551b0f2848c54f911d6f91ca83d54-871817931700206204-1970165663|True|(2.98023224E-08, 0.15, 0)|(0, 0, 0, 1)|(1, 1, 1)
GlobalObjectId_V1-2-3b6551b0f2848c54f911d6f91ca83d54-871817931700206204-2024084545|True|(2.98023224E-08, 0.15, 0)|(0, 0, 0, 1)|(1, 1, 1)
GlobalObjectId_V1-2-3b6551b0f2848c54f911d6f91ca83d54-871817931700206204-2026501014|True|(2.98023224E-08, 0.15, 0)|(0, 0, 0, 1)|(1, 1, 1)
GlobalObjectId_V1-2-3b6551b0f2848c54f911d6f91ca83d54-871817931700206204-2039403610|True|(2.98023224E-08, 0.15, 0)|(0, 0, 0, 1)|(1, 1, 1)
GlobalObjectId_V1-2-3b6551b0f2848c54f911d6f91ca83d54-871817931700206204-2040492614|True|(2.98023224E-08, 0.15, 0)|(0, 0, 0, 1)|(1, 1, 1)
GlobalObjectId_V1-2-3b6551b0f2848c54f911d6f91ca83d54-871817931700206204-2056561579|True|(2.98023224E-08, 0.15, 0)|(0, 0, 0, 1)|(1, 1, 1)
GlobalObjectId_V1-2-3b6551b0f2848c54f911d6f91ca83d54-871817931700206204-2059838410|True|(2.98023224E-08, 0.15, 0)|(0, 0, 0, 1)|(1, 1, 1)
GlobalObjectId_V1-2-3b6551b0f2848c54f911d6f91ca83d54-871817931700206204-220756394|True|(2.98023224E-08, 0.15, 0)|(0, 0, 0, 1)|(1, 1, 1)
GlobalObjectId_V1-2-3b6551b0f2848c54f911d6f91ca83d54-871817931700206204-241495691|True|(2.98023224E-08, 0.15, 0)|(0, 0, 0, 1)|(1, 1, 1)
GlobalObjectId_V1-2-3b6551b0f2848c54f911d6f91ca83d54-871817931700206204-243786568|True|(2.98023224E-08, 0.15, 0)|(0, 0, 0, 1)|(1, 1, 1)
GlobalObjectId_V1-2-3b6551b0f2848c54f911d6f91ca83d54-871817931700206204-27082819|True|(2.98023224E-08, 0.15, 0)|(0, 0, 0, 1)|(1, 1, 1)
GlobalObjectId_V1-2-3b6551b0f2848c54f911d6f91ca83d54-871817931700206204-287385670|True|(2.98023224E-08, 0.15, 0)|(0, 0, 0, 1)|(1, 1, 1)
GlobalObjectId_V1-2-3b6551b0f2848c54f911d6f91ca83d54-871817931700206204-308217777|True|(2.98023224E-08, 0.15, 0)|(0, 0, 0, 1)|(1, 1, 1)
GlobalObjectId_V1-2-3b6551b0f2848c54f911d6f91ca83d54-871817931700206204-31273311|True|(2.98023224E-08, 0.15, 0)|(0, 0, 0, 1)|(1, 1, 1)
GlobalObjectId_V1-2-3b6551b0f2848c54f911d6f91ca83d54-871817931700206204-343957928|True|(2.98023224E-08, 0.15, 0)|(0, 0, 0, 1)|(1, 1, 1)
GlobalObjectId_V1-2-3b6551b0f2848c54f911d6f91ca83d54-871817931700206204-396161643|True|(2.98023224E-08, 0.15, 0)|(0, 0, 0, 1)|(1, 1, 1)
GlobalObjectId_V1-2-3b6551b0f2848c54f911d6f91ca83d54-871817931700206204-426443221|True|(2.98023224E-08, 0.15, 0)|(0, 0, 0, 1)|(1, 1, 1)
GlobalObjectId_V1-2-3b6551b0f2848c54f911d6f91ca83d54-871817931700206204-458006385|True|(2.98023224E-08, 0.15, 0)|(0, 0, 0, 1)|(1, 1, 1)
GlobalObjectId_V1-2-3b6551b0f2848c54f911d6f91ca83d54-871817931700206204-502189609|True|(2.98023224E-08, 0.15, 0)|(0, 0, 0, 1)|(1, 1, 1)
GlobalObjectId_V1-2-3b6551b0f2848c54f911d6f91ca83d54-871817931700206204-502266823|True|(2.98023224E-08, 0.15, 0)|(0, 0, 0, 1)|(1, 1, 1)
GlobalObjectId_V1-2-3b6551b0f2848c54f911d6f91ca83d54-871817931700206204-593650449|True|(2.98023224E-08, 0.15, 0)|(0, 0, 0, 1)|(1, 1, 1)
GlobalObjectId_V1-2-3b6551b0f2848c54f911d6f91ca83d54-871817931700206204-600046749|True|(2.98023224E-08, 0.15, 0)|(0, 0, 0, 1)|(1, 1, 1)
GlobalObjectId_V1-2-3b6551b0f2848c54f911d6f91ca83d54-871817931700206204-656679930|True|(2.98023224E-08, 0.15, 0)|(0, 0, 0, 1)|(1, 1, 1)
GlobalObjectId_V1-2-3b6551b0f2848c54f911d6f91ca83d54-871817931700206204-680847915|True|(2.98023224E-08, 0.15, 0)|(0, 0, 0, 1)|(1, 1, 1)
GlobalObjectId_V1-2-3b6551b0f2848c54f911d6f91ca83d54-871817931700206204-731984814|True|(2.98023224E-08, 0.15, 0)|(0, 0, 0, 1)|(1, 1, 1)
GlobalObjectId_V1-2-3b6551b0f2848c54f911d6f91ca83d54-871817931700206204-754211584|True|(2.98023224E-08, 0.15, 0)|(0, 0, 0, 1)|(1, 1, 1)
GlobalObjectId_V1-2-3b6551b0f2848c54f911d6f91ca83d54-871817931700206204-859783628|True|(2.98023224E-08, 0.15, 0)|(0, 0, 0, 1)|(1, 1, 1)
GlobalObjectId_V1-2-3b6551b0f2848c54f911d6f91ca83d54-871817931700206204-878071367|True|(2.98023224E-08, 0.15, 0)|(0, 0, 0, 1)|(1, 1, 1)
GlobalObjectId_V1-2-3b6551b0f2848c54f911d6f91ca83d54-871817931700206204-956417833|True|(2.98023224E-08, 0.15, 0)|(0, 0, 0, 1)|(1, 1, 1)
GlobalObjectId_V1-2-3b6551b0f2848c54f911d6f91ca83d54-871817931700206204-975687593|True|(2.98023224E-08, 0.15, 0)|(0, 0, 0, 1)|(1, 1, 1)
GlobalObjectId_V1-2-3b6551b0f2848c54f911d6f91ca83d54-8725614055733626007-1025319220|False|(0, 0.0033, 0)|(0.7071069, 1.152023E-07, 1.15202319E-07, 0.7071067)|(0.0357142761, 0.0357142836, 0.0208347216)
GlobalObjectId_V1-2-3b6551b0f2848c54f911d6f91ca83d54-8725614055733626007-1076637211|False|(0, 0.0033, 0)|(0.7071069, 1.152023E-07, 1.15202319E-07, 0.7071067)|(0.0357142761, 0.0357142836, 0.0208347216)
GlobalObjectId_V1-2-3b6551b0f2848c54f911d6f91ca83d54-8725614055733626007-1123370063|False|(0, 0.0033, 0)|(0.7071069, 1.152023E-07, 1.15202319E-07, 0.7071067)|(0.0357142761, 0.0357142836, 0.0208347216)
GlobalObjectId_V1-2-3b6551b0f2848c54f911d6f91ca83d54-8725614055733626007-1138517293|False|(0, 0.0033, 0)|(0.7071069, 1.152023E-07, 1.15202319E-07, 0.7071067)|(0.0357142761, 0.0357142836, 0.0208347216)
GlobalObjectId_V1-2-3b6551b0f2848c54f911d6f91ca83d54-8725614055733626007-1145818399|False|(0, 0.0033, 0)|(0.7071069, 1.152023E-07, 1.15202319E-07, 0.7071067)|(0.0357142761, 0.0357142836, 0.0208347216)
GlobalObjectId_V1-2-3b6551b0f2848c54f911d6f91ca83d54-8725614055733626007-1148386096|False|(0, 0.0033, 0)|(0.7071069, 1.152023E-07, 1.15202319E-07, 0.7071067)|(0.0357142761, 0.0357142836, 0.0208347216)
GlobalObjectId_V1-2-3b6551b0f2848c54f911d6f91ca83d54-8725614055733626007-1157908847|False|(0, 0.0033, 0)|(0.7071069, 1.152023E-07, 1.15202319E-07, 0.7071067)|(0.0357142761, 0.0357142836, 0.0208347216)
GlobalObjectId_V1-2-3b6551b0f2848c54f911d6f91ca83d54-8725614055733626007-117525737|False|(0, 0.0033, 0)|(0.7071069, 1.152023E-07, 1.15202319E-07, 0.7071067)|(0.0357142761, 0.0357142836, 0.0208347216)
GlobalObjectId_V1-2-3b6551b0f2848c54f911d6f91ca83d54-8725614055733626007-1211572864|False|(0, 0.0033, 0)|(0.7071069, 1.152023E-07, 1.15202319E-07, 0.7071067)|(0.0357142761, 0.0357142836, 0.0208347216)
GlobalObjectId_V1-2-3b6551b0f2848c54f911d6f91ca83d54-8725614055733626007-1261995047|False|(0, 0.0033, 0)|(0.7071069, 1.152023E-07, 1.15202319E-07, 0.7071067)|(0.0357142761, 0.0357142836, 0.0208347216)
GlobalObjectId_V1-2-3b6551b0f2848c54f911d6f91ca83d54-8725614055733626007-1273560124|False|(0, 0.0033, 0)|(0.7071069, 1.152023E-07, 1.15202319E-07, 0.7071067)|(0.0357142761, 0.0357142836, 0.0208347216)
GlobalObjectId_V1-2-3b6551b0f2848c54f911d6f91ca83d54-8725614055733626007-1341893445|False|(0, 0.0033, 0)|(0.7071069, 1.152023E-07, 1.15202319E-07, 0.7071067)|(0.0357142761, 0.0357142836, 0.0208347216)
GlobalObjectId_V1-2-3b6551b0f2848c54f911d6f91ca83d54-8725614055733626007-1577023816|False|(0, 0.0033, 0)|(0.7071069, 1.152023E-07, 1.15202319E-07, 0.7071067)|(0.0357142761, 0.0357142836, 0.0208347216)
GlobalObjectId_V1-2-3b6551b0f2848c54f911d6f91ca83d54-8725614055733626007-1609908011|False|(0, 0.0033, 0)|(0.7071069, 1.152023E-07, 1.15202319E-07, 0.7071067)|(0.0357142761, 0.0357142836, 0.0208347216)
GlobalObjectId_V1-2-3b6551b0f2848c54f911d6f91ca83d54-8725614055733626007-1654698043|False|(0, 0.0033, 0)|(0.7071069, 1.152023E-07, 1.15202319E-07, 0.7071067)|(0.0357142761, 0.0357142836, 0.0208347216)
GlobalObjectId_V1-2-3b6551b0f2848c54f911d6f91ca83d54-8725614055733626007-1725634851|False|(0, 0.0033, 0)|(0.7071069, 1.152023E-07, 1.15202319E-07, 0.7071067)|(0.0357142761, 0.0357142836, 0.0208347216)
GlobalObjectId_V1-2-3b6551b0f2848c54f911d6f91ca83d54-8725614055733626007-178552251|False|(0, 0.0033, 0)|(0.7071069, 1.152023E-07, 1.15202319E-07, 0.7071067)|(0.0357142761, 0.0357142836, 0.0208347216)
GlobalObjectId_V1-2-3b6551b0f2848c54f911d6f91ca83d54-8725614055733626007-1804972047|False|(0, 0.0033, 0)|(0.7071069, 1.152023E-07, 1.15202319E-07, 0.7071067)|(0.0357142761, 0.0357142836, 0.0208347216)
GlobalObjectId_V1-2-3b6551b0f2848c54f911d6f91ca83d54-8725614055733626007-1819624870|False|(0, 0.0033, 0)|(0.7071069, 1.152023E-07, 1.15202319E-07, 0.7071067)|(0.0357142761, 0.0357142836, 0.0208347216)
GlobalObjectId_V1-2-3b6551b0f2848c54f911d6f91ca83d54-8725614055733626007-1866442031|False|(0, 0.0033, 0)|(0.7071069, 1.152023E-07, 1.15202319E-07, 0.7071067)|(0.0357142761, 0.0357142836, 0.0208347216)
GlobalObjectId_V1-2-3b6551b0f2848c54f911d6f91ca83d54-8725614055733626007-1970165663|False|(0, 0.0033, 0)|(0.7071069, 1.152023E-07, 1.15202319E-07, 0.7071067)|(0.0357142761, 0.0357142836, 0.0208347216)
GlobalObjectId_V1-2-3b6551b0f2848c54f911d6f91ca83d54-8725614055733626007-2024084545|False|(0, 0.0033, 0)|(0.7071069, 1.152023E-07, 1.15202319E-07, 0.7071067)|(0.0357142761, 0.0357142836, 0.0208347216)
GlobalObjectId_V1-2-3b6551b0f2848c54f911d6f91ca83d54-8725614055733626007-2026501014|False|(0, 0.0033, 0)|(0.7071069, 1.152023E-07, 1.15202319E-07, 0.7071067)|(0.0357142761, 0.0357142836, 0.0208347216)
GlobalObjectId_V1-2-3b6551b0f2848c54f911d6f91ca83d54-8725614055733626007-2039403610|False|(0, 0.0033, 0)|(0.7071069, 1.152023E-07, 1.15202319E-07, 0.7071067)|(0.0357142761, 0.0357142836, 0.0208347216)
GlobalObjectId_V1-2-3b6551b0f2848c54f911d6f91ca83d54-8725614055733626007-2040492614|False|(0, 0.0033, 0)|(0.7071069, 1.152023E-07, 1.15202319E-07, 0.7071067)|(0.0357142761, 0.0357142836, 0.0208347216)
GlobalObjectId_V1-2-3b6551b0f2848c54f911d6f91ca83d54-8725614055733626007-2056561579|False|(0, 0.0033, 0)|(0.7071069, 1.152023E-07, 1.15202319E-07, 0.7071067)|(0.0357142761, 0.0357142836, 0.0208347216)
GlobalObjectId_V1-2-3b6551b0f2848c54f911d6f91ca83d54-8725614055733626007-2059838410|False|(0, 0.0033, 0)|(0.7071069, 1.152023E-07, 1.15202319E-07, 0.7071067)|(0.0357142761, 0.0357142836, 0.0208347216)
GlobalObjectId_V1-2-3b6551b0f2848c54f911d6f91ca83d54-8725614055733626007-220756394|False|(0, 0.0033, 0)|(0.7071069, 1.152023E-07, 1.15202319E-07, 0.7071067)|(0.0357142761, 0.0357142836, 0.0208347216)
GlobalObjectId_V1-2-3b6551b0f2848c54f911d6f91ca83d54-8725614055733626007-241495691|False|(0, 0.0033, 0)|(0.7071069, 1.152023E-07, 1.15202319E-07, 0.7071067)|(0.0357142761, 0.0357142836, 0.0208347216)
GlobalObjectId_V1-2-3b6551b0f2848c54f911d6f91ca83d54-8725614055733626007-243786568|False|(0, 0.0033, 0)|(0.7071069, 1.152023E-07, 1.15202319E-07, 0.7071067)|(0.0357142761, 0.0357142836, 0.0208347216)
GlobalObjectId_V1-2-3b6551b0f2848c54f911d6f91ca83d54-8725614055733626007-27082819|False|(0, 0.0033, 0)|(0.7071069, 1.152023E-07, 1.15202319E-07, 0.7071067)|(0.0357142761, 0.0357142836, 0.0208347216)
GlobalObjectId_V1-2-3b6551b0f2848c54f911d6f91ca83d54-8725614055733626007-287385670|False|(0, 0.0033, 0)|(0.7071069, 1.152023E-07, 1.15202319E-07, 0.7071067)|(0.0357142761, 0.0357142836, 0.0208347216)
GlobalObjectId_V1-2-3b6551b0f2848c54f911d6f91ca83d54-8725614055733626007-308217777|False|(0, 0.0033, 0)|(0.7071069, 1.152023E-07, 1.15202319E-07, 0.7071067)|(0.0357142761, 0.0357142836, 0.0208347216)
GlobalObjectId_V1-2-3b6551b0f2848c54f911d6f91ca83d54-8725614055733626007-31273311|False|(0, 0.0033, 0)|(0.7071069, 1.152023E-07, 1.15202319E-07, 0.7071067)|(0.0357142761, 0.0357142836, 0.0208347216)
GlobalObjectId_V1-2-3b6551b0f2848c54f911d6f91ca83d54-8725614055733626007-343957928|False|(0, 0.0033, 0)|(0.7071069, 1.152023E-07, 1.15202319E-07, 0.7071067)|(0.0357142761, 0.0357142836, 0.0208347216)
GlobalObjectId_V1-2-3b6551b0f2848c54f911d6f91ca83d54-8725614055733626007-396161643|False|(0, 0.0033, 0)|(0.7071069, 1.152023E-07, 1.15202319E-07, 0.7071067)|(0.0357142761, 0.0357142836, 0.0208347216)
GlobalObjectId_V1-2-3b6551b0f2848c54f911d6f91ca83d54-8725614055733626007-426443221|False|(0, 0.0033, 0)|(0.7071069, 1.152023E-07, 1.15202319E-07, 0.7071067)|(0.0357142761, 0.0357142836, 0.0208347216)
GlobalObjectId_V1-2-3b6551b0f2848c54f911d6f91ca83d54-8725614055733626007-458006385|False|(0, 0.0033, 0)|(0.7071069, 1.152023E-07, 1.15202319E-07, 0.7071067)|(0.0357142761, 0.0357142836, 0.0208347216)
GlobalObjectId_V1-2-3b6551b0f2848c54f911d6f91ca83d54-8725614055733626007-502189609|False|(0, 0.0033, 0)|(0.7071069, 1.152023E-07, 1.15202319E-07, 0.7071067)|(0.0357142761, 0.0357142836, 0.0208347216)
GlobalObjectId_V1-2-3b6551b0f2848c54f911d6f91ca83d54-8725614055733626007-502266823|False|(0, 0.0033, 0)|(0.7071069, 1.152023E-07, 1.15202319E-07, 0.7071067)|(0.0357142761, 0.0357142836, 0.0208347216)
GlobalObjectId_V1-2-3b6551b0f2848c54f911d6f91ca83d54-8725614055733626007-593650449|False|(0, 0.0033, 0)|(0.7071069, 1.152023E-07, 1.15202319E-07, 0.7071067)|(0.0357142761, 0.0357142836, 0.0208347216)
GlobalObjectId_V1-2-3b6551b0f2848c54f911d6f91ca83d54-8725614055733626007-600046749|False|(0, 0.0033, 0)|(0.7071069, 1.152023E-07, 1.15202319E-07, 0.7071067)|(0.0357142761, 0.0357142836, 0.0208347216)
GlobalObjectId_V1-2-3b6551b0f2848c54f911d6f91ca83d54-8725614055733626007-656679930|False|(0, 0.0033, 0)|(0.7071069, 1.152023E-07, 1.15202319E-07, 0.7071067)|(0.0357142761, 0.0357142836, 0.0208347216)
GlobalObjectId_V1-2-3b6551b0f2848c54f911d6f91ca83d54-8725614055733626007-680847915|False|(0, 0.0033, 0)|(0.7071069, 1.152023E-07, 1.15202319E-07, 0.7071067)|(0.0357142761, 0.0357142836, 0.0208347216)
GlobalObjectId_V1-2-3b6551b0f2848c54f911d6f91ca83d54-8725614055733626007-731984814|False|(0, 0.0033, 0)|(0.7071069, 1.152023E-07, 1.15202319E-07, 0.7071067)|(0.0357142761, 0.0357142836, 0.0208347216)
GlobalObjectId_V1-2-3b6551b0f2848c54f911d6f91ca83d54-8725614055733626007-754211584|False|(0, 0.0033, 0)|(0.7071069, 1.152023E-07, 1.15202319E-07, 0.7071067)|(0.0357142761, 0.0357142836, 0.0208347216)
GlobalObjectId_V1-2-3b6551b0f2848c54f911d6f91ca83d54-8725614055733626007-859783628|False|(0, 0.0033, 0)|(0.7071069, 1.152023E-07, 1.15202319E-07, 0.7071067)|(0.0357142761, 0.0357142836, 0.0208347216)
GlobalObjectId_V1-2-3b6551b0f2848c54f911d6f91ca83d54-8725614055733626007-878071367|False|(0, 0.0033, 0)|(0.7071069, 1.152023E-07, 1.15202319E-07, 0.7071067)|(0.0357142761, 0.0357142836, 0.0208347216)
GlobalObjectId_V1-2-3b6551b0f2848c54f911d6f91ca83d54-8725614055733626007-956417833|False|(0, 0.0033, 0)|(0.7071069, 1.152023E-07, 1.15202319E-07, 0.7071067)|(0.0357142761, 0.0357142836, 0.0208347216)
GlobalObjectId_V1-2-3b6551b0f2848c54f911d6f91ca83d54-8725614055733626007-975687593|False|(0, 0.0033, 0)|(0.7071069, 1.152023E-07, 1.15202319E-07, 0.7071067)|(0.0357142761, 0.0357142836, 0.0208347216)
GlobalObjectId_V1-2-3b6551b0f2848c54f911d6f91ca83d54-8776943244489465148-1229718731|True|(0, 0, 0)|(0, 0, 0, 1)|(1, 1, 1)
GlobalObjectId_V1-2-3b6551b0f2848c54f911d6f91ca83d54-8776943244489465148-1268510627|True|(0, 0, 0)|(0, 0, 0, 1)|(1, 1, 1)
GlobalObjectId_V1-2-3b6551b0f2848c54f911d6f91ca83d54-8776943244489465148-1298481983|True|(0, 0, 0)|(0, 0, 0, 1)|(1, 1, 1)
GlobalObjectId_V1-2-3b6551b0f2848c54f911d6f91ca83d54-8776943244489465148-1473460188|True|(0, 0, 0)|(0, 0, 0, 1)|(1, 1, 1)
GlobalObjectId_V1-2-3b6551b0f2848c54f911d6f91ca83d54-8776943244489465148-1740273041|True|(0, 0, 0)|(0, 0, 0, 1)|(1, 1, 1)
GlobalObjectId_V1-2-3b6551b0f2848c54f911d6f91ca83d54-8776943244489465148-352986360|True|(0, 0, 0)|(0, 0, 0, 1)|(1, 1, 1)
GlobalObjectId_V1-2-3b6551b0f2848c54f911d6f91ca83d54-8776943244489465148-375106697|True|(0, 0, 0)|(0, 0, 0, 1)|(1, 1, 1)
GlobalObjectId_V1-2-3b6551b0f2848c54f911d6f91ca83d54-8776943244489465148-466313733|True|(0, 0, 0)|(0, 0, 0, 1)|(1, 1, 1)
GlobalObjectId_V1-2-3b6551b0f2848c54f911d6f91ca83d54-8776943244489465148-769108169|True|(0, 0, 0)|(0, 0, 0, 1)|(1, 1, 1)
GlobalObjectId_V1-2-3b6551b0f2848c54f911d6f91ca83d54-8776943244489465148-814571549|True|(0, 0, 0)|(0, 0, 0, 1)|(1, 1, 1)
GlobalObjectId_V1-2-3b6551b0f2848c54f911d6f91ca83d54-8800900044417568017-1167286018|True|(0, 0, 0)|(0, 0, 0, 1)|(1, 1, 1)
GlobalObjectId_V1-2-3b6551b0f2848c54f911d6f91ca83d54-8800900044417568017-1180928524|True|(0, 0, 0)|(0, 0, 0, 1)|(1, 1, 1)
GlobalObjectId_V1-2-3b6551b0f2848c54f911d6f91ca83d54-8800900044417568017-122956854|True|(0, 0, 0)|(0, 0, 0, 1)|(1, 1, 1)
GlobalObjectId_V1-2-3b6551b0f2848c54f911d6f91ca83d54-8800900044417568017-1245624228|True|(0, 0, 0)|(0, 0, 0, 1)|(1, 1, 1)
GlobalObjectId_V1-2-3b6551b0f2848c54f911d6f91ca83d54-8800900044417568017-1404068710|True|(0, 0, 0)|(0, 0, 0, 1)|(1, 1, 1)
GlobalObjectId_V1-2-3b6551b0f2848c54f911d6f91ca83d54-8800900044417568017-1418330522|True|(0, 0, 0)|(0, 0, 0, 1)|(1, 1, 1)
GlobalObjectId_V1-2-3b6551b0f2848c54f911d6f91ca83d54-8800900044417568017-1452177011|True|(0, 0, 0)|(0, 0, 0, 1)|(1, 1, 1)
GlobalObjectId_V1-2-3b6551b0f2848c54f911d6f91ca83d54-8800900044417568017-1620194150|True|(0, 0, 0)|(0, 0, 0, 1)|(1, 1, 1)
GlobalObjectId_V1-2-3b6551b0f2848c54f911d6f91ca83d54-8800900044417568017-1693543895|True|(0, 0, 0)|(0, 0, 0, 1)|(1, 1, 1)
GlobalObjectId_V1-2-3b6551b0f2848c54f911d6f91ca83d54-8800900044417568017-1793401989|True|(0, 0, 0)|(0, 0, 0, 1)|(1, 1, 1)
GlobalObjectId_V1-2-3b6551b0f2848c54f911d6f91ca83d54-8800900044417568017-2098923909|True|(0, 0, 0)|(0, 0, 0, 1)|(1, 1, 1)
GlobalObjectId_V1-2-3b6551b0f2848c54f911d6f91ca83d54-8800900044417568017-299381512|True|(0, 0, 0)|(0, 0, 0, 1)|(1, 1, 1)
GlobalObjectId_V1-2-3b6551b0f2848c54f911d6f91ca83d54-8800900044417568017-730290851|True|(0, 0, 0)|(0, 0, 0, 1)|(1, 1, 1)
GlobalObjectId_V1-2-3b6551b0f2848c54f911d6f91ca83d54-8800900044417568017-828652953|True|(0, 0, 0)|(0, 0, 0, 1)|(1, 1, 1)
GlobalObjectId_V1-2-3b6551b0f2848c54f911d6f91ca83d54-8800900044417568017-884722836|True|(0, 0, 0)|(0, 0, 0, 1)|(1, 1, 1)
GlobalObjectId_V1-2-3b6551b0f2848c54f911d6f91ca83d54-881582756-0|True|(240, 0.08, 64.0999756)|(0, 0, 0, 1)|(1, 1, 1)
GlobalObjectId_V1-2-3b6551b0f2848c54f911d6f91ca83d54-8834396900948822595-1049486283|True|(0, 0.85, 0)|(0, 1, 0, 0)|(1, 1, 1)
GlobalObjectId_V1-2-3b6551b0f2848c54f911d6f91ca83d54-8834396900948822595-126319019|True|(0, 0.85, 0)|(0, 1, 0, 0)|(1, 1, 1)
GlobalObjectId_V1-2-3b6551b0f2848c54f911d6f91ca83d54-8834396900948822595-1481706251|True|(0, 0.85, 0)|(0, 1, 0, 0)|(1, 1, 1)
GlobalObjectId_V1-2-3b6551b0f2848c54f911d6f91ca83d54-8834396900948822595-1592385703|True|(0, 0.85, 0)|(0, 1, 0, 0)|(1, 1, 1)
GlobalObjectId_V1-2-3b6551b0f2848c54f911d6f91ca83d54-8834396900948822595-1661574985|True|(0, 0.85, 0)|(0, 1, 0, 0)|(1, 1, 1)
GlobalObjectId_V1-2-3b6551b0f2848c54f911d6f91ca83d54-8834396900948822595-1902647294|True|(0, 0.85, 0)|(0, 1, 0, 0)|(1, 1, 1)
GlobalObjectId_V1-2-3b6551b0f2848c54f911d6f91ca83d54-8834396900948822595-239339974|True|(0, 0.85, 0)|(0, 1, 0, 0)|(1, 1, 1)
GlobalObjectId_V1-2-3b6551b0f2848c54f911d6f91ca83d54-8834396900948822595-350417267|True|(0, 0.85, 0)|(0, 1, 0, 0)|(1, 1, 1)
GlobalObjectId_V1-2-3b6551b0f2848c54f911d6f91ca83d54-8834396900948822595-575299033|True|(0, 0.85, 0)|(0, 1, 0, 0)|(1, 1, 1)
GlobalObjectId_V1-2-3b6551b0f2848c54f911d6f91ca83d54-8834396900948822595-834271436|True|(0, 0.85, 0)|(0, 1, 0, 0)|(1, 1, 1)
GlobalObjectId_V1-2-3b6551b0f2848c54f911d6f91ca83d54-888007185-0|True|(-7.1, 0.1, 0)|(0, 0, 0, 1)|(0.2, 0.2, 20)
GlobalObjectId_V1-2-3b6551b0f2848c54f911d6f91ca83d54-8889546816497944964-100269653|True|(-104.5, 0, 650.9)|(0, 0, 0, 1)|(1, 1, 1)
GlobalObjectId_V1-2-3b6551b0f2848c54f911d6f91ca83d54-8889546816497944964-1079601489|True|(92.0999756, 0, 435.5)|(0, -0.7071068, 0, 0.7071068)|(1, 1, 1)
GlobalObjectId_V1-2-3b6551b0f2848c54f911d6f91ca83d54-8889546816497944964-1103207620|True|(155.099976, 0, 4.5)|(0, 0.7071068, 0, 0.7071068)|(1, 1, 1)
GlobalObjectId_V1-2-3b6551b0f2848c54f911d6f91ca83d54-8889546816497944964-1669086103|True|(-4.5, 0, -247.9)|(0, 0, 0, 1)|(1, 1, 1)
GlobalObjectId_V1-2-3b6551b0f2848c54f911d6f91ca83d54-8889546816497944964-226928331|False|(235.5, 0, 318.099976)|(0, 0, 0, 1)|(1, 1, 1)
GlobalObjectId_V1-2-3b6551b0f2848c54f911d6f91ca83d54-8889546816497944964-258455658|True|(173.8999, 0, 784.5)|(0, 0.7071068, 0, 0.7071068)|(1, 1, 1)
GlobalObjectId_V1-2-3b6551b0f2848c54f911d6f91ca83d54-8889546816497944964-697005088|True|(-25.9000244, 0, 784.5)|(0, 0.7071068, 0, 0.7071068)|(1, 1, 1)
GlobalObjectId_V1-2-3b6551b0f2848c54f911d6f91ca83d54-8889546816497944964-748434077|True|(235.5, 0, 184.900024)|(0, 0, 0, 1)|(1, 1, 1)
GlobalObjectId_V1-2-3b6551b0f2848c54f911d6f91ca83d54-8889546816497944964-885528315|True|(-4.5, 0, -48.1000061)|(0, 0, 0, 1)|(1, 1, 1)
GlobalObjectId_V1-2-3b6551b0f2848c54f911d6f91ca83d54-8889546816497944964-992990990|True|(-41.0999756, 0, 435.5)|(0, -0.7071068, 0, 0.7071068)|(1, 1, 1)
GlobalObjectId_V1-2-3b6551b0f2848c54f911d6f91ca83d54-8918723399142096564-1191518710|True|(0.07, 0.36, -2.12)|(0.6508453, 0, 0, 0.7592104)|(1, 1, 1)
GlobalObjectId_V1-2-3b6551b0f2848c54f911d6f91ca83d54-8918723399142096564-1212367565|True|(0.07, 0.36, -2.12)|(0.6508453, 0, 0, 0.7592104)|(1, 1, 1)
GlobalObjectId_V1-2-3b6551b0f2848c54f911d6f91ca83d54-8918723399142096564-143777058|True|(0.07, 0.36, -2.12)|(0.6508453, 0, 0, 0.7592104)|(1, 1, 1)
GlobalObjectId_V1-2-3b6551b0f2848c54f911d6f91ca83d54-8918723399142096564-1542002196|True|(0.07, 0.36, -2.12)|(0.6508453, 0, 0, 0.7592104)|(1, 1, 1)
GlobalObjectId_V1-2-3b6551b0f2848c54f911d6f91ca83d54-8918723399142096564-2024003042|True|(0.07, 0.36, -2.12)|(0.6508453, 0, 0, 0.7592104)|(1, 1, 1)
GlobalObjectId_V1-2-3b6551b0f2848c54f911d6f91ca83d54-8918723399142096564-306864247|True|(0.07, 0.36, -2.12)|(0.6508453, 0, 0, 0.7592104)|(1, 1, 1)
GlobalObjectId_V1-2-3b6551b0f2848c54f911d6f91ca83d54-8918723399142096564-309737671|True|(0.07, 0.36, -2.12)|(0.6508453, 0, 0, 0.7592104)|(1, 1, 1)
GlobalObjectId_V1-2-3b6551b0f2848c54f911d6f91ca83d54-8918723399142096564-312149901|True|(0.07, 0.36, -2.12)|(0.6508453, 0, 0, 0.7592104)|(1, 1, 1)
GlobalObjectId_V1-2-3b6551b0f2848c54f911d6f91ca83d54-8918723399142096564-857919492|True|(0.07, 0.36, -2.12)|(0.6508453, 0, 0, 0.7592104)|(1, 1, 1)
GlobalObjectId_V1-2-3b6551b0f2848c54f911d6f91ca83d54-8918723399142096564-986728857|True|(0.07, 0.36, -2.12)|(0.6508453, 0, 0, 0.7592104)|(1, 1, 1)
GlobalObjectId_V1-2-3b6551b0f2848c54f911d6f91ca83d54-8921956186260762447-1229718731|True|(0.07, 0.36, -2.12)|(0.6508453, 0, 0, 0.7592104)|(1, 1, 1)
GlobalObjectId_V1-2-3b6551b0f2848c54f911d6f91ca83d54-8921956186260762447-1268510627|True|(0.07, 0.36, -2.12)|(0.6508453, 0, 0, 0.7592104)|(1, 1, 1)
GlobalObjectId_V1-2-3b6551b0f2848c54f911d6f91ca83d54-8921956186260762447-1298481983|True|(0.07, 0.36, -2.12)|(0.6508453, 0, 0, 0.7592104)|(1, 1, 1)
GlobalObjectId_V1-2-3b6551b0f2848c54f911d6f91ca83d54-8921956186260762447-1473460188|True|(0.07, 0.36, -2.12)|(0.6508453, 0, 0, 0.7592104)|(1, 1, 1)
GlobalObjectId_V1-2-3b6551b0f2848c54f911d6f91ca83d54-8921956186260762447-1740273041|True|(0.07, 0.36, -2.12)|(0.6508453, 0, 0, 0.7592104)|(1, 1, 1)
GlobalObjectId_V1-2-3b6551b0f2848c54f911d6f91ca83d54-8921956186260762447-352986360|True|(0.07, 0.36, -2.12)|(0.6508453, 0, 0, 0.7592104)|(1, 1, 1)
GlobalObjectId_V1-2-3b6551b0f2848c54f911d6f91ca83d54-8921956186260762447-375106697|True|(0.07, 0.36, -2.12)|(0.6508453, 0, 0, 0.7592104)|(1, 1, 1)
GlobalObjectId_V1-2-3b6551b0f2848c54f911d6f91ca83d54-8921956186260762447-466313733|True|(0.07, 0.36, -2.12)|(0.6508453, 0, 0, 0.7592104)|(1, 1, 1)
GlobalObjectId_V1-2-3b6551b0f2848c54f911d6f91ca83d54-8921956186260762447-769108169|True|(0.07, 0.36, -2.12)|(0.6508453, 0, 0, 0.7592104)|(1, 1, 1)
GlobalObjectId_V1-2-3b6551b0f2848c54f911d6f91ca83d54-8921956186260762447-814571549|True|(0.07, 0.36, -2.12)|(0.6508453, 0, 0, 0.7592104)|(1, 1, 1)
GlobalObjectId_V1-2-3b6551b0f2848c54f911d6f91ca83d54-8927753265682518769-1025319220|True|(0, 0, 0)|(0.7071068, 0, 0, 0.7071068)|(1.16640007, 1.16640007, 1)
GlobalObjectId_V1-2-3b6551b0f2848c54f911d6f91ca83d54-8927753265682518769-1076637211|True|(0, 0, 0)|(0.7071068, 0, 0, 0.7071068)|(1.16640007, 1.16640007, 1)
GlobalObjectId_V1-2-3b6551b0f2848c54f911d6f91ca83d54-8927753265682518769-1123370063|True|(0, 0, 0)|(0.7071068, 0, 0, 0.7071068)|(1.16640007, 1.16640007, 1)
GlobalObjectId_V1-2-3b6551b0f2848c54f911d6f91ca83d54-8927753265682518769-1138517293|True|(0, 0, 0)|(0.7071068, 0, 0, 0.7071068)|(1.16640007, 1.16640007, 1)
GlobalObjectId_V1-2-3b6551b0f2848c54f911d6f91ca83d54-8927753265682518769-1145818399|True|(0, 0, 0)|(0.7071068, 0, 0, 0.7071068)|(1.16640007, 1.16640007, 1)
GlobalObjectId_V1-2-3b6551b0f2848c54f911d6f91ca83d54-8927753265682518769-1148386096|True|(0, 0, 0)|(0.7071068, 0, 0, 0.7071068)|(1.16640007, 1.16640007, 1)
GlobalObjectId_V1-2-3b6551b0f2848c54f911d6f91ca83d54-8927753265682518769-1157908847|True|(0, 0, 0)|(0.7071068, 0, 0, 0.7071068)|(1.16640007, 1.16640007, 1)
GlobalObjectId_V1-2-3b6551b0f2848c54f911d6f91ca83d54-8927753265682518769-117525737|True|(0, 0, 0)|(0.7071068, 0, 0, 0.7071068)|(1.16640007, 1.16640007, 1)
GlobalObjectId_V1-2-3b6551b0f2848c54f911d6f91ca83d54-8927753265682518769-1211572864|True|(0, 0, 0)|(0.7071068, 0, 0, 0.7071068)|(1.16640007, 1.16640007, 1)
GlobalObjectId_V1-2-3b6551b0f2848c54f911d6f91ca83d54-8927753265682518769-1261995047|True|(0, 0, 0)|(0.7071068, 0, 0, 0.7071068)|(1.16640007, 1.16640007, 1)
GlobalObjectId_V1-2-3b6551b0f2848c54f911d6f91ca83d54-8927753265682518769-1273560124|True|(0, 0, 0)|(0.7071068, 0, 0, 0.7071068)|(1.16640007, 1.16640007, 1)
GlobalObjectId_V1-2-3b6551b0f2848c54f911d6f91ca83d54-8927753265682518769-1341893445|True|(0, 0, 0)|(0.7071068, 0, 0, 0.7071068)|(1.16640007, 1.16640007, 1)
GlobalObjectId_V1-2-3b6551b0f2848c54f911d6f91ca83d54-8927753265682518769-1577023816|True|(0, 0, 0)|(0.7071068, 0, 0, 0.7071068)|(1.16640007, 1.16640007, 1)
GlobalObjectId_V1-2-3b6551b0f2848c54f911d6f91ca83d54-8927753265682518769-1609908011|True|(0, 0, 0)|(0.7071068, 0, 0, 0.7071068)|(1.16640007, 1.16640007, 1)
GlobalObjectId_V1-2-3b6551b0f2848c54f911d6f91ca83d54-8927753265682518769-1654698043|True|(0, 0, 0)|(0.7071068, 0, 0, 0.7071068)|(1.16640007, 1.16640007, 1)
GlobalObjectId_V1-2-3b6551b0f2848c54f911d6f91ca83d54-8927753265682518769-1725634851|True|(0, 0, 0)|(0.7071068, 0, 0, 0.7071068)|(1.16640007, 1.16640007, 1)
GlobalObjectId_V1-2-3b6551b0f2848c54f911d6f91ca83d54-8927753265682518769-178552251|True|(0, 0, 0)|(0.7071068, 0, 0, 0.7071068)|(1.16640007, 1.16640007, 1)
GlobalObjectId_V1-2-3b6551b0f2848c54f911d6f91ca83d54-8927753265682518769-1804972047|True|(0, 0, 0)|(0.7071068, 0, 0, 0.7071068)|(1.16640007, 1.16640007, 1)
GlobalObjectId_V1-2-3b6551b0f2848c54f911d6f91ca83d54-8927753265682518769-1819624870|True|(0, 0, 0)|(0.7071068, 0, 0, 0.7071068)|(1.16640007, 1.16640007, 1)
GlobalObjectId_V1-2-3b6551b0f2848c54f911d6f91ca83d54-8927753265682518769-1866442031|True|(0, 0, 0)|(0.7071068, 0, 0, 0.7071068)|(1.16640007, 1.16640007, 1)
GlobalObjectId_V1-2-3b6551b0f2848c54f911d6f91ca83d54-8927753265682518769-1970165663|True|(0, 0, 0)|(0.7071068, 0, 0, 0.7071068)|(1.16640007, 1.16640007, 1)
GlobalObjectId_V1-2-3b6551b0f2848c54f911d6f91ca83d54-8927753265682518769-2024084545|True|(0, 0, 0)|(0.7071068, 0, 0, 0.7071068)|(1.16640007, 1.16640007, 1)
GlobalObjectId_V1-2-3b6551b0f2848c54f911d6f91ca83d54-8927753265682518769-2026501014|True|(0, 0, 0)|(0.7071068, 0, 0, 0.7071068)|(1.16640007, 1.16640007, 1)
GlobalObjectId_V1-2-3b6551b0f2848c54f911d6f91ca83d54-8927753265682518769-2039403610|True|(0, 0, 0)|(0.7071068, 0, 0, 0.7071068)|(1.16640007, 1.16640007, 1)
GlobalObjectId_V1-2-3b6551b0f2848c54f911d6f91ca83d54-8927753265682518769-2040492614|True|(0, 0, 0)|(0.7071068, 0, 0, 0.7071068)|(1.16640007, 1.16640007, 1)
GlobalObjectId_V1-2-3b6551b0f2848c54f911d6f91ca83d54-8927753265682518769-2056561579|True|(0, 0, 0)|(0.7071068, 0, 0, 0.7071068)|(1.16640007, 1.16640007, 1)
GlobalObjectId_V1-2-3b6551b0f2848c54f911d6f91ca83d54-8927753265682518769-2059838410|True|(0, 0, 0)|(0.7071068, 0, 0, 0.7071068)|(1.16640007, 1.16640007, 1)
GlobalObjectId_V1-2-3b6551b0f2848c54f911d6f91ca83d54-8927753265682518769-220756394|True|(0, 0, 0)|(0.7071068, 0, 0, 0.7071068)|(1.16640007, 1.16640007, 1)
GlobalObjectId_V1-2-3b6551b0f2848c54f911d6f91ca83d54-8927753265682518769-241495691|True|(0, 0, 0)|(0.7071068, 0, 0, 0.7071068)|(1.16640007, 1.16640007, 1)
GlobalObjectId_V1-2-3b6551b0f2848c54f911d6f91ca83d54-8927753265682518769-243786568|True|(0, 0, 0)|(0.7071068, 0, 0, 0.7071068)|(1.16640007, 1.16640007, 1)
GlobalObjectId_V1-2-3b6551b0f2848c54f911d6f91ca83d54-8927753265682518769-27082819|True|(0, 0, 0)|(0.7071068, 0, 0, 0.7071068)|(1.16640007, 1.16640007, 1)
GlobalObjectId_V1-2-3b6551b0f2848c54f911d6f91ca83d54-8927753265682518769-287385670|True|(0, 0, 0)|(0.7071068, 0, 0, 0.7071068)|(1.16640007, 1.16640007, 1)
GlobalObjectId_V1-2-3b6551b0f2848c54f911d6f91ca83d54-8927753265682518769-308217777|True|(0, 0, 0)|(0.7071068, 0, 0, 0.7071068)|(1.16640007, 1.16640007, 1)
GlobalObjectId_V1-2-3b6551b0f2848c54f911d6f91ca83d54-8927753265682518769-31273311|True|(0, 0, 0)|(0.7071068, 0, 0, 0.7071068)|(1.16640007, 1.16640007, 1)
GlobalObjectId_V1-2-3b6551b0f2848c54f911d6f91ca83d54-8927753265682518769-343957928|True|(0, 0, 0)|(0.7071068, 0, 0, 0.7071068)|(1.16640007, 1.16640007, 1)
GlobalObjectId_V1-2-3b6551b0f2848c54f911d6f91ca83d54-8927753265682518769-396161643|True|(0, 0, 0)|(0.7071068, 0, 0, 0.7071068)|(1.16640007, 1.16640007, 1)
GlobalObjectId_V1-2-3b6551b0f2848c54f911d6f91ca83d54-8927753265682518769-426443221|True|(0, 0, 0)|(0.7071068, 0, 0, 0.7071068)|(1.16640007, 1.16640007, 1)
GlobalObjectId_V1-2-3b6551b0f2848c54f911d6f91ca83d54-8927753265682518769-458006385|True|(0, 0, 0)|(0.7071068, 0, 0, 0.7071068)|(1.16640007, 1.16640007, 1)
GlobalObjectId_V1-2-3b6551b0f2848c54f911d6f91ca83d54-8927753265682518769-502189609|True|(0, 0, 0)|(0.7071068, 0, 0, 0.7071068)|(1.16640007, 1.16640007, 1)
GlobalObjectId_V1-2-3b6551b0f2848c54f911d6f91ca83d54-8927753265682518769-502266823|True|(0, 0, 0)|(0.7071068, 0, 0, 0.7071068)|(1.16640007, 1.16640007, 1)
GlobalObjectId_V1-2-3b6551b0f2848c54f911d6f91ca83d54-8927753265682518769-593650449|True|(0, 0, 0)|(0.7071068, 0, 0, 0.7071068)|(1.16640007, 1.16640007, 1)
GlobalObjectId_V1-2-3b6551b0f2848c54f911d6f91ca83d54-8927753265682518769-600046749|True|(0, 0, 0)|(0.7071068, 0, 0, 0.7071068)|(1.16640007, 1.16640007, 1)
GlobalObjectId_V1-2-3b6551b0f2848c54f911d6f91ca83d54-8927753265682518769-656679930|True|(0, 0, 0)|(0.7071068, 0, 0, 0.7071068)|(1.16640007, 1.16640007, 1)
GlobalObjectId_V1-2-3b6551b0f2848c54f911d6f91ca83d54-8927753265682518769-680847915|True|(0, 0, 0)|(0.7071068, 0, 0, 0.7071068)|(1.16640007, 1.16640007, 1)
GlobalObjectId_V1-2-3b6551b0f2848c54f911d6f91ca83d54-8927753265682518769-731984814|True|(0, 0, 0)|(0.7071068, 0, 0, 0.7071068)|(1.16640007, 1.16640007, 1)
GlobalObjectId_V1-2-3b6551b0f2848c54f911d6f91ca83d54-8927753265682518769-754211584|True|(0, 0, 0)|(0.7071068, 0, 0, 0.7071068)|(1.16640007, 1.16640007, 1)
GlobalObjectId_V1-2-3b6551b0f2848c54f911d6f91ca83d54-8927753265682518769-859783628|True|(0, 0, 0)|(0.7071068, 0, 0, 0.7071068)|(1.16640007, 1.16640007, 1)
GlobalObjectId_V1-2-3b6551b0f2848c54f911d6f91ca83d54-8927753265682518769-878071367|True|(0, 0, 0)|(0.7071068, 0, 0, 0.7071068)|(1.16640007, 1.16640007, 1)
GlobalObjectId_V1-2-3b6551b0f2848c54f911d6f91ca83d54-8927753265682518769-956417833|True|(0, 0, 0)|(0.7071068, 0, 0, 0.7071068)|(1.16640007, 1.16640007, 1)
GlobalObjectId_V1-2-3b6551b0f2848c54f911d6f91ca83d54-8927753265682518769-975687593|True|(0, 0, 0)|(0.7071068, 0, 0, 0.7071068)|(1.16640007, 1.16640007, 1)
GlobalObjectId_V1-2-3b6551b0f2848c54f911d6f91ca83d54-8961405211828470878-1191602872|True|(5.96046434E-10, 0.00228805584, 1.49011609E-10)|(-0.0268573556, 0.08010481, -0.07975992, 0.9932272)|(0.9999999, 1.00000012, 0.99999994)
GlobalObjectId_V1-2-3b6551b0f2848c54f911d6f91ca83d54-8961405211828470878-1250511116|True|(5.96046434E-10, 0.00228805584, 1.49011609E-10)|(-0.0268573556, 0.08010481, -0.07975992, 0.9932272)|(0.9999999, 1.00000012, 0.99999994)
GlobalObjectId_V1-2-3b6551b0f2848c54f911d6f91ca83d54-8961405211828470878-127729888|True|(5.96046434E-10, 0.00228805584, 1.49011609E-10)|(-0.0268573556, 0.08010481, -0.07975992, 0.9932272)|(0.9999999, 1.00000012, 0.99999994)
GlobalObjectId_V1-2-3b6551b0f2848c54f911d6f91ca83d54-8961405211828470878-1897079065|True|(5.96046434E-10, 0.00228805584, 1.49011609E-10)|(-0.0268573556, 0.08010481, -0.07975992, 0.9932272)|(0.9999999, 1.00000012, 0.99999994)
GlobalObjectId_V1-2-3b6551b0f2848c54f911d6f91ca83d54-8961405211828470878-2070896708|True|(5.96046434E-10, 0.00228805584, 1.49011609E-10)|(-0.0268573556, 0.08010481, -0.07975992, 0.9932272)|(0.9999999, 1.00000012, 0.99999994)
GlobalObjectId_V1-2-3b6551b0f2848c54f911d6f91ca83d54-8961405211828470878-383792707|True|(5.96046434E-10, 0.00228805584, 1.49011609E-10)|(-0.0268573556, 0.08010481, -0.07975992, 0.9932272)|(0.9999999, 1.00000012, 0.99999994)
GlobalObjectId_V1-2-3b6551b0f2848c54f911d6f91ca83d54-8961405211828470878-393103402|True|(5.96046434E-10, 0.00228805584, 1.49011609E-10)|(-0.0268573556, 0.08010481, -0.07975992, 0.9932272)|(0.9999999, 1.00000012, 0.99999994)
GlobalObjectId_V1-2-3b6551b0f2848c54f911d6f91ca83d54-8961405211828470878-566916451|True|(5.96046434E-10, 0.00228805584, 1.49011609E-10)|(-0.0268573556, 0.08010481, -0.07975992, 0.9932272)|(0.9999999, 1.00000012, 0.99999994)
GlobalObjectId_V1-2-3b6551b0f2848c54f911d6f91ca83d54-8961405211828470878-965188316|True|(5.96046434E-10, 0.00228805584, 1.49011609E-10)|(-0.0268573556, 0.08010481, -0.07975992, 0.9932272)|(0.9999999, 1.00000012, 0.99999994)
GlobalObjectId_V1-2-3b6551b0f2848c54f911d6f91ca83d54-8961405211828470878-969570616|True|(5.96046434E-10, 0.00228805584, 1.49011609E-10)|(-0.0268573556, 0.08010481, -0.07975992, 0.9932272)|(0.9999999, 1.00000012, 0.99999994)
GlobalObjectId_V1-2-3b6551b0f2848c54f911d6f91ca83d54-896193340-0|True|(-7.1, 0.1, 0)|(0, 0, 0, 1)|(0.2, 0.2, 20)
GlobalObjectId_V1-2-3b6551b0f2848c54f911d6f91ca83d54-90001895651962751-1229718731|True|(0, 0.00111999991, 0)|(0, 0, 0, 1)|(1, 1, 1)
GlobalObjectId_V1-2-3b6551b0f2848c54f911d6f91ca83d54-90001895651962751-1268510627|True|(0, 0.00111999991, 0)|(0, 0, 0, 1)|(1, 1, 1)
GlobalObjectId_V1-2-3b6551b0f2848c54f911d6f91ca83d54-90001895651962751-1298481983|True|(0, 0.00111999991, 0)|(0, 0, 0, 1)|(1, 1, 1)
GlobalObjectId_V1-2-3b6551b0f2848c54f911d6f91ca83d54-90001895651962751-1473460188|True|(0, 0.00111999991, 0)|(0, 0, 0, 1)|(1, 1, 1)
GlobalObjectId_V1-2-3b6551b0f2848c54f911d6f91ca83d54-90001895651962751-1740273041|True|(0, 0.00111999991, 0)|(0, 0, 0, 1)|(1, 1, 1)
GlobalObjectId_V1-2-3b6551b0f2848c54f911d6f91ca83d54-90001895651962751-352986360|True|(0, 0.00111999991, 0)|(0, 0, 0, 1)|(1, 1, 1)
GlobalObjectId_V1-2-3b6551b0f2848c54f911d6f91ca83d54-90001895651962751-375106697|True|(0, 0.00111999991, 0)|(0, 0, 0, 1)|(1, 1, 1)
GlobalObjectId_V1-2-3b6551b0f2848c54f911d6f91ca83d54-90001895651962751-466313733|True|(0, 0.00111999991, 0)|(0, 0, 0, 1)|(1, 1, 1)
GlobalObjectId_V1-2-3b6551b0f2848c54f911d6f91ca83d54-90001895651962751-769108169|True|(0, 0.00111999991, 0)|(0, 0, 0, 1)|(1, 1, 1)
GlobalObjectId_V1-2-3b6551b0f2848c54f911d6f91ca83d54-90001895651962751-814571549|True|(0, 0.00111999991, 0)|(0, 0, 0, 1)|(1, 1, 1)
GlobalObjectId_V1-2-3b6551b0f2848c54f911d6f91ca83d54-90165478-0|True|(-7.1, 0.1, 0)|(0, 0, 0, 1)|(0.2, 0.2, 20)
GlobalObjectId_V1-2-3b6551b0f2848c54f911d6f91ca83d54-9099278411432029674-1191518710|True|(0, 0.00139999925, 0)|(0, 0, 0, 1)|(1, 1, 1)
GlobalObjectId_V1-2-3b6551b0f2848c54f911d6f91ca83d54-9099278411432029674-1212367565|True|(0, 0.00139999925, 0)|(0, 0, 0, 1)|(1, 1, 1)
GlobalObjectId_V1-2-3b6551b0f2848c54f911d6f91ca83d54-9099278411432029674-143777058|True|(0, 0.00139999925, 0)|(0, 0, 0, 1)|(1, 1, 1)
GlobalObjectId_V1-2-3b6551b0f2848c54f911d6f91ca83d54-9099278411432029674-1542002196|True|(0, 0.00139999925, 0)|(0, 0, 0, 1)|(1, 1, 1)
GlobalObjectId_V1-2-3b6551b0f2848c54f911d6f91ca83d54-9099278411432029674-2024003042|True|(0, 0.00139999925, 0)|(0, 0, 0, 1)|(1, 1, 1)
GlobalObjectId_V1-2-3b6551b0f2848c54f911d6f91ca83d54-9099278411432029674-306864247|True|(0, 0.00139999925, 0)|(0, 0, 0, 1)|(1, 1, 1)
GlobalObjectId_V1-2-3b6551b0f2848c54f911d6f91ca83d54-9099278411432029674-309737671|True|(0, 0.00139999925, 0)|(0, 0, 0, 1)|(1, 1, 1)
GlobalObjectId_V1-2-3b6551b0f2848c54f911d6f91ca83d54-9099278411432029674-312149901|True|(0, 0.00139999925, 0)|(0, 0, 0, 1)|(1, 1, 1)
GlobalObjectId_V1-2-3b6551b0f2848c54f911d6f91ca83d54-9099278411432029674-857919492|True|(0, 0.00139999925, 0)|(0, 0, 0, 1)|(1, 1, 1)
GlobalObjectId_V1-2-3b6551b0f2848c54f911d6f91ca83d54-9099278411432029674-986728857|True|(0, 0.00139999925, 0)|(0, 0, 0, 1)|(1, 1, 1)
GlobalObjectId_V1-2-3b6551b0f2848c54f911d6f91ca83d54-910402348-0|True|(243.1, 0.08, 64.0999756)|(0, 0, 0, 1)|(1, 1, 1)
GlobalObjectId_V1-2-3b6551b0f2848c54f911d6f91ca83d54-9171913898273287243-1191518710|True|(0, 0.00139999983, 0)|(0, 0, 0, 1)|(1, 1, 1)
GlobalObjectId_V1-2-3b6551b0f2848c54f911d6f91ca83d54-9171913898273287243-1212367565|True|(0, 0.00139999983, 0)|(0, 0, 0, 1)|(1, 1, 1)
GlobalObjectId_V1-2-3b6551b0f2848c54f911d6f91ca83d54-9171913898273287243-143777058|True|(0, 0.00139999983, 0)|(0, 0, 0, 1)|(1, 1, 1)
GlobalObjectId_V1-2-3b6551b0f2848c54f911d6f91ca83d54-9171913898273287243-1542002196|True|(0, 0.00139999983, 0)|(0, 0, 0, 1)|(1, 1, 1)
GlobalObjectId_V1-2-3b6551b0f2848c54f911d6f91ca83d54-9171913898273287243-2024003042|True|(0, 0.00139999983, 0)|(0, 0, 0, 1)|(1, 1, 1)
GlobalObjectId_V1-2-3b6551b0f2848c54f911d6f91ca83d54-9171913898273287243-306864247|True|(0, 0.00139999983, 0)|(0, 0, 0, 1)|(1, 1, 1)
GlobalObjectId_V1-2-3b6551b0f2848c54f911d6f91ca83d54-9171913898273287243-309737671|True|(0, 0.00139999983, 0)|(0, 0, 0, 1)|(1, 1, 1)
GlobalObjectId_V1-2-3b6551b0f2848c54f911d6f91ca83d54-9171913898273287243-312149901|True|(0, 0.00139999983, 0)|(0, 0, 0, 1)|(1, 1, 1)
GlobalObjectId_V1-2-3b6551b0f2848c54f911d6f91ca83d54-9171913898273287243-857919492|True|(0, 0.00139999983, 0)|(0, 0, 0, 1)|(1, 1, 1)
GlobalObjectId_V1-2-3b6551b0f2848c54f911d6f91ca83d54-9171913898273287243-986728857|True|(0, 0.00139999983, 0)|(0, 0, 0, 1)|(1, 1, 1)
GlobalObjectId_V1-2-3b6551b0f2848c54f911d6f91ca83d54-9186152962118626947-1191602872|{"MonoBehaviour":{"m_Enabled":true,"m_EditorHideFlags":0,"m_Name":"","m_EditorClassIdentifier":"Assembly-CSharp::IndianOceanAssets.ShooterSurvival.EnemyMovementController","eventMode":1,"moveSpeed":2.200000047683716,"patrolAcrossRoad":true,"moveAnimation":1,"targetPoint":{"instanceID":0},"hideWhileWaiting":false,"ambushEntrySide":0.0,"modelForwardYaw":0.0,"arrivalDistance":0.05000000074505806}}
GlobalObjectId_V1-2-3b6551b0f2848c54f911d6f91ca83d54-9186152962118626947-1250511116|{"MonoBehaviour":{"m_Enabled":true,"m_EditorHideFlags":0,"m_Name":"","m_EditorClassIdentifier":"Assembly-CSharp::IndianOceanAssets.ShooterSurvival.EnemyMovementController","eventMode":1,"moveSpeed":2.200000047683716,"patrolAcrossRoad":true,"moveAnimation":1,"targetPoint":{"instanceID":0},"hideWhileWaiting":false,"ambushEntrySide":0.0,"modelForwardYaw":0.0,"arrivalDistance":0.05000000074505806}}
GlobalObjectId_V1-2-3b6551b0f2848c54f911d6f91ca83d54-9186152962118626947-127729888|{"MonoBehaviour":{"m_Enabled":true,"m_EditorHideFlags":0,"m_Name":"","m_EditorClassIdentifier":"Assembly-CSharp::IndianOceanAssets.ShooterSurvival.EnemyMovementController","eventMode":1,"moveSpeed":2.200000047683716,"patrolAcrossRoad":true,"moveAnimation":1,"targetPoint":{"instanceID":0},"hideWhileWaiting":false,"ambushEntrySide":0.0,"modelForwardYaw":0.0,"arrivalDistance":0.05000000074505806}}
GlobalObjectId_V1-2-3b6551b0f2848c54f911d6f91ca83d54-9186152962118626947-1897079065|{"MonoBehaviour":{"m_Enabled":true,"m_EditorHideFlags":0,"m_Name":"","m_EditorClassIdentifier":"Assembly-CSharp::IndianOceanAssets.ShooterSurvival.EnemyMovementController","eventMode":1,"moveSpeed":2.200000047683716,"patrolAcrossRoad":true,"moveAnimation":1,"targetPoint":{"instanceID":0},"hideWhileWaiting":false,"ambushEntrySide":0.0,"modelForwardYaw":0.0,"arrivalDistance":0.05000000074505806}}
GlobalObjectId_V1-2-3b6551b0f2848c54f911d6f91ca83d54-9186152962118626947-2070896708|{"MonoBehaviour":{"m_Enabled":true,"m_EditorHideFlags":0,"m_Name":"","m_EditorClassIdentifier":"Assembly-CSharp::IndianOceanAssets.ShooterSurvival.EnemyMovementController","eventMode":1,"moveSpeed":2.200000047683716,"patrolAcrossRoad":true,"moveAnimation":1,"targetPoint":{"instanceID":0},"hideWhileWaiting":false,"ambushEntrySide":0.0,"modelForwardYaw":0.0,"arrivalDistance":0.05000000074505806}}
GlobalObjectId_V1-2-3b6551b0f2848c54f911d6f91ca83d54-9186152962118626947-383792707|{"MonoBehaviour":{"m_Enabled":true,"m_EditorHideFlags":0,"m_Name":"","m_EditorClassIdentifier":"Assembly-CSharp::IndianOceanAssets.ShooterSurvival.EnemyMovementController","eventMode":1,"moveSpeed":2.200000047683716,"patrolAcrossRoad":true,"moveAnimation":1,"targetPoint":{"instanceID":0},"hideWhileWaiting":false,"ambushEntrySide":0.0,"modelForwardYaw":0.0,"arrivalDistance":0.05000000074505806}}
GlobalObjectId_V1-2-3b6551b0f2848c54f911d6f91ca83d54-9186152962118626947-393103402|{"MonoBehaviour":{"m_Enabled":true,"m_EditorHideFlags":0,"m_Name":"","m_EditorClassIdentifier":"Assembly-CSharp::IndianOceanAssets.ShooterSurvival.EnemyMovementController","eventMode":1,"moveSpeed":2.200000047683716,"patrolAcrossRoad":true,"moveAnimation":1,"targetPoint":{"instanceID":0},"hideWhileWaiting":false,"ambushEntrySide":0.0,"modelForwardYaw":0.0,"arrivalDistance":0.05000000074505806}}
GlobalObjectId_V1-2-3b6551b0f2848c54f911d6f91ca83d54-9186152962118626947-566916451|{"MonoBehaviour":{"m_Enabled":true,"m_EditorHideFlags":0,"m_Name":"","m_EditorClassIdentifier":"Assembly-CSharp::IndianOceanAssets.ShooterSurvival.EnemyMovementController","eventMode":1,"moveSpeed":2.200000047683716,"patrolAcrossRoad":true,"moveAnimation":1,"targetPoint":{"instanceID":0},"hideWhileWaiting":false,"ambushEntrySide":0.0,"modelForwardYaw":0.0,"arrivalDistance":0.05000000074505806}}
GlobalObjectId_V1-2-3b6551b0f2848c54f911d6f91ca83d54-9186152962118626947-965188316|{"MonoBehaviour":{"m_Enabled":true,"m_EditorHideFlags":0,"m_Name":"","m_EditorClassIdentifier":"Assembly-CSharp::IndianOceanAssets.ShooterSurvival.EnemyMovementController","eventMode":1,"moveSpeed":2.200000047683716,"patrolAcrossRoad":true,"moveAnimation":1,"targetPoint":{"instanceID":0},"hideWhileWaiting":false,"ambushEntrySide":0.0,"modelForwardYaw":0.0,"arrivalDistance":0.05000000074505806}}
GlobalObjectId_V1-2-3b6551b0f2848c54f911d6f91ca83d54-9186152962118626947-969570616|{"MonoBehaviour":{"m_Enabled":true,"m_EditorHideFlags":0,"m_Name":"","m_EditorClassIdentifier":"Assembly-CSharp::IndianOceanAssets.ShooterSurvival.EnemyMovementController","eventMode":1,"moveSpeed":2.200000047683716,"patrolAcrossRoad":true,"moveAnimation":1,"targetPoint":{"instanceID":0},"hideWhileWaiting":false,"ambushEntrySide":0.0,"modelForwardYaw":0.0,"arrivalDistance":0.05000000074505806}}
GlobalObjectId_V1-2-3b6551b0f2848c54f911d6f91ca83d54-93915411-0|True|(-18.9000244, 0.08, 440.6)|(0, 0, 0, 1)|(1, 1, 1)
GlobalObjectId_V1-2-3b6551b0f2848c54f911d6f91ca83d54-944104039-0|True|(7.1, 0.1, 0)|(0, 0, 0, 1)|(0.2, 0.2, 20)
GlobalObjectId_V1-2-3b6551b0f2848c54f911d6f91ca83d54-947406411-0|True|(7.1, 0.1, 0)|(0, 0, 0, 1)|(0.2, 0.2, 20)
GlobalObjectId_V1-2-3b6551b0f2848c54f911d6f91ca83d54-949575997-0|True|(-7.1, 0.1, 0)|(0, 0, 0, 1)|(0.2, 0.2, 20)
GlobalObjectId_V1-2-3b6551b0f2848c54f911d6f91ca83d54-951016235-0|{"MonoBehaviour":{"m_Enabled":true,"m_EditorHideFlags":0,"m_Name":"","m_EditorClassIdentifier":"Assembly-CSharp::RestStopHoldout","center":{"instanceID":0},"exitShutter":{"instanceID":0},"frontShutter":{"instanceID":0},"entrances":[{"instanceID":0},{"instanceID":0},{"instanceID":0},{"instanceID":0}],"entranceSignals":[{"instanceID":0},{"instanceID":0},{"instanceID":0},{"instanceID":0}],"police":[{"instanceID":0},{"instanceID":0},{"instanceID":0},{"instanceID":0},{"instanceID":0},{"instanceID":0},{"instanceID":0},{"instanceID":0},{"instanceID":0},{"instanceID":0},{"instanceID":0},{"instanceID":0},{"instanceID":0},{"instanceID":0},{"instanceID":0},{"instanceID":0}],"hud":{"instanceID":0}}}
GlobalObjectId_V1-2-3b6551b0f2848c54f911d6f91ca83d54-951773851534907602-1120997898|True|(0, 0, 0.0530005135)|(0, 0, 0, 1)|(1, 1, 1)
GlobalObjectId_V1-2-3b6551b0f2848c54f911d6f91ca83d54-951773851534907602-1378066733|True|(0, 0, 0.0530005135)|(0, 0, 0, 1)|(1, 1, 1)
GlobalObjectId_V1-2-3b6551b0f2848c54f911d6f91ca83d54-951773851534907602-1387022782|True|(0, 0, 0.0530005135)|(0, 0, 0, 1)|(1, 1, 1)
GlobalObjectId_V1-2-3b6551b0f2848c54f911d6f91ca83d54-951773851534907602-1556813190|True|(0, 0, 0.0530005135)|(0, 0, 0, 1)|(1, 1, 1)
GlobalObjectId_V1-2-3b6551b0f2848c54f911d6f91ca83d54-951773851534907602-161863763|True|(0, 0, 0.0530005135)|(0, 0, 0, 1)|(1, 1, 1)
GlobalObjectId_V1-2-3b6551b0f2848c54f911d6f91ca83d54-951773851534907602-305648292|True|(0, 0, 0.0530005135)|(0, 0, 0, 1)|(1, 1, 1)
GlobalObjectId_V1-2-3b6551b0f2848c54f911d6f91ca83d54-951773851534907602-404936451|True|(0, 0, 0.0530005135)|(0, 0, 0, 1)|(1, 1, 1)
GlobalObjectId_V1-2-3b6551b0f2848c54f911d6f91ca83d54-951773851534907602-501866861|True|(0, 0, 0.0530005135)|(0, 0, 0, 1)|(1, 1, 1)
GlobalObjectId_V1-2-3b6551b0f2848c54f911d6f91ca83d54-951773851534907602-692789032|True|(0, 0, 0.0530005135)|(0, 0, 0, 1)|(1, 1, 1)
GlobalObjectId_V1-2-3b6551b0f2848c54f911d6f91ca83d54-951773851534907602-892891150|True|(0, 0, 0.0530005135)|(0, 0, 0, 1)|(1, 1, 1)
GlobalObjectId_V1-2-3b6551b0f2848c54f911d6f91ca83d54-9560226-0|True|(-103.1, 0.08, 463.5)|(0, 0, 0, 1)|(1, 1, 1)
GlobalObjectId_V1-2-3b6551b0f2848c54f911d6f91ca83d54-969170694-0|True|(-7.1, 0.1, 0)|(0, 0, 0, 1)|(0.2, 0.2, 20)
GlobalObjectId_V1-2-3b6551b0f2848c54f911d6f91ca83d54-97094923-0|True|(7.1, 0.1, 0)|(0, 0, 0, 1)|(0.2, 0.2, 20)
GlobalObjectId_V1-2-3b6551b0f2848c54f911d6f91ca83d54-975013255-0|True|(7.1, 0.1, 0)|(0, 0, 0, 1)|(0.2, 0.2, 20)
GlobalObjectId_V1-2-3b6551b0f2848c54f911d6f91ca83d54-976332388113408839-1229718731|True|(-0.00160000008, 0, 0)|(0.9871956, -0.112429716, -0.112429671, -0.0128043881)|(1.00000036, 1.00000012, 1)
GlobalObjectId_V1-2-3b6551b0f2848c54f911d6f91ca83d54-976332388113408839-1268510627|True|(-0.00160000008, 0, 0)|(0.9871956, -0.112429716, -0.112429671, -0.0128043881)|(1.00000036, 1.00000012, 1)
GlobalObjectId_V1-2-3b6551b0f2848c54f911d6f91ca83d54-976332388113408839-1298481983|True|(-0.00160000008, 0, 0)|(0.9871956, -0.112429716, -0.112429671, -0.0128043881)|(1.00000036, 1.00000012, 1)
GlobalObjectId_V1-2-3b6551b0f2848c54f911d6f91ca83d54-976332388113408839-1473460188|True|(-0.00160000008, 0, 0)|(0.9871956, -0.112429716, -0.112429671, -0.0128043881)|(1.00000036, 1.00000012, 1)
GlobalObjectId_V1-2-3b6551b0f2848c54f911d6f91ca83d54-976332388113408839-1740273041|True|(-0.00160000008, 0, 0)|(0.9871956, -0.112429716, -0.112429671, -0.0128043881)|(1.00000036, 1.00000012, 1)
GlobalObjectId_V1-2-3b6551b0f2848c54f911d6f91ca83d54-976332388113408839-352986360|True|(-0.00160000008, 0, 0)|(0.9871956, -0.112429716, -0.112429671, -0.0128043881)|(1.00000036, 1.00000012, 1)
GlobalObjectId_V1-2-3b6551b0f2848c54f911d6f91ca83d54-976332388113408839-375106697|True|(-0.00160000008, 0, 0)|(0.9871956, -0.112429716, -0.112429671, -0.0128043881)|(1.00000036, 1.00000012, 1)
GlobalObjectId_V1-2-3b6551b0f2848c54f911d6f91ca83d54-976332388113408839-466313733|True|(-0.00160000008, 0, 0)|(0.9871956, -0.112429716, -0.112429671, -0.0128043881)|(1.00000036, 1.00000012, 1)
GlobalObjectId_V1-2-3b6551b0f2848c54f911d6f91ca83d54-976332388113408839-769108169|True|(-0.00160000008, 0, 0)|(0.9871956, -0.112429716, -0.112429671, -0.0128043881)|(1.00000036, 1.00000012, 1)
GlobalObjectId_V1-2-3b6551b0f2848c54f911d6f91ca83d54-976332388113408839-814571549|True|(-0.00160000008, 0, 0)|(0.9871956, -0.112429716, -0.112429671, -0.0128043881)|(1.00000036, 1.00000012, 1)
GlobalObjectId_V1-2-3b6551b0f2848c54f911d6f91ca83d54-978116593-0|True|(7.1, 0.1, 0)|(0, 0, 0, 1)|(0.2, 0.2, 20)
GlobalObjectId_V1-2-3b6551b0f2848c54f911d6f91ca83d54-985506738115754626-1025319220|True|(0.16, 0.245, -0.304)|(0, 0, -0.1305262, 0.9914449)|(0.24, 0.15, 1)
GlobalObjectId_V1-2-3b6551b0f2848c54f911d6f91ca83d54-985506738115754626-1076637211|True|(0.16, 0.245, -0.304)|(0, 0, -0.1305262, 0.9914449)|(0.24, 0.15, 1)
GlobalObjectId_V1-2-3b6551b0f2848c54f911d6f91ca83d54-985506738115754626-1123370063|True|(0.16, 0.245, -0.304)|(0, 0, -0.1305262, 0.9914449)|(0.24, 0.15, 1)
GlobalObjectId_V1-2-3b6551b0f2848c54f911d6f91ca83d54-985506738115754626-1138517293|True|(0.16, 0.245, -0.304)|(0, 0, -0.1305262, 0.9914449)|(0.24, 0.15, 1)
GlobalObjectId_V1-2-3b6551b0f2848c54f911d6f91ca83d54-985506738115754626-1145818399|True|(0.16, 0.245, -0.304)|(0, 0, -0.1305262, 0.9914449)|(0.24, 0.15, 1)
GlobalObjectId_V1-2-3b6551b0f2848c54f911d6f91ca83d54-985506738115754626-1148386096|True|(0.16, 0.245, -0.304)|(0, 0, -0.1305262, 0.9914449)|(0.24, 0.15, 1)
GlobalObjectId_V1-2-3b6551b0f2848c54f911d6f91ca83d54-985506738115754626-1157908847|True|(0.16, 0.245, -0.304)|(0, 0, -0.1305262, 0.9914449)|(0.24, 0.15, 1)
GlobalObjectId_V1-2-3b6551b0f2848c54f911d6f91ca83d54-985506738115754626-117525737|True|(0.16, 0.245, -0.304)|(0, 0, -0.1305262, 0.9914449)|(0.24, 0.15, 1)
GlobalObjectId_V1-2-3b6551b0f2848c54f911d6f91ca83d54-985506738115754626-1211572864|True|(0.16, 0.245, -0.304)|(0, 0, -0.1305262, 0.9914449)|(0.24, 0.15, 1)
GlobalObjectId_V1-2-3b6551b0f2848c54f911d6f91ca83d54-985506738115754626-1261995047|True|(0.16, 0.245, -0.304)|(0, 0, -0.1305262, 0.9914449)|(0.24, 0.15, 1)
GlobalObjectId_V1-2-3b6551b0f2848c54f911d6f91ca83d54-985506738115754626-1273560124|True|(0.16, 0.245, -0.304)|(0, 0, -0.1305262, 0.9914449)|(0.24, 0.15, 1)
GlobalObjectId_V1-2-3b6551b0f2848c54f911d6f91ca83d54-985506738115754626-1341893445|True|(0.16, 0.245, -0.304)|(0, 0, -0.1305262, 0.9914449)|(0.24, 0.15, 1)
GlobalObjectId_V1-2-3b6551b0f2848c54f911d6f91ca83d54-985506738115754626-1577023816|True|(0.16, 0.245, -0.304)|(0, 0, -0.1305262, 0.9914449)|(0.24, 0.15, 1)
GlobalObjectId_V1-2-3b6551b0f2848c54f911d6f91ca83d54-985506738115754626-1609908011|True|(0.16, 0.245, -0.304)|(0, 0, -0.1305262, 0.9914449)|(0.24, 0.15, 1)
GlobalObjectId_V1-2-3b6551b0f2848c54f911d6f91ca83d54-985506738115754626-1654698043|True|(0.16, 0.245, -0.304)|(0, 0, -0.1305262, 0.9914449)|(0.24, 0.15, 1)
GlobalObjectId_V1-2-3b6551b0f2848c54f911d6f91ca83d54-985506738115754626-1725634851|True|(0.16, 0.245, -0.304)|(0, 0, -0.1305262, 0.9914449)|(0.24, 0.15, 1)
GlobalObjectId_V1-2-3b6551b0f2848c54f911d6f91ca83d54-985506738115754626-178552251|True|(0.16, 0.245, -0.304)|(0, 0, -0.1305262, 0.9914449)|(0.24, 0.15, 1)
GlobalObjectId_V1-2-3b6551b0f2848c54f911d6f91ca83d54-985506738115754626-1804972047|True|(0.16, 0.245, -0.304)|(0, 0, -0.1305262, 0.9914449)|(0.24, 0.15, 1)
GlobalObjectId_V1-2-3b6551b0f2848c54f911d6f91ca83d54-985506738115754626-1819624870|True|(0.16, 0.245, -0.304)|(0, 0, -0.1305262, 0.9914449)|(0.24, 0.15, 1)
GlobalObjectId_V1-2-3b6551b0f2848c54f911d6f91ca83d54-985506738115754626-1866442031|True|(0.16, 0.245, -0.304)|(0, 0, -0.1305262, 0.9914449)|(0.24, 0.15, 1)
GlobalObjectId_V1-2-3b6551b0f2848c54f911d6f91ca83d54-985506738115754626-1970165663|True|(0.16, 0.245, -0.304)|(0, 0, -0.1305262, 0.9914449)|(0.24, 0.15, 1)
GlobalObjectId_V1-2-3b6551b0f2848c54f911d6f91ca83d54-985506738115754626-2024084545|True|(0.16, 0.245, -0.304)|(0, 0, -0.1305262, 0.9914449)|(0.24, 0.15, 1)
GlobalObjectId_V1-2-3b6551b0f2848c54f911d6f91ca83d54-985506738115754626-2026501014|True|(0.16, 0.245, -0.304)|(0, 0, -0.1305262, 0.9914449)|(0.24, 0.15, 1)
GlobalObjectId_V1-2-3b6551b0f2848c54f911d6f91ca83d54-985506738115754626-2039403610|True|(0.16, 0.245, -0.304)|(0, 0, -0.1305262, 0.9914449)|(0.24, 0.15, 1)
GlobalObjectId_V1-2-3b6551b0f2848c54f911d6f91ca83d54-985506738115754626-2040492614|True|(0.16, 0.245, -0.304)|(0, 0, -0.1305262, 0.9914449)|(0.24, 0.15, 1)
GlobalObjectId_V1-2-3b6551b0f2848c54f911d6f91ca83d54-985506738115754626-2056561579|True|(0.16, 0.245, -0.304)|(0, 0, -0.1305262, 0.9914449)|(0.24, 0.15, 1)
GlobalObjectId_V1-2-3b6551b0f2848c54f911d6f91ca83d54-985506738115754626-2059838410|True|(0.16, 0.245, -0.304)|(0, 0, -0.1305262, 0.9914449)|(0.24, 0.15, 1)
GlobalObjectId_V1-2-3b6551b0f2848c54f911d6f91ca83d54-985506738115754626-220756394|True|(0.16, 0.245, -0.304)|(0, 0, -0.1305262, 0.9914449)|(0.24, 0.15, 1)
GlobalObjectId_V1-2-3b6551b0f2848c54f911d6f91ca83d54-985506738115754626-241495691|True|(0.16, 0.245, -0.304)|(0, 0, -0.1305262, 0.9914449)|(0.24, 0.15, 1)
GlobalObjectId_V1-2-3b6551b0f2848c54f911d6f91ca83d54-985506738115754626-243786568|True|(0.16, 0.245, -0.304)|(0, 0, -0.1305262, 0.9914449)|(0.24, 0.15, 1)
GlobalObjectId_V1-2-3b6551b0f2848c54f911d6f91ca83d54-985506738115754626-27082819|True|(0.16, 0.245, -0.304)|(0, 0, -0.1305262, 0.9914449)|(0.24, 0.15, 1)
GlobalObjectId_V1-2-3b6551b0f2848c54f911d6f91ca83d54-985506738115754626-287385670|True|(0.16, 0.245, -0.304)|(0, 0, -0.1305262, 0.9914449)|(0.24, 0.15, 1)
GlobalObjectId_V1-2-3b6551b0f2848c54f911d6f91ca83d54-985506738115754626-308217777|True|(0.16, 0.245, -0.304)|(0, 0, -0.1305262, 0.9914449)|(0.24, 0.15, 1)
GlobalObjectId_V1-2-3b6551b0f2848c54f911d6f91ca83d54-985506738115754626-31273311|True|(0.16, 0.245, -0.304)|(0, 0, -0.1305262, 0.9914449)|(0.24, 0.15, 1)
GlobalObjectId_V1-2-3b6551b0f2848c54f911d6f91ca83d54-985506738115754626-343957928|True|(0.16, 0.245, -0.304)|(0, 0, -0.1305262, 0.9914449)|(0.24, 0.15, 1)
GlobalObjectId_V1-2-3b6551b0f2848c54f911d6f91ca83d54-985506738115754626-396161643|True|(0.16, 0.245, -0.304)|(0, 0, -0.1305262, 0.9914449)|(0.24, 0.15, 1)
GlobalObjectId_V1-2-3b6551b0f2848c54f911d6f91ca83d54-985506738115754626-426443221|True|(0.16, 0.245, -0.304)|(0, 0, -0.1305262, 0.9914449)|(0.24, 0.15, 1)
GlobalObjectId_V1-2-3b6551b0f2848c54f911d6f91ca83d54-985506738115754626-458006385|True|(0.16, 0.245, -0.304)|(0, 0, -0.1305262, 0.9914449)|(0.24, 0.15, 1)
GlobalObjectId_V1-2-3b6551b0f2848c54f911d6f91ca83d54-985506738115754626-502189609|True|(0.16, 0.245, -0.304)|(0, 0, -0.1305262, 0.9914449)|(0.24, 0.15, 1)
GlobalObjectId_V1-2-3b6551b0f2848c54f911d6f91ca83d54-985506738115754626-502266823|True|(0.16, 0.245, -0.304)|(0, 0, -0.1305262, 0.9914449)|(0.24, 0.15, 1)
GlobalObjectId_V1-2-3b6551b0f2848c54f911d6f91ca83d54-985506738115754626-593650449|True|(0.16, 0.245, -0.304)|(0, 0, -0.1305262, 0.9914449)|(0.24, 0.15, 1)
GlobalObjectId_V1-2-3b6551b0f2848c54f911d6f91ca83d54-985506738115754626-600046749|True|(0.16, 0.245, -0.304)|(0, 0, -0.1305262, 0.9914449)|(0.24, 0.15, 1)
GlobalObjectId_V1-2-3b6551b0f2848c54f911d6f91ca83d54-985506738115754626-656679930|True|(0.16, 0.245, -0.304)|(0, 0, -0.1305262, 0.9914449)|(0.24, 0.15, 1)
GlobalObjectId_V1-2-3b6551b0f2848c54f911d6f91ca83d54-985506738115754626-680847915|True|(0.16, 0.245, -0.304)|(0, 0, -0.1305262, 0.9914449)|(0.24, 0.15, 1)
GlobalObjectId_V1-2-3b6551b0f2848c54f911d6f91ca83d54-985506738115754626-731984814|True|(0.16, 0.245, -0.304)|(0, 0, -0.1305262, 0.9914449)|(0.24, 0.15, 1)
GlobalObjectId_V1-2-3b6551b0f2848c54f911d6f91ca83d54-985506738115754626-754211584|True|(0.16, 0.245, -0.304)|(0, 0, -0.1305262, 0.9914449)|(0.24, 0.15, 1)
GlobalObjectId_V1-2-3b6551b0f2848c54f911d6f91ca83d54-985506738115754626-859783628|True|(0.16, 0.245, -0.304)|(0, 0, -0.1305262, 0.9914449)|(0.24, 0.15, 1)
GlobalObjectId_V1-2-3b6551b0f2848c54f911d6f91ca83d54-985506738115754626-878071367|True|(0.16, 0.245, -0.304)|(0, 0, -0.1305262, 0.9914449)|(0.24, 0.15, 1)
GlobalObjectId_V1-2-3b6551b0f2848c54f911d6f91ca83d54-985506738115754626-956417833|True|(0.16, 0.245, -0.304)|(0, 0, -0.1305262, 0.9914449)|(0.24, 0.15, 1)
GlobalObjectId_V1-2-3b6551b0f2848c54f911d6f91ca83d54-985506738115754626-975687593|True|(0.16, 0.245, -0.304)|(0, 0, -0.1305262, 0.9914449)|(0.24, 0.15, 1)
{"MonoBehaviour":{"m_Enabled":true,"m_EditorHideFlags":0,"m_Name":"","m_EditorClassIdentifier":"","useExcelCharacterDefaults":true,"originalHealth":100.0,"defaultAttackDamage":50.0,"defaultForwardMoveSpeed":10.0,"defaultFireRate":1.0,"defaultProjectileCount":1,"defaultMissileSpeed":16.0,"defaultMissileDuration":1.0,"moveSensitivity_Devision":125.0,"xRange":{"x":-4.400000095367432,"y":4.400000095367432},"movementSmoothness":25.0,"enemyDetectRadius":1.5,"movement":true,"animationActive":true,"healthBar":{"instanceID":0},"healthText":{"instanceID":0},"sharksGO":{"instanceID":0},"canvasScript":{"instanceID":0}}}
{"Transform":{"serializedVersion":"2","m_LocalRotation":{"x":0.15182724595069886,"y":-0.00029317347798496485,"z":-0.0012651324504986406,"w":0.988406240940094},"m_LocalPosition":{"x":0.07800167053937912,"y":8.36400032043457,"z":-12.846002578735352},"m_LocalScale":{"x":1.0,"y":1.0,"z":1.0},"m_ConstrainProportionsScale":false,"m_LocalEulerAnglesHint":{"x":17.465999603271486,"y":-0.057999998331069949,"z":-0.15600000321865083}}}